source_clip_id,canonical_class,source_dataset,source_label,original_id,base_clip_id,identity_key,audio_path,canonical_path,canonical_relpath,canonical_wav_sha256,canonical_pcm_sha256,raw_sha256,split,split_version,manual_decision,mapping_type,auto_qc_status,auto_qc_reasons,license_status,license_raw,provenance_source,pretrain_seen_status,resource_status,canonical_sample_rate_hz,canonical_channels,canonical_dtype,canonical_duration_sec,crop_policy,crop_start_sec,crop_end_sec,source_offset_sec,normalization_method,active_rms_before_dbfs,active_rms_after_dbfs,peak_before,peak_after,gain_db,peak_guard_limited,pilot_eligible
ESC-50:102435,clock_alarm,ESC-50,clock_alarm,102435,esc50:102435,ESC-50:esc50:102435,/home/leiyuxin/soundspaces/source_assets/clsdoa_v1/raw/esc50/ESC-50-master/audio/2-102435-A-37.wav,/home/leiyuxin/soundspaces/source_assets/clsdoa_v1/prepared/source_pool_pilot_001/wav/clock_alarm/esc50__102435.wav,wav/clock_alarm/esc50__102435.wav,fb8d5f805d9c315cc04b9cf53d739fcf32bac2350f85653523b759f3e7000bec,44ca4f3a2d1ebb717678b3e79eb3d589e75159e2275cb6006c3aec53aa1f088b,6917ce398c3cb7cb426c65224f59e63794eeabd732ad2f399c23f5b091bbcd12,train,clsdoa_source_split_v2_stratified,ACCEPT,EXACT,AUTO_PASS,,DATASET_LEVEL_VERIFIED,CC BY-NC 3.0; dataset-level license and attribution file,https://github.com/karolpiczak/ESC-50; meta/esc50.csv; src_file=102435 take=A,unknown,PRESENT,24000,1,float32,5.000000000,preserve_full_short_source,0.000000000,5.000000000,,active_rms_v1,-8.871713667,-24.000000127,1.400993347,0.245483205,-15.128286333,false,true
ESC-50:104475,clock_alarm,ESC-50,clock_alarm,104475,esc50:104475,ESC-50:esc50:104475,/home/leiyuxin/soundspaces/source_assets/clsdoa_v1/raw/esc50/ESC-50-master/audio/2-104475-A-37.wav,/home/leiyuxin/soundspaces/source_assets/clsdoa_v1/prepared/source_pool_pilot_001/wav/clock_alarm/esc50__104475.wav,wav/clock_alarm/esc50__104475.wav,2325ae3a5203090d7d3212777756f972cdc07a7143e3285736b43bfe3d0f2f41,7de2814eaae94cbb3751d6d9831b47a1ed91d450100d94338cf1cc0e5cc1b1d8,3b2f085ba02fd9a1070e28f42ba5c132bde45be96753349258f566bb24172d69,train,clsdoa_source_split_v2_stratified,ACCEPT,EXACT,AUTO_PASS,,DATASET_LEVEL_VERIFIED,CC BY-NC 3.0; dataset-level license and attribution file,https://github.com/karolpiczak/ESC-50; meta/esc50.csv; src_file=104475 take=A,unknown,PRESENT,24000,1,float32,5.000000000,preserve_full_short_source,0.000000000,5.000000000,,active_rms_v1,-26.669474529,-24.000000127,0.087595277,0.119111702,2.669474529,false,true
ESC-50:104476,clock_alarm,ESC-50,clock_alarm,104476,esc50:104476,ESC-50:esc50:104476,/home/leiyuxin/soundspaces/source_assets/clsdoa_v1/raw/esc50/ESC-50-master/audio/2-104476-A-37.wav,/home/leiyuxin/soundspaces/source_assets/clsdoa_v1/prepared/source_pool_pilot_001/wav/clock_alarm/esc50__104476.wav,wav/clock_alarm/esc50__104476.wav,c9e71ff47556bdd7bc0d5b2f4fbb0b03d36f71a91f7e6d0e197578c2ba464131,f19b106f2e096148dfdc9d9ac8ca110e5e1d02daec171e908ea6e715e7eceaf1,eb652724ba0a12a9665073a2b7130c685c67ac69c2d55cd8fd6c5b4593e28548,train,clsdoa_source_split_v2_stratified,ACCEPT,EXACT,AUTO_PASS,,DATASET_LEVEL_VERIFIED,CC BY-NC 3.0; dataset-level license and attribution file,https://github.com/karolpiczak/ESC-50; meta/esc50.csv; src_file=104476 take=A,unknown,PRESENT,24000,1,float32,5.000000000,preserve_full_short_source,0.000000000,5.000000000,,active_rms_v1,-16.644849502,-24.000000127,0.314349413,0.134789214,-7.355150498,false,true
ESC-50:117116,clock_alarm,ESC-50,clock_alarm,117116,esc50:117116,ESC-50:esc50:117116,/home/leiyuxin/soundspaces/source_assets/clsdoa_v1/raw/esc50/ESC-50-master/audio/2-117116-A-37.wav,/home/leiyuxin/soundspaces/source_assets/clsdoa_v1/prepared/source_pool_pilot_001/wav/clock_alarm/esc50__117116.wav,wav/clock_alarm/esc50__117116.wav,1e57a9edf7f19a8cf64442f82efde7f54907c6b2a82491153c0183cd825a5adc,7820756801e5974d69f5fb866f2a73c37e7ea91c42ca4169ae021d62d587454f,c1d8172cb41dd3338c2f48475c13b0bccaa99515c111e24f1a638a76774f0979,val,clsdoa_source_split_v2_stratified,ACCEPT,EXACT,AUTO_PASS,,DATASET_LEVEL_VERIFIED,CC BY-NC 3.0; dataset-level license and attribution file,https://github.com/karolpiczak/ESC-50; meta/esc50.csv; src_file=117116 take=A,unknown,PRESENT,24000,1,float32,5.000000000,preserve_full_short_source,0.000000000,5.000000000,,active_rms_v1,-18.691603515,-24.000000127,0.234873906,0.127472043,-5.308396485,false,true
ESC-50:117883,clock_alarm,ESC-50,clock_alarm,117883,esc50:117883,ESC-50:esc50:117883,/home/leiyuxin/soundspaces/source_assets/clsdoa_v1/raw/esc50/ESC-50-master/audio/3-117883-A-37.wav,/home/leiyuxin/soundspaces/source_assets/clsdoa_v1/prepared/source_pool_pilot_001/wav/clock_alarm/esc50__117883.wav,wav/clock_alarm/esc50__117883.wav,138f765cbb19a9dcd7661744fb19dfe1dfd3d0b4238576274c5f05e365d04cd4,92255be7d844104a569e895a57a5ec0dcf86120480e4826d6f9a88bd09e73ca9,93064c312872ee32c74e893a7b2a7fa2b8fa83170a17ce6267227186178ddcdb,train,clsdoa_source_split_v2_stratified,ACCEPT,EXACT,AUTO_PASS,,DATASET_LEVEL_VERIFIED,CC BY-NC 3.0; dataset-level license and attribution file,https://github.com/karolpiczak/ESC-50; meta/esc50.csv; src_file=117883 take=A,unknown,PRESENT,24000,1,float32,5.000000000,preserve_full_short_source,0.000000000,5.000000000,,active_rms_v1,-21.139465596,-24.000000127,0.247440189,0.178009629,-2.860534404,false,true
ESC-50:120526,clock_alarm,ESC-50,clock_alarm,120526,esc50:120526,ESC-50:esc50:120526,/home/leiyuxin/soundspaces/source_assets/clsdoa_v1/raw/esc50/ESC-50-master/audio/3-120526-A-37.wav,/home/leiyuxin/soundspaces/source_assets/clsdoa_v1/prepared/source_pool_pilot_001/wav/clock_alarm/esc50__120526.wav,wav/clock_alarm/esc50__120526.wav,b24af9d3b0d14284e3b2c4062db48d3ede5f9b43ca609466e1f27248cf31f530,9dff128158724958989a9a4e750646806a60e7c2bb705ed8b8c9c79d5fcb3937,9e45012b982eeb50eeaeb84f1ba27035027f1d5967b593707840306e880e4ab3,test,clsdoa_source_split_v2_stratified,ACCEPT,EXACT,AUTO_PASS,,DATASET_LEVEL_VERIFIED,CC BY-NC 3.0; dataset-level license and attribution file,https://github.com/karolpiczak/ESC-50; meta/esc50.csv; src_file=120526 take=A,unknown,PRESENT,24000,1,float32,5.000000000,preserve_full_short_source,0.000000000,5.000000000,,active_rms_v1,-20.478582486,-23.999999102,0.194754794,0.129842624,-3.521417514,false,true
ESC-50:132340,clock_alarm,ESC-50,clock_alarm,132340,esc50:132340,ESC-50:esc50:132340,/home/leiyuxin/soundspaces/source_assets/clsdoa_v1/raw/esc50/ESC-50-master/audio/3-132340-A-37.wav,/home/leiyuxin/soundspaces/source_assets/clsdoa_v1/prepared/source_pool_pilot_001/wav/clock_alarm/esc50__132340.wav,wav/clock_alarm/esc50__132340.wav,03d4c075879dbd3e6fb6b82ab3d8df2df3d81091b7109923d585433e1147ae49,d01e9dab3f45a06c146cb354a921ad18876c7bfd613caa80823222c08b88aedb,822124583e9e57218af01ea91f97c04d373deea3548d106d822106670486a3c8,train,clsdoa_source_split_v2_stratified,ACCEPT,EXACT,AUTO_PASS,,DATASET_LEVEL_VERIFIED,CC BY-NC 3.0; dataset-level license and attribution file,https://github.com/karolpiczak/ESC-50; meta/esc50.csv; src_file=132340 take=A,unknown,PRESENT,24000,1,float32,5.000000000,preserve_full_short_source,0.000000000,5.000000000,,active_rms_v1,-12.261982954,-24.000000127,0.723522425,0.187305763,-11.738017046,false,true
ESC-50:13613,clock_alarm,ESC-50,clock_alarm,13613,esc50:13613,ESC-50:esc50:13613,/home/leiyuxin/soundspaces/source_assets/clsdoa_v1/raw/esc50/ESC-50-master/audio/1-13613-A-37.wav,/home/leiyuxin/soundspaces/source_assets/clsdoa_v1/prepared/source_pool_pilot_001/wav/clock_alarm/esc50__13613.wav,wav/clock_alarm/esc50__13613.wav,ad93cda4ee8033b9606f2014ab09f6785fe3b55c303533440804f0a2e9e42f64,e05e0c794bf61df85f5f51e54881e06962e18b033fbab41112dc3e772f20e2d2,2e28b25e14611723cdcc0becfa36468a8d0329a0c141e4f1d894bd6bb5773f34,train,clsdoa_source_split_v2_stratified,ACCEPT,EXACT,AUTO_PASS,,DATASET_LEVEL_VERIFIED,CC BY-NC 3.0; dataset-level license and attribution file,https://github.com/karolpiczak/ESC-50; meta/esc50.csv; src_file=13613 take=A,unknown,PRESENT,24000,1,float32,5.000000000,preserve_full_short_source,0.000000000,5.000000000,,active_rms_v1,-14.672390457,-24.000001153,0.817356646,0.279274374,-9.327609543,false,true
ESC-50:139958,clock_alarm,ESC-50,clock_alarm,139958,esc50:139958,ESC-50:esc50:139958,/home/leiyuxin/soundspaces/source_assets/clsdoa_v1/raw/esc50/ESC-50-master/audio/3-139958-A-37.wav,/home/leiyuxin/soundspaces/source_assets/clsdoa_v1/prepared/source_pool_pilot_001/wav/clock_alarm/esc50__139958.wav,wav/clock_alarm/esc50__139958.wav,bc1baa162da9559f27e0f06498f8e73bc0b242e18af57ec14d3c2dabac37d0a9,46c326ffba8b5644df2fa54230607852df9bd449fa0e3427b58b3e653e2dfc7d,b863f4119feb3ca8b754fa25ce918542b8421947823df89ef53948af726a21f3,train,clsdoa_source_split_v2_stratified,ACCEPT,EXACT,AUTO_PASS,,DATASET_LEVEL_VERIFIED,CC BY-NC 3.0; dataset-level license and attribution file,https://github.com/karolpiczak/ESC-50; meta/esc50.csv; src_file=139958 take=A,unknown,PRESENT,24000,1,float32,5.000000000,preserve_full_short_source,0.000000000,5.000000000,,active_rms_v1,-9.423901831,-24.000000127,1.147377014,0.214240342,-14.576098169,false,true
ESC-50:14262,clock_alarm,ESC-50,clock_alarm,14262,esc50:14262,ESC-50:esc50:14262,/home/leiyuxin/soundspaces/source_assets/clsdoa_v1/raw/esc50/ESC-50-master/audio/1-14262-A-37.wav,/home/leiyuxin/soundspaces/source_assets/clsdoa_v1/prepared/source_pool_pilot_001/wav/clock_alarm/esc50__14262.wav,wav/clock_alarm/esc50__14262.wav,7c3b0013cd7d5067d84f86fa1c282c8bbae6786d18f984561e18d5c20069eaa2,99261b63268a922add442266aed0748b99dbb5c6e1372d6a33527e9efdfd7636,220c3d127df2f0d8979a2edde5318aaaa3aed19d8c5d3b4a40d529f979bba453,train,clsdoa_source_split_v2_stratified,ACCEPT,EXACT,AUTO_PASS,,DATASET_LEVEL_VERIFIED,CC BY-NC 3.0; dataset-level license and attribution file,https://github.com/karolpiczak/ESC-50; meta/esc50.csv; src_file=14262 take=A,unknown,PRESENT,24000,1,float32,5.000000000,preserve_full_short_source,0.000000000,5.000000000,,active_rms_v1,-20.517860825,-24.000001153,0.357046634,0.239121139,-3.482139175,false,true
ESC-50:148297,clock_alarm,ESC-50,clock_alarm,148297,esc50:148297,ESC-50:esc50:148297,/home/leiyuxin/soundspaces/source_assets/clsdoa_v1/raw/esc50/ESC-50-master/audio/3-148297-A-37.wav,/home/leiyuxin/soundspaces/source_assets/clsdoa_v1/prepared/source_pool_pilot_001/wav/clock_alarm/esc50__148297.wav,wav/clock_alarm/esc50__148297.wav,9c20c64ab577bd50ccbb10c24f6117ec26cf34fea1d45ff47986de103a5854ba,ea1e4e386d21f349362d5f2efe1b4a2b3b0317f4b457778229065cd2d9fbc386,3e1cd1eb5c9bfe18c841b222af19d3d0fb999a931c4665c9c43385f5f26739ce,train,clsdoa_source_split_v2_stratified,ACCEPT,EXACT,AUTO_PASS,,DATASET_LEVEL_VERIFIED,CC BY-NC 3.0; dataset-level license and attribution file,https://github.com/karolpiczak/ESC-50; meta/esc50.csv; src_file=148297 take=A,unknown,PRESENT,24000,1,float32,5.000000000,preserve_full_short_source,0.000000000,5.000000000,,active_rms_v1,-2.849001972,-24.000000127,1.012073517,0.088646613,-21.150998028,false,true
ESC-50:169508,clock_alarm,ESC-50,clock_alarm,169508,esc50:169508,ESC-50:esc50:169508,/home/leiyuxin/soundspaces/source_assets/clsdoa_v1/raw/esc50/ESC-50-master/audio/4-169508-A-37.wav,/home/leiyuxin/soundspaces/source_assets/clsdoa_v1/prepared/source_pool_pilot_001/wav/clock_alarm/esc50__169508.wav,wav/clock_alarm/esc50__169508.wav,6878891c0e2d917a218ff32fe113748e82ea89a9de8550c53afccd66ca051515,50a2a3512848d20c17f23c819fc0299d38f9199d707d0c5c9d04bcf10c6e56ea,1b78f0e61352c9d8d4c95987ba852cc3f9e84c3d6a4f3be7424e2704057570a2,train,clsdoa_source_split_v2_stratified,ACCEPT,EXACT,AUTO_PASS,,DATASET_LEVEL_VERIFIED,CC BY-NC 3.0; dataset-level license and attribution file,https://github.com/karolpiczak/ESC-50; meta/esc50.csv; src_file=169508 take=A,unknown,PRESENT,24000,1,float32,5.000000000,preserve_full_short_source,0.000000000,5.000000000,,active_rms_v1,-22.289835706,-24.000000127,0.307300985,0.252380461,-1.710164294,false,true
ESC-50:172366,clock_alarm,ESC-50,clock_alarm,172366,esc50:172366,ESC-50:esc50:172366,/home/leiyuxin/soundspaces/source_assets/clsdoa_v1/raw/esc50/ESC-50-master/audio/4-172366-A-37.wav,/home/leiyuxin/soundspaces/source_assets/clsdoa_v1/prepared/source_pool_pilot_001/wav/clock_alarm/esc50__172366.wav,wav/clock_alarm/esc50__172366.wav,b81ee2f6d763e89466386d4a5fccece2867e4f312fa1f1d14ddaac14707e2f90,53c595f69e7001c8aff7745e9c7d15945b0d767327481a63303374509df4702a,b6d260c3b1823bdd45c9d8968b87a9bc6d57c0b99bfef07362cae506ae38b32a,val,clsdoa_source_split_v2_stratified,ACCEPT,EXACT,AUTO_PASS,,DATASET_LEVEL_VERIFIED,CC BY-NC 3.0; dataset-level license and attribution file,https://github.com/karolpiczak/ESC-50; meta/esc50.csv; src_file=172366 take=A,unknown,PRESENT,24000,1,float32,5.000000000,preserve_full_short_source,0.000000000,5.000000000,,active_rms_v1,-30.810805641,-24.000000127,0.064036794,0.140271634,6.810805641,false,true
ESC-50:189332,clock_alarm,ESC-50,clock_alarm,189332,esc50:189332,ESC-50:esc50:189332,/home/leiyuxin/soundspaces/source_assets/clsdoa_v1/raw/esc50/ESC-50-master/audio/4-189332-A-37.wav,/home/leiyuxin/soundspaces/source_assets/clsdoa_v1/prepared/source_pool_pilot_001/wav/clock_alarm/esc50__189332.wav,wav/clock_alarm/esc50__189332.wav,fe4585eccc0d244add74d24026c6e797922f74ee8998ffc5f92633b52604fbc8,c6dbc49ffa891c8ba0293e805aabf860d15ce97f55bfb08ae655a56a825b5370,892a04fea067db4c75b8d8e835a55d852dfd44f96c85c354ee86f5c63ce52721,train,clsdoa_source_split_v2_stratified,ACCEPT,EXACT,AUTO_PASS,,DATASET_LEVEL_VERIFIED,CC BY-NC 3.0; dataset-level license and attribution file,https://github.com/karolpiczak/ESC-50; meta/esc50.csv; src_file=189332 take=A,unknown,PRESENT,24000,1,float32,5.000000000,preserve_full_short_source,0.000000000,5.000000000,,active_rms_v1,-11.339699216,-24.000000127,0.576175630,0.134134308,-12.660300784,false,true
ESC-50:198841,clock_alarm,ESC-50,clock_alarm,198841,esc50:198841,ESC-50:esc50:198841,/home/leiyuxin/soundspaces/source_assets/clsdoa_v1/raw/esc50/ESC-50-master/audio/4-198841-A-37.wav,/home/leiyuxin/soundspaces/source_assets/clsdoa_v1/prepared/source_pool_pilot_001/wav/clock_alarm/esc50__198841.wav,wav/clock_alarm/esc50__198841.wav,86d46a8e7125d1a902768bb8605ad4c8778a34f95ca91d4f90e7d4e32770fa18,567e1c4d0564ab14bcf96e6b0dfc9c8f0bff2ab0b704525c3867195f4888d703,49223fa45a7db4a1ca663d7c0f4c2de3e46a76f7f0e740fa5511f1fd3107062c,train,clsdoa_source_split_v2_stratified,ACCEPT,EXACT,AUTO_PASS,,DATASET_LEVEL_VERIFIED,CC BY-NC 3.0; dataset-level license and attribution file,https://github.com/karolpiczak/ESC-50; meta/esc50.csv; src_file=198841 take=A,unknown,PRESENT,24000,1,float32,5.000000000,preserve_full_short_source,0.000000000,5.000000000,,active_rms_v1,-10.088768564,-24.000001153,1.129040837,0.227587327,-13.911231436,false,true
ESC-50:204684,clock_alarm,ESC-50,clock_alarm,204684,esc50:204684,ESC-50:esc50:204684,/home/leiyuxin/soundspaces/source_assets/clsdoa_v1/raw/esc50/ESC-50-master/audio/4-204684-A-37.wav,/home/leiyuxin/soundspaces/source_assets/clsdoa_v1/prepared/source_pool_pilot_001/wav/clock_alarm/esc50__204684.wav,wav/clock_alarm/esc50__204684.wav,938a2c30dcef69ee387317114d2a0dda21a6d61835446593e28a1bba8f638c9b,bf0ce0d5d393f0ab803ca3500a306fa9016b3212d167373a303441e413b31bf7,2d2ae2240ee02f8208eab138101ff702013bcc018327bae3aeeae53c2716d04b,train,clsdoa_source_split_v2_stratified,ACCEPT,EXACT,AUTO_PASS,,DATASET_LEVEL_VERIFIED,CC BY-NC 3.0; dataset-level license and attribution file,https://github.com/karolpiczak/ESC-50; meta/esc50.csv; src_file=204684 take=A,unknown,PRESENT,24000,1,float32,5.000000000,preserve_full_short_source,0.000000000,5.000000000,,active_rms_v1,-24.706568031,-24.000000127,0.306962460,0.332976550,0.706568031,false,true
ESC-50:209536,clock_alarm,ESC-50,clock_alarm,209536,esc50:209536,ESC-50:esc50:209536,/home/leiyuxin/soundspaces/source_assets/clsdoa_v1/raw/esc50/ESC-50-master/audio/4-209536-A-37.wav,/home/leiyuxin/soundspaces/source_assets/clsdoa_v1/prepared/source_pool_pilot_001/wav/clock_alarm/esc50__209536.wav,wav/clock_alarm/esc50__209536.wav,b7dabc0c2930332c105eca3473cb8eee9a74964d90c00461b134f6a8bb3197e8,9c02aea74a4eaaa0ca646f5e64e61fe0c0b02dcb624a3aa7d6f54cceeb84c6ba,c7d052483af976895f91bc5fc48b32467ac8b3968c47b33daff87c5e93527877,test,clsdoa_source_split_v2_stratified,ACCEPT,EXACT,AUTO_PASS,,DATASET_LEVEL_VERIFIED,CC BY-NC 3.0; dataset-level license and attribution file,https://github.com/karolpiczak/ESC-50; meta/esc50.csv; src_file=209536 take=A,unknown,PRESENT,24000,1,float32,5.000000000,preserve_full_short_source,0.000000000,5.000000000,,active_rms_v1,-14.953849179,-23.999999102,0.590406716,0.208374113,-9.046150821,false,true
ESC-50:209698,clock_alarm,ESC-50,clock_alarm,209698,esc50:209698,ESC-50:esc50:209698,/home/leiyuxin/soundspaces/source_assets/clsdoa_v1/raw/esc50/ESC-50-master/audio/4-209698-A-37.wav,/home/leiyuxin/soundspaces/source_assets/clsdoa_v1/prepared/source_pool_pilot_001/wav/clock_alarm/esc50__209698.wav,wav/clock_alarm/esc50__209698.wav,c456dfb12c168c7e310e5786fbc7bfa85ef619e2c10363ddc7ebf6bbf59ed090,241905b2f3bc0d9ee962c12a692d5f735cff3ffa07dafde731c720dbd9933cde,b8b67daf8895617ba9f2b6b266e6cdc32845ddcc9153b017d06874a95d780945,train,clsdoa_source_split_v2_stratified,ACCEPT,EXACT,AUTO_PASS,,DATASET_LEVEL_VERIFIED,CC BY-NC 3.0; dataset-level license and attribution file,https://github.com/karolpiczak/ESC-50; meta/esc50.csv; src_file=209698 take=A,unknown,PRESENT,24000,1,float32,5.000000000,preserve_full_short_source,0.000000000,5.000000000,,active_rms_v1,-18.168968049,-24.000000127,0.438080788,0.223873451,-5.831031951,false,true
ESC-50:210612,clock_alarm,ESC-50,clock_alarm,210612,esc50:210612,ESC-50:esc50:210612,/home/leiyuxin/soundspaces/source_assets/clsdoa_v1/raw/esc50/ESC-50-master/audio/5-210612-A-37.wav,/home/leiyuxin/soundspaces/source_assets/clsdoa_v1/prepared/source_pool_pilot_001/wav/clock_alarm/esc50__210612.wav,wav/clock_alarm/esc50__210612.wav,39ce5e1f812f12e0f17f2771f7500cb93347ec62120ac5b5c5fea19878330fe2,cd3745fe0bdb531cf9085b9713e35c30b54b0790d5f9c564d8b8c0e88c03cb5e,c08a0615afcfbe6b30ba536eeb3cc555d4bd25580a36f12f8b32330b83228dfb,val,clsdoa_source_split_v2_stratified,ACCEPT,EXACT,AUTO_PASS,,DATASET_LEVEL_VERIFIED,CC BY-NC 3.0; dataset-level license and attribution file,https://github.com/karolpiczak/ESC-50; meta/esc50.csv; src_file=210612 take=A,unknown,PRESENT,24000,1,float32,5.000000000,preserve_full_short_source,0.000000000,5.000000000,,active_rms_v1,-11.493399308,-24.000000127,0.948612928,0.224780694,-12.506600692,false,true
ESC-50:211408,clock_alarm,ESC-50,clock_alarm,211408,esc50:211408,ESC-50:esc50:211408,/home/leiyuxin/soundspaces/source_assets/clsdoa_v1/raw/esc50/ESC-50-master/audio/5-211408-A-37.wav,/home/leiyuxin/soundspaces/source_assets/clsdoa_v1/prepared/source_pool_pilot_001/wav/clock_alarm/esc50__211408.wav,wav/clock_alarm/esc50__211408.wav,d2a5b3398aebdb715bafd4ebab973186d2f091e5e0ea539ae964c90b914fa8c5,f2618af4ac6c3d5bf7966866ad21ce9b3e1d9fc397749cdd4d88a1acd2a096c0,c78db93c244fafc7d835cc32e64959c93ce3fdfc0ffd5b58067cbc99f845a239,train,clsdoa_source_split_v2_stratified,ACCEPT,EXACT,AUTO_PASS,,DATASET_LEVEL_VERIFIED,CC BY-NC 3.0; dataset-level license and attribution file,https://github.com/karolpiczak/ESC-50; meta/esc50.csv; src_file=211408 take=A,unknown,PRESENT,24000,1,float32,5.000000000,preserve_full_short_source,0.000000000,5.000000000,,active_rms_v1,-21.704288955,-24.000001153,0.362501472,0.278307050,-2.295711045,false,true
ESC-50:219242,clock_alarm,ESC-50,clock_alarm,219242,esc50:219242,ESC-50:esc50:219242,/home/leiyuxin/soundspaces/source_assets/clsdoa_v1/raw/esc50/ESC-50-master/audio/5-219242-A-37.wav,/home/leiyuxin/soundspaces/source_assets/clsdoa_v1/prepared/source_pool_pilot_001/wav/clock_alarm/esc50__219242.wav,wav/clock_alarm/esc50__219242.wav,aa48c5d9560abfbe1819a5cfbe0cff69d8a3fe26728223a58b433e09d978a2c3,b54c034c82f3ae90f79254f2aad7b89b83aeda2c60139ed3efd3c9d7305f21f1,1c5a500bc3c9d8546bf57377724aad24957d8a8c67cba7c0f3f2d4a4ed7ba9d1,train,clsdoa_source_split_v2_stratified,ACCEPT,EXACT,AUTO_PASS,,DATASET_LEVEL_VERIFIED,CC BY-NC 3.0; dataset-level license and attribution file,https://github.com/karolpiczak/ESC-50; meta/esc50.csv; src_file=219242 take=A,unknown,PRESENT,24000,1,float32,5.000000000,preserve_full_short_source,0.000000000,5.000000000,,active_rms_v1,-22.189304876,-24.000000127,0.202592373,0.164470628,-1.810695124,false,true
ESC-50:233645,clock_alarm,ESC-50,clock_alarm,233645,esc50:233645,ESC-50:esc50:233645,/home/leiyuxin/soundspaces/source_assets/clsdoa_v1/raw/esc50/ESC-50-master/audio/5-233645-A-37.wav,/home/leiyuxin/soundspaces/source_assets/clsdoa_v1/prepared/source_pool_pilot_001/wav/clock_alarm/esc50__233645.wav,wav/clock_alarm/esc50__233645.wav,1b280271121e1ad07921ee50ce65c1dac309e6f0113fbe4b85ca60f878a753b9,fbfd8b1ed08ba62c1d3892cff855ada0e18b6edb6187078bcfbe309daa4da07a,218a6463e3618d4cb98a725827dc51901682b6ffcf3c15763c73032870f1ac94,train,clsdoa_source_split_v2_stratified,ACCEPT,EXACT,AUTO_PASS,,DATASET_LEVEL_VERIFIED,CC BY-NC 3.0; dataset-level license and attribution file,https://github.com/karolpiczak/ESC-50; meta/esc50.csv; src_file=233645 take=A,unknown,PRESENT,24000,1,float32,5.000000000,preserve_full_short_source,0.000000000,5.000000000,,active_rms_v1,-23.097090679,-24.000000127,0.191278189,0.172393143,-0.902909321,false,true
ESC-50:234247,clock_alarm,ESC-50,clock_alarm,234247,esc50:234247,ESC-50:esc50:234247,/home/leiyuxin/soundspaces/source_assets/clsdoa_v1/raw/esc50/ESC-50-master/audio/5-234247-A-37.wav,/home/leiyuxin/soundspaces/source_assets/clsdoa_v1/prepared/source_pool_pilot_001/wav/clock_alarm/esc50__234247.wav,wav/clock_alarm/esc50__234247.wav,e0dd6329c1d3b2075584a232a188cb921f51882725aa7c96c6218510b6dcad51,757148282f5027191cb2c6bd696e15dfd9807fd0206e3f70b58f95e7a5e90815,0f99cf9aecfa93e37ba0de4c4a80849ded00cd52f80fc11c9315261512f94702,train,clsdoa_source_split_v2_stratified,ACCEPT,EXACT,AUTO_PASS,,DATASET_LEVEL_VERIFIED,CC BY-NC 3.0; dataset-level license and attribution file,https://github.com/karolpiczak/ESC-50; meta/esc50.csv; src_file=234247 take=A,unknown,PRESENT,24000,1,float32,5.000000000,preserve_full_short_source,0.000000000,5.000000000,,active_rms_v1,-18.376880700,-24.000001153,0.302035630,0.158089191,-5.623119300,false,true
ESC-50:34853,clock_alarm,ESC-50,clock_alarm,34853,esc50:34853,ESC-50:esc50:34853,/home/leiyuxin/soundspaces/source_assets/clsdoa_v1/raw/esc50/ESC-50-master/audio/1-34853-A-37.wav,/home/leiyuxin/soundspaces/source_assets/clsdoa_v1/prepared/source_pool_pilot_001/wav/clock_alarm/esc50__34853.wav,wav/clock_alarm/esc50__34853.wav,2b92e4803411a3638bf81522cc37cfafeea59adf94effa8ae97a166cff772749,6c8c1d578c1097f97770c11136aa209b537489ce9de980279e3c4d4e9fb38e12,87c0ead33b915845a8d86437b78755278408aedf8ed19e4880674a3679122cf4,val,clsdoa_source_split_v2_stratified,ACCEPT,EXACT,AUTO_PASS,,DATASET_LEVEL_VERIFIED,CC BY-NC 3.0; dataset-level license and attribution file,https://github.com/karolpiczak/ESC-50; meta/esc50.csv; src_file=34853 take=A,unknown,PRESENT,24000,1,float32,5.000000000,preserve_full_short_source,0.000000000,5.000000000,,active_rms_v1,-14.754975970,-24.000000127,0.506300211,0.174645290,-9.245024030,false,true
ESC-50:67033,clock_alarm,ESC-50,clock_alarm,67033,esc50:67033,ESC-50:esc50:67033,/home/leiyuxin/soundspaces/source_assets/clsdoa_v1/raw/esc50/ESC-50-master/audio/1-67033-A-37.wav,/home/leiyuxin/soundspaces/source_assets/clsdoa_v1/prepared/source_pool_pilot_001/wav/clock_alarm/esc50__67033.wav,wav/clock_alarm/esc50__67033.wav,5663f4e0bff0a77a0ffbeaf00a98525e021b9c5491a35bff58858581aa27d73b,f55e9b9e73722dfde7de53d3acfc1881b94144fcca2ba3d8418aaac7cc3494ed,e00a8c065c7797e35ac9857dfdd8ae4272a22cc1a41af0ed245068774a8b9cea,train,clsdoa_source_split_v2_stratified,ACCEPT,EXACT,AUTO_PASS,,DATASET_LEVEL_VERIFIED,CC BY-NC 3.0; dataset-level license and attribution file,https://github.com/karolpiczak/ESC-50; meta/esc50.csv; src_file=67033 take=A,unknown,PRESENT,24000,1,float32,5.000000000,preserve_full_short_source,0.000000000,5.000000000,,active_rms_v1,-15.943924355,-23.999999102,0.326946467,0.129322141,-8.056075645,false,true
ESC-50:72195,clock_alarm,ESC-50,clock_alarm,72195,esc50:72195,ESC-50:esc50:72195,/home/leiyuxin/soundspaces/source_assets/clsdoa_v1/raw/esc50/ESC-50-master/audio/1-72195-A-37.wav,/home/leiyuxin/soundspaces/source_assets/clsdoa_v1/prepared/source_pool_pilot_001/wav/clock_alarm/esc50__72195.wav,wav/clock_alarm/esc50__72195.wav,a7d4db93847e81a460e65940ec5d1d5d2118b05819086efc14bcdedad9a57d87,f1cd06b2a732625a0a48cbc9900ce2d30fc15962c67cf3abdbdb213f770716c5,d4bf2130de0d593abb7cd7c96867e4f26a3ae266cf07413a3a7804781d221d02,test,clsdoa_source_split_v2_stratified,ACCEPT,EXACT,AUTO_PASS,,DATASET_LEVEL_VERIFIED,CC BY-NC 3.0; dataset-level license and attribution file,https://github.com/karolpiczak/ESC-50; meta/esc50.csv; src_file=72195 take=A,unknown,PRESENT,24000,1,float32,5.000000000,preserve_full_short_source,0.000000000,5.000000000,,active_rms_v1,-3.777932583,-24.000001153,1.079492569,0.105224356,-20.222067417,false,true
ESC-50:78562,clock_alarm,ESC-50,clock_alarm,78562,esc50:78562,ESC-50:esc50:78562,/home/leiyuxin/soundspaces/source_assets/clsdoa_v1/raw/esc50/ESC-50-master/audio/2-78562-A-37.wav,/home/leiyuxin/soundspaces/source_assets/clsdoa_v1/prepared/source_pool_pilot_001/wav/clock_alarm/esc50__78562.wav,wav/clock_alarm/esc50__78562.wav,e00c97023f8e8b10902cb5edb98d8df8a0d83244e1e3e609835b64a6e59b5ab3,ad99eddc6ef89ea84f7894b8e0f02e5c156765c9496ef42eb3e4c0b3ad80751d,e89e5beebe92c819855411884b7294bb32b3f07bcde4671bba66064fc7b40d60,train,clsdoa_source_split_v2_stratified,ACCEPT,EXACT,AUTO_PASS,,DATASET_LEVEL_VERIFIED,CC BY-NC 3.0; dataset-level license and attribution file,https://github.com/karolpiczak/ESC-50; meta/esc50.csv; src_file=78562 take=A,unknown,PRESENT,24000,1,float32,5.000000000,preserve_full_short_source,0.000000000,5.000000000,,active_rms_v1,-8.264840280,-24.000000127,1.170549154,0.191263318,-15.735159720,false,true
ESC-50:89516,clock_alarm,ESC-50,clock_alarm,89516,esc50:89516,ESC-50:esc50:89516,/home/leiyuxin/soundspaces/source_assets/clsdoa_v1/raw/esc50/ESC-50-master/audio/2-89516-A-37.wav,/home/leiyuxin/soundspaces/source_assets/clsdoa_v1/prepared/source_pool_pilot_001/wav/clock_alarm/esc50__89516.wav,wav/clock_alarm/esc50__89516.wav,efc8f812be50924af6f59a6a25d6300a444926f4b5fad61f04e0d56e8e91e3c5,f36faecd73df00ec347d65d62cab0d33869f14e1f1990247989e5d606ffd0818,dc52aabca65500b637d2cc526f7f09a9f5d9ad1951b1c00ad02558002159a039,train,clsdoa_source_split_v2_stratified,ACCEPT,EXACT,AUTO_PASS,,DATASET_LEVEL_VERIFIED,CC BY-NC 3.0; dataset-level license and attribution file,https://github.com/karolpiczak/ESC-50; meta/esc50.csv; src_file=89516 take=A,unknown,PRESENT,24000,1,float32,5.000000000,preserve_full_short_source,0.000000000,5.000000000,,active_rms_v1,-24.495951203,-24.000001153,0.204218253,0.216218129,0.495951203,false,true
ESC-50:96063,clock_alarm,ESC-50,clock_alarm,96063,esc50:96063,ESC-50:esc50:96063,/home/leiyuxin/soundspaces/source_assets/clsdoa_v1/raw/esc50/ESC-50-master/audio/2-96063-A-37.wav,/home/leiyuxin/soundspaces/source_assets/clsdoa_v1/prepared/source_pool_pilot_001/wav/clock_alarm/esc50__96063.wav,wav/clock_alarm/esc50__96063.wav,60fb193830760df2ad980399de0cfddff7150b510fb70a8ff2082f4afa1f7b4e,7447031ad47baf2d430735e8ae1fe6ed2ac5e5282beda506d03e4ac862d98485,d2232652538520fdd06fa275470eb166ab0794705fdf3922ca8aa82c89d78cb8,test,clsdoa_source_split_v2_stratified,ACCEPT,EXACT,AUTO_PASS,,DATASET_LEVEL_VERIFIED,CC BY-NC 3.0; dataset-level license and attribution file,https://github.com/karolpiczak/ESC-50; meta/esc50.csv; src_file=96063 take=A,unknown,PRESENT,24000,1,float32,5.000000000,preserve_full_short_source,0.000000000,5.000000000,,active_rms_v1,-26.979838469,-24.000000127,0.109045476,0.153673708,2.979838469,false,true
ESC-50:96890,clock_alarm,ESC-50,clock_alarm,96890,esc50:96890,ESC-50:esc50:96890,/home/leiyuxin/soundspaces/source_assets/clsdoa_v1/raw/esc50/ESC-50-master/audio/1-96890-A-37.wav,/home/leiyuxin/soundspaces/source_assets/clsdoa_v1/prepared/source_pool_pilot_001/wav/clock_alarm/esc50__96890.wav,wav/clock_alarm/esc50__96890.wav,8e325462d620995334e23b9e309bd60b252c1fbdb0e586329e2de2abf63834c7,16a501d11a8d49a8d96b1d617175647a7b7952e5380e819766c26fc7b04f5881,48e8337f9d0df547ca9784597aea7f00d4ec3984ee5aa5894d21fed0f4f8a399,train,clsdoa_source_split_v2_stratified,ACCEPT,EXACT,AUTO_PASS,,DATASET_LEVEL_VERIFIED,CC BY-NC 3.0; dataset-level license and attribution file,https://github.com/karolpiczak/ESC-50; meta/esc50.csv; src_file=96890 take=A,unknown,PRESENT,24000,1,float32,5.000000000,preserve_full_short_source,0.000000000,5.000000000,,active_rms_v1,-25.180029675,-24.000000127,0.159308374,0.182490423,1.180029675,false,true
ESC-50:131943,clock_alarm,ESC-50,clock_alarm,131943,esc50:131943,ESC-50:esc50:131943,/home/leiyuxin/soundspaces/source_assets/clsdoa_v1/raw/esc50/ESC-50-master/audio/3-131943-A-37.wav,/home/leiyuxin/soundspaces/source_assets/clsdoa_v1/prepared/source_pool_pilot_001/wav/clock_alarm/esc50__131943.wav,wav/clock_alarm/esc50__131943.wav,93bd16799772db44cb9f06d9bd46b348d61acc8b7e84b3b80d126666a82f729a,a133c45d83d9d22ba0d8c74c3deb6ff0b9d0e021507fe5f8e7b43f2a5b745e95,1d12a9f29903f1d8c5ed2cfd86873a768724b818d38f418afd924327c428e539,train,clsdoa_source_split_v2_stratified,ACCEPT,EXACT,AUTO_FLAG,severe_clipping_candidate,DATASET_LEVEL_VERIFIED,CC BY-NC 3.0; dataset-level license and attribution file,https://github.com/karolpiczak/ESC-50; meta/esc50.csv; src_file=131943 take=A,unknown,PRESENT,24000,1,float32,5.000000000,preserve_full_short_source,0.000000000,5.000000000,,active_rms_v1,-2.894916911,-24.000000127,1.445322394,0.127265468,-21.105083089,false,true
ESC-50:151242,clock_alarm,ESC-50,clock_alarm,151242,esc50:151242,ESC-50:esc50:151242,/home/leiyuxin/soundspaces/source_assets/clsdoa_v1/raw/esc50/ESC-50-master/audio/4-151242-A-37.wav,/home/leiyuxin/soundspaces/source_assets/clsdoa_v1/prepared/source_pool_pilot_001/wav/clock_alarm/esc50__151242.wav,wav/clock_alarm/esc50__151242.wav,37399466b5243cad1c278bce8c7b108436a012390bbe4118b519f48b521c6191,398b76db6a7c48505668f801476b07fa66dc23dfae713e4d14fc616d83b95f4d,c83789199d3a2794323f9151cae42fa478b7ae408a624f483399316bd44cf899,val,clsdoa_source_split_v2_stratified,ACCEPT,EXACT,AUTO_FLAG,severe_clipping_candidate,DATASET_LEVEL_VERIFIED,CC BY-NC 3.0; dataset-level license and attribution file,https://github.com/karolpiczak/ESC-50; meta/esc50.csv; src_file=151242 take=A,unknown,PRESENT,24000,1,float32,5.000000000,preserve_full_short_source,0.000000000,5.000000000,,active_rms_v1,-2.408255756,-24.000001153,1.224406362,0.101938523,-21.591744244,false,true
ESC-50:223176,clock_alarm,ESC-50,clock_alarm,223176,esc50:223176,ESC-50:esc50:223176,/home/leiyuxin/soundspaces/source_assets/clsdoa_v1/raw/esc50/ESC-50-master/audio/5-223176-A-37.wav,/home/leiyuxin/soundspaces/source_assets/clsdoa_v1/prepared/source_pool_pilot_001/wav/clock_alarm/esc50__223176.wav,wav/clock_alarm/esc50__223176.wav,8fded2a4fc5a3e5b9e00a9fd5920c2f72879587584c30ecedba5c312cf6447d5,84bcf92dc2b698f149ed069119a0b3fee3f391672cc05171955fa0e6b43dbeb0,5822815ceb1589bc11f05f26b6972e5ebd9dd1a7f12568645140a82852664db8,train,clsdoa_source_split_v2_stratified,ACCEPT,EXACT,AUTO_FLAG,severe_clipping_candidate,DATASET_LEVEL_VERIFIED,CC BY-NC 3.0; dataset-level license and attribution file,https://github.com/karolpiczak/ESC-50; meta/esc50.csv; src_file=223176 take=A,unknown,PRESENT,24000,1,float32,5.000000000,preserve_full_short_source,0.000000000,5.000000000,,active_rms_v1,-3.630053380,-24.000000127,1.180823922,0.113158666,-20.369946620,false,true
ESC-50:250629,clock_alarm,ESC-50,clock_alarm,250629,esc50:250629,ESC-50:esc50:250629,/home/leiyuxin/soundspaces/source_assets/clsdoa_v1/raw/esc50/ESC-50-master/audio/5-250629-A-37.wav,/home/leiyuxin/soundspaces/source_assets/clsdoa_v1/prepared/source_pool_pilot_001/wav/clock_alarm/esc50__250629.wav,wav/clock_alarm/esc50__250629.wav,a47dd7f3a8f08e7f1f986d74a3dadcb3f567a5db3247a5ec3fb0b8b63b57ea0e,057d50866368854940105f9b5b0b26c6b2bd286fa840beaa032757a33a66b268,cd9fd493266fcc36b6a89a8427b88c745feaf0b1315ad7fb14f57cd2c08e343e,test,clsdoa_source_split_v2_stratified,ACCEPT,EXACT,AUTO_FLAG,severe_clipping_candidate,DATASET_LEVEL_VERIFIED,CC BY-NC 3.0; dataset-level license and attribution file,https://github.com/karolpiczak/ESC-50; meta/esc50.csv; src_file=250629 take=A,unknown,PRESENT,24000,1,float32,5.000000000,preserve_full_short_source,0.000000000,5.000000000,,active_rms_v1,-2.258908770,-24.000001153,1.123742819,0.091962837,-21.741091230,false,true
ESC-50:123896,coughing,ESC-50,coughing,123896,esc50:123896,ESC-50:esc50:123896,/home/leiyuxin/soundspaces/source_assets/clsdoa_v1/raw/esc50/ESC-50-master/audio/2-123896-A-24.wav,/home/leiyuxin/soundspaces/source_assets/clsdoa_v1/prepared/source_pool_pilot_001/wav/coughing/esc50__123896.wav,wav/coughing/esc50__123896.wav,d194e03b78e9be00afbdc8feab9fbec26bcab5f8d54777bccefbb0f68115b18f,b852c1a29001777736e7bc07672b496a5f5094f187b7e05a80074b7213f9abc0,4e1720d93a23e4e005b688fdddeed30a6cb3ff04ebf706921de8d01d0d1dfa3e,train,clsdoa_source_split_v2_stratified,ACCEPT,EXACT,AUTO_PASS,,DATASET_LEVEL_VERIFIED,CC BY-NC 3.0; dataset-level license and attribution file,https://github.com/karolpiczak/ESC-50; meta/esc50.csv; src_file=123896 take=A,unknown,PRESENT,24000,1,float32,5.000000000,preserve_full_short_source,0.000000000,5.000000000,,active_rms_v1,-11.536784793,-24.000000127,1.024870753,0.244066581,-12.463215207,false,true
ESC-50:125418,coughing,ESC-50,coughing,125418,esc50:125418,ESC-50:esc50:125418,/home/leiyuxin/soundspaces/source_assets/clsdoa_v1/raw/esc50/ESC-50-master/audio/3-125418-A-24.wav,/home/leiyuxin/soundspaces/source_assets/clsdoa_v1/prepared/source_pool_pilot_001/wav/coughing/esc50__125418.wav,wav/coughing/esc50__125418.wav,cc86d1222df9fea76c5f24b7b1f9ef4eae6b2619d189e3308f3b11e987264dea,b227325a5ad32fdb3af42fe49448cfcd32c5161169f6652feb374fe8687e8e6c,120275342f1cd23c1ace8f4c334dd7673b727821f9bdd9c710baff75c61123b4,train,clsdoa_source_split_v2_stratified,ACCEPT,EXACT,AUTO_PASS,,DATASET_LEVEL_VERIFIED,CC BY-NC 3.0; dataset-level license and attribution file,https://github.com/karolpiczak/ESC-50; meta/esc50.csv; src_file=125418 take=A,unknown,PRESENT,24000,1,float32,5.000000000,preserve_full_short_source,0.000000000,5.000000000,,active_rms_v1,-25.561612301,-23.999999102,0.197138175,0.235967040,1.561612301,false,true
ESC-50:132601,coughing,ESC-50,coughing,132601,esc50:132601,ESC-50:esc50:132601,/home/leiyuxin/soundspaces/source_assets/clsdoa_v1/raw/esc50/ESC-50-master/audio/3-132601-A-24.wav,/home/leiyuxin/soundspaces/source_assets/clsdoa_v1/prepared/source_pool_pilot_001/wav/coughing/esc50__132601.wav,wav/coughing/esc50__132601.wav,c737c32ad41ee73481cf2e42e8db0f2cd3d5644dcf99894a5db7f90f14cb4c9c,3fc61ffdfaa954a6fe19a5d9f27e21f8f7a4a47ada6222281dbb61a6913223af,2a8cac7228cf69c63838c96b7381b807d518a75d60fa0e8b51ac589c35dbe2a7,train,clsdoa_source_split_v2_stratified,ACCEPT,EXACT,AUTO_PASS,,DATASET_LEVEL_VERIFIED,CC BY-NC 3.0; dataset-level license and attribution file,https://github.com/karolpiczak/ESC-50; meta/esc50.csv; src_file=132601 take=A,unknown,PRESENT,24000,1,float32,5.000000000,preserve_full_short_source,0.000000000,5.000000000,,active_rms_v1,-18.944349272,-24.000000127,0.402974337,0.225161880,-5.055650728,false,true
ESC-50:142604,coughing,ESC-50,coughing,142604,esc50:142604,ESC-50:esc50:142604,/home/leiyuxin/soundspaces/source_assets/clsdoa_v1/raw/esc50/ESC-50-master/audio/3-142604-A-24.wav,/home/leiyuxin/soundspaces/source_assets/clsdoa_v1/prepared/source_pool_pilot_001/wav/coughing/esc50__142604.wav,wav/coughing/esc50__142604.wav,52b93e0e4536c43fd75111e27a9f7099f734c7a9bd9fe37a99593b3f71dcf655,61eeb501435af80fae554d6c268341cedc16582ea10fe2f01959c0a59885a78e,6fb3161dd47d2f0807011dd52f807c90e8d0d2ab7de515cdcf2846e735c45c9c,train,clsdoa_source_split_v2_stratified,ACCEPT,EXACT,AUTO_PASS,,DATASET_LEVEL_VERIFIED,CC BY-NC 3.0; dataset-level license and attribution file,https://github.com/karolpiczak/ESC-50; meta/esc50.csv; src_file=142604 take=A,unknown,PRESENT,24000,1,float32,5.000000000,preserve_full_short_source,0.000000000,5.000000000,,active_rms_v1,-14.928823955,-24.000001153,0.722488642,0.254256606,-9.071176045,false,true
ESC-50:145487,coughing,ESC-50,coughing,145487,esc50:145487,ESC-50:esc50:145487,/home/leiyuxin/soundspaces/source_assets/clsdoa_v1/raw/esc50/ESC-50-master/audio/3-145487-A-24.wav,/home/leiyuxin/soundspaces/source_assets/clsdoa_v1/prepared/source_pool_pilot_001/wav/coughing/esc50__145487.wav,wav/coughing/esc50__145487.wav,615fafc96820eb21f2e13b845028759fec94c7840b3ef6b6c459d2107d340b74,1923ef4f29f19805a37470edf6bc92706eb345a322b80797de2e2a522dfea51f,422b999e10eff69ad3fa06c6f05d6bf6e1fe675137c49830452712d9897abe09,train,clsdoa_source_split_v2_stratified,ACCEPT,EXACT,AUTO_PASS,,DATASET_LEVEL_VERIFIED,CC BY-NC 3.0; dataset-level license and attribution file,https://github.com/karolpiczak/ESC-50; meta/esc50.csv; src_file=145487 take=A,unknown,PRESENT,24000,1,float32,5.000000000,preserve_full_short_source,0.000000000,5.000000000,,active_rms_v1,-11.329075440,-24.000000127,0.976655424,0.227088496,-12.670924560,false,true
ESC-50:146873,coughing,ESC-50,coughing,146873,esc50:146873,ESC-50:esc50:146873,/home/leiyuxin/soundspaces/source_assets/clsdoa_v1/raw/esc50/ESC-50-master/audio/3-146873-A-24.wav,/home/leiyuxin/soundspaces/source_assets/clsdoa_v1/prepared/source_pool_pilot_001/wav/coughing/esc50__146873.wav,wav/coughing/esc50__146873.wav,bdc29d5d28040099958567dc908b4fe507be9c974b8e1ee597455aa7a2d26afe,30ed2dca93617b46f53fb4593ccd68fde46d4a815c890d1c502ff21c58b3c6e3,47c4721ef5cbeec84a67c294b06e14aa7c8a3df3be685fa3ec12ae71ddddf3ce,train,clsdoa_source_split_v2_stratified,ACCEPT,EXACT,AUTO_PASS,,DATASET_LEVEL_VERIFIED,CC BY-NC 3.0; dataset-level license and attribution file,https://github.com/karolpiczak/ESC-50; meta/esc50.csv; src_file=146873 take=A,unknown,PRESENT,24000,1,float32,5.000000000,preserve_full_short_source,0.000000000,5.000000000,,active_rms_v1,-14.834440124,-24.000001153,0.740583301,0.257807702,-9.165559876,false,true
ESC-50:149042,coughing,ESC-50,coughing,149042,esc50:149042,ESC-50:esc50:149042,/home/leiyuxin/soundspaces/source_assets/clsdoa_v1/raw/esc50/ESC-50-master/audio/3-149042-A-24.wav,/home/leiyuxin/soundspaces/source_assets/clsdoa_v1/prepared/source_pool_pilot_001/wav/coughing/esc50__149042.wav,wav/coughing/esc50__149042.wav,f06bb654989efc5a37fdfa279fc6300a7fe092fc7ddabe6cefcd45d6bb0e7fb0,f2d044cb5149ad02604bfc5b112dcd988219e48c831e11ddf66c66c6aac450d1,33cb5ea4d5b8a0df92bcdef652df83cdcd3e02875468521d0e029ea63a371adb,test,clsdoa_source_split_v2_stratified,ACCEPT,EXACT,AUTO_PASS,,DATASET_LEVEL_VERIFIED,CC BY-NC 3.0; dataset-level license and attribution file,https://github.com/karolpiczak/ESC-50; meta/esc50.csv; src_file=149042 take=A,unknown,PRESENT,24000,1,float32,5.000000000,preserve_full_short_source,0.000000000,5.000000000,,active_rms_v1,-17.556731104,-24.000000127,0.425311446,0.202555314,-6.443268896,false,true
ESC-50:151212,coughing,ESC-50,coughing,151212,esc50:151212,ESC-50:esc50:151212,/home/leiyuxin/soundspaces/source_assets/clsdoa_v1/raw/esc50/ESC-50-master/audio/3-151212-A-24.wav,/home/leiyuxin/soundspaces/source_assets/clsdoa_v1/prepared/source_pool_pilot_001/wav/coughing/esc50__151212.wav,wav/coughing/esc50__151212.wav,a6d1aab7ed0cc105872422fd2c621ce2ed7f645a196824dbd8b7fc2168513a81,99b75038e6687a3f02553c2b78eadd5d917205affaaa7126b5adb178f197db94,37c3f893f014dafc6d6b5ddcc21ae9dfb9f1302c2960296e9d150c027f779ba7,val,clsdoa_source_split_v2_stratified,ACCEPT,EXACT,AUTO_PASS,,DATASET_LEVEL_VERIFIED,CC BY-NC 3.0; dataset-level license and attribution file,https://github.com/karolpiczak/ESC-50; meta/esc50.csv; src_file=151212 take=A,unknown,PRESENT,24000,1,float32,5.000000000,preserve_full_short_source,0.000000000,5.000000000,,active_rms_v1,-19.371766157,-24.000000127,0.450608641,0.264476955,-4.628233843,false,true
ESC-50:151213,coughing,ESC-50,coughing,151213,esc50:151213,ESC-50:esc50:151213,/home/leiyuxin/soundspaces/source_assets/clsdoa_v1/raw/esc50/ESC-50-master/audio/3-151213-A-24.wav,/home/leiyuxin/soundspaces/source_assets/clsdoa_v1/prepared/source_pool_pilot_001/wav/coughing/esc50__151213.wav,wav/coughing/esc50__151213.wav,e719151d76deba319bc1ef8ed0b2b25030c4eca344bfdbee31e1713c3183faec,159d77b6eecffabdfc4002cfa53c67619d6faf11035953ee5b8f97e4ce4f7d19,36a0a9a4ac42558cf3836d94e834fe376eb21a80d8f74349f98441a6cabfac50,train,clsdoa_source_split_v2_stratified,ACCEPT,EXACT,AUTO_PASS,,DATASET_LEVEL_VERIFIED,CC BY-NC 3.0; dataset-level license and attribution file,https://github.com/karolpiczak/ESC-50; meta/esc50.csv; src_file=151213 take=A,unknown,PRESENT,24000,1,float32,5.000000000,preserve_full_short_source,0.000000000,5.000000000,,active_rms_v1,-11.473965378,-23.999999102,1.028902531,0.243261009,-12.526034622,false,true
ESC-50:152995,coughing,ESC-50,coughing,152995,esc50:152995,ESC-50:esc50:152995,/home/leiyuxin/soundspaces/source_assets/clsdoa_v1/raw/esc50/ESC-50-master/audio/4-152995-A-24.wav,/home/leiyuxin/soundspaces/source_assets/clsdoa_v1/prepared/source_pool_pilot_001/wav/coughing/esc50__152995.wav,wav/coughing/esc50__152995.wav,f75e3d6bdfb29db8574fb5326a03ed06c7993aba73e50b9b072dde5154b20a81,ea63a838d2a9d892ab3f062541b040dbd6af2c32fb61697f57e6a6d98eb6140c,ca9a065e5c3c2427954a9d4fb74dff3891ce63e9bda66878e19448237e194e71,train,clsdoa_source_split_v2_stratified,ACCEPT,EXACT,AUTO_PASS,,DATASET_LEVEL_VERIFIED,CC BY-NC 3.0; dataset-level license and attribution file,https://github.com/karolpiczak/ESC-50; meta/esc50.csv; src_file=152995 take=A,unknown,PRESENT,24000,1,float32,5.000000000,preserve_full_short_source,0.000000000,5.000000000,,active_rms_v1,-16.426128213,-24.000000127,0.701312363,0.293236434,-7.573871787,false,true
ESC-50:154443,coughing,ESC-50,coughing,154443,esc50:154443,ESC-50:esc50:154443,/home/leiyuxin/soundspaces/source_assets/clsdoa_v1/raw/esc50/ESC-50-master/audio/4-154443-A-24.wav,/home/leiyuxin/soundspaces/source_assets/clsdoa_v1/prepared/source_pool_pilot_001/wav/coughing/esc50__154443.wav,wav/coughing/esc50__154443.wav,b947f9ff98d0f257493d7a2e9053baf501bca2c1f5e05819f1e36f42f374387f,5f4a643f436e99bdb63ff536f32fe72a1d979208337fbac387e16e608a206803,a797267e864e22e93777a5822b91f029fe7dd0686003dec30e0fa708afca2e86,val,clsdoa_source_split_v2_stratified,ACCEPT,EXACT,AUTO_PASS,,DATASET_LEVEL_VERIFIED,CC BY-NC 3.0; dataset-level license and attribution file,https://github.com/karolpiczak/ESC-50; meta/esc50.csv; src_file=154443 take=A,unknown,PRESENT,24000,1,float32,5.000000000,preserve_full_short_source,0.000000000,5.000000000,,active_rms_v1,-5.411379681,-24.000000127,1.296114445,0.152479798,-18.588620319,false,true
ESC-50:155650,coughing,ESC-50,coughing,155650,esc50:155650,ESC-50:esc50:155650,/home/leiyuxin/soundspaces/source_assets/clsdoa_v1/raw/esc50/ESC-50-master/audio/4-155650-A-24.wav,/home/leiyuxin/soundspaces/source_assets/clsdoa_v1/prepared/source_pool_pilot_001/wav/coughing/esc50__155650.wav,wav/coughing/esc50__155650.wav,67640ae077380dc5ad33a9dfd54738105060ed46aad2802f5a5471370fddcfd0,2e102b1fdbd929734b81305f4a18316375ae1c2320c1502f05e45a2281891af2,40b7ab01d71f32d21b193d0a90b5f202264e82dff15a45e4b9e95e7d93f2bd64,val,clsdoa_source_split_v2_stratified,ACCEPT,EXACT,AUTO_PASS,,DATASET_LEVEL_VERIFIED,CC BY-NC 3.0; dataset-level license and attribution file,https://github.com/karolpiczak/ESC-50; meta/esc50.csv; src_file=155650 take=A,unknown,PRESENT,24000,1,float32,5.000000000,preserve_full_short_source,0.000000000,5.000000000,,active_rms_v1,-12.302616975,-24.000000127,1.022755027,0.266012758,-11.697383025,false,true
ESC-50:157296,coughing,ESC-50,coughing,157296,esc50:157296,ESC-50:esc50:157296,/home/leiyuxin/soundspaces/source_assets/clsdoa_v1/raw/esc50/ESC-50-master/audio/4-157296-A-24.wav,/home/leiyuxin/soundspaces/source_assets/clsdoa_v1/prepared/source_pool_pilot_001/wav/coughing/esc50__157296.wav,wav/coughing/esc50__157296.wav,41487613b3870d4ffcca015e03fb5aa5fd569ce2346e221af78c39b7ff853ac0,b7d6a29b6ab82020f311bf52e51a68e5376e0f437ec2dd86dbcb5afdc1df589e,918b5180068c452637051ad4037ba51ad5e9d4c422dbbd2b99efe687d9219f42,train,clsdoa_source_split_v2_stratified,ACCEPT,EXACT,AUTO_PASS,,DATASET_LEVEL_VERIFIED,CC BY-NC 3.0; dataset-level license and attribution file,https://github.com/karolpiczak/ESC-50; meta/esc50.csv; src_file=157296 take=A,unknown,PRESENT,24000,1,float32,5.000000000,preserve_full_short_source,0.000000000,5.000000000,,active_rms_v1,-14.930066429,-24.000000127,0.859616101,0.302557468,-9.069933571,false,true
ESC-50:169726,coughing,ESC-50,coughing,169726,esc50:169726,ESC-50:esc50:169726,/home/leiyuxin/soundspaces/source_assets/clsdoa_v1/raw/esc50/ESC-50-master/audio/4-169726-A-24.wav,/home/leiyuxin/soundspaces/source_assets/clsdoa_v1/prepared/source_pool_pilot_001/wav/coughing/esc50__169726.wav,wav/coughing/esc50__169726.wav,160c92d87abcc2d6faba488db377baf423b2b774421660114bb46f2a395ff39b,6d19da551cf7825443dae7656b7ac7bdb863d3aa612eab9aa591cd88a6c182c5,ec8defa24843e95c9448fa7bcd3f619d032856856fbc892cf357e2890b903700,train,clsdoa_source_split_v2_stratified,ACCEPT,EXACT,AUTO_PASS,,DATASET_LEVEL_VERIFIED,CC BY-NC 3.0; dataset-level license and attribution file,https://github.com/karolpiczak/ESC-50; meta/esc50.csv; src_file=169726 take=A,unknown,PRESENT,24000,1,float32,5.000000000,preserve_full_short_source,0.000000000,5.000000000,,active_rms_v1,-9.377020428,-24.000000127,1.087042212,0.201881930,-14.622979572,false,true
ESC-50:171396,coughing,ESC-50,coughing,171396,esc50:171396,ESC-50:esc50:171396,/home/leiyuxin/soundspaces/source_assets/clsdoa_v1/raw/esc50/ESC-50-master/audio/4-171396-A-24.wav,/home/leiyuxin/soundspaces/source_assets/clsdoa_v1/prepared/source_pool_pilot_001/wav/coughing/esc50__171396.wav,wav/coughing/esc50__171396.wav,d2b0dcd2021cd39e0f89451583bab95b57cb01feb78d00411f4d6e08b5cd9b5e,0554376308b5b833726eb470a1c03bf1af8a39b7e37b5fb1f17f765c0801e859,343764265d080bdba2b49a58f86874843865bef82c753adfff866625f9999800,train,clsdoa_source_split_v2_stratified,ACCEPT,EXACT,AUTO_PASS,,DATASET_LEVEL_VERIFIED,CC BY-NC 3.0; dataset-level license and attribution file,https://github.com/karolpiczak/ESC-50; meta/esc50.csv; src_file=171396 take=A,unknown,PRESENT,24000,1,float32,5.000000000,preserve_full_short_source,0.000000000,5.000000000,,active_rms_v1,-14.942303575,-24.000000127,0.809283257,0.285243481,-9.057696425,false,true
ESC-50:177835,coughing,ESC-50,coughing,177835,esc50:177835,ESC-50:esc50:177835,/home/leiyuxin/soundspaces/source_assets/clsdoa_v1/raw/esc50/ESC-50-master/audio/4-177835-A-24.wav,/home/leiyuxin/soundspaces/source_assets/clsdoa_v1/prepared/source_pool_pilot_001/wav/coughing/esc50__177835.wav,wav/coughing/esc50__177835.wav,4284818fc4dc38341cd7641a9a09e43a6298d3d5c5f575f29d5f6a63fbde4d25,e57ac6eb9c3bd7e1ac22f78564fbcdff33a4f5d686bafb63b94509493635129c,107f49aa987e3155662f7713709ebfc7665202f42cd0e4adaefa57eff4b89208,train,clsdoa_source_split_v2_stratified,ACCEPT,EXACT,AUTO_PASS,,DATASET_LEVEL_VERIFIED,CC BY-NC 3.0; dataset-level license and attribution file,https://github.com/karolpiczak/ESC-50; meta/esc50.csv; src_file=177835 take=A,unknown,PRESENT,24000,1,float32,5.000000000,preserve_full_short_source,0.000000000,5.000000000,,active_rms_v1,-15.372551699,-24.000000127,0.595184207,0.220434204,-8.627448301,false,true
ESC-50:178997,coughing,ESC-50,coughing,178997,esc50:178997,ESC-50:esc50:178997,/home/leiyuxin/soundspaces/source_assets/clsdoa_v1/raw/esc50/ESC-50-master/audio/5-178997-A-24.wav,/home/leiyuxin/soundspaces/source_assets/clsdoa_v1/prepared/source_pool_pilot_001/wav/coughing/esc50__178997.wav,wav/coughing/esc50__178997.wav,98b0efbf2499e6414b8310de51276af6647417aa69971a5efe75d2165a2e5965,73e195b4198a719ac28a95f89c7f5790566d8b7e0e96e1ed35ee64e4ee6f0813,c7aba9fe825d201275860a99588bf8ee1cf26c2d6232f9d89eb52e47cab19221,train,clsdoa_source_split_v2_stratified,ACCEPT,EXACT,AUTO_PASS,,DATASET_LEVEL_VERIFIED,CC BY-NC 3.0; dataset-level license and attribution file,https://github.com/karolpiczak/ESC-50; meta/esc50.csv; src_file=178997 take=A,unknown,PRESENT,24000,1,float32,5.000000000,preserve_full_short_source,0.000000000,5.000000000,,active_rms_v1,-13.007008312,-24.000001153,0.993816257,0.280321568,-10.992991688,false,true
ESC-50:184871,coughing,ESC-50,coughing,184871,esc50:184871,ESC-50:esc50:184871,/home/leiyuxin/soundspaces/source_assets/clsdoa_v1/raw/esc50/ESC-50-master/audio/5-184871-A-24.wav,/home/leiyuxin/soundspaces/source_assets/clsdoa_v1/prepared/source_pool_pilot_001/wav/coughing/esc50__184871.wav,wav/coughing/esc50__184871.wav,77b449c5a9f60ce31a629a3863c8c3216e4e78939aec92048af529100af3c134,081741870d991e6adc82e273a19ecc2ffbb76d5c892eb2db2e46640ca02efe60,94215401f4f1c623c0fa515c44cd3d4940205302a69727b5467ad59f56654d74,test,clsdoa_source_split_v2_stratified,ACCEPT,EXACT,AUTO_PASS,,DATASET_LEVEL_VERIFIED,CC BY-NC 3.0; dataset-level license and attribution file,https://github.com/karolpiczak/ESC-50; meta/esc50.csv; src_file=184871 take=A,unknown,PRESENT,24000,1,float32,5.000000000,preserve_full_short_source,0.000000000,5.000000000,,active_rms_v1,-9.171100339,-24.000000127,1.091809511,0.198016733,-14.828899661,false,true
ESC-50:19111,coughing,ESC-50,coughing,19111,esc50:19111,ESC-50:esc50:19111,/home/leiyuxin/soundspaces/source_assets/clsdoa_v1/raw/esc50/ESC-50-master/audio/1-19111-A-24.wav,/home/leiyuxin/soundspaces/source_assets/clsdoa_v1/prepared/source_pool_pilot_001/wav/coughing/esc50__19111.wav,wav/coughing/esc50__19111.wav,6a8c2b20e8321da1aef032c22322f6a91fa73b1955c4a76dd9cc2068082fb4c8,c2558d44606625791688a4da48e082effbb84d2e1b8b449f277bba68b3101825,ab2afe6d0ee0de5edc1f0107448077919c6ac94dcf59243497e6fcb333685438,train,clsdoa_source_split_v2_stratified,ACCEPT,EXACT,AUTO_PASS,,DATASET_LEVEL_VERIFIED,CC BY-NC 3.0; dataset-level license and attribution file,https://github.com/karolpiczak/ESC-50; meta/esc50.csv; src_file=19111 take=A,unknown,PRESENT,24000,1,float32,5.000000000,preserve_full_short_source,0.000000000,5.000000000,,active_rms_v1,-13.021226518,-24.000000127,0.834260941,0.235701993,-10.978773482,false,true
ESC-50:204604,coughing,ESC-50,coughing,204604,esc50:204604,ESC-50:esc50:204604,/home/leiyuxin/soundspaces/source_assets/clsdoa_v1/raw/esc50/ESC-50-master/audio/5-204604-A-24.wav,/home/leiyuxin/soundspaces/source_assets/clsdoa_v1/prepared/source_pool_pilot_001/wav/coughing/esc50__204604.wav,wav/coughing/esc50__204604.wav,95572a9b2744eda67049bc8af35242b4f14a1015cba3dbe5b5fbfb5c6159ccaf,f4a9944e9f4b5cb1fbeea9127da705bef2cd3a7c8f9202edf1305b0f256aab44,a0246cf0d122038d7665c037f3c0f74dd5f4efe8334c4e4ab1b3aa94651c9b1f,val,clsdoa_source_split_v2_stratified,ACCEPT,EXACT,AUTO_PASS,,DATASET_LEVEL_VERIFIED,CC BY-NC 3.0; dataset-level license and attribution file,https://github.com/karolpiczak/ESC-50; meta/esc50.csv; src_file=204604 take=A,unknown,PRESENT,24000,1,float32,5.000000000,preserve_full_short_source,0.000000000,5.000000000,,active_rms_v1,-4.734124901,-24.000000127,1.144523025,0.124546289,-19.265875099,false,true
ESC-50:207681,coughing,ESC-50,coughing,207681,esc50:207681,ESC-50:esc50:207681,/home/leiyuxin/soundspaces/source_assets/clsdoa_v1/raw/esc50/ESC-50-master/audio/5-207681-A-24.wav,/home/leiyuxin/soundspaces/source_assets/clsdoa_v1/prepared/source_pool_pilot_001/wav/coughing/esc50__207681.wav,wav/coughing/esc50__207681.wav,5f9b2e355d1b08126817c6bb34d8890291a7a17fa1dbd4e3559ed5dbf15cf9e1,23e7f7e6006fd63b116dff0f5cc8e07165c5469763f688e9f16ce51cd0fc5c71,be04f11bf1ea8d8f12d4922c37419d9e7369f65bf6def508b4b164d7f8164f28,train,clsdoa_source_split_v2_stratified,ACCEPT,EXACT,AUTO_PASS,,DATASET_LEVEL_VERIFIED,CC BY-NC 3.0; dataset-level license and attribution file,https://github.com/karolpiczak/ESC-50; meta/esc50.csv; src_file=207681 take=A,unknown,PRESENT,24000,1,float32,5.000000000,preserve_full_short_source,0.000000000,5.000000000,,active_rms_v1,-7.706519633,-24.000000127,1.134520054,0.173835367,-16.293480367,false,true
ESC-50:208761,coughing,ESC-50,coughing,208761,esc50:208761,ESC-50:esc50:208761,/home/leiyuxin/soundspaces/source_assets/clsdoa_v1/raw/esc50/ESC-50-master/audio/5-208761-A-24.wav,/home/leiyuxin/soundspaces/source_assets/clsdoa_v1/prepared/source_pool_pilot_001/wav/coughing/esc50__208761.wav,wav/coughing/esc50__208761.wav,19e853058004c0bb1f159078d59f56b2576d0dccbed351a272edc5e988a164d6,032354287745d8cf5d7f761f00607b6952ee71758f5d29c7fbb95220a1c9e915,8cbc33a3752174636694712e59a1c597615c7c8ad44fec7d005c343ffb1ed549,train,clsdoa_source_split_v2_stratified,ACCEPT,EXACT,AUTO_PASS,,DATASET_LEVEL_VERIFIED,CC BY-NC 3.0; dataset-level license and attribution file,https://github.com/karolpiczak/ESC-50; meta/esc50.csv; src_file=208761 take=A,unknown,PRESENT,24000,1,float32,5.000000000,preserve_full_short_source,0.000000000,5.000000000,,active_rms_v1,-27.169152658,-24.000001153,0.214527145,0.308986783,3.169152658,false,true
ESC-50:209719,coughing,ESC-50,coughing,209719,esc50:209719,ESC-50:esc50:209719,/home/leiyuxin/soundspaces/source_assets/clsdoa_v1/raw/esc50/ESC-50-master/audio/5-209719-A-24.wav,/home/leiyuxin/soundspaces/source_assets/clsdoa_v1/prepared/source_pool_pilot_001/wav/coughing/esc50__209719.wav,wav/coughing/esc50__209719.wav,ab067fe28edf1057766f7317ed578bf63f639e961c86e6e95f763af85a30b653,893860259ad79a490d04d1af8ba47df48c6c16d86aeafc59cd86262a73908364,b041042160b4b536fca9d9d0b06a3f820db280a7e8c66526544d2574bc0de744,train,clsdoa_source_split_v2_stratified,ACCEPT,EXACT,AUTO_PASS,,DATASET_LEVEL_VERIFIED,CC BY-NC 3.0; dataset-level license and attribution file,https://github.com/karolpiczak/ESC-50; meta/esc50.csv; src_file=209719 take=A,unknown,PRESENT,24000,1,float32,5.000000000,preserve_full_short_source,0.000000000,5.000000000,,active_rms_v1,-16.677443723,-24.000000127,0.464496195,0.199919134,-7.322556277,false,true
ESC-50:211197,coughing,ESC-50,coughing,211197,esc50:211197,ESC-50:esc50:211197,/home/leiyuxin/soundspaces/source_assets/clsdoa_v1/raw/esc50/ESC-50-master/audio/5-211197-A-24.wav,/home/leiyuxin/soundspaces/source_assets/clsdoa_v1/prepared/source_pool_pilot_001/wav/coughing/esc50__211197.wav,wav/coughing/esc50__211197.wav,3e24bde52699c7e70e4a98217ed915ba6e144d27b8c94b8990db893a712958c1,333e2364cd0b3a8ec6e788dcbbc8607355dd12cba863616951cf99be2fe4c37e,1b714d7c87dd8ce622a5dd59d59ebb15afe7f40994ad0dcbe4a9f8064e5caa79,train,clsdoa_source_split_v2_stratified,ACCEPT,EXACT,AUTO_PASS,,DATASET_LEVEL_VERIFIED,CC BY-NC 3.0; dataset-level license and attribution file,https://github.com/karolpiczak/ESC-50; meta/esc50.csv; src_file=211197 take=A,unknown,PRESENT,24000,1,float32,5.000000000,preserve_full_short_source,0.000000000,5.000000000,,active_rms_v1,-15.944641655,-23.999999102,0.781537890,0.309159160,-8.055358345,false,true
ESC-50:251489,coughing,ESC-50,coughing,251489,esc50:251489,ESC-50:esc50:251489,/home/leiyuxin/soundspaces/source_assets/clsdoa_v1/raw/esc50/ESC-50-master/audio/5-251489-A-24.wav,/home/leiyuxin/soundspaces/source_assets/clsdoa_v1/prepared/source_pool_pilot_001/wav/coughing/esc50__251489.wav,wav/coughing/esc50__251489.wav,d50edafb0b4f4df37998954f6b7deccb041f7324873f271b7caed0206b095020,055866ef1b2f84eda35496e4031790345eebe28d75074df525946f17ea076954,dbb23515f40248ab07e055c714151bc05fb107d12146cb213bc909fb5b20f17e,train,clsdoa_source_split_v2_stratified,ACCEPT,EXACT,AUTO_PASS,,DATASET_LEVEL_VERIFIED,CC BY-NC 3.0; dataset-level license and attribution file,https://github.com/karolpiczak/ESC-50; meta/esc50.csv; src_file=251489 take=A,unknown,PRESENT,24000,1,float32,5.000000000,preserve_full_short_source,0.000000000,5.000000000,,active_rms_v1,-12.127244002,-24.000000127,0.991837442,0.252814919,-11.872755998,false,true
ESC-50:30830,coughing,ESC-50,coughing,30830,esc50:30830,ESC-50:esc50:30830,/home/leiyuxin/soundspaces/source_assets/clsdoa_v1/raw/esc50/ESC-50-master/audio/1-30830-A-24.wav,/home/leiyuxin/soundspaces/source_assets/clsdoa_v1/prepared/source_pool_pilot_001/wav/coughing/esc50__30830.wav,wav/coughing/esc50__30830.wav,283f6afe6c8987dade5b8b0ec23245803e68bdb1ce61adad6d648948d10e577d,943c26b1dbc9893796ccce0c96c699dddccdc46c283cee01d4aa8f2a2f0da838,e0374e3191067ad9a63df3ae9157e0ca44a36f4f1fa7586982609565683f6a13,train,clsdoa_source_split_v2_stratified,ACCEPT,EXACT,AUTO_PASS,,DATASET_LEVEL_VERIFIED,CC BY-NC 3.0; dataset-level license and attribution file,https://github.com/karolpiczak/ESC-50; meta/esc50.csv; src_file=30830 take=A,unknown,PRESENT,24000,1,float32,5.000000000,preserve_full_short_source,0.000000000,5.000000000,,active_rms_v1,-13.889944691,-24.000000127,0.839792728,0.262222141,-10.110055309,false,true
ESC-50:52266,coughing,ESC-50,coughing,52266,esc50:52266,ESC-50:esc50:52266,/home/leiyuxin/soundspaces/source_assets/clsdoa_v1/raw/esc50/ESC-50-master/audio/1-52266-A-24.wav,/home/leiyuxin/soundspaces/source_assets/clsdoa_v1/prepared/source_pool_pilot_001/wav/coughing/esc50__52266.wav,wav/coughing/esc50__52266.wav,a1061ec65d686785a4e5fbe94a367f1f22d76674ae998e64a05b15b421faf4c4,164ad90b6322a84181da5ea4a097d6ba163666996fc3c5b2f0fb64412b948322,dbf47513fb47c7cac8eb44110871b57ac9c51daf874d9185250fea1081e8917f,train,clsdoa_source_split_v2_stratified,ACCEPT,EXACT,AUTO_PASS,,DATASET_LEVEL_VERIFIED,CC BY-NC 3.0; dataset-level license and attribution file,https://github.com/karolpiczak/ESC-50; meta/esc50.csv; src_file=52266 take=A,unknown,PRESENT,24000,1,float32,5.000000000,preserve_full_short_source,0.000000000,5.000000000,,active_rms_v1,-20.205220518,-24.000000127,0.445648968,0.287908137,-3.794779482,false,true
ESC-50:52323,coughing,ESC-50,coughing,52323,esc50:52323,ESC-50:esc50:52323,/home/leiyuxin/soundspaces/source_assets/clsdoa_v1/raw/esc50/ESC-50-master/audio/1-52323-A-24.wav,/home/leiyuxin/soundspaces/source_assets/clsdoa_v1/prepared/source_pool_pilot_001/wav/coughing/esc50__52323.wav,wav/coughing/esc50__52323.wav,5e7520fd057398f7d2d82db1632090541dab2ad192594bb6b1194bca76c3ffd5,98e0d9cb012d8054127434d538b6854c5d7da861da0e5ee9fb0abdacab77856a,74d2b6a06d461e16b869c4ed5d3a83c5af698fe3650f1ac395976de974638d80,test,clsdoa_source_split_v2_stratified,ACCEPT,EXACT,AUTO_PASS,,DATASET_LEVEL_VERIFIED,CC BY-NC 3.0; dataset-level license and attribution file,https://github.com/karolpiczak/ESC-50; meta/esc50.csv; src_file=52323 take=A,unknown,PRESENT,24000,1,float32,5.000000000,preserve_full_short_source,0.000000000,5.000000000,,active_rms_v1,-22.173181993,-24.000001153,0.317656517,0.257404923,-1.826818007,false,true
ESC-50:53663,coughing,ESC-50,coughing,53663,esc50:53663,ESC-50:esc50:53663,/home/leiyuxin/soundspaces/source_assets/clsdoa_v1/raw/esc50/ESC-50-master/audio/1-53663-A-24.wav,/home/leiyuxin/soundspaces/source_assets/clsdoa_v1/prepared/source_pool_pilot_001/wav/coughing/esc50__53663.wav,wav/coughing/esc50__53663.wav,89dece11b47557bffced38cd526257b5e21871d3b6e1193381a5b4275172c974,7c7648b10047ab98795f400e9ac5aea00715e18bf5f98d02d7d1d690b756da6c,325713c6d3370316b849ad7398d9a9c744e3a6a0ce31a7b5360c0d18c7a03b79,val,clsdoa_source_split_v2_stratified,ACCEPT,EXACT,AUTO_PASS,,DATASET_LEVEL_VERIFIED,CC BY-NC 3.0; dataset-level license and attribution file,https://github.com/karolpiczak/ESC-50; meta/esc50.csv; src_file=53663 take=A,unknown,PRESENT,24000,1,float32,5.000000000,preserve_full_short_source,0.000000000,5.000000000,,active_rms_v1,-20.394252404,-24.000001153,0.457874388,0.302314490,-3.605747596,false,true
ESC-50:63679,coughing,ESC-50,coughing,63679,esc50:63679,ESC-50:esc50:63679,/home/leiyuxin/soundspaces/source_assets/clsdoa_v1/raw/esc50/ESC-50-master/audio/1-63679-A-24.wav,/home/leiyuxin/soundspaces/source_assets/clsdoa_v1/prepared/source_pool_pilot_001/wav/coughing/esc50__63679.wav,wav/coughing/esc50__63679.wav,7c273efd80a98a13af7d18177a126eae40eb047595d3be70421e8a32917471f2,1ec2937b6773823d3fc44766a22300dd07e45a86bf23a8243faf5e3e9a47c1e0,d6905ec0b2937aae9bf3a2bcb35950d2d5dec0c7dcd8414af9a45f3116d3272a,test,clsdoa_source_split_v2_stratified,ACCEPT,EXACT,AUTO_PASS,,DATASET_LEVEL_VERIFIED,CC BY-NC 3.0; dataset-level license and attribution file,https://github.com/karolpiczak/ESC-50; meta/esc50.csv; src_file=63679 take=A,unknown,PRESENT,24000,1,float32,5.000000000,preserve_full_short_source,0.000000000,5.000000000,,active_rms_v1,-15.249359457,-24.000000127,0.638934731,0.233305231,-8.750640543,false,true
ESC-50:85292,coughing,ESC-50,coughing,85292,esc50:85292,ESC-50:esc50:85292,/home/leiyuxin/soundspaces/source_assets/clsdoa_v1/raw/esc50/ESC-50-master/audio/2-85292-A-24.wav,/home/leiyuxin/soundspaces/source_assets/clsdoa_v1/prepared/source_pool_pilot_001/wav/coughing/esc50__85292.wav,wav/coughing/esc50__85292.wav,40c95a70f576b4c802331510c80db313a92e84357c109475f3b70719f6dd26b8,9b1daec82398910dd1e35c966df1e5d7aecd446873502698b28cd0fae39b328b,848bf1ca81dd50d22544cb0ec7446a9e34e9c54d80e280295e263a06f4a340f0,train,clsdoa_source_split_v2_stratified,ACCEPT,EXACT,AUTO_PASS,,DATASET_LEVEL_VERIFIED,CC BY-NC 3.0; dataset-level license and attribution file,https://github.com/karolpiczak/ESC-50; meta/esc50.csv; src_file=85292 take=A,unknown,PRESENT,24000,1,float32,5.000000000,preserve_full_short_source,0.000000000,5.000000000,,active_rms_v1,-9.979188717,-24.000000127,1.016950846,0.202422783,-14.020811283,false,true
ESC-50:87412,coughing,ESC-50,coughing,87412,esc50:87412,ESC-50:esc50:87412,/home/leiyuxin/soundspaces/source_assets/clsdoa_v1/raw/esc50/ESC-50-master/audio/2-87412-A-24.wav,/home/leiyuxin/soundspaces/source_assets/clsdoa_v1/prepared/source_pool_pilot_001/wav/coughing/esc50__87412.wav,wav/coughing/esc50__87412.wav,2bf321cb77caee6047edc3b47f40b4305d17eeef7bad0af506869d4073a4ffe7,7f80dba6b2493322c5b7f861fb60a2f7bbc736b0534d74e2fba9dde7cfbf2664,39381ec4b3c6d22ffca0f344200e23e3830acd5fcca6c99c50fbf357deab2d60,val,clsdoa_source_split_v2_stratified,ACCEPT,EXACT,AUTO_PASS,,DATASET_LEVEL_VERIFIED,CC BY-NC 3.0; dataset-level license and attribution file,https://github.com/karolpiczak/ESC-50; meta/esc50.csv; src_file=87412 take=A,unknown,PRESENT,24000,1,float32,5.000000000,preserve_full_short_source,0.000000000,5.000000000,,active_rms_v1,-6.836327675,-24.000000127,1.127499580,0.156290576,-17.163672325,false,true
ESC-50:87794,coughing,ESC-50,coughing,87794,esc50:87794,ESC-50:esc50:87794,/home/leiyuxin/soundspaces/source_assets/clsdoa_v1/raw/esc50/ESC-50-master/audio/2-87794-A-24.wav,/home/leiyuxin/soundspaces/source_assets/clsdoa_v1/prepared/source_pool_pilot_001/wav/coughing/esc50__87794.wav,wav/coughing/esc50__87794.wav,fe010e0e47cef247baf6dc6c4b9a06bbed41dae54066dd38be0e9adadf55f5db,8e8a18445987d691c35ee10c91c5816312b105df2b9f6b54fd2bcb59e6052d45,404e4a1c21eb3296e3b317d27244ac7a5fcff11c88109f60265f973b4b797443,train,clsdoa_source_split_v2_stratified,ACCEPT,EXACT,AUTO_PASS,,DATASET_LEVEL_VERIFIED,CC BY-NC 3.0; dataset-level license and attribution file,https://github.com/karolpiczak/ESC-50; meta/esc50.csv; src_file=87794 take=A,unknown,PRESENT,24000,1,float32,5.000000000,preserve_full_short_source,0.000000000,5.000000000,,active_rms_v1,-6.238255732,-24.000000127,1.067148209,0.138082147,-17.761744268,false,true
ESC-50:108017,coughing,ESC-50,coughing,108017,esc50:108017,ESC-50:esc50:108017,/home/leiyuxin/soundspaces/source_assets/clsdoa_v1/raw/esc50/ESC-50-master/audio/2-108017-A-24.wav,/home/leiyuxin/soundspaces/source_assets/clsdoa_v1/prepared/source_pool_pilot_001/wav/coughing/esc50__108017.wav,wav/coughing/esc50__108017.wav,df7b4b87edc08db10f0fcddfac4cfe5a7ad839c7fc01ecd15a34daf6c56a8f1b,05a4fc36e9878a110446203dcc7275e11b67988fca62c73d6594e2d4a9be8ff0,0835f06693f5560d89f59de280351f1afbb90b839edacde718bb336726a5fa25,train,clsdoa_source_split_v2_stratified,ACCEPT,EXACT,AUTO_FLAG,severe_clipping_candidate,DATASET_LEVEL_VERIFIED,CC BY-NC 3.0; dataset-level license and attribution file,https://github.com/karolpiczak/ESC-50; meta/esc50.csv; src_file=108017 take=A,unknown,PRESENT,24000,1,float32,5.000000000,preserve_full_short_source,0.000000000,5.000000000,,active_rms_v1,-7.168565460,-24.000000127,1.028019071,0.148057163,-16.831434540,false,true
ESC-50:58792,coughing,ESC-50,coughing,58792,esc50:58792,ESC-50:esc50:58792,/home/leiyuxin/soundspaces/source_assets/clsdoa_v1/raw/esc50/ESC-50-master/audio/1-58792-A-24.wav,/home/leiyuxin/soundspaces/source_assets/clsdoa_v1/prepared/source_pool_pilot_001/wav/coughing/esc50__58792.wav,wav/coughing/esc50__58792.wav,fd1329390e8f32c3f312d348914ef97306c105b5cfa68f1ffe2d1918eb9c4dc4,7b83e0d415fd2f00703c3526812c1016447d72b438200da74b624ed9751fb32c,ef5ceff5e8ff5ff73d3d35f7a6bf677b9ac52a89c0ccefe8a891bca52a6c80a9,train,clsdoa_source_split_v2_stratified,ACCEPT,EXACT,AUTO_FLAG,severe_clipping_candidate,DATASET_LEVEL_VERIFIED,CC BY-NC 3.0; dataset-level license and attribution file,https://github.com/karolpiczak/ESC-50; meta/esc50.csv; src_file=58792 take=A,unknown,PRESENT,24000,1,float32,5.000000000,preserve_full_short_source,0.000000000,5.000000000,,active_rms_v1,-4.539478950,-23.999999102,1.070807099,0.113942355,-19.460521050,false,true
ESC-50:87795,coughing,ESC-50,coughing,87795,esc50:87795,ESC-50:esc50:87795,/home/leiyuxin/soundspaces/source_assets/clsdoa_v1/raw/esc50/ESC-50-master/audio/2-87795-A-24.wav,/home/leiyuxin/soundspaces/source_assets/clsdoa_v1/prepared/source_pool_pilot_001/wav/coughing/esc50__87795.wav,wav/coughing/esc50__87795.wav,e125194521122061520c5bdf791e73ddd3b08204c024d38f94eb275a75425813,6ff6b2c497edaa492f3a8c5b6039d86985987e2575871607db461032050283e5,de50b4e44c3f1f88f44e18a74250068b3ef86cf240e5f1f3196dc709b1802330,train,clsdoa_source_split_v2_stratified,ACCEPT,EXACT,AUTO_FLAG,severe_clipping_candidate,DATASET_LEVEL_VERIFIED,CC BY-NC 3.0; dataset-level license and attribution file,https://github.com/karolpiczak/ESC-50; meta/esc50.csv; src_file=87795 take=A,unknown,PRESENT,24000,1,float32,5.000000000,preserve_full_short_source,0.000000000,5.000000000,,active_rms_v1,-6.118587406,-24.000000127,1.052242041,0.134290412,-17.881412594,false,true
ESC-50:87799,coughing,ESC-50,coughing,87799,esc50:87799,ESC-50:esc50:87799,/home/leiyuxin/soundspaces/source_assets/clsdoa_v1/raw/esc50/ESC-50-master/audio/2-87799-A-24.wav,/home/leiyuxin/soundspaces/source_assets/clsdoa_v1/prepared/source_pool_pilot_001/wav/coughing/esc50__87799.wav,wav/coughing/esc50__87799.wav,3b27dea0fb326dbff054feaf0f51ced898797749532072e2fc29ab4dd00ce086,bba8805b3dd0fd888eb84af8111a00dd1b4776f444a76a9d11ef6eaa58fc8b79,8622b38aa1b5d9617257f44061d08b56f0d264e0b2b0e7fff8a435d9e4bd3a96,test,clsdoa_source_split_v2_stratified,ACCEPT,EXACT,AUTO_FLAG,severe_clipping_candidate,DATASET_LEVEL_VERIFIED,CC BY-NC 3.0; dataset-level license and attribution file,https://github.com/karolpiczak/ESC-50; meta/esc50.csv; src_file=87799 take=A,unknown,PRESENT,24000,1,float32,5.000000000,preserve_full_short_source,0.000000000,5.000000000,,active_rms_v1,-6.193147799,-24.000001153,1.030647397,0.132668406,-17.806852201,false,true
PSELD-selected FSD50K:108017,coughing,PSELD-selected FSD50K,Cough,108017,fsd50k:108017,PSELD-selected FSD50K:fsd50k:108017,/home/leiyuxin/soundspaces/source_assets/clsdoa_v1/raw/pseld_fsd50k/extracted_audio/FSD50K.eval_audio/108017.wav,/home/leiyuxin/soundspaces/source_assets/clsdoa_v1/prepared/source_pool_pilot_001/wav/coughing/fsd50k__108017.wav,wav/coughing/fsd50k__108017.wav,6c7cc1c1f25a8fabb8cd8f73104d7b245f20fce8019b913add3c93fdbcb78f4f,3a6193fc88d14a11321745dc88684568120791ff88a09285fe254f1fca172cfe,c382f6d224682d000efd2cd381cfaf9bc367f53ea4ab8d50e8023f0c0b1c19e9,test,clsdoa_source_split_v2_stratified,ACCEPT,SEMANTIC_STRONG,AUTO_PASS,,DATASET_LEVEL_VERIFIED,http://creativecommons.org/licenses/sampling+/1.0/,PSELDNets 170-class crosswalk; SELD-Data-Generator _m_01b_21.tsv; FSD50K clip 108017,likely_yes,PRESENT,24000,1,float32,5.000000000,deterministic_center,0.230657596,5.230657596,,active_rms_v1,-11.488605975,-24.000000127,0.759890318,0.179962158,-12.511394025,false,true
DESED isolated foreground:174467,frying,DESED isolated foreground,Frying,174467,desed:train:174467,DESED:174467,/home/leiyuxin/soundspaces/source_assets/clsdoa_v1/raw/desed/extracted/audio/train/soundbank/foreground/Frying/174467.wav,/home/leiyuxin/soundspaces/source_assets/clsdoa_v1/prepared/source_pool_pilot_001/wav/frying/desed__train__174467.wav,wav/frying/desed__train__174467.wav,c53a827d1055b150a31e2f3566a4c1b1aad4e38bad5bb0639db3fc05bac0eb0d,a92e31e60e643d328a2185c202fed559d406ded548ee623ce78c5751927f0080,9594a1032a89dd0fdd8ce3d99e4e5ac78576d9dc01cad368af904670625f71fd,train,clsdoa_source_split_v2_stratified,ACCEPT,EXACT,AUTO_PASS,,PER_RECORDING_METADATA,http://creativecommons.org/licenses/by/3.0/,DESED_synth_soundbank.tar.gz; audio/train/soundbank/foreground/Frying/174467.wav ; official train license TSV,unknown,PRESENT,24000,1,float32,5.000000000,deterministic_center,3.795804989,8.795804989,,active_rms_v1,-22.116740760,-24.000000127,0.514382899,0.414117485,-1.883259240,false,true
DESED isolated foreground:274499,frying,DESED isolated foreground,Frying,274499,desed:train:274499,DESED:274499,/home/leiyuxin/soundspaces/source_assets/clsdoa_v1/raw/desed/extracted/audio/train/soundbank/foreground/Frying/274499.wav,/home/leiyuxin/soundspaces/source_assets/clsdoa_v1/prepared/source_pool_pilot_001/wav/frying/desed__train__274499.wav,wav/frying/desed__train__274499.wav,bd6cf702fb1493218f3ee41b91c5fa19ccb211d6916ff9ad57509d4fabc05a63,9c1cea53fcfcc6d5f2bd0752cf4326615cb1f9e83f7c3c91a223530c3efc5334,85287e7cd727388c0f6c9f6372dc02008ff86bbff9f6eecc53bb1d6c078b561b,train,clsdoa_source_split_v2_stratified,ACCEPT,EXACT,AUTO_PASS,,PER_RECORDING_METADATA,http://creativecommons.org/publicdomain/zero/1.0/,DESED_synth_soundbank.tar.gz; audio/train/soundbank/foreground/Frying/274499.wav ; official train license TSV,unknown,PRESENT,24000,1,float32,3.636791667,preserve_full_short_source,0.000000000,3.636780045,,active_rms_v1,-14.607307830,-24.000000127,0.777534068,0.263684630,-9.392692170,false,true
DESED isolated foreground:347708,frying,DESED isolated foreground,Frying,347708,desed:eval:347708,DESED:347708,/home/leiyuxin/soundspaces/source_assets/clsdoa_v1/raw/desed/extracted/audio/eval/soundbank/foreground/Frying/347708.wav,/home/leiyuxin/soundspaces/source_assets/clsdoa_v1/prepared/source_pool_pilot_001/wav/frying/desed__eval__347708.wav,wav/frying/desed__eval__347708.wav,9cabfdbb8edc683c484e524812a8ecf15c7c314c6c8d2ee02beadf86417df7a8,f219aa07f9246d5302cffb5f9d80dd1c6ca3d97f14d4402077fe61f89e692dfb,ae38edc3ce156e90f235e3b5d5f4c8be2e3f73dc5cbc6dc7b2d9da20c7045bd2,test,clsdoa_source_split_v2_stratified,ACCEPT,EXACT,AUTO_PASS,,PER_RECORDING_METADATA,http://creativecommons.org/licenses/by/3.0/,DESED_synth_soundbank.tar.gz; audio/eval/soundbank/foreground/Frying/347708.wav ; official eval license TSV,unknown,PRESENT,24000,1,float32,5.000000000,deterministic_center,8.029297052,13.029297052,,active_rms_v1,-28.423804664,-24.000000127,0.215194359,0.358113855,4.423804664,false,true
DESED isolated foreground:351406,frying,DESED isolated foreground,Frying,351406,desed:train:351406,DESED:351406,/home/leiyuxin/soundspaces/source_assets/clsdoa_v1/raw/desed/extracted/audio/train/soundbank/foreground/Frying/351406.wav,/home/leiyuxin/soundspaces/source_assets/clsdoa_v1/prepared/source_pool_pilot_001/wav/frying/desed__train__351406.wav,wav/frying/desed__train__351406.wav,f9dc3212527796d8b1eab58db29c7dd39c5e76ee643bf420ed0127aacbb9e364,6beaec0bae1c7d98f0bf8b76acfdaea42f94e2b24525d4e9c07fd8b02a6b3d6e,964e03b02d4b1c29ff1eabf61dbc5082d4f21caf03f2cce9e61edf554d5c8eef,train,clsdoa_source_split_v2_stratified,ACCEPT,EXACT,AUTO_PASS,,PER_RECORDING_METADATA,http://creativecommons.org/publicdomain/zero/1.0/,DESED_synth_soundbank.tar.gz; audio/train/soundbank/foreground/Frying/351406.wav ; official train license TSV,unknown,PRESENT,24000,1,float32,5.000000000,deterministic_center,5.874331066,10.874331066,,active_rms_v1,-30.535977314,-24.000000127,0.138301551,0.293512017,6.535977314,false,true
DESED isolated foreground:403333,frying,DESED isolated foreground,Frying,403333,desed:train:403333,DESED:403333,/home/leiyuxin/soundspaces/source_assets/clsdoa_v1/raw/desed/extracted/audio/train/soundbank/foreground/Frying/403333.wav,/home/leiyuxin/soundspaces/source_assets/clsdoa_v1/prepared/source_pool_pilot_001/wav/frying/desed__train__403333.wav,wav/frying/desed__train__403333.wav,b57699ff0840a278a58a6b9d6877a7410e5118ca503336f6d45c0272b400bd9c,4bbd75146fbebf0f0a59454f569d2a368fcc194159946b79b88e3acc18902383,b532c5a3215dc648caf1d783ff9824e851fb4120e8e32386c6333a297267aa1c,train,clsdoa_source_split_v2_stratified,ACCEPT,EXACT,AUTO_PASS,,PER_RECORDING_METADATA,http://creativecommons.org/licenses/by/3.0/,DESED_synth_soundbank.tar.gz; audio/train/soundbank/foreground/Frying/403333.wav ; official train license TSV,unknown,PRESENT,24000,1,float32,5.000000000,deterministic_center,15.247981859,20.247981859,,active_rms_v1,-30.186958249,-24.000000127,0.106820680,0.217772603,6.186958249,false,true
DESED isolated foreground:417995,frying,DESED isolated foreground,Frying,417995,desed:eval:417995,DESED:417995,/home/leiyuxin/soundspaces/source_assets/clsdoa_v1/raw/desed/extracted/audio/eval/soundbank/foreground/Frying/417995.wav,/home/leiyuxin/soundspaces/source_assets/clsdoa_v1/prepared/source_pool_pilot_001/wav/frying/desed__eval__417995.wav,wav/frying/desed__eval__417995.wav,344b52d4168832fcb1f5494ecb5ff358e4f291d29fd4a91f53dc634712768e69,780f5cbac51d2ee8b527d152ba99c6d743048cd82844f4e8c5bedff74354fb6a,05742e2d57c3c7c8ef3d634b30a2501a70e823e5509624a422f646cca421e0d2,train,clsdoa_source_split_v2_stratified,ACCEPT,EXACT,AUTO_PASS,,PER_RECORDING_METADATA,http://creativecommons.org/publicdomain/zero/1.0/,DESED_synth_soundbank.tar.gz; audio/eval/soundbank/foreground/Frying/417995.wav ; official eval license TSV,unknown,PRESENT,24000,1,float32,5.000000000,deterministic_center,2.365600907,7.365600907,,active_rms_v1,-22.864870147,-24.000000127,0.436676294,0.383180231,-1.135129853,false,true
DESED isolated foreground:121582,frying,DESED isolated foreground,Frying,121582,desed:train:121582,DESED:121582,/home/leiyuxin/soundspaces/source_assets/clsdoa_v1/raw/desed/extracted/audio/train/soundbank/foreground/Frying/121582.wav,/home/leiyuxin/soundspaces/source_assets/clsdoa_v1/prepared/source_pool_pilot_001/wav/frying/desed__train__121582.wav,wav/frying/desed__train__121582.wav,8e1d809e9cd4b1af89d1701d35dee38c35762907159d9a8472c6340c888132dc,c53d50282787a775fd52b06ee8569a9406ba612c3e7e73e98deae8c51ad0ed4e,bf393f9b23b12068a400eb0a7e5c232b5ed41df992dd6a0dcd252ff21cc8475b,train,clsdoa_source_split_v2_stratified,ACCEPT,EXACT,AUTO_FLAG,mostly_silence_or_low_activity,PER_RECORDING_METADATA,http://creativecommons.org/licenses/by/3.0/,DESED_synth_soundbank.tar.gz; audio/train/soundbank/foreground/Frying/121582.wav ; official train license TSV,unknown,PRESENT,24000,1,float32,5.000000000,deterministic_center,6.106553288,11.106553288,,active_rms_v1,-16.981461196,-24.000000127,0.602626443,0.268609434,-7.018538804,false,true
DESED isolated foreground:137258,frying,DESED isolated foreground,Frying,137258,desed:train:137258,DESED:137258,/home/leiyuxin/soundspaces/source_assets/clsdoa_v1/raw/desed/extracted/audio/train/soundbank/foreground/Frying/137258.wav,/home/leiyuxin/soundspaces/source_assets/clsdoa_v1/prepared/source_pool_pilot_001/wav/frying/desed__train__137258.wav,wav/frying/desed__train__137258.wav,168ee91653700ed76d82097be3dbc88721342777cf8e3e4f78b0bd8f6d5793fb,293a20943eff8f95789b8664964a6792eb79e11b0fa928b12bed5d346f1db8fa,5c254c3e82c1c191f650fe8376a72656e1fe065e45de2d9260b72452c65a22b1,train,clsdoa_source_split_v2_stratified,ACCEPT,EXACT,AUTO_FLAG,mostly_silence_or_low_activity,PER_RECORDING_METADATA,http://creativecommons.org/publicdomain/zero/1.0/,DESED_synth_soundbank.tar.gz; audio/train/soundbank/foreground/Frying/137258.wav ; official train license TSV,unknown,PRESENT,24000,1,float32,5.000000000,deterministic_center,10.981269841,15.981269841,,active_rms_v1,-22.739481884,-23.999999102,0.378246337,0.327151418,-1.260518116,false,true
DESED isolated foreground:179675,frying,DESED isolated foreground,Frying,179675,desed:train:179675,DESED:179675,/home/leiyuxin/soundspaces/source_assets/clsdoa_v1/raw/desed/extracted/audio/train/soundbank/foreground/Frying/179675.wav,/home/leiyuxin/soundspaces/source_assets/clsdoa_v1/prepared/source_pool_pilot_001/wav/frying/desed__train__179675.wav,wav/frying/desed__train__179675.wav,f9a60e2cdd42858b7f1b65f4e2e3cc7e056c289c11d6ed4887654f945f700928,f9489712b66e289b79059dec6d55e8aa248b03d868a522d9416c6ad0a1998867,aab977a44c7aa9143a015308bf7d88b223dd0b35633b0aac2f12cf7b206fb673,train,clsdoa_source_split_v2_stratified,ACCEPT,EXACT,AUTO_FLAG,mostly_silence_or_low_activity,PER_RECORDING_METADATA,http://creativecommons.org/licenses/by/3.0/,DESED_synth_soundbank.tar.gz; audio/train/soundbank/foreground/Frying/179675.wav ; official train license TSV,unknown,PRESENT,24000,1,float32,5.000000000,deterministic_center,0.402403628,5.402403628,,active_rms_v1,-23.248392729,-24.000000127,0.295453399,0.270962149,-0.751607271,false,true
DESED isolated foreground:3203,frying,DESED isolated foreground,Frying,3203,desed:train:3203,DESED:3203,/home/leiyuxin/soundspaces/source_assets/clsdoa_v1/raw/desed/extracted/audio/train/soundbank/foreground/Frying/3203.wav,/home/leiyuxin/soundspaces/source_assets/clsdoa_v1/prepared/source_pool_pilot_001/wav/frying/desed__train__3203.wav,wav/frying/desed__train__3203.wav,c8a3128001062e7bbf8b2efa222ebe1bbdf8f0861669e2e6f50ca788ae953ecc,4175cb601548136d9d9e0b75371f780bbdf699a8148cc20cd235001f252e7117,3206af9fb52bd82b6a76e09d84542c49ef81826f4c2cb393f3cbfb7bd5c256fb,train,clsdoa_source_split_v2_stratified,ACCEPT,EXACT,AUTO_FLAG,mostly_silence_or_low_activity,PER_RECORDING_METADATA,http://creativecommons.org/licenses/by/3.0/,DESED_synth_soundbank.tar.gz; audio/train/soundbank/foreground/Frying/3203.wav ; official train license TSV,unknown,PRESENT,24000,1,float32,5.000000000,deterministic_center,0.541814059,5.541814059,,active_rms_v1,-13.944012894,-24.000000127,0.699797571,0.219873592,-10.055987106,false,true
DESED isolated foreground:388092,frying,DESED isolated foreground,Frying,388092,desed:train:388092,DESED:388092,/home/leiyuxin/soundspaces/source_assets/clsdoa_v1/raw/desed/extracted/audio/train/soundbank/foreground/Frying/388092.wav,/home/leiyuxin/soundspaces/source_assets/clsdoa_v1/prepared/source_pool_pilot_001/wav/frying/desed__train__388092.wav,wav/frying/desed__train__388092.wav,040932e58dc34995b033617f1ca2619599a67abc88294e313e1d64e837d34b6f,430fdf08efcc240c9f390fbbc05e47dbe0cf6049594fd0feb2008e88903b0fa5,613b3173468c87542658d89ba7adad41e88263fb2310a1dd2b75e505ee5df9e7,train,clsdoa_source_split_v2_stratified,ACCEPT,EXACT,AUTO_FLAG,mostly_silence_or_low_activity,PER_RECORDING_METADATA,http://creativecommons.org/licenses/by/3.0/,DESED_synth_soundbank.tar.gz; audio/train/soundbank/foreground/Frying/388092.wav ; official train license TSV,unknown,PRESENT,24000,1,float32,5.000000000,deterministic_center,8.965578231,13.965578231,,active_rms_v1,-36.864696813,-24.000000127,0.071272798,0.313443065,12.864696813,false,true
DESED isolated foreground:403531,frying,DESED isolated foreground,Frying,403531,desed:train:403531,DESED:403531,/home/leiyuxin/soundspaces/source_assets/clsdoa_v1/raw/desed/extracted/audio/train/soundbank/foreground/Frying/403531.wav,/home/leiyuxin/soundspaces/source_assets/clsdoa_v1/prepared/source_pool_pilot_001/wav/frying/desed__train__403531.wav,wav/frying/desed__train__403531.wav,a5dacd9dda91344aecb7478777e944632ad7087fd4349c35f573e1de79b8e24a,fd0223f2d35eabd4292b4f0060133135506f00f6880845cf74f533b878a49f92,78082d301d0ba90a4f636d06a9993c96f8b160c69a1408300c9e049cb382dbae,val,clsdoa_source_split_v2_stratified,ACCEPT,EXACT,AUTO_FLAG,mostly_silence_or_low_activity,PER_RECORDING_METADATA,http://creativecommons.org/publicdomain/zero/1.0/,DESED_synth_soundbank.tar.gz; audio/train/soundbank/foreground/Frying/403531.wav ; official train license TSV,unknown,PRESENT,24000,1,float32,5.000000000,deterministic_center,11.194149660,16.194149660,,active_rms_v1,-20.380483655,-24.000000127,0.485817760,0.320256233,-3.619516345,false,true
PSELD-selected FSD50K:111132,frying,PSELD-selected FSD50K,Frying (food),111132,fsd50k:111132,PSELD-selected FSD50K:fsd50k:111132,/home/leiyuxin/soundspaces/source_assets/clsdoa_v1/raw/pseld_fsd50k/extracted_audio/FSD50K.dev_audio/111132.wav,/home/leiyuxin/soundspaces/source_assets/clsdoa_v1/prepared/source_pool_pilot_001/wav/frying/fsd50k__111132.wav,wav/frying/fsd50k__111132.wav,99ea864808894d19b9ac765adb6978bd9288368c471ac9c4e982138a88c681a5,8fdc0267edbd3de943732cf87e9271e87035f1b2929657135c111766e1b8159b,5657cef4ca86c4d823cd2475aab31fb1e5aa5835aa24886aa3b9e9472928b434,train,clsdoa_source_split_v2_stratified,ACCEPT,EXACT,AUTO_PASS,,DATASET_LEVEL_VERIFIED,http://creativecommons.org/licenses/by/3.0/,PSELDNets 170-class crosswalk; SELD-Data-Generator _m_0dxrf.tsv; FSD50K clip 111132,likely_yes,PRESENT,24000,1,float32,5.000000000,deterministic_center,11.305714286,16.305714286,,active_rms_v1,-18.777246262,-24.000001153,0.588663638,0.322648406,-5.222753738,false,true
PSELD-selected FSD50K:119116,frying,PSELD-selected FSD50K,Frying (food),119116,fsd50k:119116,PSELD-selected FSD50K:fsd50k:119116,/home/leiyuxin/soundspaces/source_assets/clsdoa_v1/raw/pseld_fsd50k/extracted_audio/FSD50K.eval_audio/119116.wav,/home/leiyuxin/soundspaces/source_assets/clsdoa_v1/prepared/source_pool_pilot_001/wav/frying/fsd50k__119116.wav,wav/frying/fsd50k__119116.wav,57c91641cf9a1a836d494d81b80e5c9c5bc3b0e028998ab962f2d4fb817bb101,435159d8576630e544e835948952f514e64696dba4f800fcbf87407f27a4d792,b56e1867637938f94b901b013b9da01ca6b02b09c2e23905218aa04e81a1483c,test,clsdoa_source_split_v2_stratified,ACCEPT,EXACT,AUTO_PASS,,DATASET_LEVEL_VERIFIED,http://creativecommons.org/publicdomain/zero/1.0/,PSELDNets 170-class crosswalk; SELD-Data-Generator _m_0dxrf.tsv; FSD50K clip 119116,likely_yes,PRESENT,24000,1,float32,5.000000000,deterministic_center,1.608276644,6.608276644,,active_rms_v1,-40.618067754,-24.000000127,0.040677797,0.275588304,16.618067754,false,true
PSELD-selected FSD50K:132472,frying,PSELD-selected FSD50K,Frying (food),132472,fsd50k:132472,PSELD-selected FSD50K:fsd50k:132472,/home/leiyuxin/soundspaces/source_assets/clsdoa_v1/raw/pseld_fsd50k/extracted_audio/FSD50K.eval_audio/132472.wav,/home/leiyuxin/soundspaces/source_assets/clsdoa_v1/prepared/source_pool_pilot_001/wav/frying/fsd50k__132472.wav,wav/frying/fsd50k__132472.wav,9d715cb68cf34d8f2f270cb5e43cb4fd5e2c29d621e20335b96ed9aa94f00a62,4ce404f67e42e53d4c93a90e56a3390160ca60ee575b2b331bdfddc4c186dbe6,ae79662adca6b3e426a55bb722a053478b16bf2c7306f6ed1324b2a10080e92a,train,clsdoa_source_split_v2_stratified,ACCEPT,EXACT,AUTO_PASS,,DATASET_LEVEL_VERIFIED,http://creativecommons.org/publicdomain/zero/1.0/,PSELDNets 170-class crosswalk; SELD-Data-Generator _m_0dxrf.tsv; FSD50K clip 132472,likely_yes,PRESENT,24000,1,float32,5.000000000,deterministic_center,5.780816327,10.780816327,,active_rms_v1,-15.220274472,-24.000000127,0.920744002,0.335083157,-8.779725528,false,true
PSELD-selected FSD50K:133448,frying,PSELD-selected FSD50K,Frying (food),133448,fsd50k:133448,PSELD-selected FSD50K:fsd50k:133448,/home/leiyuxin/soundspaces/source_assets/clsdoa_v1/raw/pseld_fsd50k/extracted_audio/FSD50K.dev_audio/133448.wav,/home/leiyuxin/soundspaces/source_assets/clsdoa_v1/prepared/source_pool_pilot_001/wav/frying/fsd50k__133448.wav,wav/frying/fsd50k__133448.wav,636d3774465fc157f40b128744dd08f7ffab7e94c109ba82cddb910853aee7b6,a495e9963617a33006e9259685e333890adae4aa65faa481a84e22b30b89dd9c,6c88bd4bebc9b798e727e123eaafffe57fe99f39beef8d32010965f7fc4db4e6,train,clsdoa_source_split_v2_stratified,ACCEPT,EXACT,AUTO_PASS,,DATASET_LEVEL_VERIFIED,http://creativecommons.org/publicdomain/zero/1.0/,PSELDNets 170-class crosswalk; SELD-Data-Generator _m_0dxrf.tsv; FSD50K clip 133448,likely_yes,PRESENT,24000,1,float32,1.822791667,preserve_full_short_source,0.000000000,1.822766440,,active_rms_v1,-32.738956900,-24.000000127,0.090362296,0.247135475,8.738956900,false,true
PSELD-selected FSD50K:140454,frying,PSELD-selected FSD50K,Frying (food),140454,fsd50k:140454,PSELD-selected FSD50K:fsd50k:140454,/home/leiyuxin/soundspaces/source_assets/clsdoa_v1/raw/pseld_fsd50k/extracted_audio/FSD50K.eval_audio/140454.wav,/home/leiyuxin/soundspaces/source_assets/clsdoa_v1/prepared/source_pool_pilot_001/wav/frying/fsd50k__140454.wav,wav/frying/fsd50k__140454.wav,a83a297d6c21606c9fc230972b30b5fb39e62c701de3609795b79296ae81ec77,6c3c8ab89e9c16c86921a1e0897477e2892c9e23bb6487ca6e1e39569b219d2a,5612d8f835c0d9b0bf503fab6a75cef8ade6b74fbe141531beda165d4329848c,val,clsdoa_source_split_v2_stratified,ACCEPT,EXACT,AUTO_PASS,,DATASET_LEVEL_VERIFIED,http://creativecommons.org/licenses/by/3.0/,PSELDNets 170-class crosswalk; SELD-Data-Generator _m_0dxrf.tsv; FSD50K clip 140454,likely_yes,PRESENT,24000,1,float32,5.000000000,deterministic_center,5.571972789,10.571972789,,active_rms_v1,-18.390039056,-24.000000127,0.569015980,0.298281580,-5.609960944,false,true
PSELD-selected FSD50K:166021,frying,PSELD-selected FSD50K,Frying (food),166021,fsd50k:166021,PSELD-selected FSD50K:fsd50k:166021,/home/leiyuxin/soundspaces/source_assets/clsdoa_v1/raw/pseld_fsd50k/extracted_audio/FSD50K.dev_audio/166021.wav,/home/leiyuxin/soundspaces/source_assets/clsdoa_v1/prepared/source_pool_pilot_001/wav/frying/fsd50k__166021.wav,wav/frying/fsd50k__166021.wav,76cfd612184421667594e3d32364d4224897d58234502a6224ae06a5bda43e45,a515b965ee7a99fc7bf806cb7790b5c542d369fad425d3c5e5b6f231544d5dd6,fb18d5f9692408cd00e4e0217dfb1ea5a17bc7967b768e6b4b06a0ecbf198814,train,clsdoa_source_split_v2_stratified,ACCEPT,EXACT,AUTO_PASS,,DATASET_LEVEL_VERIFIED,http://creativecommons.org/licenses/by/3.0/,PSELDNets 170-class crosswalk; SELD-Data-Generator _m_0dxrf.tsv; FSD50K clip 166021,likely_yes,PRESENT,24000,1,float32,5.000000000,deterministic_center,6.084739229,11.084739229,,active_rms_v1,-21.761627222,-24.000000127,0.409890831,0.316774040,-2.238372778,false,true
PSELD-selected FSD50K:166022,frying,PSELD-selected FSD50K,Frying (food),166022,fsd50k:166022,PSELD-selected FSD50K:fsd50k:166022,/home/leiyuxin/soundspaces/source_assets/clsdoa_v1/raw/pseld_fsd50k/extracted_audio/FSD50K.dev_audio/166022.wav,/home/leiyuxin/soundspaces/source_assets/clsdoa_v1/prepared/source_pool_pilot_001/wav/frying/fsd50k__166022.wav,wav/frying/fsd50k__166022.wav,8756d6c35033076b53667f11f2551ee9edd243dfb37034b6e7406e1061c22a77,4264d5a8d65c6ed424409bfbf0f2b6f92293d2357c4b8400ca4d843e6bde7bb6,4370e8a69c835da2e348c13d882957145c929fc32cced42c6ceb894877f3b910,test,clsdoa_source_split_v2_stratified,ACCEPT,EXACT,AUTO_PASS,,DATASET_LEVEL_VERIFIED,http://creativecommons.org/licenses/by/3.0/,PSELDNets 170-class crosswalk; SELD-Data-Generator _m_0dxrf.tsv; FSD50K clip 166022,likely_yes,PRESENT,24000,1,float32,5.000000000,deterministic_center,9.436916100,14.436916100,,active_rms_v1,-26.556246453,-24.000000127,0.265734196,0.356664389,2.556246453,false,true
PSELD-selected FSD50K:167505,frying,PSELD-selected FSD50K,Frying (food),167505,fsd50k:167505,PSELD-selected FSD50K:fsd50k:167505,/home/leiyuxin/soundspaces/source_assets/clsdoa_v1/raw/pseld_fsd50k/extracted_audio/FSD50K.eval_audio/167505.wav,/home/leiyuxin/soundspaces/source_assets/clsdoa_v1/prepared/source_pool_pilot_001/wav/frying/fsd50k__167505.wav,wav/frying/fsd50k__167505.wav,0e3467390e76ae3a376b7a2e01e786f73c6c00d70155c5e8b0600d28a799832f,76653fdcc4588611956d93a79e91c2f7712cd4ba80cd6a5837cc694a4f476dc6,1c491ebdbe5317da96ec88a7ea5719ba353785a2c353214eae4c24794080a964,train,clsdoa_source_split_v2_stratified,ACCEPT,EXACT,AUTO_PASS,,DATASET_LEVEL_VERIFIED,http://creativecommons.org/licenses/by/3.0/,PSELDNets 170-class crosswalk; SELD-Data-Generator _m_0dxrf.tsv; FSD50K clip 167505,likely_yes,PRESENT,24000,1,float32,5.000000000,deterministic_center,8.006303855,13.006303855,,active_rms_v1,-17.360620049,-24.000000127,0.841880977,0.391996056,-6.639379951,false,true
PSELD-selected FSD50K:16754,frying,PSELD-selected FSD50K,Frying (food),16754,fsd50k:16754,PSELD-selected FSD50K:fsd50k:16754,/home/leiyuxin/soundspaces/source_assets/clsdoa_v1/raw/pseld_fsd50k/extracted_audio/FSD50K.eval_audio/16754.wav,/home/leiyuxin/soundspaces/source_assets/clsdoa_v1/prepared/source_pool_pilot_001/wav/frying/fsd50k__16754.wav,wav/frying/fsd50k__16754.wav,3507e7678c40169367691f411ddb6d26ca84e370c077e375a96601a3a8541124,048e66a34c31009ab07d89399becf28ab12d3d3d89e85a2c411665b5193468be,53e4ccccd8d0928f500ce73a4cf0d68d982529401d4241bf5b4a99571a29a2b5,test,clsdoa_source_split_v2_stratified,ACCEPT,EXACT,AUTO_PASS,,DATASET_LEVEL_VERIFIED,http://creativecommons.org/licenses/by/3.0/,PSELDNets 170-class crosswalk; SELD-Data-Generator _m_0dxrf.tsv; FSD50K clip 16754,likely_yes,PRESENT,24000,1,float32,5.000000000,deterministic_center,1.754671202,6.754671202,,active_rms_v1,-21.552957398,-24.000001153,0.433761954,0.327264816,-2.447042602,false,true
PSELD-selected FSD50K:169073,frying,PSELD-selected FSD50K,Frying (food),169073,fsd50k:169073,PSELD-selected FSD50K:fsd50k:169073,/home/leiyuxin/soundspaces/source_assets/clsdoa_v1/raw/pseld_fsd50k/extracted_audio/FSD50K.dev_audio/169073.wav,/home/leiyuxin/soundspaces/source_assets/clsdoa_v1/prepared/source_pool_pilot_001/wav/frying/fsd50k__169073.wav,wav/frying/fsd50k__169073.wav,e476e50db5b7333e7df7a8bec7f08ebbff9a51bf10a96c01f073b88693875a45,946b7dd75cd87a373bff8096edca22d7f6290cfefbf7fb4070b09ecaf6ec7b2d,607577be54a217078816ba8e678918d5f4ecdd1e8d23555c693021250bcab94f,train,clsdoa_source_split_v2_stratified,ACCEPT,EXACT,AUTO_PASS,,DATASET_LEVEL_VERIFIED,http://creativecommons.org/licenses/by/3.0/,PSELDNets 170-class crosswalk; SELD-Data-Generator _m_0dxrf.tsv; FSD50K clip 169073,likely_yes,PRESENT,24000,1,float32,5.000000000,deterministic_center,3.477664399,8.477664399,,active_rms_v1,-22.107475161,-24.000000127,0.379267812,0.305013984,-1.892524839,false,true
PSELD-selected FSD50K:169074,frying,PSELD-selected FSD50K,Frying (food),169074,fsd50k:169074,PSELD-selected FSD50K:fsd50k:169074,/home/leiyuxin/soundspaces/source_assets/clsdoa_v1/raw/pseld_fsd50k/extracted_audio/FSD50K.dev_audio/169074.wav,/home/leiyuxin/soundspaces/source_assets/clsdoa_v1/prepared/source_pool_pilot_001/wav/frying/fsd50k__169074.wav,wav/frying/fsd50k__169074.wav,5ca32e38d8528750bb46c0f48c4d66c471564479a605c96faf1ee8d367f9fa9a,ada6f4887f394492e82dcf9344a64aed3f9734640179832068aac48eebd6b048,40ed433a43fe68563169e95c94cd54de97158c98081976ff900b26fa926cf0f9,val,clsdoa_source_split_v2_stratified,ACCEPT,EXACT,AUTO_PASS,,DATASET_LEVEL_VERIFIED,http://creativecommons.org/licenses/by/3.0/,PSELDNets 170-class crosswalk; SELD-Data-Generator _m_0dxrf.tsv; FSD50K clip 169074,likely_yes,PRESENT,24000,1,float32,5.000000000,deterministic_center,3.296666667,8.296666667,,active_rms_v1,-20.627991919,-24.000001153,0.562583804,0.381581068,-3.372008081,false,true
PSELD-selected FSD50K:174467,frying,PSELD-selected FSD50K,Frying (food),174467,fsd50k:174467,PSELD-selected FSD50K:fsd50k:174467,/home/leiyuxin/soundspaces/source_assets/clsdoa_v1/raw/pseld_fsd50k/extracted_audio/FSD50K.eval_audio/174467.wav,/home/leiyuxin/soundspaces/source_assets/clsdoa_v1/prepared/source_pool_pilot_001/wav/frying/fsd50k__174467.wav,wav/frying/fsd50k__174467.wav,00b9865a7a10ffe70a8be0c29bc79c58660c1a61481524ec92d5aa1e8e5f36d7,042b530e29bfccf7a3a8fe18a16345da2b293a66ed0a73095e633bb7cf9f616d,e9bd21cf74635dcf68fd1663e83bb0b704368a815eb5e23b9a24c072bc56631d,train,clsdoa_source_split_v2_stratified,ACCEPT,EXACT,AUTO_PASS,,DATASET_LEVEL_VERIFIED,http://creativecommons.org/licenses/by/3.0/,PSELDNets 170-class crosswalk; SELD-Data-Generator _m_0dxrf.tsv; FSD50K clip 174467,likely_yes,PRESENT,24000,1,float32,5.000000000,deterministic_center,3.795804989,8.795804989,,active_rms_v1,-22.117330356,-24.000000127,0.514369249,0.414134622,-1.882669644,false,true
PSELD-selected FSD50K:174871,frying,PSELD-selected FSD50K,Frying (food),174871,fsd50k:174871,PSELD-selected FSD50K:fsd50k:174871,/home/leiyuxin/soundspaces/source_assets/clsdoa_v1/raw/pseld_fsd50k/extracted_audio/FSD50K.dev_audio/174871.wav,/home/leiyuxin/soundspaces/source_assets/clsdoa_v1/prepared/source_pool_pilot_001/wav/frying/fsd50k__174871.wav,wav/frying/fsd50k__174871.wav,0f260fa2d1095990c6165a5c86ac660eaced056193da540fe6b5924afc966a44,4a65d70261a163f62a46698b22ff423b3ba13a3f1eb865853d8412e2ac7585ff,6d7179314206e4e85538325e2ced3e14379b88a1e18a871c7c9e3635737fa657,train,clsdoa_source_split_v2_stratified,ACCEPT,EXACT,AUTO_PASS,,DATASET_LEVEL_VERIFIED,http://creativecommons.org/licenses/by/3.0/,PSELDNets 170-class crosswalk; SELD-Data-Generator _m_0dxrf.tsv; FSD50K clip 174871,likely_yes,PRESENT,24000,1,float32,5.000000000,deterministic_center,12.476666667,17.476666667,,active_rms_v1,-9.204205694,-24.000000127,1.208173394,0.219957888,-14.795794306,false,true
PSELD-selected FSD50K:188234,frying,PSELD-selected FSD50K,Frying (food),188234,fsd50k:188234,PSELD-selected FSD50K:fsd50k:188234,/home/leiyuxin/soundspaces/source_assets/clsdoa_v1/raw/pseld_fsd50k/extracted_audio/FSD50K.dev_audio/188234.wav,/home/leiyuxin/soundspaces/source_assets/clsdoa_v1/prepared/source_pool_pilot_001/wav/frying/fsd50k__188234.wav,wav/frying/fsd50k__188234.wav,67e47f6cdfb496bf377e1aa6784a84fa6de8f20f81998c1b89dee6f2ca07c74a,6824e3a6d84150bdb7407945d2c82d62f368bfbbbf8355ebc9ae3ed023528f8f,b615cc4af7e41b22991c3da9eb5c3c1994f45ba0ecfbeeef79645dd5ad5c31d3,test,clsdoa_source_split_v2_stratified,ACCEPT,EXACT,AUTO_PASS,,DATASET_LEVEL_VERIFIED,http://creativecommons.org/publicdomain/zero/1.0/,PSELDNets 170-class crosswalk; SELD-Data-Generator _m_0dxrf.tsv; FSD50K clip 188234,likely_yes,PRESENT,24000,1,float32,5.000000000,deterministic_center,7.298820862,12.298820862,,active_rms_v1,-23.467593082,-23.999999102,0.390846491,0.367608756,-0.532406918,false,true
PSELD-selected FSD50K:194806,frying,PSELD-selected FSD50K,Frying (food),194806,fsd50k:194806,PSELD-selected FSD50K:fsd50k:194806,/home/leiyuxin/soundspaces/source_assets/clsdoa_v1/raw/pseld_fsd50k/extracted_audio/FSD50K.eval_audio/194806.wav,/home/leiyuxin/soundspaces/source_assets/clsdoa_v1/prepared/source_pool_pilot_001/wav/frying/fsd50k__194806.wav,wav/frying/fsd50k__194806.wav,8c0ce8c12e9c5b45e19df9d11ed10de034392488abb49603341ada1b0a8a44d3,fb0af36eb5086122b51fa1b60dffc9b9dc113e82e3067e07f30fded9b218a8c3,9c5475bd71523633986dca83505a956434b5d8fc11a7b0c370fbde0ba793adce,train,clsdoa_source_split_v2_stratified,ACCEPT,EXACT,AUTO_PASS,,DATASET_LEVEL_VERIFIED,http://creativecommons.org/publicdomain/zero/1.0/,PSELDNets 170-class crosswalk; SELD-Data-Generator _m_0dxrf.tsv; FSD50K clip 194806,likely_yes,PRESENT,24000,1,float32,5.000000000,deterministic_center,6.371315193,11.371315193,,active_rms_v1,-19.516688088,-24.000001153,0.627502501,0.374498308,-4.483311912,false,true
PSELD-selected FSD50K:201936,frying,PSELD-selected FSD50K,Frying (food),201936,fsd50k:201936,PSELD-selected FSD50K:fsd50k:201936,/home/leiyuxin/soundspaces/source_assets/clsdoa_v1/raw/pseld_fsd50k/extracted_audio/FSD50K.eval_audio/201936.wav,/home/leiyuxin/soundspaces/source_assets/clsdoa_v1/prepared/source_pool_pilot_001/wav/frying/fsd50k__201936.wav,wav/frying/fsd50k__201936.wav,649d113431f6eabbba8b182dceb7fa6a18644cb224a2dbc4a963bea7f92d1782,83b726d909693831327738ac6bbf72235bc687adbd5061bb42f38fa3c38c5579,466387ad183da79c17fc84cbeb4414d5fbecfb4f216a1812a0e2f8046f048252,train,clsdoa_source_split_v2_stratified,ACCEPT,EXACT,AUTO_PASS,,DATASET_LEVEL_VERIFIED,http://creativecommons.org/publicdomain/zero/1.0/,PSELDNets 170-class crosswalk; SELD-Data-Generator _m_0dxrf.tsv; FSD50K clip 201936,likely_yes,PRESENT,24000,1,float32,5.000000000,deterministic_center,2.570839002,7.570839002,,active_rms_v1,-32.736513980,-24.000000127,0.133761495,0.365726829,8.736513980,false,true
PSELD-selected FSD50K:232696,frying,PSELD-selected FSD50K,Frying (food),232696,fsd50k:232696,PSELD-selected FSD50K:fsd50k:232696,/home/leiyuxin/soundspaces/source_assets/clsdoa_v1/raw/pseld_fsd50k/extracted_audio/FSD50K.dev_audio/232696.wav,/home/leiyuxin/soundspaces/source_assets/clsdoa_v1/prepared/source_pool_pilot_001/wav/frying/fsd50k__232696.wav,wav/frying/fsd50k__232696.wav,5e4c84ad48809861bcdbb2410e0ab3f22d2968f94e7d99a2411273b90f3352d8,3bac512771b5d9fce59964af28d57f39689138052349a4e049399b6fa9a19653,77f3cc0c3394c91b3169c53f8f4137064613ed0d8e6f7c76593444dfaf814872,train,clsdoa_source_split_v2_stratified,ACCEPT,EXACT,AUTO_PASS,,DATASET_LEVEL_VERIFIED,http://creativecommons.org/publicdomain/zero/1.0/,PSELDNets 170-class crosswalk; SELD-Data-Generator _m_0dxrf.tsv; FSD50K clip 232696,likely_yes,PRESENT,24000,1,float32,5.000000000,deterministic_center,8.444104308,13.444104308,,active_rms_v1,-22.947276043,-24.000000127,0.446274102,0.395335197,-1.052723957,false,true
PSELD-selected FSD50K:233296,frying,PSELD-selected FSD50K,Frying (food),233296,fsd50k:233296,PSELD-selected FSD50K:fsd50k:233296,/home/leiyuxin/soundspaces/source_assets/clsdoa_v1/raw/pseld_fsd50k/extracted_audio/FSD50K.dev_audio/233296.wav,/home/leiyuxin/soundspaces/source_assets/clsdoa_v1/prepared/source_pool_pilot_001/wav/frying/fsd50k__233296.wav,wav/frying/fsd50k__233296.wav,a456a2fce4ccd112f13aa68a646d4e179f915e75bfdbe1640d90614ab33bfb4e,f1591a91e9f8d48b646063361dcb285c871dceb0ef3c9306c9c52e143977e15e,c1d0225ff15bdcc856ac6bac5d6e71735c39b70db56405e2c185dc2d88cc6905,train,clsdoa_source_split_v2_stratified,ACCEPT,EXACT,AUTO_PASS,,DATASET_LEVEL_VERIFIED,http://creativecommons.org/publicdomain/zero/1.0/,PSELDNets 170-class crosswalk; SELD-Data-Generator _m_0dxrf.tsv; FSD50K clip 233296,likely_yes,PRESENT,24000,1,float32,5.000000000,deterministic_center,2.716507937,7.716507937,,active_rms_v1,-16.269819566,-24.000000127,0.675796390,0.277528018,-7.730180434,false,true
PSELD-selected FSD50K:234469,frying,PSELD-selected FSD50K,Frying (food),234469,fsd50k:234469,PSELD-selected FSD50K:fsd50k:234469,/home/leiyuxin/soundspaces/source_assets/clsdoa_v1/raw/pseld_fsd50k/extracted_audio/FSD50K.dev_audio/234469.wav,/home/leiyuxin/soundspaces/source_assets/clsdoa_v1/prepared/source_pool_pilot_001/wav/frying/fsd50k__234469.wav,wav/frying/fsd50k__234469.wav,92d87ecbd922486966dcd719428ae3483275193412b17340e81a03b31667db01,85ae35721973b914c45742c93ce24a60af8b0d242f255838f640407defb93718,bce097047ac59a832820de5be509f8d418cf1a2385a508f90972344356d0df3f,train,clsdoa_source_split_v2_stratified,ACCEPT,EXACT,AUTO_PASS,,DATASET_LEVEL_VERIFIED,http://creativecommons.org/publicdomain/zero/1.0/,PSELDNets 170-class crosswalk; SELD-Data-Generator _m_0dxrf.tsv; FSD50K clip 234469,likely_yes,PRESENT,24000,1,float32,5.000000000,deterministic_center,1.324489796,6.324489796,,active_rms_v1,-22.156349027,-24.000000127,0.436703861,0.353186816,-1.843650973,false,true
PSELD-selected FSD50K:235537,frying,PSELD-selected FSD50K,Frying (food),235537,fsd50k:235537,PSELD-selected FSD50K:fsd50k:235537,/home/leiyuxin/soundspaces/source_assets/clsdoa_v1/raw/pseld_fsd50k/extracted_audio/FSD50K.eval_audio/235537.wav,/home/leiyuxin/soundspaces/source_assets/clsdoa_v1/prepared/source_pool_pilot_001/wav/frying/fsd50k__235537.wav,wav/frying/fsd50k__235537.wav,4f94ae11bc86a06f648a9c53cc3529655bbc8a88e23835974c2550998e750a14,6cfe76232cd6ffb208c16e8d939fad29c0872af03c6e13f1e6d2c881c6590052,ce9de3fa924554a39988d7f68bd3f79694e4f92bfc2826ec299eb04a26d93538,train,clsdoa_source_split_v2_stratified,ACCEPT,EXACT,AUTO_PASS,,DATASET_LEVEL_VERIFIED,http://creativecommons.org/publicdomain/zero/1.0/,PSELDNets 170-class crosswalk; SELD-Data-Generator _m_0dxrf.tsv; FSD50K clip 235537,likely_yes,PRESENT,24000,1,float32,5.000000000,deterministic_center,4.828707483,9.828707483,,active_rms_v1,-22.930791691,-24.000001153,0.450271070,0.398119658,-1.069208309,false,true
PSELD-selected FSD50K:240540,frying,PSELD-selected FSD50K,Frying (food),240540,fsd50k:240540,PSELD-selected FSD50K:fsd50k:240540,/home/leiyuxin/soundspaces/source_assets/clsdoa_v1/raw/pseld_fsd50k/extracted_audio/FSD50K.dev_audio/240540.wav,/home/leiyuxin/soundspaces/source_assets/clsdoa_v1/prepared/source_pool_pilot_001/wav/frying/fsd50k__240540.wav,wav/frying/fsd50k__240540.wav,6a34ecf21faa854505747e337304bb7d8ccc3c13bded40a99cc3c6d5eabddbaa,8c7439ccc6a0a22571334d24f1a4f04df8ada5460b7c68eb85cb83909c3e6f73,693ead28546ca84c8a65efa7ec3082e87e3e25004d54b3b5a1f2a23aad4c9c80,val,clsdoa_source_split_v2_stratified,ACCEPT,EXACT,AUTO_PASS,,DATASET_LEVEL_VERIFIED,http://creativecommons.org/licenses/by/3.0/,PSELDNets 170-class crosswalk; SELD-Data-Generator _m_0dxrf.tsv; FSD50K clip 240540,likely_yes,PRESENT,24000,1,float32,5.000000000,deterministic_center,1.478662132,6.478662132,,active_rms_v1,-21.769178985,-24.000000127,0.578082979,0.447145790,-2.230821015,false,true
PSELD-selected FSD50K:245027,frying,PSELD-selected FSD50K,Frying (food),245027,fsd50k:245027,PSELD-selected FSD50K:fsd50k:245027,/home/leiyuxin/soundspaces/source_assets/clsdoa_v1/raw/pseld_fsd50k/extracted_audio/FSD50K.dev_audio/245027.wav,/home/leiyuxin/soundspaces/source_assets/clsdoa_v1/prepared/source_pool_pilot_001/wav/frying/fsd50k__245027.wav,wav/frying/fsd50k__245027.wav,b49f08a587602a558c970d2509c951e159a7eb60954ecbbd0518c6fbe79b9eff,ad7119c9c54e12e3a7b34e37528e756022d3507e5ecae13e221ef512ed3c99e9,7b4ec6361a520c0380c6a7c8fab16c5a9b0ea99f137b5b3759b6104344ebfbb9,val,clsdoa_source_split_v2_stratified,ACCEPT,EXACT,AUTO_PASS,,DATASET_LEVEL_VERIFIED,http://creativecommons.org/licenses/by/3.0/,PSELDNets 170-class crosswalk; SELD-Data-Generator _m_0dxrf.tsv; FSD50K clip 245027,likely_yes,PRESENT,24000,1,float32,5.000000000,deterministic_center,2.746984127,7.746984127,,active_rms_v1,-14.968162477,-23.999999102,0.957215488,0.338390261,-9.031837523,false,true
PSELD-selected FSD50K:274499,frying,PSELD-selected FSD50K,Frying (food),274499,fsd50k:274499,PSELD-selected FSD50K:fsd50k:274499,/home/leiyuxin/soundspaces/source_assets/clsdoa_v1/raw/pseld_fsd50k/extracted_audio/FSD50K.eval_audio/274499.wav,/home/leiyuxin/soundspaces/source_assets/clsdoa_v1/prepared/source_pool_pilot_001/wav/frying/fsd50k__274499.wav,wav/frying/fsd50k__274499.wav,8f96811781a213cb0aeb23dd3a9acc912dbbdfa0e64923762a341a1c8f863caf,75646d0fad336dd53fce44f9b26bb6e7b5ad4ce0a75e165945332acc7e854f32,2e7a767bc7f07c9ae7d1aab2f37c01aa138a2f194ec32ce7f73edd02ea3f9330,train,clsdoa_source_split_v2_stratified,ACCEPT,EXACT,AUTO_PASS,,DATASET_LEVEL_VERIFIED,http://creativecommons.org/publicdomain/zero/1.0/,PSELDNets 170-class crosswalk; SELD-Data-Generator _m_0dxrf.tsv; FSD50K clip 274499,likely_yes,PRESENT,24000,1,float32,3.636791667,preserve_full_short_source,0.000000000,3.636780045,,active_rms_v1,-14.607619494,-24.000000127,0.777544498,0.263697624,-9.392380506,false,true
PSELD-selected FSD50K:320772,frying,PSELD-selected FSD50K,Frying (food),320772,fsd50k:320772,PSELD-selected FSD50K:fsd50k:320772,/home/leiyuxin/soundspaces/source_assets/clsdoa_v1/raw/pseld_fsd50k/extracted_audio/FSD50K.eval_audio/320772.wav,/home/leiyuxin/soundspaces/source_assets/clsdoa_v1/prepared/source_pool_pilot_001/wav/frying/fsd50k__320772.wav,wav/frying/fsd50k__320772.wav,d36d841b72ea19261ec91956ea8c767602dff6c872228f6e2861ea34d35572ea,ee959206eff22aa89ed2f623d181602dff8bf9b4bb22602d569d5acec18d8a54,28f1155a5fcf911064c7611e97dbd634829eea97195ad4a3ad756da17a8322a6,val,clsdoa_source_split_v2_stratified,ACCEPT,EXACT,AUTO_PASS,,DATASET_LEVEL_VERIFIED,http://creativecommons.org/publicdomain/zero/1.0/,PSELDNets 170-class crosswalk; SELD-Data-Generator _m_0dxrf.tsv; FSD50K clip 320772,likely_yes,PRESENT,24000,1,float32,3.833333333,preserve_full_short_source,0.000000000,3.833333333,,active_rms_v1,-31.662645999,-24.000000127,0.150803372,0.364370614,7.662645999,false,true
PSELD-selected FSD50K:341937,frying,PSELD-selected FSD50K,Frying (food),341937,fsd50k:341937,PSELD-selected FSD50K:fsd50k:341937,/home/leiyuxin/soundspaces/source_assets/clsdoa_v1/raw/pseld_fsd50k/extracted_audio/FSD50K.dev_audio/341937.wav,/home/leiyuxin/soundspaces/source_assets/clsdoa_v1/prepared/source_pool_pilot_001/wav/frying/fsd50k__341937.wav,wav/frying/fsd50k__341937.wav,408b19a2af05ab4cddb9fc7af0796fd94e4a94a93a9a9dd69e7c693af385abd1,735ab5a636dd07fcfd999e38efa4be3b527cf1ad0ebcbdb56b12150dd915fa67,15c6bf200dbc43b6dd4052729512891fb2d2c0bddfa4ba7b6814058e8963f7ae,test,clsdoa_source_split_v2_stratified,ACCEPT,EXACT,AUTO_PASS,,DATASET_LEVEL_VERIFIED,http://creativecommons.org/publicdomain/zero/1.0/,PSELDNets 170-class crosswalk; SELD-Data-Generator _m_0dxrf.tsv; FSD50K clip 341937,likely_yes,PRESENT,24000,1,float32,5.000000000,deterministic_center,2.299727891,7.299727891,,active_rms_v1,-12.546085896,-23.999999102,1.151613593,0.308042824,-11.453914104,false,true
ESC-50:109316,keyboard_typing,ESC-50,keyboard_typing,109316,esc50:109316,ESC-50:esc50:109316,/home/leiyuxin/soundspaces/source_assets/clsdoa_v1/raw/esc50/ESC-50-master/audio/2-109316-A-32.wav,/home/leiyuxin/soundspaces/source_assets/clsdoa_v1/prepared/source_pool_pilot_001/wav/keyboard_typing/esc50__109316.wav,wav/keyboard_typing/esc50__109316.wav,a3af95d567f6814666897446310e107c8236b054ce26bb322ca605b332db64e3,0b9605822095d2b4bc3fb55897da8814f226dca403e1390f51f3ed45f1679955,29b85ff0c4551fff8893f1b70faee79f0de8edf383f15877cfdeedb4b9aeabce,train,clsdoa_source_split_v2_stratified,ACCEPT,EXACT,AUTO_PASS,,DATASET_LEVEL_VERIFIED,CC BY-NC 3.0; dataset-level license and attribution file,https://github.com/karolpiczak/ESC-50; meta/esc50.csv; src_file=109316 take=A,unknown,PRESENT,24000,1,float32,5.000000000,preserve_full_short_source,0.000000000,5.000000000,,active_rms_v1,-19.891972145,-24.000000127,0.516487181,0.321853459,-4.108027855,false,true
ESC-50:118459,keyboard_typing,ESC-50,keyboard_typing,118459,esc50:118459,ESC-50:esc50:118459,/home/leiyuxin/soundspaces/source_assets/clsdoa_v1/raw/esc50/ESC-50-master/audio/2-118459-A-32.wav,/home/leiyuxin/soundspaces/source_assets/clsdoa_v1/prepared/source_pool_pilot_001/wav/keyboard_typing/esc50__118459.wav,wav/keyboard_typing/esc50__118459.wav,9977d4ee6e95bb890fead3094bbc7d3c09b790208ab33d1b63e9a69df9a7ffba,9804804cf729a56cc1cedfed4fcee750144053467afb0e133aacb988798cae70,3e144910a7444c162120ff2067726788fc886aaf4b28be55ca0b6d3347e35a28,train,clsdoa_source_split_v2_stratified,ACCEPT,EXACT,AUTO_PASS,,DATASET_LEVEL_VERIFIED,CC BY-NC 3.0; dataset-level license and attribution file,https://github.com/karolpiczak/ESC-50; meta/esc50.csv; src_file=118459 take=A,unknown,PRESENT,24000,1,float32,5.000000000,preserve_full_short_source,0.000000000,5.000000000,,active_rms_v1,-15.703174887,-24.000000127,0.918804228,0.353493750,-8.296825113,false,true
ESC-50:118817,keyboard_typing,ESC-50,keyboard_typing,118817,esc50:118817,ESC-50:esc50:118817,/home/leiyuxin/soundspaces/source_assets/clsdoa_v1/raw/esc50/ESC-50-master/audio/2-118817-A-32.wav,/home/leiyuxin/soundspaces/source_assets/clsdoa_v1/prepared/source_pool_pilot_001/wav/keyboard_typing/esc50__118817.wav,wav/keyboard_typing/esc50__118817.wav,120614ce53fb09e1281517f93347c644ba8ef72266e84bc5539ec1dd6fb47140,8b2d346ad3235adfd383166ef8694de7a5da0288fbe72b15b4aef93026fcc217,5f4f048fde966a014079f5a42a0d5658df58b2db9802d577b206a32f0d9a2042,test,clsdoa_source_split_v2_stratified,ACCEPT,EXACT,AUTO_PASS,,DATASET_LEVEL_VERIFIED,CC BY-NC 3.0; dataset-level license and attribution file,https://github.com/karolpiczak/ESC-50; meta/esc50.csv; src_file=118817 take=A,unknown,PRESENT,24000,1,float32,5.000000000,preserve_full_short_source,0.000000000,5.000000000,,active_rms_v1,-28.516470380,-24.000000127,0.266562879,0.448356211,4.516470380,false,true
ESC-50:120333,keyboard_typing,ESC-50,keyboard_typing,120333,esc50:120333,ESC-50:esc50:120333,/home/leiyuxin/soundspaces/source_assets/clsdoa_v1/raw/esc50/ESC-50-master/audio/2-120333-A-32.wav,/home/leiyuxin/soundspaces/source_assets/clsdoa_v1/prepared/source_pool_pilot_001/wav/keyboard_typing/esc50__120333.wav,wav/keyboard_typing/esc50__120333.wav,c2d366a6f8fb6be6f6ccae93ee45c132eb9abec769ec19c3ead8e2900d33abb1,e1211edd697901135d1f8b9b312e7f05e3a191bca390d78c5fb8a62d48031c38,0221aef890f7252c3774518946c6bec589eeaab5a6d56fc593a488b7c51f95fc,train,clsdoa_source_split_v2_stratified,ACCEPT,EXACT,AUTO_PASS,,DATASET_LEVEL_VERIFIED,CC BY-NC 3.0; dataset-level license and attribution file,https://github.com/karolpiczak/ESC-50; meta/esc50.csv; src_file=120333 take=A,unknown,PRESENT,24000,1,float32,5.000000000,preserve_full_short_source,0.000000000,5.000000000,,active_rms_v1,-13.073975899,-24.000001153,1.247355700,0.354559481,-10.926024101,false,true
ESC-50:144106,keyboard_typing,ESC-50,keyboard_typing,144106,esc50:144106,ESC-50:esc50:144106,/home/leiyuxin/soundspaces/source_assets/clsdoa_v1/raw/esc50/ESC-50-master/audio/3-144106-A-32.wav,/home/leiyuxin/soundspaces/source_assets/clsdoa_v1/prepared/source_pool_pilot_001/wav/keyboard_typing/esc50__144106.wav,wav/keyboard_typing/esc50__144106.wav,d84644c3f900ff4feb656dc7e0f80175db732aaea9b55b98d6d2e9441c0056af,630b95a557f86fb8dc631b0c4563a4e260985330709222421eceaed20e4b44d2,e47881c1bcc652c7e07492c7c1325dba436ddf99cef422f2972b35fa87ad680d,train,clsdoa_source_split_v2_stratified,ACCEPT,EXACT,AUTO_PASS,,DATASET_LEVEL_VERIFIED,CC BY-NC 3.0; dataset-level license and attribution file,https://github.com/karolpiczak/ESC-50; meta/esc50.csv; src_file=144106 take=A,unknown,PRESENT,24000,1,float32,5.000000000,preserve_full_short_source,0.000000000,5.000000000,,active_rms_v1,-11.354412588,-24.000001153,1.178175092,0.274745435,-12.645587412,false,true
ESC-50:155568,keyboard_typing,ESC-50,keyboard_typing,155568,esc50:155568,ESC-50:esc50:155568,/home/leiyuxin/soundspaces/source_assets/clsdoa_v1/raw/esc50/ESC-50-master/audio/3-155568-A-32.wav,/home/leiyuxin/soundspaces/source_assets/clsdoa_v1/prepared/source_pool_pilot_001/wav/keyboard_typing/esc50__155568.wav,wav/keyboard_typing/esc50__155568.wav,4c3c9eaa262cf39674f9c606a202e0287efd6e2fd4bd52fdd92252604a77b399,e814b108f25013a6637cdfed7e58d8f2abbf7fffea3f27497bb377d83fba8f6b,e7204b94b2ba3beebf31d92c3e9a27fde8129644669644746df9b76fda63d01f,train,clsdoa_source_split_v2_stratified,ACCEPT,EXACT,AUTO_PASS,,DATASET_LEVEL_VERIFIED,CC BY-NC 3.0; dataset-level license and attribution file,https://github.com/karolpiczak/ESC-50; meta/esc50.csv; src_file=155568 take=A,unknown,PRESENT,24000,1,float32,5.000000000,preserve_full_short_source,0.000000000,5.000000000,,active_rms_v1,-31.484144731,-24.000000127,0.163408101,0.386794984,7.484144731,false,true
ESC-50:155570,keyboard_typing,ESC-50,keyboard_typing,155570,esc50:155570,ESC-50:esc50:155570,/home/leiyuxin/soundspaces/source_assets/clsdoa_v1/raw/esc50/ESC-50-master/audio/3-155570-A-32.wav,/home/leiyuxin/soundspaces/source_assets/clsdoa_v1/prepared/source_pool_pilot_001/wav/keyboard_typing/esc50__155570.wav,wav/keyboard_typing/esc50__155570.wav,5dcc5425003c6b4e03a7698a0303db4256c3254d0a00ec7561a0c6df771c31c3,750208301b2dcf6c371de1238d673a3a3fa058f624820a1ecc7c6ac30d445849,d9a50c67926f09ea4f9b1530182634ebf958f4cb17508ab1c2d3e89d93a73b37,train,clsdoa_source_split_v2_stratified,ACCEPT,EXACT,AUTO_PASS,,DATASET_LEVEL_VERIFIED,CC BY-NC 3.0; dataset-level license and attribution file,https://github.com/karolpiczak/ESC-50; meta/esc50.csv; src_file=155570 take=A,unknown,PRESENT,24000,1,float32,5.000000000,preserve_full_short_source,0.000000000,5.000000000,,active_rms_v1,-25.081080841,-24.000000127,0.277158827,0.313893825,1.081080841,false,true
ESC-50:167155,keyboard_typing,ESC-50,keyboard_typing,167155,esc50:167155,ESC-50:esc50:167155,/home/leiyuxin/soundspaces/source_assets/clsdoa_v1/raw/esc50/ESC-50-master/audio/4-167155-A-32.wav,/home/leiyuxin/soundspaces/source_assets/clsdoa_v1/prepared/source_pool_pilot_001/wav/keyboard_typing/esc50__167155.wav,wav/keyboard_typing/esc50__167155.wav,6eef7744e3a26a61669456dcc800944734cee7ba899b4822e9eb398e363c2776,48b84dd918c840e7c475d823c16fd1b15de5f9b32abd7d4a958cd156c886f039,c95a4bcca8a2113cb7a20bd59d404919eb88f10dc23401815369a449a7f59344,train,clsdoa_source_split_v2_stratified,ACCEPT,EXACT,AUTO_PASS,,DATASET_LEVEL_VERIFIED,CC BY-NC 3.0; dataset-level license and attribution file,https://github.com/karolpiczak/ESC-50; meta/esc50.csv; src_file=167155 take=A,unknown,PRESENT,24000,1,float32,5.000000000,preserve_full_short_source,0.000000000,5.000000000,,active_rms_v1,-29.156164999,-24.000000127,0.181487322,0.328590155,5.156164999,false,true
ESC-50:172180,keyboard_typing,ESC-50,keyboard_typing,172180,esc50:172180,ESC-50:esc50:172180,/home/leiyuxin/soundspaces/source_assets/clsdoa_v1/raw/esc50/ESC-50-master/audio/4-172180-A-32.wav,/home/leiyuxin/soundspaces/source_assets/clsdoa_v1/prepared/source_pool_pilot_001/wav/keyboard_typing/esc50__172180.wav,wav/keyboard_typing/esc50__172180.wav,e50ee25753e3de7fface7daa7350010fadeabe6a28d9881da9ea5554229df425,2e0a84ab3f17322ea167a394ee80426a055f199293a21a0aafac36ef7dc99b70,38cb4fdd3c362dddfec350f850a246b3289ae59f9d41ad7ddcd23a069232353c,train,clsdoa_source_split_v2_stratified,ACCEPT,EXACT,AUTO_PASS,,DATASET_LEVEL_VERIFIED,CC BY-NC 3.0; dataset-level license and attribution file,https://github.com/karolpiczak/ESC-50; meta/esc50.csv; src_file=172180 take=A,unknown,PRESENT,24000,1,float32,5.000000000,preserve_full_short_source,0.000000000,5.000000000,,active_rms_v1,-20.126763080,-23.999999102,0.528163612,0.338147849,-3.873236920,false,true
ESC-50:177243,keyboard_typing,ESC-50,keyboard_typing,177243,esc50:177243,ESC-50:esc50:177243,/home/leiyuxin/soundspaces/source_assets/clsdoa_v1/raw/esc50/ESC-50-master/audio/4-177243-A-32.wav,/home/leiyuxin/soundspaces/source_assets/clsdoa_v1/prepared/source_pool_pilot_001/wav/keyboard_typing/esc50__177243.wav,wav/keyboard_typing/esc50__177243.wav,9dd27bab5d77ea5e79f522382f84ba7ccf7708c7c1a01de528872974897c7a1a,dcf26dfa3a9a42014d1c6b461ab292d8e3a7229e46c680514baf73251f2863b5,e2163c61a24be93d31a3e6b1c87191f87eb0d7cebda85b110b7f2a115f0b86fa,train,clsdoa_source_split_v2_stratified,ACCEPT,EXACT,AUTO_PASS,,DATASET_LEVEL_VERIFIED,CC BY-NC 3.0; dataset-level license and attribution file,https://github.com/karolpiczak/ESC-50; meta/esc50.csv; src_file=177243 take=A,unknown,PRESENT,24000,1,float32,5.000000000,preserve_full_short_source,0.000000000,5.000000000,,active_rms_v1,-27.310757271,-24.000000127,0.210423499,0.308057725,3.310757271,false,true
ESC-50:205090,keyboard_typing,ESC-50,keyboard_typing,205090,esc50:205090,ESC-50:esc50:205090,/home/leiyuxin/soundspaces/source_assets/clsdoa_v1/raw/esc50/ESC-50-master/audio/5-205090-A-32.wav,/home/leiyuxin/soundspaces/source_assets/clsdoa_v1/prepared/source_pool_pilot_001/wav/keyboard_typing/esc50__205090.wav,wav/keyboard_typing/esc50__205090.wav,259b49ad444e609cfe53614c931d85212b3b177d03d21aa738f5a52f068ab6da,3bf5b8a0ae5c9e6a8139ef50756921b222f1075e4ee696c6a75645d562b0ecd1,5a8f193f14fa649248b1d645ce6dae97f5c105015b3351ffaf86406e998c36d3,test,clsdoa_source_split_v2_stratified,ACCEPT,EXACT,AUTO_PASS,,DATASET_LEVEL_VERIFIED,CC BY-NC 3.0; dataset-level license and attribution file,https://github.com/karolpiczak/ESC-50; meta/esc50.csv; src_file=205090 take=A,unknown,PRESENT,24000,1,float32,5.000000000,preserve_full_short_source,0.000000000,5.000000000,,active_rms_v1,-31.470551235,-24.000001153,0.099604063,0.235398993,7.470551235,false,true
ESC-50:222894,keyboard_typing,ESC-50,keyboard_typing,222894,esc50:222894,ESC-50:esc50:222894,/home/leiyuxin/soundspaces/source_assets/clsdoa_v1/raw/esc50/ESC-50-master/audio/5-222894-A-32.wav,/home/leiyuxin/soundspaces/source_assets/clsdoa_v1/prepared/source_pool_pilot_001/wav/keyboard_typing/esc50__222894.wav,wav/keyboard_typing/esc50__222894.wav,d15120e2fe0b3778d1c2279abef9e8add1994a5d224fcd59bb218a4158ef9bc3,0c608bb42cbe04f6c01ded857cf457a5063bb16de30d9b85988fb0f304379d41,10352ae357018a1123532e2875b0358dc3954e15b5845a312c7ff846623e56a7,train,clsdoa_source_split_v2_stratified,ACCEPT,EXACT,AUTO_PASS,,DATASET_LEVEL_VERIFIED,CC BY-NC 3.0; dataset-level license and attribution file,https://github.com/karolpiczak/ESC-50; meta/esc50.csv; src_file=222894 take=A,unknown,PRESENT,24000,1,float32,5.000000000,preserve_full_short_source,0.000000000,5.000000000,,active_rms_v1,-14.761421698,-24.000000127,0.845730245,0.291946292,-9.238578302,false,true
ESC-50:223099,keyboard_typing,ESC-50,keyboard_typing,223099,esc50:223099,ESC-50:esc50:223099,/home/leiyuxin/soundspaces/source_assets/clsdoa_v1/raw/esc50/ESC-50-master/audio/5-223099-A-32.wav,/home/leiyuxin/soundspaces/source_assets/clsdoa_v1/prepared/source_pool_pilot_001/wav/keyboard_typing/esc50__223099.wav,wav/keyboard_typing/esc50__223099.wav,9037a2fa7c5d4246ee697c9e1c706a6b04bd015d7cb11bc842ff59083e42fe7e,60063032247cc30b1565229ebfd135e5145722d1b920bc3c89a0df12797b1300,d4189f4b4acc489e7bb8314685ebff687ccf8cdf7925d73a3aab1f30c40f44c4,train,clsdoa_source_split_v2_stratified,ACCEPT,EXACT,AUTO_PASS,,DATASET_LEVEL_VERIFIED,CC BY-NC 3.0; dataset-level license and attribution file,https://github.com/karolpiczak/ESC-50; meta/esc50.csv; src_file=223099 take=A,unknown,PRESENT,24000,1,float32,5.000000000,preserve_full_short_source,0.000000000,5.000000000,,active_rms_v1,-10.145271957,-24.000000127,1.102535486,0.223694950,-13.854728043,false,true
ESC-50:234923,keyboard_typing,ESC-50,keyboard_typing,234923,esc50:234923,ESC-50:esc50:234923,/home/leiyuxin/soundspaces/source_assets/clsdoa_v1/raw/esc50/ESC-50-master/audio/5-234923-A-32.wav,/home/leiyuxin/soundspaces/source_assets/clsdoa_v1/prepared/source_pool_pilot_001/wav/keyboard_typing/esc50__234923.wav,wav/keyboard_typing/esc50__234923.wav,7c58e49c237cd02000f00c8bf25c5ee2e2b89b68397822d089a95cf180ece81b,103bb1d64b7ae830203257c12a2c340a644c4c8e194e29c78f38a76f105f73ee,074d29a97388008bb7ca266b786f1b22552fc7bcac5d901625640b925aa8a101,train,clsdoa_source_split_v2_stratified,ACCEPT,EXACT,AUTO_PASS,,DATASET_LEVEL_VERIFIED,CC BY-NC 3.0; dataset-level license and attribution file,https://github.com/karolpiczak/ESC-50; meta/esc50.csv; src_file=234923 take=A,unknown,PRESENT,24000,1,float32,5.000000000,preserve_full_short_source,0.000000000,5.000000000,,active_rms_v1,-17.955817407,-24.000000127,0.840564489,0.419142723,-6.044182593,false,true
ESC-50:62594,keyboard_typing,ESC-50,keyboard_typing,62594,esc50:62594,ESC-50:esc50:62594,/home/leiyuxin/soundspaces/source_assets/clsdoa_v1/raw/esc50/ESC-50-master/audio/1-62594-A-32.wav,/home/leiyuxin/soundspaces/source_assets/clsdoa_v1/prepared/source_pool_pilot_001/wav/keyboard_typing/esc50__62594.wav,wav/keyboard_typing/esc50__62594.wav,0dc398dc9dde48db485012be53825d225dee2de281778a12f94d012e4171bd7a,347c97622a217bc6c7248d774c4cd75a295cbaf15e6a40ea0616b55b1b51c72e,a8adb317bb75afae3395204f0d0e19fb0230539d0a2cd02d6e2cc424cb3efe05,test,clsdoa_source_split_v2_stratified,ACCEPT,EXACT,AUTO_PASS,,DATASET_LEVEL_VERIFIED,CC BY-NC 3.0; dataset-level license and attribution file,https://github.com/karolpiczak/ESC-50; meta/esc50.csv; src_file=62594 take=A,unknown,PRESENT,24000,1,float32,5.000000000,preserve_full_short_source,0.000000000,5.000000000,,active_rms_v1,-10.662382178,-24.000000127,1.099012017,0.236658186,-13.337617822,false,true
ESC-50:84393,keyboard_typing,ESC-50,keyboard_typing,84393,esc50:84393,ESC-50:esc50:84393,/home/leiyuxin/soundspaces/source_assets/clsdoa_v1/raw/esc50/ESC-50-master/audio/1-84393-A-32.wav,/home/leiyuxin/soundspaces/source_assets/clsdoa_v1/prepared/source_pool_pilot_001/wav/keyboard_typing/esc50__84393.wav,wav/keyboard_typing/esc50__84393.wav,f9e66b1305b9e54e7a87ad232cf62a1d920652e9712a1a3e95966d00c232a7b6,5e911b22bb91884c9cce25854c488843f2e0a31ebf3c0e93cb6562ab4fbbf3bc,48f3964c939192128456567e9b8150638194650fb5241d02dda6b970774325fb,test,clsdoa_source_split_v2_stratified,ACCEPT,EXACT,AUTO_PASS,,DATASET_LEVEL_VERIFIED,CC BY-NC 3.0; dataset-level license and attribution file,https://github.com/karolpiczak/ESC-50; meta/esc50.csv; src_file=84393 take=A,unknown,PRESENT,24000,1,float32,5.000000000,preserve_full_short_source,0.000000000,5.000000000,,active_rms_v1,-10.533071983,-23.999999102,1.000823975,0.212329969,-13.466928017,false,true
ESC-50:99795,keyboard_typing,ESC-50,keyboard_typing,99795,esc50:99795,ESC-50:esc50:99795,/home/leiyuxin/soundspaces/source_assets/clsdoa_v1/raw/esc50/ESC-50-master/audio/2-99795-A-32.wav,/home/leiyuxin/soundspaces/source_assets/clsdoa_v1/prepared/source_pool_pilot_001/wav/keyboard_typing/esc50__99795.wav,wav/keyboard_typing/esc50__99795.wav,44ca892b39226cf503f063ffcf84b3d73034489882d6041ae6a32909fc31f7ba,71583ff2ddc3262155e3c160571586b5337b53526a4bdbd19699a002851d6cf4,d73b231a5965c385dab9ff28652ea38f4d49e8f018e0623e9dfb499c82cfed0f,val,clsdoa_source_split_v2_stratified,ACCEPT,EXACT,AUTO_PASS,,DATASET_LEVEL_VERIFIED,CC BY-NC 3.0; dataset-level license and attribution file,https://github.com/karolpiczak/ESC-50; meta/esc50.csv; src_file=99795 take=A,unknown,PRESENT,24000,1,float32,5.000000000,preserve_full_short_source,0.000000000,5.000000000,,active_rms_v1,-16.338361869,-24.000001153,0.751326680,0.310990334,-7.661638131,false,true
ESC-50:104168,keyboard_typing,ESC-50,keyboard_typing,104168,esc50:104168,ESC-50:esc50:104168,/home/leiyuxin/soundspaces/source_assets/clsdoa_v1/raw/esc50/ESC-50-master/audio/2-104168-A-32.wav,/home/leiyuxin/soundspaces/source_assets/clsdoa_v1/prepared/source_pool_pilot_001/wav/keyboard_typing/esc50__104168.wav,wav/keyboard_typing/esc50__104168.wav,993b415a81231eaec6836650da18fcdff188540bd892f9eeac959e31b0d8db2d,5f341574230d2cea54b216836c5ea42d3e91dd6fd34d96b2c5288094ac97b2dc,62f9d3cd5d576e5dd6f956fe11d5c50fb04f054c38e32597a16e19021536943d,train,clsdoa_source_split_v2_stratified,ACCEPT,EXACT,AUTO_FLAG,mostly_silence_or_low_activity,DATASET_LEVEL_VERIFIED,CC BY-NC 3.0; dataset-level license and attribution file,https://github.com/karolpiczak/ESC-50; meta/esc50.csv; src_file=104168 take=A,unknown,PRESENT,24000,1,float32,5.000000000,preserve_full_short_source,0.000000000,5.000000000,,active_rms_v1,-17.495710913,-23.999999102,0.681486368,0.322286963,-6.504289087,false,true
ESC-50:125548,keyboard_typing,ESC-50,keyboard_typing,125548,esc50:125548,ESC-50:esc50:125548,/home/leiyuxin/soundspaces/source_assets/clsdoa_v1/raw/esc50/ESC-50-master/audio/3-125548-A-32.wav,/home/leiyuxin/soundspaces/source_assets/clsdoa_v1/prepared/source_pool_pilot_001/wav/keyboard_typing/esc50__125548.wav,wav/keyboard_typing/esc50__125548.wav,8ab8f074c27c770b9dadab28f5f93ce7e82e4afaf7c8003ea7749a8b1f60a9d6,1b71ab1b4997b38cba88f3028e4a4aa5e432596df9dbda209f4c8c5944f604d2,786c0ab915c44c716dd70971fc8f80f0cc501164423095e3e5c97929b3796f7d,train,clsdoa_source_split_v2_stratified,ACCEPT,EXACT,AUTO_FLAG,mostly_silence_or_low_activity,DATASET_LEVEL_VERIFIED,CC BY-NC 3.0; dataset-level license and attribution file,https://github.com/karolpiczak/ESC-50; meta/esc50.csv; src_file=125548 take=A,unknown,PRESENT,24000,1,float32,5.000000000,preserve_full_short_source,0.000000000,5.000000000,,active_rms_v1,-26.856687120,-24.000000127,0.250949860,0.348675400,2.856687120,false,true
ESC-50:132830,keyboard_typing,ESC-50,keyboard_typing,132830,esc50:132830,ESC-50:esc50:132830,/home/leiyuxin/soundspaces/source_assets/clsdoa_v1/raw/esc50/ESC-50-master/audio/3-132830-A-32.wav,/home/leiyuxin/soundspaces/source_assets/clsdoa_v1/prepared/source_pool_pilot_001/wav/keyboard_typing/esc50__132830.wav,wav/keyboard_typing/esc50__132830.wav,0f02dc87412aa7398848a275ce5278eba924c22000e51b9a1bc8732c3c90e5b8,396891167b0219bd3ff60d82caa4093a47872158c11edddcc1c1f3a57f04e320,d75fa250788f499ec7faa1c5ba8ee38eff4e66460f9b2a0b7f8aa26dc2f73e3a,val,clsdoa_source_split_v2_stratified,ACCEPT,EXACT,AUTO_FLAG,mostly_silence_or_low_activity,DATASET_LEVEL_VERIFIED,CC BY-NC 3.0; dataset-level license and attribution file,https://github.com/karolpiczak/ESC-50; meta/esc50.csv; src_file=132830 take=A,unknown,PRESENT,24000,1,float32,5.000000000,preserve_full_short_source,0.000000000,5.000000000,,active_rms_v1,-28.462404460,-24.000000127,0.182594404,0.305216283,4.462404460,false,true
ESC-50:137,keyboard_typing,ESC-50,keyboard_typing,137,esc50:137,ESC-50:esc50:137,/home/leiyuxin/soundspaces/source_assets/clsdoa_v1/raw/esc50/ESC-50-master/audio/1-137-A-32.wav,/home/leiyuxin/soundspaces/source_assets/clsdoa_v1/prepared/source_pool_pilot_001/wav/keyboard_typing/esc50__137.wav,wav/keyboard_typing/esc50__137.wav,cb4af6b4d6232b7459e35104473a91f99630124851cf617b8dd370af1fe76314,f7fa9d2db25cbe84f95415e905475c262a4887109d544107c7885715666ba636,d68e4716f74f073be8f78f5fe8e45daf7c09b0ec0575b21f57989d803536abb3,train,clsdoa_source_split_v2_stratified,ACCEPT,EXACT,AUTO_FLAG,mostly_silence_or_low_activity,DATASET_LEVEL_VERIFIED,CC BY-NC 3.0; dataset-level license and attribution file,https://github.com/karolpiczak/ESC-50; meta/esc50.csv; src_file=137 take=A,unknown,PRESENT,24000,1,float32,5.000000000,preserve_full_short_source,0.000000000,5.000000000,,active_rms_v1,-20.303848314,-24.000000127,0.501322746,0.327574283,-3.696151686,false,true
ESC-50:144120,keyboard_typing,ESC-50,keyboard_typing,144120,esc50:144120,ESC-50:esc50:144120,/home/leiyuxin/soundspaces/source_assets/clsdoa_v1/raw/esc50/ESC-50-master/audio/3-144120-A-32.wav,/home/leiyuxin/soundspaces/source_assets/clsdoa_v1/prepared/source_pool_pilot_001/wav/keyboard_typing/esc50__144120.wav,wav/keyboard_typing/esc50__144120.wav,31c23fa3afec815d6389a95ff537fcacd30db0913c311fc34e5f69c2612f1a0c,91194bbfbc4d636383f6f46ea85b9c75de8bb2401582a3feab13f26a0f697f49,bbc3a875b5add54169100adeaf253ed6120715bcd6ac3b55442b3e2d2863ed5c,val,clsdoa_source_split_v2_stratified,ACCEPT,EXACT,AUTO_FLAG,mostly_silence_or_low_activity,DATASET_LEVEL_VERIFIED,CC BY-NC 3.0; dataset-level license and attribution file,https://github.com/karolpiczak/ESC-50; meta/esc50.csv; src_file=144120 take=A,unknown,PRESENT,24000,1,float32,5.000000000,preserve_full_short_source,0.000000000,5.000000000,,active_rms_v1,-20.150518802,-24.000000127,0.454904169,0.292042345,-3.849481198,false,true
ESC-50:153444,keyboard_typing,ESC-50,keyboard_typing,153444,esc50:153444,ESC-50:esc50:153444,/home/leiyuxin/soundspaces/source_assets/clsdoa_v1/raw/esc50/ESC-50-master/audio/3-153444-A-32.wav,/home/leiyuxin/soundspaces/source_assets/clsdoa_v1/prepared/source_pool_pilot_001/wav/keyboard_typing/esc50__153444.wav,wav/keyboard_typing/esc50__153444.wav,b90c25c3a9af99e83d50a240318578b0865ba833f839d2e6e6eb3a70889f8f26,b75e33ee5e94363340305a7cc9e8db106a5ae8d31c5740b2e7f284a120741c02,ca3cd2deab66200c838c5395cf6221c95d309bec310456cf194bc316af410393,train,clsdoa_source_split_v2_stratified,ACCEPT,EXACT,AUTO_FLAG,mostly_silence_or_low_activity,DATASET_LEVEL_VERIFIED,CC BY-NC 3.0; dataset-level license and attribution file,https://github.com/karolpiczak/ESC-50; meta/esc50.csv; src_file=153444 take=A,unknown,PRESENT,24000,1,float32,5.000000000,preserve_full_short_source,0.000000000,5.000000000,,active_rms_v1,-30.653506023,-24.000000127,0.133666173,0.287539035,6.653506023,false,true
ESC-50:154781,keyboard_typing,ESC-50,keyboard_typing,154781,esc50:154781,ESC-50:esc50:154781,/home/leiyuxin/soundspaces/source_assets/clsdoa_v1/raw/esc50/ESC-50-master/audio/3-154781-A-32.wav,/home/leiyuxin/soundspaces/source_assets/clsdoa_v1/prepared/source_pool_pilot_001/wav/keyboard_typing/esc50__154781.wav,wav/keyboard_typing/esc50__154781.wav,6ac098944dddaec10c14a9682a493c956f8228690780782e0b5261acfe168e3b,8c92c64d35e2f2569f88dd98f1dd36e692b6f702877d106ff7ec929b549d3961,b65a1cd87e450898f9d40e96ee329d9b06887151cdd782cc21bdfa49cfb17cb9,val,clsdoa_source_split_v2_stratified,ACCEPT,EXACT,AUTO_FLAG,mostly_silence_or_low_activity,DATASET_LEVEL_VERIFIED,CC BY-NC 3.0; dataset-level license and attribution file,https://github.com/karolpiczak/ESC-50; meta/esc50.csv; src_file=154781 take=A,unknown,PRESENT,24000,1,float32,5.000000000,preserve_full_short_source,0.000000000,5.000000000,,active_rms_v1,-34.231047617,-24.000000127,0.105731957,0.343367070,10.231047617,false,true
ESC-50:158653,keyboard_typing,ESC-50,keyboard_typing,158653,esc50:158653,ESC-50:esc50:158653,/home/leiyuxin/soundspaces/source_assets/clsdoa_v1/raw/esc50/ESC-50-master/audio/4-158653-A-32.wav,/home/leiyuxin/soundspaces/source_assets/clsdoa_v1/prepared/source_pool_pilot_001/wav/keyboard_typing/esc50__158653.wav,wav/keyboard_typing/esc50__158653.wav,7f831e94195108e8dc379757a4a241981ab6fbf42864c3ba8692d0431101f36b,7cfb23ff6f6bfe900a67fd45e7e3aef6dc7b5ff547a4c3a6088a085d74a5a520,125691734898f9db80100600cb63a65203ac0948b4a234e136f0e369bffe3b6b,train,clsdoa_source_split_v2_stratified,ACCEPT,EXACT,AUTO_FLAG,mostly_silence_or_low_activity,DATASET_LEVEL_VERIFIED,CC BY-NC 3.0; dataset-level license and attribution file,https://github.com/karolpiczak/ESC-50; meta/esc50.csv; src_file=158653 take=A,unknown,PRESENT,24000,1,float32,5.000000000,preserve_full_short_source,0.000000000,5.000000000,,active_rms_v1,-12.096709115,-24.000000127,1.049363732,0.266539454,-11.903290885,false,true
ESC-50:172742,keyboard_typing,ESC-50,keyboard_typing,172742,esc50:172742,ESC-50:esc50:172742,/home/leiyuxin/soundspaces/source_assets/clsdoa_v1/raw/esc50/ESC-50-master/audio/4-172742-A-32.wav,/home/leiyuxin/soundspaces/source_assets/clsdoa_v1/prepared/source_pool_pilot_001/wav/keyboard_typing/esc50__172742.wav,wav/keyboard_typing/esc50__172742.wav,ba86ca5c4031cb65a9c11c325599546e2177ba99b1e365dd914021961ccfedf8,005a3fc0a086ada7f4540d7cb41b1934ab03c5bceb66f4d0f07af586d1daeed5,6107e92023ebe6a8cc7514ed3a4721a10a319f8162a8a6be255cf46c4851ac8e,train,clsdoa_source_split_v2_stratified,ACCEPT,EXACT,AUTO_FLAG,mostly_silence_or_low_activity,DATASET_LEVEL_VERIFIED,CC BY-NC 3.0; dataset-level license and attribution file,https://github.com/karolpiczak/ESC-50; meta/esc50.csv; src_file=172742 take=A,unknown,PRESENT,24000,1,float32,5.000000000,preserve_full_short_source,0.000000000,5.000000000,,active_rms_v1,-19.686353050,-24.000000127,0.562342107,0.342230141,-4.313646950,false,true
ESC-50:181707,keyboard_typing,ESC-50,keyboard_typing,181707,esc50:181707,ESC-50:esc50:181707,/home/leiyuxin/soundspaces/source_assets/clsdoa_v1/raw/esc50/ESC-50-master/audio/4-181707-A-32.wav,/home/leiyuxin/soundspaces/source_assets/clsdoa_v1/prepared/source_pool_pilot_001/wav/keyboard_typing/esc50__181707.wav,wav/keyboard_typing/esc50__181707.wav,390a11c8f70eb3f56a06689c1e5829c8144c64e375b8d68772918195bc5e8893,f22f58af4c3d2eddc251e9b2fb2ebaeb307fc2bf1ab5311b52ea659f8ab7c9ff,62448717b3d141a1151db037583848723200c14b253297b8205d01d6c04fb23a,test,clsdoa_source_split_v2_stratified,ACCEPT,EXACT,AUTO_FLAG,mostly_silence_or_low_activity,DATASET_LEVEL_VERIFIED,CC BY-NC 3.0; dataset-level license and attribution file,https://github.com/karolpiczak/ESC-50; meta/esc50.csv; src_file=181707 take=A,unknown,PRESENT,24000,1,float32,5.000000000,preserve_full_short_source,0.000000000,5.000000000,,active_rms_v1,-20.580613982,-24.000001153,0.439390570,0.296402186,-3.419386018,false,true
ESC-50:181708,keyboard_typing,ESC-50,keyboard_typing,181708,esc50:181708,ESC-50:esc50:181708,/home/leiyuxin/soundspaces/source_assets/clsdoa_v1/raw/esc50/ESC-50-master/audio/4-181708-A-32.wav,/home/leiyuxin/soundspaces/source_assets/clsdoa_v1/prepared/source_pool_pilot_001/wav/keyboard_typing/esc50__181708.wav,wav/keyboard_typing/esc50__181708.wav,0997cb6c848551c7c650c8f5c6b76194d4e200b2fb0f013e67a2101c2858b47a,d0070f06cbc0eb29b15cf52541413a91e36b9e2ad42918c3b9b0ff013468dac8,d136197cac1ecfea55c9d3faaad31f6b740132ba9f0e05b435ee33daa2eef3ff,train,clsdoa_source_split_v2_stratified,ACCEPT,EXACT,AUTO_FLAG,mostly_silence_or_low_activity,DATASET_LEVEL_VERIFIED,CC BY-NC 3.0; dataset-level license and attribution file,https://github.com/karolpiczak/ESC-50; meta/esc50.csv; src_file=181708 take=A,unknown,PRESENT,24000,1,float32,5.000000000,preserve_full_short_source,0.000000000,5.000000000,,active_rms_v1,-17.424864569,-24.000000127,0.696021438,0.326486945,-6.575135431,false,true
ESC-50:185613,keyboard_typing,ESC-50,keyboard_typing,185613,esc50:185613,ESC-50:esc50:185613,/home/leiyuxin/soundspaces/source_assets/clsdoa_v1/raw/esc50/ESC-50-master/audio/4-185613-A-32.wav,/home/leiyuxin/soundspaces/source_assets/clsdoa_v1/prepared/source_pool_pilot_001/wav/keyboard_typing/esc50__185613.wav,wav/keyboard_typing/esc50__185613.wav,2c63bb63ecc188a7e3a868b6a942e41adcdb217318d23d1d1e72f22900c24fb8,a28daa0efa260074f7ee5be1be200f1abf40e6bd3e835938223a9421ad1bdc16,e7c612cbd5ed3fa812dc1dcfc30af74670a6f9d4265a0d3e512396624a6eb7d6,train,clsdoa_source_split_v2_stratified,ACCEPT,EXACT,AUTO_FLAG,mostly_silence_or_low_activity,DATASET_LEVEL_VERIFIED,CC BY-NC 3.0; dataset-level license and attribution file,https://github.com/karolpiczak/ESC-50; meta/esc50.csv; src_file=185613 take=A,unknown,PRESENT,24000,1,float32,5.000000000,preserve_full_short_source,0.000000000,5.000000000,,active_rms_v1,-13.921982871,-24.000000127,0.953042269,0.298683554,-10.078017129,false,true
ESC-50:215005,keyboard_typing,ESC-50,keyboard_typing,215005,esc50:215005,ESC-50:esc50:215005,/home/leiyuxin/soundspaces/source_assets/clsdoa_v1/raw/esc50/ESC-50-master/audio/5-215005-A-32.wav,/home/leiyuxin/soundspaces/source_assets/clsdoa_v1/prepared/source_pool_pilot_001/wav/keyboard_typing/esc50__215005.wav,wav/keyboard_typing/esc50__215005.wav,5daa5ce145a68b2ec2e818b6dad129b99eab84b137baa4cb8beecf422e8939f2,0e4e80ca8bbb1655b6a7f784bb36b9a4eb1bab556ac9f6ace7fb160d71fb96d0,b8c6b7a28f1523c4aa0a0261ed45dee934c5a8f2558893312d9d981bf1f92067,val,clsdoa_source_split_v2_stratified,ACCEPT,EXACT,AUTO_FLAG,mostly_silence_or_low_activity,DATASET_LEVEL_VERIFIED,CC BY-NC 3.0; dataset-level license and attribution file,https://github.com/karolpiczak/ESC-50; meta/esc50.csv; src_file=215005 take=A,unknown,PRESENT,24000,1,float32,5.000000000,preserve_full_short_source,0.000000000,5.000000000,,active_rms_v1,-32.306373360,-24.000000127,0.118219435,0.307615042,8.306373360,false,true
ESC-50:216131,keyboard_typing,ESC-50,keyboard_typing,216131,esc50:216131,ESC-50:esc50:216131,/home/leiyuxin/soundspaces/source_assets/clsdoa_v1/raw/esc50/ESC-50-master/audio/5-216131-A-32.wav,/home/leiyuxin/soundspaces/source_assets/clsdoa_v1/prepared/source_pool_pilot_001/wav/keyboard_typing/esc50__216131.wav,wav/keyboard_typing/esc50__216131.wav,2059bf822d6e666863bf5829725147fbab2e4695e6638bd2442dc433eb50ccdb,f2d6c068fcc61dec9ba2cb1d398ee5c46fb8c6f4245ff1da35cd35efa544d458,096ac1b0324a6c59c96f974f006f8ec35ffa362790c58327438c7f5c67744b9a,val,clsdoa_source_split_v2_stratified,ACCEPT,EXACT,AUTO_FLAG,mostly_silence_or_low_activity,DATASET_LEVEL_VERIFIED,CC BY-NC 3.0; dataset-level license and attribution file,https://github.com/karolpiczak/ESC-50; meta/esc50.csv; src_file=216131 take=A,unknown,PRESENT,24000,1,float32,5.000000000,preserve_full_short_source,0.000000000,5.000000000,,active_rms_v1,-21.245689355,-24.000001153,0.404274821,0.294415832,-2.754310645,false,true
ESC-50:244178,keyboard_typing,ESC-50,keyboard_typing,244178,esc50:244178,ESC-50:esc50:244178,/home/leiyuxin/soundspaces/source_assets/clsdoa_v1/raw/esc50/ESC-50-master/audio/5-244178-A-32.wav,/home/leiyuxin/soundspaces/source_assets/clsdoa_v1/prepared/source_pool_pilot_001/wav/keyboard_typing/esc50__244178.wav,wav/keyboard_typing/esc50__244178.wav,f83c5e9d0cfa3d39bff9a6b84d2b1b06d9118370ea1f4bebe539094e7579b514,2ed78b1c3e17309df68e16d67f960438400ad8d6497b34d367b77c9fdbc55e90,c0e6aa625241929b173a1003bbf175e1c0910b1f10c68be91aab8fdcc3e78cb2,train,clsdoa_source_split_v2_stratified,ACCEPT,EXACT,AUTO_FLAG,mostly_silence_or_low_activity,DATASET_LEVEL_VERIFIED,CC BY-NC 3.0; dataset-level license and attribution file,https://github.com/karolpiczak/ESC-50; meta/esc50.csv; src_file=244178 take=A,unknown,PRESENT,24000,1,float32,5.000000000,preserve_full_short_source,0.000000000,5.000000000,,active_rms_v1,-22.384602981,-24.000000127,0.282919228,0.234905198,-1.615397019,false,true
ESC-50:53501,keyboard_typing,ESC-50,keyboard_typing,53501,esc50:53501,ESC-50:esc50:53501,/home/leiyuxin/soundspaces/source_assets/clsdoa_v1/raw/esc50/ESC-50-master/audio/1-53501-A-32.wav,/home/leiyuxin/soundspaces/source_assets/clsdoa_v1/prepared/source_pool_pilot_001/wav/keyboard_typing/esc50__53501.wav,wav/keyboard_typing/esc50__53501.wav,3d004d6ec1677d4ed9c4f2fbfc9bcf01fa599adbe60cd3f7b187298e314904fd,6ba8a0d0f85eeb6f070d48ccd358e047d2880dab2e911e0a566351f5218c378e,7edf3a6b856987de4fc2da27906d70abb00c40fba3352275eec840917daf2e50,train,clsdoa_source_split_v2_stratified,ACCEPT,EXACT,AUTO_FLAG,mostly_silence_or_low_activity,DATASET_LEVEL_VERIFIED,CC BY-NC 3.0; dataset-level license and attribution file,https://github.com/karolpiczak/ESC-50; meta/esc50.csv; src_file=53501 take=A,unknown,PRESENT,24000,1,float32,5.000000000,preserve_full_short_source,0.000000000,5.000000000,,active_rms_v1,-27.653998080,-24.000000127,0.183313817,0.279186934,3.653998080,false,true
ESC-50:61212,keyboard_typing,ESC-50,keyboard_typing,61212,esc50:61212,ESC-50:esc50:61212,/home/leiyuxin/soundspaces/source_assets/clsdoa_v1/raw/esc50/ESC-50-master/audio/1-61212-A-32.wav,/home/leiyuxin/soundspaces/source_assets/clsdoa_v1/prepared/source_pool_pilot_001/wav/keyboard_typing/esc50__61212.wav,wav/keyboard_typing/esc50__61212.wav,c1a45e57ca3eefc6abd908860da8c01556309a22925ce383444a4c28322f0302,a1ebe1074cd6ca5545ce09baa70334f4fa3e5c73a1d623e8e4e07ff78013011c,655cc6c53397673f39fb8f125124e65fafc87480e1d18cc53f78f4404464826d,train,clsdoa_source_split_v2_stratified,ACCEPT,EXACT,AUTO_FLAG,mostly_silence_or_low_activity,DATASET_LEVEL_VERIFIED,CC BY-NC 3.0; dataset-level license and attribution file,https://github.com/karolpiczak/ESC-50; meta/esc50.csv; src_file=61212 take=A,unknown,PRESENT,24000,1,float32,5.000000000,preserve_full_short_source,0.000000000,5.000000000,,active_rms_v1,-18.097291406,-24.000000127,0.618569374,0.313511163,-5.902708594,false,true
ESC-50:79711,keyboard_typing,ESC-50,keyboard_typing,79711,esc50:79711,ESC-50:esc50:79711,/home/leiyuxin/soundspaces/source_assets/clsdoa_v1/raw/esc50/ESC-50-master/audio/1-79711-A-32.wav,/home/leiyuxin/soundspaces/source_assets/clsdoa_v1/prepared/source_pool_pilot_001/wav/keyboard_typing/esc50__79711.wav,wav/keyboard_typing/esc50__79711.wav,67eea6b9088947803c19b60f9ce714c3720825e83fa3296f61b2b94d11ee45b3,5cde9edd0e899c68db69500d68e22ee92d8943cf7a7a36d523d0eaf0acdbef8b,f3fd05d3bfed74942257ef036a83c7775c00a4213fd471c5ad6868e9487db525,train,clsdoa_source_split_v2_stratified,ACCEPT,EXACT,AUTO_FLAG,mostly_silence_or_low_activity,DATASET_LEVEL_VERIFIED,CC BY-NC 3.0; dataset-level license and attribution file,https://github.com/karolpiczak/ESC-50; meta/esc50.csv; src_file=79711 take=A,unknown,PRESENT,24000,1,float32,5.000000000,preserve_full_short_source,0.000000000,5.000000000,,active_rms_v1,-12.758435354,-24.000000127,1.167796612,0.320102423,-11.241564646,false,true
ESC-50:94231,keyboard_typing,ESC-50,keyboard_typing,94231,esc50:94231,ESC-50:esc50:94231,/home/leiyuxin/soundspaces/source_assets/clsdoa_v1/raw/esc50/ESC-50-master/audio/1-94231-A-32.wav,/home/leiyuxin/soundspaces/source_assets/clsdoa_v1/prepared/source_pool_pilot_001/wav/keyboard_typing/esc50__94231.wav,wav/keyboard_typing/esc50__94231.wav,0bbcb3a71254de72a6c9fdf0883fc59f3395aa9c43c4b5a095e57b8e58a9b17b,7579817fd3c17776c2903f57bd9ae8696125b755cb09aa5e3d2201a3f739abce,ba393d3cdb1cf2186477e289d101a56a80d8d47b7a2a4fbfadfd8b7a1b3f511f,test,clsdoa_source_split_v2_stratified,ACCEPT,EXACT,AUTO_FLAG,mostly_silence_or_low_activity,DATASET_LEVEL_VERIFIED,CC BY-NC 3.0; dataset-level license and attribution file,https://github.com/karolpiczak/ESC-50; meta/esc50.csv; src_file=94231 take=A,unknown,PRESENT,24000,1,float32,5.000000000,preserve_full_short_source,0.000000000,5.000000000,,active_rms_v1,-32.089538156,-24.000000127,0.121445954,0.308219403,8.089538156,false,true
ESC-50:99796,keyboard_typing,ESC-50,keyboard_typing,99796,esc50:99796,ESC-50:esc50:99796,/home/leiyuxin/soundspaces/source_assets/clsdoa_v1/raw/esc50/ESC-50-master/audio/2-99796-A-32.wav,/home/leiyuxin/soundspaces/source_assets/clsdoa_v1/prepared/source_pool_pilot_001/wav/keyboard_typing/esc50__99796.wav,wav/keyboard_typing/esc50__99796.wav,86e6979a84438761ff0b1328fc4931cf995e0045822819c49499f4cdbc81a01e,2172358b3cbaf67ec0df4e99e676f42fc853c0156adc56082c62e8fe44800654,31bdd426e490ee983bb2643cf5b02cb36aaa194eb0acced143671ea16c30934e,train,clsdoa_source_split_v2_stratified,ACCEPT,EXACT,AUTO_FLAG,mostly_silence_or_low_activity,DATASET_LEVEL_VERIFIED,CC BY-NC 3.0; dataset-level license and attribution file,https://github.com/karolpiczak/ESC-50; meta/esc50.csv; src_file=99796 take=A,unknown,PRESENT,24000,1,float32,5.000000000,preserve_full_short_source,0.000000000,5.000000000,,active_rms_v1,-21.645789639,-23.999999102,0.393700570,0.300230980,-2.354210361,false,true
PSELD-selected FSD50K:113689,keyboard_typing,PSELD-selected FSD50K,Typing,113689,fsd50k:113689,PSELD-selected FSD50K:fsd50k:113689,/home/leiyuxin/soundspaces/source_assets/clsdoa_v1/raw/pseld_fsd50k/extracted_audio/FSD50K.dev_audio/113689.wav,/home/leiyuxin/soundspaces/source_assets/clsdoa_v1/prepared/source_pool_pilot_001/wav/keyboard_typing/fsd50k__113689.wav,wav/keyboard_typing/fsd50k__113689.wav,14bf86e342c0075ced233ad171d50cbd9a731e9ddba8d48009508d5c9d9fd42e,728d5425024bf5ab4da2e2d556139053df2bd95933500e120da8162285af2539,2eadd724a083f21b66d84c712a70f52ea43e71b7f09be8ae50f5d984599c0840,train,clsdoa_source_split_v2_stratified,ACCEPT,SEMANTIC_STRONG,AUTO_PASS,,DATASET_LEVEL_VERIFIED,http://creativecommons.org/licenses/sampling+/1.0/,PSELDNets 170-class crosswalk; SELD-Data-Generator _m_0316dw.tsv; FSD50K clip 113689,likely_yes,PRESENT,24000,1,float32,5.000000000,deterministic_center,5.507981859,10.507981859,,active_rms_v1,-33.350131175,-24.000000127,0.125481859,0.368203133,9.350131175,false,true
PSELD-selected FSD50K:119135,keyboard_typing,PSELD-selected FSD50K,Typing,119135,fsd50k:119135,PSELD-selected FSD50K:fsd50k:119135,/home/leiyuxin/soundspaces/source_assets/clsdoa_v1/raw/pseld_fsd50k/extracted_audio/FSD50K.dev_audio/119135.wav,/home/leiyuxin/soundspaces/source_assets/clsdoa_v1/prepared/source_pool_pilot_001/wav/keyboard_typing/fsd50k__119135.wav,wav/keyboard_typing/fsd50k__119135.wav,a35d4bf4d1f3e998a6dfd83ecb6d90f62b2a4e5f5cf7c01b1ceca8c2279cc8a0,a19ed190d104c1ea966e7936b26ad2e67493d5c740f00df91ef8515070641f66,01ebb57ac7e7c886d5319d6e0405e2f7117c17c2c6e330111ec04e2ec0ab7221,train,clsdoa_source_split_v2_stratified,ACCEPT,SEMANTIC_STRONG,AUTO_PASS,,DATASET_LEVEL_VERIFIED,http://creativecommons.org/publicdomain/zero/1.0/,PSELDNets 170-class crosswalk; SELD-Data-Generator _m_0316dw.tsv; FSD50K clip 119135,likely_yes,PRESENT,24000,1,float32,5.000000000,deterministic_center,1.111836735,6.111836735,,active_rms_v1,-17.286837690,-24.000000127,0.493865937,0.228008464,-6.713162310,false,true
ESC-50:107123,laughing,ESC-50,laughing,107123,esc50:107123,ESC-50:esc50:107123,/home/leiyuxin/soundspaces/source_assets/clsdoa_v1/raw/esc50/ESC-50-master/audio/3-107123-A-26.wav,/home/leiyuxin/soundspaces/source_assets/clsdoa_v1/prepared/source_pool_pilot_001/wav/laughing/esc50__107123.wav,wav/laughing/esc50__107123.wav,760db5cf4b5459efeacd4848288eb7d5347d202393095f36ff1779f89fc442c9,c007babf09d47e27640cb54589e83d9cb3207a2bc8342b862d160f5262b17399,9b6a405f45bad8af59b0c17aacbda14dc6162b434345353adaf28cd182334d0d,train,clsdoa_source_split_v2_stratified,ACCEPT,EXACT,AUTO_PASS,,DATASET_LEVEL_VERIFIED,CC BY-NC 3.0; dataset-level license and attribution file,https://github.com/karolpiczak/ESC-50; meta/esc50.csv; src_file=107123 take=A,unknown,PRESENT,24000,1,float32,5.000000000,preserve_full_short_source,0.000000000,5.000000000,,active_rms_v1,-15.993256436,-24.000000127,0.747980177,0.297545165,-8.006743564,false,true
ESC-50:109759,laughing,ESC-50,laughing,109759,esc50:109759,ESC-50:esc50:109759,/home/leiyuxin/soundspaces/source_assets/clsdoa_v1/raw/esc50/ESC-50-master/audio/2-109759-A-26.wav,/home/leiyuxin/soundspaces/source_assets/clsdoa_v1/prepared/source_pool_pilot_001/wav/laughing/esc50__109759.wav,wav/laughing/esc50__109759.wav,6b2a2eafeee3d4b9986d78b948c3e16f12b5b2863155f0e8317a78ce6865575c,00d055ac655a404412b65fa4d061d52d64eef8a276053d951fae3226949ca2a4,a254709bbf039a760772033127d7ddd1b1296827c1c4bf91397c4eed47630415,test,clsdoa_source_split_v2_stratified,ACCEPT,EXACT,AUTO_PASS,,DATASET_LEVEL_VERIFIED,CC BY-NC 3.0; dataset-level license and attribution file,https://github.com/karolpiczak/ESC-50; meta/esc50.csv; src_file=109759 take=A,unknown,PRESENT,24000,1,float32,5.000000000,preserve_full_short_source,0.000000000,5.000000000,,active_rms_v1,-9.486593893,-24.000000127,1.049937844,0.197466448,-14.513406107,false,true
ESC-50:110536,laughing,ESC-50,laughing,110536,esc50:110536,ESC-50:esc50:110536,/home/leiyuxin/soundspaces/source_assets/clsdoa_v1/raw/esc50/ESC-50-master/audio/3-110536-A-26.wav,/home/leiyuxin/soundspaces/source_assets/clsdoa_v1/prepared/source_pool_pilot_001/wav/laughing/esc50__110536.wav,wav/laughing/esc50__110536.wav,6b63df331bdbbec76c7e64e0f083d1b9939443d9aa19fdfc0bba4fa47a28c03e,e60aa3ada692094f61841b7e921b1e9ae2e99101f9d5318b834e06b9258e3bcb,b3e784756507d4b37c8bc019d0d951c1a3981728a9af466dc7574584423b352e,test,clsdoa_source_split_v2_stratified,ACCEPT,EXACT,AUTO_PASS,,DATASET_LEVEL_VERIFIED,CC BY-NC 3.0; dataset-level license and attribution file,https://github.com/karolpiczak/ESC-50; meta/esc50.csv; src_file=110536 take=A,unknown,PRESENT,24000,1,float32,5.000000000,preserve_full_short_source,0.000000000,5.000000000,,active_rms_v1,-19.261952672,-24.000000127,0.300515205,0.174166277,-4.738047328,false,true
ESC-50:118487,laughing,ESC-50,laughing,118487,esc50:118487,ESC-50:esc50:118487,/home/leiyuxin/soundspaces/source_assets/clsdoa_v1/raw/esc50/ESC-50-master/audio/3-118487-A-26.wav,/home/leiyuxin/soundspaces/source_assets/clsdoa_v1/prepared/source_pool_pilot_001/wav/laughing/esc50__118487.wav,wav/laughing/esc50__118487.wav,634b7cdc90bf55cf9cfe5ca560304607cf7276dc76f753f229bffc6cc431425a,1df768279127c002736ecdd5a89561d66d9e1bdc3941625b41587dc894bb1c40,252276ae67705b907d8346888c1d71ca4aa9cb20dde6a9b6ea15f4e2ff921f49,val,clsdoa_source_split_v2_stratified,ACCEPT,EXACT,AUTO_PASS,,DATASET_LEVEL_VERIFIED,CC BY-NC 3.0; dataset-level license and attribution file,https://github.com/karolpiczak/ESC-50; meta/esc50.csv; src_file=118487 take=A,unknown,PRESENT,24000,1,float32,5.000000000,preserve_full_short_source,0.000000000,5.000000000,,active_rms_v1,-8.587555973,-24.000000127,1.018168092,0.172662199,-15.412444027,false,true
ESC-50:119459,laughing,ESC-50,laughing,119459,esc50:119459,ESC-50:esc50:119459,/home/leiyuxin/soundspaces/source_assets/clsdoa_v1/raw/esc50/ESC-50-master/audio/3-119459-A-26.wav,/home/leiyuxin/soundspaces/source_assets/clsdoa_v1/prepared/source_pool_pilot_001/wav/laughing/esc50__119459.wav,wav/laughing/esc50__119459.wav,fc31be5b7cdc9360a8e462ff313ca0e52d243a8f032da86914f08bfda6daa1f9,b1553e4a0cfe8d40d5f4045938e6727580510fa6f830399d576a8a06743e4cd0,157dc3eb648f0422b60fdfd02960ce9b61948d76338addab30981bb0755ee016,train,clsdoa_source_split_v2_stratified,ACCEPT,EXACT,AUTO_PASS,,DATASET_LEVEL_VERIFIED,CC BY-NC 3.0; dataset-level license and attribution file,https://github.com/karolpiczak/ESC-50; meta/esc50.csv; src_file=119459 take=A,unknown,PRESENT,24000,1,float32,5.000000000,preserve_full_short_source,0.000000000,5.000000000,,active_rms_v1,-26.402363572,-23.999999102,0.100471005,0.132482633,2.402363572,false,true
ESC-50:132747,laughing,ESC-50,laughing,132747,esc50:132747,ESC-50:esc50:132747,/home/leiyuxin/soundspaces/source_assets/clsdoa_v1/raw/esc50/ESC-50-master/audio/3-132747-A-26.wav,/home/leiyuxin/soundspaces/source_assets/clsdoa_v1/prepared/source_pool_pilot_001/wav/laughing/esc50__132747.wav,wav/laughing/esc50__132747.wav,cb1a948de70e163b569b0e7fa4ce76bd04bef5c611e68f6f3a0b8b19aa5a726c,d0e7c8ab96abd445de3ba282f95f5c932701044a648f3013b0ae41bb42bf8f75,ac22151d27e63ba67a9108638c824a43c17a3bafd4549063bb765a1653707968,train,clsdoa_source_split_v2_stratified,ACCEPT,EXACT,AUTO_PASS,,DATASET_LEVEL_VERIFIED,CC BY-NC 3.0; dataset-level license and attribution file,https://github.com/karolpiczak/ESC-50; meta/esc50.csv; src_file=132747 take=A,unknown,PRESENT,24000,1,float32,5.000000000,preserve_full_short_source,0.000000000,5.000000000,,active_rms_v1,-7.217936884,-24.000001153,1.067243934,0.154582575,-16.782063116,false,true
ESC-50:132803,laughing,ESC-50,laughing,132803,esc50:132803,ESC-50:esc50:132803,/home/leiyuxin/soundspaces/source_assets/clsdoa_v1/raw/esc50/ESC-50-master/audio/4-132803-A-26.wav,/home/leiyuxin/soundspaces/source_assets/clsdoa_v1/prepared/source_pool_pilot_001/wav/laughing/esc50__132803.wav,wav/laughing/esc50__132803.wav,47788a3d04c3eaf9b309e3cc53aab90b6706ef06c2dc1b21d74eb19f299f804b,c5ccc72c64d10204e728e58dda1e17cfda687d94752debbc657e8600ac3c9dfa,de5e596027c88e0e27334e4dfeb024238bc0b6028dba0f96c764017e534e8233,train,clsdoa_source_split_v2_stratified,ACCEPT,EXACT,AUTO_PASS,,DATASET_LEVEL_VERIFIED,CC BY-NC 3.0; dataset-level license and attribution file,https://github.com/karolpiczak/ESC-50; meta/esc50.csv; src_file=132803 take=A,unknown,PRESENT,24000,1,float32,5.000000000,preserve_full_short_source,0.000000000,5.000000000,,active_rms_v1,-9.076729822,-24.000000127,1.060888410,0.190329537,-14.923270178,false,true
ESC-50:132810,laughing,ESC-50,laughing,132810,esc50:132810,ESC-50:esc50:132810,/home/leiyuxin/soundspaces/source_assets/clsdoa_v1/raw/esc50/ESC-50-master/audio/4-132810-A-26.wav,/home/leiyuxin/soundspaces/source_assets/clsdoa_v1/prepared/source_pool_pilot_001/wav/laughing/esc50__132810.wav,wav/laughing/esc50__132810.wav,9dd8c235aa5a5e443dc5e188d6faf685206c3a088a5690fd434843f83a2bfb01,08cccdc5b4a901dc092d56838ab866864dd1375c668c9141a42af5d2bdb587ef,c7f7466fe1fa3d585fbf7a1fe9692e1890f0b05d6910b81504e808b4fb885bb8,train,clsdoa_source_split_v2_stratified,ACCEPT,EXACT,AUTO_PASS,,DATASET_LEVEL_VERIFIED,CC BY-NC 3.0; dataset-level license and attribution file,https://github.com/karolpiczak/ESC-50; meta/esc50.csv; src_file=132810 take=A,unknown,PRESENT,24000,1,float32,5.000000000,preserve_full_short_source,0.000000000,5.000000000,,active_rms_v1,-11.662766316,-24.000001153,1.015383601,0.245340064,-12.337233684,false,true
ESC-50:132816,laughing,ESC-50,laughing,132816,esc50:132816,ESC-50:esc50:132816,/home/leiyuxin/soundspaces/source_assets/clsdoa_v1/raw/esc50/ESC-50-master/audio/4-132816-A-26.wav,/home/leiyuxin/soundspaces/source_assets/clsdoa_v1/prepared/source_pool_pilot_001/wav/laughing/esc50__132816.wav,wav/laughing/esc50__132816.wav,d078b681d6cfec06a0fa8258e485e41e0533952082586e22f238473c9fcd1582,aba29416ee452187ce987eb4f920214be6ebdbdbf0f123a15f5f8b573fb15933,b2d5c158cb461eae5001862bfdbbdbfb1367d6e80e3e187dc52ebbba869a8b85,val,clsdoa_source_split_v2_stratified,ACCEPT,EXACT,AUTO_PASS,,DATASET_LEVEL_VERIFIED,CC BY-NC 3.0; dataset-level license and attribution file,https://github.com/karolpiczak/ESC-50; meta/esc50.csv; src_file=132816 take=A,unknown,PRESENT,24000,1,float32,5.000000000,preserve_full_short_source,0.000000000,5.000000000,,active_rms_v1,-9.380507722,-24.000000127,1.037241220,0.192710400,-14.619492278,false,true
ESC-50:152912,laughing,ESC-50,laughing,152912,esc50:152912,ESC-50:esc50:152912,/home/leiyuxin/soundspaces/source_assets/clsdoa_v1/raw/esc50/ESC-50-master/audio/3-152912-A-26.wav,/home/leiyuxin/soundspaces/source_assets/clsdoa_v1/prepared/source_pool_pilot_001/wav/laughing/esc50__152912.wav,wav/laughing/esc50__152912.wav,1f1eb4e0890c1d9ce73b57232461ac57d129d5f1f6ba07e2940d3167a4a1c855,be09905a5d876f2434b516d4de3b8c8ed52dd4a851cd9bfb5693bede3ec9a5cc,64e6f858d87c27697ec95eb37e3137a71ad8b4ab4402ee98a33095a42003e1d0,val,clsdoa_source_split_v2_stratified,ACCEPT,EXACT,AUTO_PASS,,DATASET_LEVEL_VERIFIED,CC BY-NC 3.0; dataset-level license and attribution file,https://github.com/karolpiczak/ESC-50; meta/esc50.csv; src_file=152912 take=A,unknown,PRESENT,24000,1,float32,5.000000000,preserve_full_short_source,0.000000000,5.000000000,,active_rms_v1,-7.971602968,-24.000000127,1.038080454,0.163987651,-16.028397032,false,true
ESC-50:155670,laughing,ESC-50,laughing,155670,esc50:155670,ESC-50:esc50:155670,/home/leiyuxin/soundspaces/source_assets/clsdoa_v1/raw/esc50/ESC-50-master/audio/4-155670-A-26.wav,/home/leiyuxin/soundspaces/source_assets/clsdoa_v1/prepared/source_pool_pilot_001/wav/laughing/esc50__155670.wav,wav/laughing/esc50__155670.wav,fb09f6460477c8a0b8a45c6ab6cf00333ec3756e39cc4151634af88a1d78bd97,4d4e7983b88f4cebcfd19daf26ca47c48fd0ed48a2cb8d5519747d117e065fef,9368b7604caf4337cb81e95bb2461fa80a90011c94fdfffef10e0ab819d9842e,val,clsdoa_source_split_v2_stratified,ACCEPT,EXACT,AUTO_PASS,,DATASET_LEVEL_VERIFIED,CC BY-NC 3.0; dataset-level license and attribution file,https://github.com/karolpiczak/ESC-50; meta/esc50.csv; src_file=155670 take=A,unknown,PRESENT,24000,1,float32,5.000000000,preserve_full_short_source,0.000000000,5.000000000,,active_rms_v1,-26.063520398,-24.000000127,0.213805437,0.271140724,2.063520398,false,true
ESC-50:164243,laughing,ESC-50,laughing,164243,esc50:164243,ESC-50:esc50:164243,/home/leiyuxin/soundspaces/source_assets/clsdoa_v1/raw/esc50/ESC-50-master/audio/4-164243-A-26.wav,/home/leiyuxin/soundspaces/source_assets/clsdoa_v1/prepared/source_pool_pilot_001/wav/laughing/esc50__164243.wav,wav/laughing/esc50__164243.wav,5aa692c3152f661656fa023109f31a49952cf04b6272a5c605a75872608b0c31,4c74691a4521a8e5447bca84efcc8a5d69f0e3bbf56b2693f73e21b10d61777e,558345f57ac5e2ec558fcf6011bdd1381df3eab7b6315463908856fa4b7a9db2,train,clsdoa_source_split_v2_stratified,ACCEPT,EXACT,AUTO_PASS,,DATASET_LEVEL_VERIFIED,CC BY-NC 3.0; dataset-level license and attribution file,https://github.com/karolpiczak/ESC-50; meta/esc50.csv; src_file=164243 take=A,unknown,PRESENT,24000,1,float32,5.000000000,preserve_full_short_source,0.000000000,5.000000000,,active_rms_v1,-11.144538488,-24.000000127,1.013754368,0.230759531,-12.855461512,false,true
ESC-50:167571,laughing,ESC-50,laughing,167571,esc50:167571,ESC-50:esc50:167571,/home/leiyuxin/soundspaces/source_assets/clsdoa_v1/raw/esc50/ESC-50-master/audio/4-167571-A-26.wav,/home/leiyuxin/soundspaces/source_assets/clsdoa_v1/prepared/source_pool_pilot_001/wav/laughing/esc50__167571.wav,wav/laughing/esc50__167571.wav,fc8bf13250846601bfbf027d89193cfc9b28c5e38d56710695b7e08f80585dbe,fd5fabd2459d9467f567ee43d28764d9a7ee4b96d4daad6b153ff6204f7e1424,0384583066e8dd028d98ca571e55a99ef2a3ee158be227e241e167b577bb2955,train,clsdoa_source_split_v2_stratified,ACCEPT,EXACT,AUTO_PASS,,DATASET_LEVEL_VERIFIED,CC BY-NC 3.0; dataset-level license and attribution file,https://github.com/karolpiczak/ESC-50; meta/esc50.csv; src_file=167571 take=A,unknown,PRESENT,24000,1,float32,5.000000000,preserve_full_short_source,0.000000000,5.000000000,,active_rms_v1,-14.567741731,-24.000000127,0.734550536,0.247975498,-9.432258269,false,true
ESC-50:1791,laughing,ESC-50,laughing,1791,esc50:1791,ESC-50:esc50:1791,/home/leiyuxin/soundspaces/source_assets/clsdoa_v1/raw/esc50/ESC-50-master/audio/1-1791-A-26.wav,/home/leiyuxin/soundspaces/source_assets/clsdoa_v1/prepared/source_pool_pilot_001/wav/laughing/esc50__1791.wav,wav/laughing/esc50__1791.wav,c34f39e46507ae7758743a3fc07dbc7aed22862df2efcbbb83ebb89239ee9356,c1afd4aa9d6afdc2584948b0e5223cbadd79ffcf2b07bc0a142804b1e82fbc6a,dc6cd665f3d20eed6089d9593a2b776104d8671c57ce6c48e6be030c75a53643,train,clsdoa_source_split_v2_stratified,ACCEPT,EXACT,AUTO_PASS,,DATASET_LEVEL_VERIFIED,CC BY-NC 3.0; dataset-level license and attribution file,https://github.com/karolpiczak/ESC-50; meta/esc50.csv; src_file=1791 take=A,unknown,PRESENT,24000,1,float32,5.000000000,preserve_full_short_source,0.000000000,5.000000000,,active_rms_v1,-17.567366796,-24.000001153,0.535571158,0.255379200,-6.432633204,false,true
ESC-50:181599,laughing,ESC-50,laughing,181599,esc50:181599,ESC-50:esc50:181599,/home/leiyuxin/soundspaces/source_assets/clsdoa_v1/raw/esc50/ESC-50-master/audio/4-181599-A-26.wav,/home/leiyuxin/soundspaces/source_assets/clsdoa_v1/prepared/source_pool_pilot_001/wav/laughing/esc50__181599.wav,wav/laughing/esc50__181599.wav,d15ad34f8b792d442ae5edf647201a6bfefb9e712526646df042e6024088aff1,5593568e991c8ae52ff525d8cb680426fabf0689dbf0d0699f4f6e56c9bb91eb,e414fc3ba7dea88437d0be3c0dd1101177cfcc0052e2a2b2cb8973cad984e178,train,clsdoa_source_split_v2_stratified,ACCEPT,EXACT,AUTO_PASS,,DATASET_LEVEL_VERIFIED,CC BY-NC 3.0; dataset-level license and attribution file,https://github.com/karolpiczak/ESC-50; meta/esc50.csv; src_file=181599 take=A,unknown,PRESENT,24000,1,float32,5.000000000,preserve_full_short_source,0.000000000,5.000000000,,active_rms_v1,-15.294540986,-24.000001153,1.026875734,0.376916319,-8.705459014,false,true
ESC-50:242932,laughing,ESC-50,laughing,242932,esc50:242932,ESC-50:esc50:242932,/home/leiyuxin/soundspaces/source_assets/clsdoa_v1/raw/esc50/ESC-50-master/audio/5-242932-A-26.wav,/home/leiyuxin/soundspaces/source_assets/clsdoa_v1/prepared/source_pool_pilot_001/wav/laughing/esc50__242932.wav,wav/laughing/esc50__242932.wav,c8ba976be410e9bc4c6e458283db24dd45d309c92d07500510f067af0e8ab18c,65a20d0ce2862e4b34d1ac479935ea399a77f729342186d348f20a3c00403273,9c2021684ccd03cbb5606565178197bc1251de351c65e2e10c068e0da0499a87,train,clsdoa_source_split_v2_stratified,ACCEPT,EXACT,AUTO_PASS,,DATASET_LEVEL_VERIFIED,CC BY-NC 3.0; dataset-level license and attribution file,https://github.com/karolpiczak/ESC-50; meta/esc50.csv; src_file=242932 take=A,unknown,PRESENT,24000,1,float32,5.000000000,preserve_full_short_source,0.000000000,5.000000000,,active_rms_v1,-10.723175465,-24.000001153,0.974568665,0.211334899,-13.276824535,false,true
ESC-50:244526,laughing,ESC-50,laughing,244526,esc50:244526,ESC-50:esc50:244526,/home/leiyuxin/soundspaces/source_assets/clsdoa_v1/raw/esc50/ESC-50-master/audio/5-244526-A-26.wav,/home/leiyuxin/soundspaces/source_assets/clsdoa_v1/prepared/source_pool_pilot_001/wav/laughing/esc50__244526.wav,wav/laughing/esc50__244526.wav,07f7f5f857edc8a4130529fe1846897a51a8d04c178b3a62b249a5b61b9e5d39,6f03ea76071c9792254adbdb318c2f86615b6a064aa0f0e7837a22f925372bce,d3165c0292b08ca116b10f3fcfe24978eefef40dcacb751723c13cf8816ffbd0,train,clsdoa_source_split_v2_stratified,ACCEPT,EXACT,AUTO_PASS,,DATASET_LEVEL_VERIFIED,CC BY-NC 3.0; dataset-level license and attribution file,https://github.com/karolpiczak/ESC-50; meta/esc50.csv; src_file=244526 take=A,unknown,PRESENT,24000,1,float32,5.000000000,preserve_full_short_source,0.000000000,5.000000000,,active_rms_v1,-7.200557338,-23.999999102,1.150031924,0.166240856,-16.799442662,false,true
ESC-50:253534,laughing,ESC-50,laughing,253534,esc50:253534,ESC-50:esc50:253534,/home/leiyuxin/soundspaces/source_assets/clsdoa_v1/raw/esc50/ESC-50-master/audio/5-253534-A-26.wav,/home/leiyuxin/soundspaces/source_assets/clsdoa_v1/prepared/source_pool_pilot_001/wav/laughing/esc50__253534.wav,wav/laughing/esc50__253534.wav,d05eba149c3dee715c4bf97b33c69f79dda16f563fc83bb1a95f9767a1abb4ee,fb9ab034964bda908aaff2a48e5b8a3b2f228ac5f3223c162781af508bced8ba,251c084088b365d60f5509569e97cbf6d10259926470a53f004c4adec97fcfba,train,clsdoa_source_split_v2_stratified,ACCEPT,EXACT,AUTO_PASS,,DATASET_LEVEL_VERIFIED,CC BY-NC 3.0; dataset-level license and attribution file,https://github.com/karolpiczak/ESC-50; meta/esc50.csv; src_file=253534 take=A,unknown,PRESENT,24000,1,float32,5.000000000,preserve_full_short_source,0.000000000,5.000000000,,active_rms_v1,-11.919099571,-24.000000127,0.979164004,0.243674681,-12.080900429,false,true
ESC-50:259514,laughing,ESC-50,laughing,259514,esc50:259514,ESC-50:esc50:259514,/home/leiyuxin/soundspaces/source_assets/clsdoa_v1/raw/esc50/ESC-50-master/audio/5-259514-A-26.wav,/home/leiyuxin/soundspaces/source_assets/clsdoa_v1/prepared/source_pool_pilot_001/wav/laughing/esc50__259514.wav,wav/laughing/esc50__259514.wav,d857324c240c5d4d8803f09301cdd31bd438d7fc985c96f5102beacb36e55f4b,560a0a69ecfecc61559bc0d3353d7e483358d1b5af34d16a5c7a0ff64298ebed,bff4fba03e6137cd08b1f0eeb5512e238a047fbcd49d7de923d6d9262ad25296,val,clsdoa_source_split_v2_stratified,ACCEPT,EXACT,AUTO_PASS,,DATASET_LEVEL_VERIFIED,CC BY-NC 3.0; dataset-level license and attribution file,https://github.com/karolpiczak/ESC-50; meta/esc50.csv; src_file=259514 take=A,unknown,PRESENT,24000,1,float32,5.000000000,preserve_full_short_source,0.000000000,5.000000000,,active_rms_v1,-14.077414152,-24.000000127,1.041222692,0.332211226,-9.922585848,false,true
ESC-50:263775,laughing,ESC-50,laughing,263775,esc50:263775,ESC-50:esc50:263775,/home/leiyuxin/soundspaces/source_assets/clsdoa_v1/raw/esc50/ESC-50-master/audio/5-263775-A-26.wav,/home/leiyuxin/soundspaces/source_assets/clsdoa_v1/prepared/source_pool_pilot_001/wav/laughing/esc50__263775.wav,wav/laughing/esc50__263775.wav,90bd9fc8a28a106a1c6c42c0f46cbe268380bedc5ccd05b2405145c7b2f26e5b,ce91e1e361732d219ce317c870ca7bab8bcd43834fc836f2dbad345474cd70ae,3da4f9803fcd4044d76160ac5a4bcdbfc167f8422c6ca089e957be938d8b1dfe,train,clsdoa_source_split_v2_stratified,ACCEPT,EXACT,AUTO_PASS,,DATASET_LEVEL_VERIFIED,CC BY-NC 3.0; dataset-level license and attribution file,https://github.com/karolpiczak/ESC-50; meta/esc50.csv; src_file=263775 take=A,unknown,PRESENT,24000,1,float32,5.000000000,preserve_full_short_source,0.000000000,5.000000000,,active_rms_v1,-15.329622783,-24.000000127,0.599913895,0.221090496,-8.670377217,false,true
ESC-50:33658,laughing,ESC-50,laughing,33658,esc50:33658,ESC-50:esc50:33658,/home/leiyuxin/soundspaces/source_assets/clsdoa_v1/raw/esc50/ESC-50-master/audio/1-33658-A-26.wav,/home/leiyuxin/soundspaces/source_assets/clsdoa_v1/prepared/source_pool_pilot_001/wav/laughing/esc50__33658.wav,wav/laughing/esc50__33658.wav,08d0b59ffca805ca77921eb7f59de70d1c7031ff56d25fe84306570dcfa6fa2b,9b181bfe8e97e3e56a357dc9dd1332d5c5c83bd27be19865a6b73257005673ef,372c161a4c9720a4ff4f14499dcfe763de12b6ab428c430dbed22bb46d1e1528,train,clsdoa_source_split_v2_stratified,ACCEPT,EXACT,AUTO_PASS,,DATASET_LEVEL_VERIFIED,CC BY-NC 3.0; dataset-level license and attribution file,https://github.com/karolpiczak/ESC-50; meta/esc50.csv; src_file=33658 take=A,unknown,PRESENT,24000,1,float32,5.000000000,preserve_full_short_source,0.000000000,5.000000000,,active_rms_v1,-13.332494990,-24.000000127,0.939500093,0.275119632,-10.667505010,false,true
ESC-50:36164,laughing,ESC-50,laughing,36164,esc50:36164,ESC-50:esc50:36164,/home/leiyuxin/soundspaces/source_assets/clsdoa_v1/raw/esc50/ESC-50-master/audio/1-36164-A-26.wav,/home/leiyuxin/soundspaces/source_assets/clsdoa_v1/prepared/source_pool_pilot_001/wav/laughing/esc50__36164.wav,wav/laughing/esc50__36164.wav,5442943962c62da42ef9db259c08026cdd99d717a6adf24b9e81ec2fe967e203,b8b414661ccfd6329673021cb078fe3f7f32c4346a604e680db88ba6a766f70c,1e458a12c75bae2b27e719449f4a8036e315da58c4c1871318f39170039bc193,train,clsdoa_source_split_v2_stratified,ACCEPT,EXACT,AUTO_PASS,,DATASET_LEVEL_VERIFIED,CC BY-NC 3.0; dataset-level license and attribution file,https://github.com/karolpiczak/ESC-50; meta/esc50.csv; src_file=36164 take=A,unknown,PRESENT,24000,1,float32,5.000000000,preserve_full_short_source,0.000000000,5.000000000,,active_rms_v1,-29.541499591,-23.999999102,0.119019911,0.225265458,5.541499591,false,true
ESC-50:60794,laughing,ESC-50,laughing,60794,esc50:60794,ESC-50:esc50:60794,/home/leiyuxin/soundspaces/source_assets/clsdoa_v1/raw/esc50/ESC-50-master/audio/2-60794-A-26.wav,/home/leiyuxin/soundspaces/source_assets/clsdoa_v1/prepared/source_pool_pilot_001/wav/laughing/esc50__60794.wav,wav/laughing/esc50__60794.wav,251f4a7b42d72db622baa5bcf7cccab8d4153cd2c869c51384130410e9b33bc7,95d8ff89c60f2586fea941193ad7eddf639d5bf6a393e9e56ffb4ce1dcd6b582,4e108347a69a7e5079b18a08626bbc7e5cd7f26896535e62f3c883b131b24d09,train,clsdoa_source_split_v2_stratified,ACCEPT,EXACT,AUTO_PASS,,DATASET_LEVEL_VERIFIED,CC BY-NC 3.0; dataset-level license and attribution file,https://github.com/karolpiczak/ESC-50; meta/esc50.csv; src_file=60794 take=A,unknown,PRESENT,24000,1,float32,5.000000000,preserve_full_short_source,0.000000000,5.000000000,,active_rms_v1,-9.089443894,-24.000000127,1.021696687,0.183566824,-14.910556106,false,true
ESC-50:60795,laughing,ESC-50,laughing,60795,esc50:60795,ESC-50:esc50:60795,/home/leiyuxin/soundspaces/source_assets/clsdoa_v1/raw/esc50/ESC-50-master/audio/2-60795-A-26.wav,/home/leiyuxin/soundspaces/source_assets/clsdoa_v1/prepared/source_pool_pilot_001/wav/laughing/esc50__60795.wav,wav/laughing/esc50__60795.wav,6da0cb45d9b986240308c93926cc91dfa6eb60b0bdabaeb6585f3df49c222fc4,0bfa62d409547b77f94127ebb3b80fb29d03f62f32f884183a0d48fb7c2ae535,160104c769dc88fa6958c3e6207cd646bb5d77950f9ba7ed23dd3ef0a2e8c3f7,train,clsdoa_source_split_v2_stratified,ACCEPT,EXACT,AUTO_PASS,,DATASET_LEVEL_VERIFIED,CC BY-NC 3.0; dataset-level license and attribution file,https://github.com/karolpiczak/ESC-50; meta/esc50.csv; src_file=60795 take=A,unknown,PRESENT,24000,1,float32,5.000000000,preserve_full_short_source,0.000000000,5.000000000,,active_rms_v1,-13.153688170,-24.000000127,0.929612041,0.266677380,-10.846311830,false,true
ESC-50:62226,laughing,ESC-50,laughing,62226,esc50:62226,ESC-50:esc50:62226,/home/leiyuxin/soundspaces/source_assets/clsdoa_v1/raw/esc50/ESC-50-master/audio/2-62226-A-26.wav,/home/leiyuxin/soundspaces/source_assets/clsdoa_v1/prepared/source_pool_pilot_001/wav/laughing/esc50__62226.wav,wav/laughing/esc50__62226.wav,d7d0358f2969779e84268c204460cc95b35bc0a532e6a1559bb6a744b51e5545,0c0376ca0a3f6c02410be8baa2ef35a16559c128f297778d2eba34b885e752ab,c24516dab6222edf2357eab0339ab50f51d255b33ac447178d05c9f651ea8742,train,clsdoa_source_split_v2_stratified,ACCEPT,EXACT,AUTO_PASS,,DATASET_LEVEL_VERIFIED,CC BY-NC 3.0; dataset-level license and attribution file,https://github.com/karolpiczak/ESC-50; meta/esc50.csv; src_file=62226 take=A,unknown,PRESENT,24000,1,float32,5.000000000,preserve_full_short_source,0.000000000,5.000000000,,active_rms_v1,-14.994358260,-24.000000127,0.794348776,0.281662554,-9.005641740,false,true
ESC-50:72695,laughing,ESC-50,laughing,72695,esc50:72695,ESC-50:esc50:72695,/home/leiyuxin/soundspaces/source_assets/clsdoa_v1/raw/esc50/ESC-50-master/audio/1-72695-A-26.wav,/home/leiyuxin/soundspaces/source_assets/clsdoa_v1/prepared/source_pool_pilot_001/wav/laughing/esc50__72695.wav,wav/laughing/esc50__72695.wav,62911f3934e7f7c09dfe760e563b4f6a17875a1342eda9f1b3a4426c941ff84f,49bdfffdc0010280e5642622bba3a7c93604d6daa18f7364da77cb3d211252ce,00e40dabc61f55f7b41edb89a6690f1dc12c69321eb14c7272fb57d286f97e9a,train,clsdoa_source_split_v2_stratified,ACCEPT,EXACT,AUTO_PASS,,DATASET_LEVEL_VERIFIED,CC BY-NC 3.0; dataset-level license and attribution file,https://github.com/karolpiczak/ESC-50; meta/esc50.csv; src_file=72695 take=A,unknown,PRESENT,24000,1,float32,5.000000000,preserve_full_short_source,0.000000000,5.000000000,,active_rms_v1,-14.383379143,-24.000000127,0.949391901,0.313772231,-9.616620857,false,true
ESC-50:73123,laughing,ESC-50,laughing,73123,esc50:73123,ESC-50:esc50:73123,/home/leiyuxin/soundspaces/source_assets/clsdoa_v1/raw/esc50/ESC-50-master/audio/1-73123-A-26.wav,/home/leiyuxin/soundspaces/source_assets/clsdoa_v1/prepared/source_pool_pilot_001/wav/laughing/esc50__73123.wav,wav/laughing/esc50__73123.wav,96eeb1f0dbdb7bacf7b343980ad702d5c39364eed3f4d139bd3e14bb9a7e643e,dbfd9a9b8e7677fc3ae209cf3b9757985111c84d9b598a73d5e57de26131d70e,8057fd399edeefc25205d97ef8577693154507e9be4fcd7c4663eb14a6ee59f7,test,clsdoa_source_split_v2_stratified,ACCEPT,EXACT,AUTO_PASS,,DATASET_LEVEL_VERIFIED,CC BY-NC 3.0; dataset-level license and attribution file,https://github.com/karolpiczak/ESC-50; meta/esc50.csv; src_file=73123 take=A,unknown,PRESENT,24000,1,float32,5.000000000,preserve_full_short_source,0.000000000,5.000000000,,active_rms_v1,-10.694759163,-23.999999102,1.030194521,0.222667694,-13.305240837,false,true
ESC-50:79769,laughing,ESC-50,laughing,79769,esc50:79769,ESC-50:esc50:79769,/home/leiyuxin/soundspaces/source_assets/clsdoa_v1/raw/esc50/ESC-50-master/audio/2-79769-A-26.wav,/home/leiyuxin/soundspaces/source_assets/clsdoa_v1/prepared/source_pool_pilot_001/wav/laughing/esc50__79769.wav,wav/laughing/esc50__79769.wav,b987bbfa82c31a1f4d3f0334e18a46adfc83cdc4d3bdf5da43fc2f12edd4e3f2,c880f6f3b91666ee35931a069c9ab713fca335035d3472689fb05c3043c7114c,ad612364637a6a7f546b1e4c0fb3eaaa516bead72ebc60ada09081017770abf1,train,clsdoa_source_split_v2_stratified,ACCEPT,EXACT,AUTO_PASS,,DATASET_LEVEL_VERIFIED,CC BY-NC 3.0; dataset-level license and attribution file,https://github.com/karolpiczak/ESC-50; meta/esc50.csv; src_file=79769 take=A,unknown,PRESENT,24000,1,float32,5.000000000,preserve_full_short_source,0.000000000,5.000000000,,active_rms_v1,-10.315031719,-24.000000127,1.025537610,0.212179378,-13.684968281,false,true
ESC-50:79775,laughing,ESC-50,laughing,79775,esc50:79775,ESC-50:esc50:79775,/home/leiyuxin/soundspaces/source_assets/clsdoa_v1/raw/esc50/ESC-50-master/audio/2-79775-A-26.wav,/home/leiyuxin/soundspaces/source_assets/clsdoa_v1/prepared/source_pool_pilot_001/wav/laughing/esc50__79775.wav,wav/laughing/esc50__79775.wav,344ae7aa173c99b02d7794804503f14525d42cb75a6f2d57190fe990d6b0dd70,8497c50e99f4ccd6c9a9bd38b0d5424c24790ca2863447e0bb9023bc32ace314,8ed1db1744128556b36925ec2e5fa2b85284304db5b7b015d72f6e94b1f9fc9b,test,clsdoa_source_split_v2_stratified,ACCEPT,EXACT,AUTO_PASS,,DATASET_LEVEL_VERIFIED,CC BY-NC 3.0; dataset-level license and attribution file,https://github.com/karolpiczak/ESC-50; meta/esc50.csv; src_file=79775 take=A,unknown,PRESENT,24000,1,float32,5.000000000,preserve_full_short_source,0.000000000,5.000000000,,active_rms_v1,-8.984522012,-24.000001153,0.972620785,0.172651216,-15.015477988,false,true
PSELD-selected FSD50K:101673,laughing,PSELD-selected FSD50K,Laughter,101673,fsd50k:101673,PSELD-selected FSD50K:fsd50k:101673,/home/leiyuxin/soundspaces/source_assets/clsdoa_v1/raw/pseld_fsd50k/extracted_audio/FSD50K.dev_audio/101673.wav,/home/leiyuxin/soundspaces/source_assets/clsdoa_v1/prepared/source_pool_pilot_001/wav/laughing/fsd50k__101673.wav,wav/laughing/fsd50k__101673.wav,ff658cc3dbda53a67fb6e2904da4bd6be7ad3a31e512b20dc741b510815dd08a,a656d608c1377070006f5602cc3400d8a8333579015a5817ea203a95b44d58c6,2696ed13053ae883b15cd80513660e4e9913462fe96dc3a60b18304b50b668d8,train,clsdoa_source_split_v2_stratified,ACCEPT,SEMANTIC_STRONG,AUTO_PASS,,DATASET_LEVEL_VERIFIED,http://creativecommons.org/licenses/sampling+/1.0/,PSELDNets 170-class crosswalk; SELD-Data-Generator _m_01j3sz.tsv; FSD50K clip 101673,likely_yes,PRESENT,24000,1,float32,1.436750000,preserve_full_short_source,0.000000000,1.436734694,,active_rms_v1,-9.377494361,-24.000000127,1.004511833,0.186564833,-14.622505639,false,true
PSELD-selected FSD50K:102839,laughing,PSELD-selected FSD50K,Laughter,102839,fsd50k:102839,PSELD-selected FSD50K:fsd50k:102839,/home/leiyuxin/soundspaces/source_assets/clsdoa_v1/raw/pseld_fsd50k/extracted_audio/FSD50K.dev_audio/102839.wav,/home/leiyuxin/soundspaces/source_assets/clsdoa_v1/prepared/source_pool_pilot_001/wav/laughing/fsd50k__102839.wav,wav/laughing/fsd50k__102839.wav,47cef4cfbaab39ac0ead3dd1126922dde7f7a9dd592d067f6b7c5f8695e97767,7f1627202a9015b88d8fc5287536b40f59b5dfc2123254d35380450eba871505,c98f4a6e16362fe6df85757f24f1f5ad9a0808d124136ce1fc3ef58683816965,train,clsdoa_source_split_v2_stratified,ACCEPT,SEMANTIC_STRONG,AUTO_PASS,,DATASET_LEVEL_VERIFIED,http://creativecommons.org/licenses/by/3.0/,PSELDNets 170-class crosswalk; SELD-Data-Generator _m_01j3sz.tsv; FSD50K clip 102839,likely_yes,PRESENT,24000,1,float32,5.000000000,deterministic_center,2.698866213,7.698866213,,active_rms_v1,-13.999146199,-24.000000127,0.792473614,0.250577539,-10.000853801,false,true
PSELD-selected FSD50K:103028,laughing,PSELD-selected FSD50K,Laughter,103028,fsd50k:103028,PSELD-selected FSD50K:fsd50k:103028,/home/leiyuxin/soundspaces/source_assets/clsdoa_v1/raw/pseld_fsd50k/extracted_audio/FSD50K.eval_audio/103028.wav,/home/leiyuxin/soundspaces/source_assets/clsdoa_v1/prepared/source_pool_pilot_001/wav/laughing/fsd50k__103028.wav,wav/laughing/fsd50k__103028.wav,6ca357b18287dd920638f15b3a3c9de395328826d629418ef3cf9fb36727d61e,20c7a667b9d5d983a8dee549af2f16844fd79a58fcd201675ac484b4cc431b86,6df58058b5cfafa0b9c86823be0e99a9df5044b165d4b56a6c34c7122ade92f9,test,clsdoa_source_split_v2_stratified,ACCEPT,SEMANTIC_STRONG,AUTO_PASS,,DATASET_LEVEL_VERIFIED,http://creativecommons.org/licenses/by-nc/3.0/,PSELDNets 170-class crosswalk; SELD-Data-Generator _m_01j3sz.tsv; FSD50K clip 103028,likely_yes,PRESENT,24000,1,float32,3.160833333,preserve_full_short_source,0.000000000,3.160816327,,active_rms_v1,-19.563183088,-24.000000127,0.425487459,0.255297124,-4.436816912,false,true
PSELD-selected FSD50K:103592,laughing,PSELD-selected FSD50K,Laughter,103592,fsd50k:103592,PSELD-selected FSD50K:fsd50k:103592,/home/leiyuxin/soundspaces/source_assets/clsdoa_v1/raw/pseld_fsd50k/extracted_audio/FSD50K.dev_audio/103592.wav,/home/leiyuxin/soundspaces/source_assets/clsdoa_v1/prepared/source_pool_pilot_001/wav/laughing/fsd50k__103592.wav,wav/laughing/fsd50k__103592.wav,b4fab193e53a9b190376aff1769019b0d193041daa31cf30465ba0e1feee917e,73e2a45b2bb64efe75571970e092f1a9e2d5dc41ffebe7fef3c293c638d8d9f0,721e8651951de72e7257a93078f4bea3cefa38bb8901e32d298bf9f25199d94f,train,clsdoa_source_split_v2_stratified,ACCEPT,SEMANTIC_STRONG,AUTO_PASS,,DATASET_LEVEL_VERIFIED,http://creativecommons.org/licenses/by-nc/3.0/,PSELDNets 170-class crosswalk; SELD-Data-Generator _m_01j3sz.tsv; FSD50K clip 103592,likely_yes,PRESENT,24000,1,float32,4.487541667,preserve_full_short_source,0.000000000,4.487505669,,active_rms_v1,-15.557017658,-24.000000127,0.818639696,0.309701771,-8.442982342,false,true
PSELD-selected FSD50K:63738,printer,PSELD-selected FSD50K,Printer,63738,fsd50k:63738,PSELD-selected FSD50K:fsd50k:63738,/home/leiyuxin/soundspaces/source_assets/clsdoa_v1/raw/pseld_fsd50k/extracted_audio/FSD50K.dev_audio/63738.wav,/home/leiyuxin/soundspaces/source_assets/clsdoa_v1/prepared/source_pool_pilot_001/wav/printer/fsd50k__63738.wav,wav/printer/fsd50k__63738.wav,68c77cbed177a3461d50f4a2ec4c617e37b8c31e26f2d12f295e9a3d3e74424f,084c810378c7abf86691fcee13b861af9e52470a768aa01cfcfaf253f531c791,749e56e0a701ec33da476964ad3f215f86fceec8ff5ebc3ce4bd75dd255e7adf,test,clsdoa_source_split_v2_stratified,ACCEPT,EXACT,AUTO_PASS,,DATASET_LEVEL_VERIFIED,http://creativecommons.org/licenses/by/3.0/,PSELDNets 170-class crosswalk; SELD-Data-Generator _m_01m4t.tsv; FSD50K clip 63738,likely_yes,PRESENT,24000,1,float32,5.000000000,deterministic_center,12.162675737,17.162675737,,active_rms_v1,-15.290752256,-24.000000127,0.708891094,0.260086089,-8.709247744,false,true
PSELD-selected FSD50K:388608,printer,PSELD-selected FSD50K,Printer,388608,fsd50k:388608,PSELD-selected FSD50K:fsd50k:388608,/home/leiyuxin/soundspaces/source_assets/clsdoa_v1/raw/pseld_fsd50k/extracted_audio/FSD50K.dev_audio/388608.wav,/home/leiyuxin/soundspaces/source_assets/clsdoa_v1/prepared/source_pool_pilot_001/wav/printer/fsd50k__388608.wav,wav/printer/fsd50k__388608.wav,3cebc6f57df9a5c4c3272e7e047c48ffb3434cd260ee7acd4d082df7d6f2f175,068ed89d25134e947143d6f681484c448165cdde4e1be8e9d0f8b31dd598dc4c,0b8ab04b0fa83807aa16ad844e551ff06cc0e76410ce3ec1a0331145fb9c05fc,train,clsdoa_source_split_v2_stratified,ACCEPT,EXACT,AUTO_PASS,,DATASET_LEVEL_VERIFIED,http://creativecommons.org/publicdomain/zero/1.0/,PSELDNets 170-class crosswalk; SELD-Data-Generator _m_01m4t.tsv; FSD50K clip 388608,likely_yes,PRESENT,24000,1,float32,5.000000000,deterministic_center,10.696666667,15.696666667,,active_rms_v1,-21.018514988,-24.000001153,0.338526815,0.240170032,-2.981485012,false,true
PSELD-selected FSD50K:186250,printer,PSELD-selected FSD50K,Printer,186250,fsd50k:186250,PSELD-selected FSD50K:fsd50k:186250,/home/leiyuxin/soundspaces/source_assets/clsdoa_v1/raw/pseld_fsd50k/extracted_audio/FSD50K.dev_audio/186250.wav,/home/leiyuxin/soundspaces/source_assets/clsdoa_v1/prepared/source_pool_pilot_001/wav/printer/fsd50k__186250.wav,wav/printer/fsd50k__186250.wav,0a1f1bbc127b4e1642d1c85c7f4b9795a1552daf4c372a4f835d268de53807ca,c95d574ac8cdec37af8a9d382585d30a6e9dedf423d16c2e52583d10a58f0d30,3bbbad6f89422e66ccfe31f99779207e05c3cb2a6f533ce2c28d973d77a08e06,train,clsdoa_source_split_v2_stratified,ACCEPT,EXACT,AUTO_PASS,,DATASET_LEVEL_VERIFIED,http://creativecommons.org/licenses/by/3.0/,PSELDNets 170-class crosswalk; SELD-Data-Generator _m_01m4t.tsv; FSD50K clip 186250,likely_yes,PRESENT,24000,1,float32,5.000000000,deterministic_center,10.283333333,15.283333333,,active_rms_v1,-13.417443446,-24.000000127,1.031140685,0.304922938,-10.582556554,false,true
PSELD-selected FSD50K:76744,printer,PSELD-selected FSD50K,Printer,76744,fsd50k:76744,PSELD-selected FSD50K:fsd50k:76744,/home/leiyuxin/soundspaces/source_assets/clsdoa_v1/raw/pseld_fsd50k/extracted_audio/FSD50K.eval_audio/76744.wav,/home/leiyuxin/soundspaces/source_assets/clsdoa_v1/prepared/source_pool_pilot_001/wav/printer/fsd50k__76744.wav,wav/printer/fsd50k__76744.wav,000038b84f3948d5a904be6d05e7dc549b28e6fe49065a228ea0e549b87ac2d6,f53daf2dc0dc2fa7197082308843bea4c550c6b121bda7198b5725d44acea2d2,d412dce215c857d08a447c84ba83fcdfc6b2b14550acceb27eb23c4177aabb6e,test,clsdoa_source_split_v2_stratified,ACCEPT,EXACT,AUTO_PASS,,DATASET_LEVEL_VERIFIED,http://creativecommons.org/licenses/by-nc/3.0/,PSELDNets 170-class crosswalk; SELD-Data-Generator _m_01m4t.tsv; FSD50K clip 76744,likely_yes,PRESENT,24000,1,float32,5.000000000,deterministic_center,3.485260771,8.485260771,,active_rms_v1,-19.129141664,-24.000000127,0.378546357,0.216060877,-4.870858336,false,true
PSELD-selected FSD50K:232555,printer,PSELD-selected FSD50K,Printer,232555,fsd50k:232555,PSELD-selected FSD50K:fsd50k:232555,/home/leiyuxin/soundspaces/source_assets/clsdoa_v1/raw/pseld_fsd50k/extracted_audio/FSD50K.dev_audio/232555.wav,/home/leiyuxin/soundspaces/source_assets/clsdoa_v1/prepared/source_pool_pilot_001/wav/printer/fsd50k__232555.wav,wav/printer/fsd50k__232555.wav,7873b54ace0b01b0d3d8b4d25bf9f39bc887035d3ff6a4433d057f7058420614,62d4e4b0e1291377e614972e19ebfb9fea2c38a8e3e476aeee4453cbfe418f70,e9731d18ad0e740e591a29d007bae984c7504ebd6c9fd74c5c0f41226ffb480e,train,clsdoa_source_split_v2_stratified,ACCEPT,EXACT,AUTO_PASS,,DATASET_LEVEL_VERIFIED,http://creativecommons.org/publicdomain/zero/1.0/,PSELDNets 170-class crosswalk; SELD-Data-Generator _m_01m4t.tsv; FSD50K clip 232555,likely_yes,PRESENT,24000,1,float32,5.000000000,deterministic_center,3.008185941,8.008185941,,active_rms_v1,-23.543995208,-24.000000127,0.198262826,0.188122630,-0.456004792,false,true
PSELD-selected FSD50K:47818,printer,PSELD-selected FSD50K,Printer,47818,fsd50k:47818,PSELD-selected FSD50K:fsd50k:47818,/home/leiyuxin/soundspaces/source_assets/clsdoa_v1/raw/pseld_fsd50k/extracted_audio/FSD50K.dev_audio/47818.wav,/home/leiyuxin/soundspaces/source_assets/clsdoa_v1/prepared/source_pool_pilot_001/wav/printer/fsd50k__47818.wav,wav/printer/fsd50k__47818.wav,04f12c10c26154fed9733697ec1f703482d3c83f199c32abf8e9a0699959cb01,c2d2b8a05d171d04c90c1c9ff4fc2388e3fabbcf8c80ead1a9ced8553a8244f3,4372ea72ba2edc50db61f2ebc7a0abf40e090c80e2617284964a6491fa554255,train,clsdoa_source_split_v2_stratified,ACCEPT,EXACT,AUTO_PASS,,DATASET_LEVEL_VERIFIED,http://creativecommons.org/licenses/sampling+/1.0/,PSELDNets 170-class crosswalk; SELD-Data-Generator _m_01m4t.tsv; FSD50K clip 47818,likely_yes,PRESENT,24000,1,float32,5.000000000,deterministic_center,3.357596372,8.357596372,,active_rms_v1,-12.557442177,-24.000001153,0.913736045,0.244733185,-11.442557823,false,true
PSELD-selected FSD50K:424389,printer,PSELD-selected FSD50K,Printer,424389,fsd50k:424389,PSELD-selected FSD50K:fsd50k:424389,/home/leiyuxin/soundspaces/source_assets/clsdoa_v1/raw/pseld_fsd50k/extracted_audio/FSD50K.dev_audio/424389.wav,/home/leiyuxin/soundspaces/source_assets/clsdoa_v1/prepared/source_pool_pilot_001/wav/printer/fsd50k__424389.wav,wav/printer/fsd50k__424389.wav,318ff827bfd8f53ce4baf092701626c6a01170173da78245f587dd05bdae2740,d82226629f632950247586fe1875d7d5474bfaec30fcdee8b0d70b36a6e18032,c4d958ff8dc987e8b14ce72f388c32b8d296c457d91e1146f3f4b9b00a534534,test,clsdoa_source_split_v2_stratified,ACCEPT,EXACT,AUTO_PASS,,DATASET_LEVEL_VERIFIED,http://creativecommons.org/publicdomain/zero/1.0/,PSELDNets 170-class crosswalk; SELD-Data-Generator _m_01m4t.tsv; FSD50K clip 424389,likely_yes,PRESENT,24000,1,float32,5.000000000,deterministic_center,7.005646259,12.005646259,,active_rms_v1,-14.591083402,-24.000001153,0.998694479,0.338054568,-9.408916598,false,true
PSELD-selected FSD50K:322125,printer,PSELD-selected FSD50K,Printer,322125,fsd50k:322125,PSELD-selected FSD50K:fsd50k:322125,/home/leiyuxin/soundspaces/source_assets/clsdoa_v1/raw/pseld_fsd50k/extracted_audio/FSD50K.dev_audio/322125.wav,/home/leiyuxin/soundspaces/source_assets/clsdoa_v1/prepared/source_pool_pilot_001/wav/printer/fsd50k__322125.wav,wav/printer/fsd50k__322125.wav,2350802c12104aafc6d643840713d7853379f36e90f1b598d0df0a6078381f29,345d1366e8212810816c2c215ebad0fd6ba5bc32e5da8760a5ef260673354252,1f6b6a0ce689e3c5752fd39097510329326808e6cdf6056eeb573814d09cd0a4,train,clsdoa_source_split_v2_stratified,ACCEPT,EXACT,AUTO_PASS,,DATASET_LEVEL_VERIFIED,http://creativecommons.org/licenses/by/3.0/,PSELDNets 170-class crosswalk; SELD-Data-Generator _m_01m4t.tsv; FSD50K clip 322125,likely_yes,PRESENT,24000,1,float32,5.000000000,deterministic_center,5.574988662,10.574988662,,active_rms_v1,-14.804188785,-24.000000127,0.642942190,0.223039284,-9.195811215,false,true
PSELD-selected FSD50K:267519,printer,PSELD-selected FSD50K,Printer,267519,fsd50k:267519,PSELD-selected FSD50K:fsd50k:267519,/home/leiyuxin/soundspaces/source_assets/clsdoa_v1/raw/pseld_fsd50k/extracted_audio/FSD50K.dev_audio/267519.wav,/home/leiyuxin/soundspaces/source_assets/clsdoa_v1/prepared/source_pool_pilot_001/wav/printer/fsd50k__267519.wav,wav/printer/fsd50k__267519.wav,01dc1f67adb2f64de91b3b33e471520ce41f1afc04b1798472bfd6f0751093fe,10716453276b5a850d260f6eca817d35b5be45edcd37f73d43220c1f2f394ecb,5b8a67fc00ba7ef6231339646231a1acf869b4ad221a39564a584e11a9040d36,val,clsdoa_source_split_v2_stratified,ACCEPT,EXACT,AUTO_PASS,,DATASET_LEVEL_VERIFIED,http://creativecommons.org/licenses/by/3.0/,PSELDNets 170-class crosswalk; SELD-Data-Generator _m_01m4t.tsv; FSD50K clip 267519,likely_yes,PRESENT,24000,1,float32,5.000000000,deterministic_center,11.572018141,16.572018141,,active_rms_v1,-29.711017701,-24.000001153,0.145723194,0.281241596,5.711017701,false,true
PSELD-selected FSD50K:17894,printer,PSELD-selected FSD50K,Printer,17894,fsd50k:17894,PSELD-selected FSD50K:fsd50k:17894,/home/leiyuxin/soundspaces/source_assets/clsdoa_v1/raw/pseld_fsd50k/extracted_audio/FSD50K.eval_audio/17894.wav,/home/leiyuxin/soundspaces/source_assets/clsdoa_v1/prepared/source_pool_pilot_001/wav/printer/fsd50k__17894.wav,wav/printer/fsd50k__17894.wav,3b39f3dd3b2020d3505e383ee9b06f536fd11e68f8c4b3f3a700b3f9fa23b2b7,da460aa6aaad71ee93b0f2ea466184ce6a938d43bb09867792899594c2ac3574,8eb598d2422be68234addf246198498856aa40231a1d11aea0cc96d189969000,train,clsdoa_source_split_v2_stratified,ACCEPT,EXACT,AUTO_PASS,,DATASET_LEVEL_VERIFIED,http://creativecommons.org/licenses/by-nc/3.0/,PSELDNets 170-class crosswalk; SELD-Data-Generator _m_01m4t.tsv; FSD50K clip 17894,likely_yes,PRESENT,24000,1,float32,5.000000000,deterministic_center,0.657913832,5.657913832,,active_rms_v1,-31.296694615,-24.000000127,0.088094659,0.204072401,7.296694615,false,true
PSELD-selected FSD50K:258148,printer,PSELD-selected FSD50K,Printer,258148,fsd50k:258148,PSELD-selected FSD50K:fsd50k:258148,/home/leiyuxin/soundspaces/source_assets/clsdoa_v1/raw/pseld_fsd50k/extracted_audio/FSD50K.eval_audio/258148.wav,/home/leiyuxin/soundspaces/source_assets/clsdoa_v1/prepared/source_pool_pilot_001/wav/printer/fsd50k__258148.wav,wav/printer/fsd50k__258148.wav,d05a0fa6eb6102cba11654411a611388d783863ad0df75fad00f14a853eacf00,770e748b86034492c506b4fd9fd95c5d059f99634d14c5556e138bcd334a0be4,463e87530ee6c228e3f7bda176e33b39c16d203cec7a8900746905762bd7a348,train,clsdoa_source_split_v2_stratified,ACCEPT,EXACT,AUTO_PASS,,DATASET_LEVEL_VERIFIED,http://creativecommons.org/publicdomain/zero/1.0/,PSELDNets 170-class crosswalk; SELD-Data-Generator _m_01m4t.tsv; FSD50K clip 258148,likely_yes,PRESENT,24000,1,float32,5.000000000,deterministic_center,2.437142857,7.437142857,,active_rms_v1,-24.622291100,-24.000000127,0.276198298,0.296712309,0.622291100,false,true
PSELD-selected FSD50K:114305,printer,PSELD-selected FSD50K,Printer,114305,fsd50k:114305,PSELD-selected FSD50K:fsd50k:114305,/home/leiyuxin/soundspaces/source_assets/clsdoa_v1/raw/pseld_fsd50k/extracted_audio/FSD50K.eval_audio/114305.wav,/home/leiyuxin/soundspaces/source_assets/clsdoa_v1/prepared/source_pool_pilot_001/wav/printer/fsd50k__114305.wav,wav/printer/fsd50k__114305.wav,dacc824b67eb39cfc6802dd571fe14f0b2c8dcb80953a85bce33b804b70c176e,5047305af048bf1686858d02310e4931d9fa0a8bef301e5179a40e5834a048cd,1fb2e26d8a774719452a36b0eb833fe91094a655c55825efbe3556a2e4e80c89,train,clsdoa_source_split_v2_stratified,ACCEPT,EXACT,AUTO_PASS,,DATASET_LEVEL_VERIFIED,http://creativecommons.org/licenses/by/3.0/,PSELDNets 170-class crosswalk; SELD-Data-Generator _m_01m4t.tsv; FSD50K clip 114305,likely_yes,PRESENT,24000,1,float32,5.000000000,deterministic_center,8.170884354,13.170884354,,active_rms_v1,-39.551083355,-24.000000127,0.058750708,0.352019936,15.551083355,false,true
PSELD-selected FSD50K:256898,printer,PSELD-selected FSD50K,Printer,256898,fsd50k:256898,PSELD-selected FSD50K:fsd50k:256898,/home/leiyuxin/soundspaces/source_assets/clsdoa_v1/raw/pseld_fsd50k/extracted_audio/FSD50K.eval_audio/256898.wav,/home/leiyuxin/soundspaces/source_assets/clsdoa_v1/prepared/source_pool_pilot_001/wav/printer/fsd50k__256898.wav,wav/printer/fsd50k__256898.wav,f711c903f9c44df94132cf2bdcba37cc08a5fc349b0d91cdb09cbec0d95c6a23,f36e20c33a3051caaff93425a1084b53a0713d64de321080a1d45d19e4655371,78038afb9a8ad9afce3b474f2abfbe6d10f5919acabcc337114d1954861a32a6,train,clsdoa_source_split_v2_stratified,ACCEPT,EXACT,AUTO_PASS,,DATASET_LEVEL_VERIFIED,http://creativecommons.org/licenses/by/3.0/,PSELDNets 170-class crosswalk; SELD-Data-Generator _m_01m4t.tsv; FSD50K clip 256898,likely_yes,PRESENT,24000,1,float32,5.000000000,deterministic_center,11.910521542,16.910521542,,active_rms_v1,-21.384055514,-24.000001153,0.420764416,0.311344892,-2.615944486,false,true
PSELD-selected FSD50K:185312,printer,PSELD-selected FSD50K,Printer,185312,fsd50k:185312,PSELD-selected FSD50K:fsd50k:185312,/home/leiyuxin/soundspaces/source_assets/clsdoa_v1/raw/pseld_fsd50k/extracted_audio/FSD50K.eval_audio/185312.wav,/home/leiyuxin/soundspaces/source_assets/clsdoa_v1/prepared/source_pool_pilot_001/wav/printer/fsd50k__185312.wav,wav/printer/fsd50k__185312.wav,ef50c29bdde0ae427f814cfe2898e35f62dd080cb48510bffc6250fe168d8eec,c566dc96324a2232c158b9215d6b4a5856b13ce84ba539e172247931c2b143ea,15adf6f4981d323f2df534372bc612fd3f2445993a8b7e97195aedad47419721,train,clsdoa_source_split_v2_stratified,ACCEPT,EXACT,AUTO_PASS,,DATASET_LEVEL_VERIFIED,http://creativecommons.org/licenses/by/3.0/,PSELDNets 170-class crosswalk; SELD-Data-Generator _m_01m4t.tsv; FSD50K clip 185312,likely_yes,PRESENT,24000,1,float32,5.000000000,deterministic_center,0.721519274,5.721519274,,active_rms_v1,-46.839432141,-24.000000127,0.017276788,0.239571199,22.839432141,false,true
PSELD-selected FSD50K:232520,printer,PSELD-selected FSD50K,Printer,232520,fsd50k:232520,PSELD-selected FSD50K:fsd50k:232520,/home/leiyuxin/soundspaces/source_assets/clsdoa_v1/raw/pseld_fsd50k/extracted_audio/FSD50K.dev_audio/232520.wav,/home/leiyuxin/soundspaces/source_assets/clsdoa_v1/prepared/source_pool_pilot_001/wav/printer/fsd50k__232520.wav,wav/printer/fsd50k__232520.wav,109ada3dc5fa17278341f97c5ad2226b43108507964bf680c1138059b7b2eb93,ca3d87f3d75c92f7144e59e23688d4ce76b14ba8871b2ee9121c211d00004570,83125aa19284b654e13db8171ce487d305a64162dd7e8b39bf71fa8eaa503c7d,train,clsdoa_source_split_v2_stratified,ACCEPT,EXACT,AUTO_PASS,,DATASET_LEVEL_VERIFIED,http://creativecommons.org/publicdomain/zero/1.0/,PSELDNets 170-class crosswalk; SELD-Data-Generator _m_01m4t.tsv; FSD50K clip 232520,likely_yes,PRESENT,24000,1,float32,4.154333333,preserve_full_short_source,0.000000000,4.154308390,,active_rms_v1,-22.857602897,-24.000000127,0.293617457,0.257431686,-1.142397103,false,true
PSELD-selected FSD50K:19335,printer,PSELD-selected FSD50K,Printer,19335,fsd50k:19335,PSELD-selected FSD50K:fsd50k:19335,/home/leiyuxin/soundspaces/source_assets/clsdoa_v1/raw/pseld_fsd50k/extracted_audio/FSD50K.dev_audio/19335.wav,/home/leiyuxin/soundspaces/source_assets/clsdoa_v1/prepared/source_pool_pilot_001/wav/printer/fsd50k__19335.wav,wav/printer/fsd50k__19335.wav,606d12cdbdde16280ddadf077ff8e881f7b157aa7377c4fe9cf82bec1f65b46c,5f12816dd5004d4bdf8c492280997ecf35b841e2d71be6c705fc7d924b3158de,ddd240eac2bdabdc6e65286cf1fc480bb90ff27a58986eda7b680550b43bff55,train,clsdoa_source_split_v2_stratified,ACCEPT,EXACT,AUTO_PASS,,DATASET_LEVEL_VERIFIED,http://creativecommons.org/licenses/by/3.0/,PSELDNets 170-class crosswalk; SELD-Data-Generator _m_01m4t.tsv; FSD50K clip 19335,likely_yes,PRESENT,24000,1,float32,5.000000000,deterministic_center,3.062494331,8.062494331,,active_rms_v1,-23.336114436,-24.000000127,0.416712642,0.386048973,-0.663885564,false,true
PSELD-selected FSD50K:46231,printer,PSELD-selected FSD50K,Printer,46231,fsd50k:46231,PSELD-selected FSD50K:fsd50k:46231,/home/leiyuxin/soundspaces/source_assets/clsdoa_v1/raw/pseld_fsd50k/extracted_audio/FSD50K.dev_audio/46231.wav,/home/leiyuxin/soundspaces/source_assets/clsdoa_v1/prepared/source_pool_pilot_001/wav/printer/fsd50k__46231.wav,wav/printer/fsd50k__46231.wav,279754c0e546fb2aa7646a6062c22d79ffade257eb1201c9c573f43363f3ef6d,b18f307949f12b7dc6d72c87dedd74cf495d433b24f894a460a8cde41f7c63a7,f086634c9d3f4a5e03f001cbec2840cd8da35c6c1027d078768f1c5d84856acc,train,clsdoa_source_split_v2_stratified,ACCEPT,EXACT,AUTO_PASS,,DATASET_LEVEL_VERIFIED,http://creativecommons.org/licenses/by/3.0/,PSELDNets 170-class crosswalk; SELD-Data-Generator _m_01m4t.tsv; FSD50K clip 46231,likely_yes,PRESENT,24000,1,float32,5.000000000,deterministic_center,9.960408163,14.960408163,,active_rms_v1,-28.971280204,-24.000000127,0.222222283,0.393868834,4.971280204,false,true
PSELD-selected FSD50K:388404,printer,PSELD-selected FSD50K,Printer,388404,fsd50k:388404,PSELD-selected FSD50K:fsd50k:388404,/home/leiyuxin/soundspaces/source_assets/clsdoa_v1/raw/pseld_fsd50k/extracted_audio/FSD50K.eval_audio/388404.wav,/home/leiyuxin/soundspaces/source_assets/clsdoa_v1/prepared/source_pool_pilot_001/wav/printer/fsd50k__388404.wav,wav/printer/fsd50k__388404.wav,7e6caa61b960d98f84493715ee313b1ffd4a4d21f81a293c99397d43a488fdb1,abde24cca4ba5c8746637b0e1818d07ed48e70305faafadd0a698e34fbafa1b6,6d9e3eb89bd0fa6b8cc485c9a3c95be54b3183c8b39b34c70bc35189693711dc,train,clsdoa_source_split_v2_stratified,ACCEPT,EXACT,AUTO_PASS,,DATASET_LEVEL_VERIFIED,http://creativecommons.org/licenses/by/3.0/,PSELDNets 170-class crosswalk; SELD-Data-Generator _m_01m4t.tsv; FSD50K clip 388404,likely_yes,PRESENT,24000,1,float32,5.000000000,deterministic_center,6.724829932,11.724829932,,active_rms_v1,-22.252059079,-24.000000127,0.452796817,0.370259583,-1.747940921,false,true
PSELD-selected FSD50K:377081,printer,PSELD-selected FSD50K,Printer,377081,fsd50k:377081,PSELD-selected FSD50K:fsd50k:377081,/home/leiyuxin/soundspaces/source_assets/clsdoa_v1/raw/pseld_fsd50k/extracted_audio/FSD50K.eval_audio/377081.wav,/home/leiyuxin/soundspaces/source_assets/clsdoa_v1/prepared/source_pool_pilot_001/wav/printer/fsd50k__377081.wav,wav/printer/fsd50k__377081.wav,3bd55bead4d19fd799b4bec373f7c02bd8d45cc535a52d55a55dc535941ea52e,bbfe8896a6ef3faff123e4be7c9a5d93efd3ebd77d2d9b01511ed542bcdeeb60,f1f54d03cc79f2912f298aa2887406b8d519a8474f730c940c64a66bdd38ede5,train,clsdoa_source_split_v2_stratified,ACCEPT,EXACT,AUTO_PASS,,DATASET_LEVEL_VERIFIED,http://creativecommons.org/publicdomain/zero/1.0/,PSELDNets 170-class crosswalk; SELD-Data-Generator _m_01m4t.tsv; FSD50K clip 377081,likely_yes,PRESENT,24000,1,float32,5.000000000,deterministic_center,9.643333333,14.643333333,,active_rms_v1,-16.864630732,-24.000000127,0.883844376,0.388693541,-7.135369268,false,true
PSELD-selected FSD50K:345054,printer,PSELD-selected FSD50K,Printer,345054,fsd50k:345054,PSELD-selected FSD50K:fsd50k:345054,/home/leiyuxin/soundspaces/source_assets/clsdoa_v1/raw/pseld_fsd50k/extracted_audio/FSD50K.dev_audio/345054.wav,/home/leiyuxin/soundspaces/source_assets/clsdoa_v1/prepared/source_pool_pilot_001/wav/printer/fsd50k__345054.wav,wav/printer/fsd50k__345054.wav,3203afa00e6f769ca4531dc674b02bd5097419a7190457e4306c15678dd3064b,1fd6c9c84775c4524e2fd5a5700fd83c4279fc554f1c61814b10952158729872,83330f99497eb4bdb20b7006b06f6f13a4b6aec71adeeb90ecb3151ff23858a6,train,clsdoa_source_split_v2_stratified,ACCEPT,EXACT,AUTO_PASS,,DATASET_LEVEL_VERIFIED,http://creativecommons.org/publicdomain/zero/1.0/,PSELDNets 170-class crosswalk; SELD-Data-Generator _m_01m4t.tsv; FSD50K clip 345054,likely_yes,PRESENT,24000,1,float32,5.000000000,deterministic_center,1.999024943,6.999024943,,active_rms_v1,-19.136259090,-24.000000127,0.455460221,0.260173708,-4.863740910,false,true
PSELD-selected FSD50K:31987,printer,PSELD-selected FSD50K,Printer,31987,fsd50k:31987,PSELD-selected FSD50K:fsd50k:31987,/home/leiyuxin/soundspaces/source_assets/clsdoa_v1/raw/pseld_fsd50k/extracted_audio/FSD50K.eval_audio/31987.wav,/home/leiyuxin/soundspaces/source_assets/clsdoa_v1/prepared/source_pool_pilot_001/wav/printer/fsd50k__31987.wav,wav/printer/fsd50k__31987.wav,fbc1b67970e0362d52f7d06c4bebf791d23eabaeb1da3b98d4a23658e94974f8,6f9368b28328b2c0dbc4207c9660acb8842a6b427e319cea4186c7daec8922b5,bb320951eac572cd6c2314020ea88aae10e4ed84252357898488dcbd4bd9f5d1,test,clsdoa_source_split_v2_stratified,ACCEPT,EXACT,AUTO_PASS,,DATASET_LEVEL_VERIFIED,http://creativecommons.org/licenses/by/3.0/,PSELDNets 170-class crosswalk; SELD-Data-Generator _m_01m4t.tsv; FSD50K clip 31987,likely_yes,PRESENT,24000,1,float32,5.000000000,deterministic_center,5.282244898,10.282244898,,active_rms_v1,-10.314168511,-24.000000127,1.022794843,0.211590871,-13.685831489,false,true
PSELD-selected FSD50K:217181,printer,PSELD-selected FSD50K,Printer,217181,fsd50k:217181,PSELD-selected FSD50K:fsd50k:217181,/home/leiyuxin/soundspaces/source_assets/clsdoa_v1/raw/pseld_fsd50k/extracted_audio/FSD50K.eval_audio/217181.wav,/home/leiyuxin/soundspaces/source_assets/clsdoa_v1/prepared/source_pool_pilot_001/wav/printer/fsd50k__217181.wav,wav/printer/fsd50k__217181.wav,4f6a24938c60cb993808df18c113c996279fc596431ccdb1936d48d683bede8c,df4ff6c7796b82e28d78acc3555f56d8a500c0368dbcb76bbe51428d5d91871a,6a7ab89d15e2ebaa783c962d3c4d7916d7c759b733fa5cbbe59c734262d4a332,val,clsdoa_source_split_v2_stratified,ACCEPT,EXACT,AUTO_PASS,,DATASET_LEVEL_VERIFIED,http://creativecommons.org/publicdomain/zero/1.0/,PSELDNets 170-class crosswalk; SELD-Data-Generator _m_01m4t.tsv; FSD50K clip 217181,likely_yes,PRESENT,24000,1,float32,5.000000000,deterministic_center,3.610498866,8.610498866,,active_rms_v1,-20.982295516,-24.000000127,0.395630181,0.279514402,-3.017704484,false,true
PSELD-selected FSD50K:345057,printer,PSELD-selected FSD50K,Printer,345057,fsd50k:345057,PSELD-selected FSD50K:fsd50k:345057,/home/leiyuxin/soundspaces/source_assets/clsdoa_v1/raw/pseld_fsd50k/extracted_audio/FSD50K.dev_audio/345057.wav,/home/leiyuxin/soundspaces/source_assets/clsdoa_v1/prepared/source_pool_pilot_001/wav/printer/fsd50k__345057.wav,wav/printer/fsd50k__345057.wav,ad6908bfb922d039cd7b60b7ccf4e8af96b2f9fbebca0dabdd2e0c2805f54fc0,0d498751e881b3ab22c72a7ca6f4413b2a7bf033d823247dd4f5ee76aa0da006,82d212bc56cea926dbf7859854d5aabfc54e2a3cbd98d4494fabb08f3cce31b2,train,clsdoa_source_split_v2_stratified,ACCEPT,EXACT,AUTO_PASS,,DATASET_LEVEL_VERIFIED,http://creativecommons.org/publicdomain/zero/1.0/,PSELDNets 170-class crosswalk; SELD-Data-Generator _m_01m4t.tsv; FSD50K clip 345057,likely_yes,PRESENT,24000,1,float32,5.000000000,deterministic_center,1.175736961,6.175736961,,active_rms_v1,-19.078510893,-24.000000127,0.459478259,0.260729700,-4.921489107,false,true
PSELD-selected FSD50K:345055,printer,PSELD-selected FSD50K,Printer,345055,fsd50k:345055,PSELD-selected FSD50K:fsd50k:345055,/home/leiyuxin/soundspaces/source_assets/clsdoa_v1/raw/pseld_fsd50k/extracted_audio/FSD50K.dev_audio/345055.wav,/home/leiyuxin/soundspaces/source_assets/clsdoa_v1/prepared/source_pool_pilot_001/wav/printer/fsd50k__345055.wav,wav/printer/fsd50k__345055.wav,bdaca5ecd573df19f8495fa9f2608739127df3a369b451998b94aba65c3ebe06,e1c9a2b0edbf3456e3ff8f9e79ad24e10393e0ffdc46aaf48e09468413fb9c7f,5cf63f9aa624be4eda56efca220fb252b48e811f3d33990b94d6400c6a9b212b,train,clsdoa_source_split_v2_stratified,ACCEPT,EXACT,AUTO_PASS,,DATASET_LEVEL_VERIFIED,http://creativecommons.org/publicdomain/zero/1.0/,PSELDNets 170-class crosswalk; SELD-Data-Generator _m_01m4t.tsv; FSD50K clip 345055,likely_yes,PRESENT,24000,1,float32,5.000000000,deterministic_center,0.887732426,5.887732426,,active_rms_v1,-18.662781689,-23.999999102,0.456023484,0.246675655,-5.337218311,false,true
PSELD-selected FSD50K:383879,printer,PSELD-selected FSD50K,Printer,383879,fsd50k:383879,PSELD-selected FSD50K:fsd50k:383879,/home/leiyuxin/soundspaces/source_assets/clsdoa_v1/raw/pseld_fsd50k/extracted_audio/FSD50K.eval_audio/383879.wav,/home/leiyuxin/soundspaces/source_assets/clsdoa_v1/prepared/source_pool_pilot_001/wav/printer/fsd50k__383879.wav,wav/printer/fsd50k__383879.wav,81f88ad7cf75af7e1fb80678787eb914c805573ce2bb8f1ff72f9a9c35e8f6fa,e34fe3b6c28a3cf51d2fdfcce8a990ac172972bba0e0dfab5b5fd98aca874288,7f6fc494f6aa43e7a6606233c04952c0b6ebc8d3d096257c19ea1e4038f0c2ba,val,clsdoa_source_split_v2_stratified,ACCEPT,EXACT,AUTO_PASS,,DATASET_LEVEL_VERIFIED,http://creativecommons.org/publicdomain/zero/1.0/,PSELDNets 170-class crosswalk; SELD-Data-Generator _m_01m4t.tsv; FSD50K clip 383879,likely_yes,PRESENT,24000,1,float32,5.000000000,deterministic_center,5.520839002,10.520839002,,active_rms_v1,-30.103219600,-24.000000127,0.165827975,0.334825695,6.103219600,false,true
PSELD-selected FSD50K:235249,printer,PSELD-selected FSD50K,Printer,235249,fsd50k:235249,PSELD-selected FSD50K:fsd50k:235249,/home/leiyuxin/soundspaces/source_assets/clsdoa_v1/raw/pseld_fsd50k/extracted_audio/FSD50K.dev_audio/235249.wav,/home/leiyuxin/soundspaces/source_assets/clsdoa_v1/prepared/source_pool_pilot_001/wav/printer/fsd50k__235249.wav,wav/printer/fsd50k__235249.wav,e1b08fc829b6664d05d6e9e5a917c68f58db22ebc074140b3514e15c3369abfd,c1c8e3cb4bc3b0d5b70def00512122cc4fbfe2dad9ec8b5c8de744ada59f7804,748c99098c458da56a976832b85d97fec6fae1bb29ced61ceacd33edd9df699d,train,clsdoa_source_split_v2_stratified,ACCEPT,EXACT,AUTO_PASS,,DATASET_LEVEL_VERIFIED,http://creativecommons.org/publicdomain/zero/1.0/,PSELDNets 170-class crosswalk; SELD-Data-Generator _m_01m4t.tsv; FSD50K clip 235249,likely_yes,PRESENT,24000,1,float32,5.000000000,deterministic_center,4.636371882,9.636371882,,active_rms_v1,-35.398841802,-24.000001153,0.101061031,0.375427276,11.398841802,false,true
PSELD-selected FSD50K:130055,printer,PSELD-selected FSD50K,Printer,130055,fsd50k:130055,PSELD-selected FSD50K:fsd50k:130055,/home/leiyuxin/soundspaces/source_assets/clsdoa_v1/raw/pseld_fsd50k/extracted_audio/FSD50K.dev_audio/130055.wav,/home/leiyuxin/soundspaces/source_assets/clsdoa_v1/prepared/source_pool_pilot_001/wav/printer/fsd50k__130055.wav,wav/printer/fsd50k__130055.wav,1541c60ca8123276e143362146cf883d7dc071492a73eedb374328640910f5c8,076fd315e5890f37d2adbeeb54af36f9b96fd07b8142a998b7ff832ed36a31d2,93b37872300c7de5fec11def32b504a0007ac0322460ba2fd30f4bf17399f9ef,train,clsdoa_source_split_v2_stratified,ACCEPT,EXACT,AUTO_PASS,,DATASET_LEVEL_VERIFIED,http://creativecommons.org/licenses/by-nc/3.0/,PSELDNets 170-class crosswalk; SELD-Data-Generator _m_01m4t.tsv; FSD50K clip 130055,likely_yes,PRESENT,24000,1,float32,5.000000000,deterministic_center,8.706031746,13.706031746,,active_rms_v1,-21.694914000,-24.000000127,0.385751694,0.295837700,-2.305086000,false,true
PSELD-selected FSD50K:145266,printer,PSELD-selected FSD50K,Printer,145266,fsd50k:145266,PSELD-selected FSD50K:fsd50k:145266,/home/leiyuxin/soundspaces/source_assets/clsdoa_v1/raw/pseld_fsd50k/extracted_audio/FSD50K.dev_audio/145266.wav,/home/leiyuxin/soundspaces/source_assets/clsdoa_v1/prepared/source_pool_pilot_001/wav/printer/fsd50k__145266.wav,wav/printer/fsd50k__145266.wav,29c2de15b4dca0832dd7353162397f50553544ffa9f439881fcea61449e81e5e,dda8728ca62faec271274b6d08f19dec945765b21c94f1caa72e2bdc6bcd011e,fc912fb15e86b5399ab64711d0bf2616ae2d7088aae727ee0bc7278a262d3ffc,train,clsdoa_source_split_v2_stratified,ACCEPT,EXACT,AUTO_PASS,,DATASET_LEVEL_VERIFIED,http://creativecommons.org/publicdomain/zero/1.0/,PSELDNets 170-class crosswalk; SELD-Data-Generator _m_01m4t.tsv; FSD50K clip 145266,likely_yes,PRESENT,24000,1,float32,5.000000000,deterministic_center,5.449251701,10.449251701,,active_rms_v1,-18.443491583,-24.000000127,0.595559359,0.314122945,-5.556508417,false,true
PSELD-selected FSD50K:182894,printer,PSELD-selected FSD50K,Printer,182894,fsd50k:182894,PSELD-selected FSD50K:fsd50k:182894,/home/leiyuxin/soundspaces/source_assets/clsdoa_v1/raw/pseld_fsd50k/extracted_audio/FSD50K.dev_audio/182894.wav,/home/leiyuxin/soundspaces/source_assets/clsdoa_v1/prepared/source_pool_pilot_001/wav/printer/fsd50k__182894.wav,wav/printer/fsd50k__182894.wav,9504302bc2606ceceec53d02ec28a6791d10764a3cc41661e4608a12ffa5956c,42eb12d08d11072f1c59d911be60acf1106ede5ce320703f957fc3852e31c304,c3459f889258e3774e516b129ca2cb8671e0a7ee88a8f8a11cb9eea19e73b69e,train,clsdoa_source_split_v2_stratified,ACCEPT,EXACT,AUTO_PASS,,DATASET_LEVEL_VERIFIED,http://creativecommons.org/publicdomain/zero/1.0/,PSELDNets 170-class crosswalk; SELD-Data-Generator _m_01m4t.tsv; FSD50K clip 182894,likely_yes,PRESENT,24000,1,float32,5.000000000,deterministic_center,1.467845805,6.467845805,,active_rms_v1,-16.130253686,-24.000000127,0.663365960,0.268080890,-7.869746314,false,true
PSELD-selected FSD50K:345056,printer,PSELD-selected FSD50K,Printer,345056,fsd50k:345056,PSELD-selected FSD50K:fsd50k:345056,/home/leiyuxin/soundspaces/source_assets/clsdoa_v1/raw/pseld_fsd50k/extracted_audio/FSD50K.dev_audio/345056.wav,/home/leiyuxin/soundspaces/source_assets/clsdoa_v1/prepared/source_pool_pilot_001/wav/printer/fsd50k__345056.wav,wav/printer/fsd50k__345056.wav,dd9cb7856f095ca893ded85d08085a185ebf899b33f5add826949c0d8bb6de13,73b68b9877fafcd847623837441d1547036e446e0ba43dbda8785967582be577,854809841539a5cf6252a738c2f4242c2414af68e22ce4b23e099c5cf5409b44,train,clsdoa_source_split_v2_stratified,ACCEPT,EXACT,AUTO_PASS,,DATASET_LEVEL_VERIFIED,http://creativecommons.org/publicdomain/zero/1.0/,PSELDNets 170-class crosswalk; SELD-Data-Generator _m_01m4t.tsv; FSD50K clip 345056,likely_yes,PRESENT,24000,1,float32,5.000000000,deterministic_center,0.320204082,5.320204082,,active_rms_v1,-18.817951443,-24.000001153,0.466396719,0.256834298,-5.182048557,false,true
PSELD-selected FSD50K:212038,printer,PSELD-selected FSD50K,Printer,212038,fsd50k:212038,PSELD-selected FSD50K:fsd50k:212038,/home/leiyuxin/soundspaces/source_assets/clsdoa_v1/raw/pseld_fsd50k/extracted_audio/FSD50K.eval_audio/212038.wav,/home/leiyuxin/soundspaces/source_assets/clsdoa_v1/prepared/source_pool_pilot_001/wav/printer/fsd50k__212038.wav,wav/printer/fsd50k__212038.wav,1bdc00f41c8f700efa60df39e161e533deb6acb941bbd0f7b29cc22fc1273b23,c98d768a0e18628b19fb059c910798e62b5d9dceabc59e0977b660e039375863,3fa20171878c26548986c3962752d881a7413528cc84679ae0a902da31ed2083,train,clsdoa_source_split_v2_stratified,ACCEPT,EXACT,AUTO_PASS,,DATASET_LEVEL_VERIFIED,http://creativecommons.org/publicdomain/zero/1.0/,PSELDNets 170-class crosswalk; SELD-Data-Generator _m_01m4t.tsv; FSD50K clip 212038,likely_yes,PRESENT,24000,1,float32,5.000000000,deterministic_center,8.881315193,13.881315193,,active_rms_v1,-26.907838147,-23.999999102,0.226011828,0.315880686,2.907838147,false,true
PSELD-selected FSD50K:130060,printer,PSELD-selected FSD50K,Printer,130060,fsd50k:130060,PSELD-selected FSD50K:fsd50k:130060,/home/leiyuxin/soundspaces/source_assets/clsdoa_v1/raw/pseld_fsd50k/extracted_audio/FSD50K.dev_audio/130060.wav,/home/leiyuxin/soundspaces/source_assets/clsdoa_v1/prepared/source_pool_pilot_001/wav/printer/fsd50k__130060.wav,wav/printer/fsd50k__130060.wav,30c6452998d4f33938e69abf73e5d7aacdd6f838f67740706853a8685e757732,6d7f821f12dbe40554586d751b8b8913d079e9ea0e397f87bdefba8201365838,ed0c443eb6674856884a4be4563847b22a9382361242172ba0072a8547ad1644,val,clsdoa_source_split_v2_stratified,ACCEPT,EXACT,AUTO_PASS,,DATASET_LEVEL_VERIFIED,http://creativecommons.org/licenses/by-nc/3.0/,PSELDNets 170-class crosswalk; SELD-Data-Generator _m_01m4t.tsv; FSD50K clip 130060,likely_yes,PRESENT,24000,1,float32,5.000000000,deterministic_center,7.050000000,12.050000000,,active_rms_v1,-19.198141182,-24.000000127,0.594755709,0.342172951,-4.801858818,false,true
PSELD-selected FSD50K:153389,printer,PSELD-selected FSD50K,Printer,153389,fsd50k:153389,PSELD-selected FSD50K:fsd50k:153389,/home/leiyuxin/soundspaces/source_assets/clsdoa_v1/raw/pseld_fsd50k/extracted_audio/FSD50K.eval_audio/153389.wav,/home/leiyuxin/soundspaces/source_assets/clsdoa_v1/prepared/source_pool_pilot_001/wav/printer/fsd50k__153389.wav,wav/printer/fsd50k__153389.wav,3db479e82be68f725161bede3fff0174ac938aec172fadade0ce0f64bbc0130d,938b9ee610b58ac4e57d641133de51f68124a61d5e0d8d1fcf02971dc8572efc,61512cd7f372f8e1f2d623816a2cff774a15760ede7a78a241ba7e2bece44f3e,val,clsdoa_source_split_v2_stratified,ACCEPT,EXACT,AUTO_PASS,,DATASET_LEVEL_VERIFIED,http://creativecommons.org/licenses/by/3.0/,PSELDNets 170-class crosswalk; SELD-Data-Generator _m_01m4t.tsv; FSD50K clip 153389,likely_yes,PRESENT,24000,1,float32,5.000000000,deterministic_center,0.540362812,5.540362812,,active_rms_v1,-14.918524253,-23.999999102,1.164484382,0.409317106,-9.081475747,false,true
PSELD-selected FSD50K:320008,printer,PSELD-selected FSD50K,Printer,320008,fsd50k:320008,PSELD-selected FSD50K:fsd50k:320008,/home/leiyuxin/soundspaces/source_assets/clsdoa_v1/raw/pseld_fsd50k/extracted_audio/FSD50K.eval_audio/320008.wav,/home/leiyuxin/soundspaces/source_assets/clsdoa_v1/prepared/source_pool_pilot_001/wav/printer/fsd50k__320008.wav,wav/printer/fsd50k__320008.wav,2ededd3abcc51c2bc11c9bf624aba8369e2a9c05777b21a445f3314c567d45bb,36e1fa8b5962455d0f7cae4add0179912054d392959c1aab9a21181220f823a8,d3cc584c4d6770a6c2a11720b4a9d0e0635b8f561a7bc133eb51e019b0600664,test,clsdoa_source_split_v2_stratified,ACCEPT,EXACT,AUTO_PASS,,DATASET_LEVEL_VERIFIED,http://creativecommons.org/publicdomain/zero/1.0/,PSELDNets 170-class crosswalk; SELD-Data-Generator _m_01m4t.tsv; FSD50K clip 320008,likely_yes,PRESENT,24000,1,float32,5.000000000,deterministic_center,7.191428571,12.191428571,,active_rms_v1,-17.445614747,-24.000000127,0.673105180,0.316492677,-6.554385253,false,true
DESED isolated foreground:367689,running_water,DESED isolated foreground,Running_water,367689,desed:train:367689,DESED:367689,/home/leiyuxin/soundspaces/source_assets/clsdoa_v1/raw/desed/extracted/audio/train/soundbank/foreground/Running_water/367689_1.wav,/home/leiyuxin/soundspaces/source_assets/clsdoa_v1/prepared/source_pool_pilot_001/wav/running_water/desed__train__367689.wav,wav/running_water/desed__train__367689.wav,247443ae49ea6e26d9a861e7f5a63e6731f02603d74e70dd535da09c3dd93f31,cbf2f01b6e20ff1a7d2f435c02bae519742c6d11a73342328f50866e0d681ab8,3c43f4e1f98b1c7401f0ee7bbb7a6d7639badbedcc0879b87d893dc2be082925,train,clsdoa_source_split_v2_stratified,ACCEPT,EXACT,AUTO_PASS,,PER_RECORDING_METADATA,http://creativecommons.org/publicdomain/zero/1.0/,DESED_synth_soundbank.tar.gz; audio/train/soundbank/foreground/Running_water/367689_1.wav ; official train license TSV,unknown,PRESENT,24000,1,float32,1.828458333,preserve_full_short_source,0.000000000,1.828458050,,active_rms_v1,-15.986606842,-24.000000127,0.673953891,0.267892480,-8.013393158,false,true
DESED isolated foreground:371615,running_water,DESED isolated foreground,Running_water,371615,desed:eval:371615,DESED:371615,/home/leiyuxin/soundspaces/source_assets/clsdoa_v1/raw/desed/extracted/audio/eval/soundbank/foreground/Running_water/371615_1.wav,/home/leiyuxin/soundspaces/source_assets/clsdoa_v1/prepared/source_pool_pilot_001/wav/running_water/desed__eval__371615.wav,wav/running_water/desed__eval__371615.wav,cd93201b0d61a1b1c162b23783da444b0d29cbfedc6e85958286cb20c2a26d17,69c4185e08b5f1fae82e903c4a27e9df84f4507993e9bac2978c9a1d8c6bc0ca,32811f1748d1b23b55016ce362b05c8595adb2ba6bb04d87eaf5d566e66f2714,train,clsdoa_source_split_v2_stratified,ACCEPT,EXACT,AUTO_PASS,,PER_RECORDING_METADATA,http://creativecommons.org/licenses/by/3.0/,DESED_synth_soundbank.tar.gz; audio/eval/soundbank/foreground/Running_water/371615_1.wav ; official eval license TSV,unknown,PRESENT,24000,1,float32,5.000000000,deterministic_center,0.346938776,5.346938776,,active_rms_v1,-11.278023375,-23.999999102,0.989625275,0.228755713,-12.721976625,false,true
DESED isolated foreground:371817,running_water,DESED isolated foreground,Running_water,371817,desed:train:371817,DESED:371817,/home/leiyuxin/soundspaces/source_assets/clsdoa_v1/raw/desed/extracted/audio/train/soundbank/foreground/Running_water/371817.wav,/home/leiyuxin/soundspaces/source_assets/clsdoa_v1/prepared/source_pool_pilot_001/wav/running_water/desed__train__371817.wav,wav/running_water/desed__train__371817.wav,ec64959677077c514e74c133a179d610e0d19079d1fd707c0a88a12341645846,bcb0456bca81831ca8094826c99ad6efeb0f869b7572712433027f85f392108c,0dc4034884bbbd1366010108d4500eb828d4e7589c9a222df7ad6bf54efd5d71,val,clsdoa_source_split_v2_stratified,ACCEPT,EXACT,AUTO_PASS,,PER_RECORDING_METADATA,http://creativecommons.org/publicdomain/zero/1.0/,DESED_synth_soundbank.tar.gz; audio/train/soundbank/foreground/Running_water/371817.wav ; official train license TSV,unknown,PRESENT,24000,1,float32,5.000000000,deterministic_center,0.344058957,5.344058957,,active_rms_v1,-26.966852342,-24.000000127,0.289635241,0.407562315,2.966852342,false,true
DESED isolated foreground:371918,running_water,DESED isolated foreground,Running_water,371918,desed:eval:371918,DESED:371918,/home/leiyuxin/soundspaces/source_assets/clsdoa_v1/raw/desed/extracted/audio/eval/soundbank/foreground/Running_water/371918.wav,/home/leiyuxin/soundspaces/source_assets/clsdoa_v1/prepared/source_pool_pilot_001/wav/running_water/desed__eval__371918.wav,wav/running_water/desed__eval__371918.wav,6cbc54b401bbdf630b84272f8b1dab76afd8a867c9cb0fa0accf3a725478d729,fe1a69f5b711c197e590807a540db1cc44e829f9ec727edeb880be4d351b6b70,f64b79cdc6b7d98bd868351d08ff32b5a44ed25cc3f1cdb276596e193b74f0c6,val,clsdoa_source_split_v2_stratified,ACCEPT,EXACT,AUTO_PASS,,PER_RECORDING_METADATA,http://creativecommons.org/publicdomain/zero/1.0/,DESED_synth_soundbank.tar.gz; audio/eval/soundbank/foreground/Running_water/371918.wav ; official eval license TSV,unknown,PRESENT,24000,1,float32,5.000000000,deterministic_center,1.142199546,6.142199546,,active_rms_v1,-45.158062948,-24.000000127,0.030523293,0.348766327,21.158062948,false,true
DESED isolated foreground:371920,running_water,DESED isolated foreground,Running_water,371920,desed:eval:371920,DESED:371920,/home/leiyuxin/soundspaces/source_assets/clsdoa_v1/raw/desed/extracted/audio/eval/soundbank/foreground/Running_water/371920_2.wav,/home/leiyuxin/soundspaces/source_assets/clsdoa_v1/prepared/source_pool_pilot_001/wav/running_water/desed__eval__371920.wav,wav/running_water/desed__eval__371920.wav,d819aeac06120bba43c91e982d99d12b7bc473a27c2f7989481dd02e6fa81da7,9649c772d068fbeb3b492f49ba6b9ae6136adf1d2064323e13855ac8ce0a857b,d9f3c94b48441dfccc040ab0396329eed8e3159479c8f95b05052bf89324958e,train,clsdoa_source_split_v2_stratified,ACCEPT,EXACT,AUTO_PASS,,PER_RECORDING_METADATA,http://creativecommons.org/publicdomain/zero/1.0/,DESED_synth_soundbank.tar.gz; audio/eval/soundbank/foreground/Running_water/371920_2.wav ; official eval license TSV,unknown,PRESENT,24000,1,float32,0.676083333,preserve_full_short_source,0.000000000,0.676054422,,active_rms_v1,-33.753455052,-24.000000127,0.101123251,0.310830623,9.753455052,false,true
DESED isolated foreground:405200,running_water,DESED isolated foreground,Running_water,405200,desed:train:405200,DESED:405200,/home/leiyuxin/soundspaces/source_assets/clsdoa_v1/raw/desed/extracted/audio/train/soundbank/foreground/Running_water/405200_1.wav,/home/leiyuxin/soundspaces/source_assets/clsdoa_v1/prepared/source_pool_pilot_001/wav/running_water/desed__train__405200.wav,wav/running_water/desed__train__405200.wav,9e4c2f3c34ba6c2bbc68e0b958e13a278565485ff45d5e8d04cf055b5e4917f4,29f39c6b3b5dd483d2228e5c45edcc1a18efd1cc99ee242c14fe0c41a9a6edcf,2cffc7a60f5e1c52bdfdecad535b9a86268c102332ec3cca5484d245cfd94f1e,train,clsdoa_source_split_v2_stratified,ACCEPT,EXACT,AUTO_PASS,,PER_RECORDING_METADATA,http://creativecommons.org/licenses/by/3.0/,DESED_synth_soundbank.tar.gz; audio/train/soundbank/foreground/Running_water/405200_1.wav ; official train license TSV,unknown,PRESENT,24000,1,float32,2.345375000,preserve_full_short_source,0.000000000,2.345374150,,active_rms_v1,-20.142691248,-24.000001153,0.411803246,0.264134020,-3.857308752,false,true
DESED isolated foreground:406067,running_water,DESED isolated foreground,Running_water,406067,desed:eval:406067,DESED:406067,/home/leiyuxin/soundspaces/source_assets/clsdoa_v1/raw/desed/extracted/audio/eval/soundbank/foreground/Running_water/406067_1.wav,/home/leiyuxin/soundspaces/source_assets/clsdoa_v1/prepared/source_pool_pilot_001/wav/running_water/desed__eval__406067.wav,wav/running_water/desed__eval__406067.wav,9bf05b615876d5c693adc315af88dce74edc4531ae492a1d1e6e6f6daf57b007,f8a0c116a8548d7ca2ffffc3c6bcf3fb50f1828d81a78b91264ee9eec5057e63,fe827e28f526557743de6fb4072b8de726c5d840aa6f15742cb67478c2f994da,train,clsdoa_source_split_v2_stratified,ACCEPT,EXACT,AUTO_PASS,,PER_RECORDING_METADATA,http://creativecommons.org/publicdomain/zero/1.0/,DESED_synth_soundbank.tar.gz; audio/eval/soundbank/foreground/Running_water/406067_1.wav ; official eval license TSV,unknown,PRESENT,24000,1,float32,2.554125000,preserve_full_short_source,0.000000000,2.554104308,,active_rms_v1,-35.606131495,-24.000000127,0.091475710,0.348026544,11.606131495,false,true
DESED isolated foreground:406230,running_water,DESED isolated foreground,Running_water,406230,desed:eval:406230,DESED:406230,/home/leiyuxin/soundspaces/source_assets/clsdoa_v1/raw/desed/extracted/audio/eval/soundbank/foreground/Running_water/406230.wav,/home/leiyuxin/soundspaces/source_assets/clsdoa_v1/prepared/source_pool_pilot_001/wav/running_water/desed__eval__406230.wav,wav/running_water/desed__eval__406230.wav,dfa03d49a0da18349f2bbe5b31a5f55d1c69619c4174e963d72d47a8261ad2bb,e8a81b4dec3cbb8c2dc1e546de4bd355d551ef8c56fe3e39849ae287653c8ec8,c4dee1d135b1aac2c21eb09f8cbb4a8c6f39ff2af35861fe4d82d8fcfdac7d09,test,clsdoa_source_split_v2_stratified,ACCEPT,EXACT,AUTO_PASS,,PER_RECORDING_METADATA,http://creativecommons.org/publicdomain/zero/1.0/,DESED_synth_soundbank.tar.gz; audio/eval/soundbank/foreground/Running_water/406230.wav ; official eval license TSV,unknown,PRESENT,24000,1,float32,5.000000000,deterministic_center,1.910476190,6.910476190,,active_rms_v1,-36.337205277,-24.000001153,0.082442045,0.341199994,12.337205277,false,true
DESED isolated foreground:408296,running_water,DESED isolated foreground,Running_water,408296,desed:train:408296,DESED:408296,/home/leiyuxin/soundspaces/source_assets/clsdoa_v1/raw/desed/extracted/audio/train/soundbank/foreground/Running_water/408296_1.wav,/home/leiyuxin/soundspaces/source_assets/clsdoa_v1/prepared/source_pool_pilot_001/wav/running_water/desed__train__408296.wav,wav/running_water/desed__train__408296.wav,ff89338aba79070b6baf3dcbc14d557261b2ac91c6da0006da9da30525fb7662,626da964a75f613b4228812ace79a7609c496396203ca286eabaed80d280d641,860fc1001045551a5b91e19d0066364daf27ae0a92cfc2c414c342adb3eaa3a5,val,clsdoa_source_split_v2_stratified,ACCEPT,EXACT,AUTO_PASS,,PER_RECORDING_METADATA,http://creativecommons.org/licenses/by/3.0/,DESED_synth_soundbank.tar.gz; audio/train/soundbank/foreground/Running_water/408296_1.wav ; official train license TSV,unknown,PRESENT,24000,1,float32,5.000000000,deterministic_center,5.786575964,10.786575964,,active_rms_v1,-23.723894181,-23.999999102,0.408762902,0.395973563,-0.276105819,false,true
DESED isolated foreground:408304,running_water,DESED isolated foreground,Running_water,408304,desed:train:408304,DESED:408304,/home/leiyuxin/soundspaces/source_assets/clsdoa_v1/raw/desed/extracted/audio/train/soundbank/foreground/Running_water/408304_1.wav,/home/leiyuxin/soundspaces/source_assets/clsdoa_v1/prepared/source_pool_pilot_001/wav/running_water/desed__train__408304.wav,wav/running_water/desed__train__408304.wav,63654fea58e1f1a29aa39936ab71d96c3d528504bd6a0a7b61d236fcc273d3e0,d3f17e00e4d2b288331d98ca0b35578429c16ec4c128718e1d8f1d3c8f137dc1,e11604680e7fd4bc7b83adbca4a499e5fbe4d8121e867110d37683e368b273c0,train,clsdoa_source_split_v2_stratified,ACCEPT,EXACT,AUTO_PASS,,PER_RECORDING_METADATA,http://creativecommons.org/licenses/by/3.0/,DESED_synth_soundbank.tar.gz; audio/train/soundbank/foreground/Running_water/408304_1.wav ; official train license TSV,unknown,PRESENT,24000,1,float32,5.000000000,deterministic_center,4.921587302,9.921587302,,active_rms_v1,-23.731955786,-23.999999102,0.248293117,0.240747884,-0.268044214,false,true
DESED isolated foreground:408305,running_water,DESED isolated foreground,Running_water,408305,desed:train:408305,DESED:408305,/home/leiyuxin/soundspaces/source_assets/clsdoa_v1/raw/desed/extracted/audio/train/soundbank/foreground/Running_water/408305_1.wav,/home/leiyuxin/soundspaces/source_assets/clsdoa_v1/prepared/source_pool_pilot_001/wav/running_water/desed__train__408305.wav,wav/running_water/desed__train__408305.wav,c990b4b07a44951e4914895d2407ba33cbf0294381ffae8e6bda28ca78040d2f,ea2cb8704c13bd662513d2455eb5d209869d9894cf87afc762a76681822a6a31,8408fd46e00221e992a9ac629825a96be56bb93cda379a376e40117ac400a621,train,clsdoa_source_split_v2_stratified,ACCEPT,EXACT,AUTO_PASS,,PER_RECORDING_METADATA,http://creativecommons.org/licenses/by/3.0/,DESED_synth_soundbank.tar.gz; audio/train/soundbank/foreground/Running_water/408305_1.wav ; official train license TSV,unknown,PRESENT,24000,1,float32,5.000000000,deterministic_center,7.366122449,12.366122449,,active_rms_v1,-30.902701459,-24.000000127,0.145444915,0.321983486,6.902701459,false,true
DESED isolated foreground:408348,running_water,DESED isolated foreground,Running_water,408348,desed:eval:408348,DESED:408348,/home/leiyuxin/soundspaces/source_assets/clsdoa_v1/raw/desed/extracted/audio/eval/soundbank/foreground/Running_water/408348_1.wav,/home/leiyuxin/soundspaces/source_assets/clsdoa_v1/prepared/source_pool_pilot_001/wav/running_water/desed__eval__408348.wav,wav/running_water/desed__eval__408348.wav,b72ff6b1d2883a3c27f56632671d22defaca2d2ee450de03893666c119b358da,1ec8014e5bfc18ac1784902ba88d0be3854e42905de475f9f1dfed80e65e1578,49f2cf866328b42c27eabf19e498f0beaca04f0f8c2de338929d4ca2add4c8ec,train,clsdoa_source_split_v2_stratified,ACCEPT,EXACT,AUTO_PASS,,PER_RECORDING_METADATA,http://creativecommons.org/licenses/by-nc/3.0/,DESED_synth_soundbank.tar.gz; audio/eval/soundbank/foreground/Running_water/408348_1.wav ; official eval license TSV,unknown,PRESENT,24000,1,float32,5.000000000,deterministic_center,4.814988662,9.814988662,,active_rms_v1,-30.747589492,-24.000000127,0.159179837,0.346152544,6.747589492,false,true
DESED isolated foreground:408714,running_water,DESED isolated foreground,Running_water,408714,desed:train:408714,DESED:408714,/home/leiyuxin/soundspaces/source_assets/clsdoa_v1/raw/desed/extracted/audio/train/soundbank/foreground/Running_water/408714_1.wav,/home/leiyuxin/soundspaces/source_assets/clsdoa_v1/prepared/source_pool_pilot_001/wav/running_water/desed__train__408714.wav,wav/running_water/desed__train__408714.wav,3af8d50ad382e0f48ff970668ce88b7c216a56163a601380442d589481559f27,54e323540c66149a21ef034e477e7229b2d156b9cffa2389311790da89d04767,361210f0a813b2b47c45fb75503b0fe41279144d8230ed942baf5d78758f0fe0,train,clsdoa_source_split_v2_stratified,ACCEPT,EXACT,AUTO_PASS,,PER_RECORDING_METADATA,http://creativecommons.org/licenses/by-nc/3.0/,DESED_synth_soundbank.tar.gz; audio/train/soundbank/foreground/Running_water/408714_1.wav ; official train license TSV,unknown,PRESENT,24000,1,float32,4.269583333,preserve_full_short_source,0.000000000,4.269569161,,active_rms_v1,-36.533547032,-24.000000127,0.073101863,0.309460908,12.533547032,false,true
DESED isolated foreground:413295,running_water,DESED isolated foreground,Running_water,413295,desed:train:413295,DESED:413295,/home/leiyuxin/soundspaces/source_assets/clsdoa_v1/raw/desed/extracted/audio/train/soundbank/foreground/Running_water/413295_1.wav,/home/leiyuxin/soundspaces/source_assets/clsdoa_v1/prepared/source_pool_pilot_001/wav/running_water/desed__train__413295.wav,wav/running_water/desed__train__413295.wav,78cf7e2113afc30398ab24dc2c959b715627f59448d05237e445e58d64de1995,84f31520b6558b28febc91a39ab71b97b1cc63e5e51ea9aa84064ad07c7577ff,db9a7467a76af4b40377e8f5a9902855b6717fba370aac598e061f141f880d4a,train,clsdoa_source_split_v2_stratified,ACCEPT,EXACT,AUTO_PASS,,PER_RECORDING_METADATA,http://creativecommons.org/publicdomain/zero/1.0/,DESED_synth_soundbank.tar.gz; audio/train/soundbank/foreground/Running_water/413295_1.wav ; official train license TSV,unknown,PRESENT,24000,1,float32,5.000000000,deterministic_center,0.635260771,5.635260771,,active_rms_v1,-21.641036990,-24.000000127,0.442164898,0.337004840,-2.358963010,false,true
DESED isolated foreground:41634,running_water,DESED isolated foreground,Running_water,41634,desed:eval:41634,DESED:41634,/home/leiyuxin/soundspaces/source_assets/clsdoa_v1/raw/desed/extracted/audio/eval/soundbank/foreground/Running_water/41634.wav,/home/leiyuxin/soundspaces/source_assets/clsdoa_v1/prepared/source_pool_pilot_001/wav/running_water/desed__eval__41634.wav,wav/running_water/desed__eval__41634.wav,b4f31c0c04da410d8f565639a1b7a5e731cb5b17f8e3d092c06f3f05131c4287,4198f847b03b9b3e0a47629737bd2735f1b75d0ddce0fbabdc2291b1e31a2ff3,330a4f18d9f62461ab953ab6d4122db4a21b07b6d0ba1d21ece44b50f1d7c21f,train,clsdoa_source_split_v2_stratified,ACCEPT,EXACT,AUTO_PASS,,PER_RECORDING_METADATA,http://creativecommons.org/licenses/by/3.0/,DESED_synth_soundbank.tar.gz; audio/eval/soundbank/foreground/Running_water/41634.wav ; official eval license TSV,unknown,PRESENT,24000,1,float32,1.209583333,preserve_full_short_source,0.000000000,1.209569161,,active_rms_v1,-30.827852892,-23.999999102,0.159174949,0.349355340,6.827852892,false,true
DESED isolated foreground:418017,running_water,DESED isolated foreground,Running_water,418017,desed:train:418017,DESED:418017,/home/leiyuxin/soundspaces/source_assets/clsdoa_v1/raw/desed/extracted/audio/train/soundbank/foreground/Running_water/418017_1.wav,/home/leiyuxin/soundspaces/source_assets/clsdoa_v1/prepared/source_pool_pilot_001/wav/running_water/desed__train__418017.wav,wav/running_water/desed__train__418017.wav,b491fafa2638ea0e7a0c87131a22846c336cf3c824ace53cb99f867dc19dc2d7,56361b47bee3cafee0b7f3b661b45f3ea2a958dc5ead6b8e15e31b140a3ccfb6,0fc697340f508106ec4381d8dc0bc93921eefee1f78f35e1cbb2daea4d578cc3,test,clsdoa_source_split_v2_stratified,ACCEPT,EXACT,AUTO_PASS,,PER_RECORDING_METADATA,http://creativecommons.org/publicdomain/zero/1.0/,DESED_synth_soundbank.tar.gz; audio/train/soundbank/foreground/Running_water/418017_1.wav ; official train license TSV,unknown,PRESENT,24000,1,float32,5.000000000,deterministic_center,7.266938776,12.266938776,,active_rms_v1,-35.063007496,-24.000000127,0.122154869,0.436577290,11.063007496,false,true
DESED isolated foreground:418018,running_water,DESED isolated foreground,Running_water,418018,desed:train:418018,DESED:418018,/home/leiyuxin/soundspaces/source_assets/clsdoa_v1/raw/desed/extracted/audio/train/soundbank/foreground/Running_water/418018_1.wav,/home/leiyuxin/soundspaces/source_assets/clsdoa_v1/prepared/source_pool_pilot_001/wav/running_water/desed__train__418018.wav,wav/running_water/desed__train__418018.wav,e124c92f105b105b593ecde2313f852af3b59be6fa158d8bcb05f8f1e2b44869,67801e331e9f26d2f80ec697ff131ebca77c947fed1a84fff32fcf81c3867cf4,fcbc6ce56ce5cece23fbf3405f2d3f745bcb563b49e05d8cd1aed0b13bfbb763,test,clsdoa_source_split_v2_stratified,ACCEPT,EXACT,AUTO_PASS,,PER_RECORDING_METADATA,http://creativecommons.org/publicdomain/zero/1.0/,DESED_synth_soundbank.tar.gz; audio/train/soundbank/foreground/Running_water/418018_1.wav ; official train license TSV,unknown,PRESENT,24000,1,float32,5.000000000,deterministic_center,0.626077098,5.626077098,,active_rms_v1,-20.987900201,-24.000000127,0.503884852,0.356226563,-3.012099799,false,true
DESED isolated foreground:49385,running_water,DESED isolated foreground,Running_water,49385,desed:train:49385,DESED:49385,/home/leiyuxin/soundspaces/source_assets/clsdoa_v1/raw/desed/extracted/audio/train/soundbank/foreground/Running_water/49385_1.wav,/home/leiyuxin/soundspaces/source_assets/clsdoa_v1/prepared/source_pool_pilot_001/wav/running_water/desed__train__49385.wav,wav/running_water/desed__train__49385.wav,2c71e957dfe5b853c827ab93e51126eb708e0b09c2451aa784f6898ff280a6ac,4ee59f3664606181bd2252b189f7b9e5946c9188a12e84748416f2cc5c6f66f1,14dbe93d8bc4f33f862edfc8637cd8143a1674851dee540ff4ca1b4b7873cb31,train,clsdoa_source_split_v2_stratified,ACCEPT,EXACT,AUTO_PASS,,PER_RECORDING_METADATA,http://creativecommons.org/licenses/by/3.0/,DESED_synth_soundbank.tar.gz; audio/train/soundbank/foreground/Running_water/49385_1.wav ; official train license TSV,unknown,PRESENT,24000,1,float32,5.000000000,deterministic_center,1.185759637,6.185759637,,active_rms_v1,-21.863047080,-24.000000127,0.416330606,0.325529754,-2.136952920,false,true
DESED isolated foreground:49538,running_water,DESED isolated foreground,Running_water,49538,desed:eval:49538,DESED:49538,/home/leiyuxin/soundspaces/source_assets/clsdoa_v1/raw/desed/extracted/audio/eval/soundbank/foreground/Running_water/49538_1.wav,/home/leiyuxin/soundspaces/source_assets/clsdoa_v1/prepared/source_pool_pilot_001/wav/running_water/desed__eval__49538.wav,wav/running_water/desed__eval__49538.wav,9956a5e3a7634696978d0d341098b68841cdaa0091b3ebf11156edadf2f05d3c,d4f7c910384a6158bb775553f48564bb73396587150bf9d284c6e9e267a72a1c,b0763c0a847221dad75bb925726f8e9a22448d97e0eab8930e7d2b01e43fa133,val,clsdoa_source_split_v2_stratified,ACCEPT,EXACT,AUTO_PASS,,PER_RECORDING_METADATA,http://creativecommons.org/licenses/sampling+/1.0/,DESED_synth_soundbank.tar.gz; audio/eval/soundbank/foreground/Running_water/49538_1.wav ; official eval license TSV,unknown,PRESENT,24000,1,float32,5.000000000,deterministic_center,1.790748299,6.790748299,,active_rms_v1,-34.670288722,-24.000001153,0.109541684,0.374191433,10.670288722,false,true
DESED isolated foreground:50591,running_water,DESED isolated foreground,Running_water,50591,desed:train:50591,DESED:50591,/home/leiyuxin/soundspaces/source_assets/clsdoa_v1/raw/desed/extracted/audio/train/soundbank/foreground/Running_water/50591_1.wav,/home/leiyuxin/soundspaces/source_assets/clsdoa_v1/prepared/source_pool_pilot_001/wav/running_water/desed__train__50591.wav,wav/running_water/desed__train__50591.wav,bd118737d99026cc467de4efeeccb29c401aaadc15cb50be7bfcea86a84b6335,cffd322216a04294f05099759e27c55b430d97278a94203c6d7013a8dc8c42e0,47a15c40ea7d71516dd19929aebf68c2be889a886b0e1ee6aa9e5e84c76c08d7,train,clsdoa_source_split_v2_stratified,ACCEPT,EXACT,AUTO_PASS,,PER_RECORDING_METADATA,http://creativecommons.org/publicdomain/zero/1.0/,DESED_synth_soundbank.tar.gz; audio/train/soundbank/foreground/Running_water/50591_1.wav ; official train license TSV,unknown,PRESENT,24000,1,float32,5.000000000,deterministic_center,1.451428571,6.451428571,,active_rms_v1,-25.495859298,-23.999999102,0.328040510,0.389691085,1.495859298,false,true
DESED isolated foreground:50630,running_water,DESED isolated foreground,Running_water,50630,desed:train:50630,DESED:50630,/home/leiyuxin/soundspaces/source_assets/clsdoa_v1/raw/desed/extracted/audio/train/soundbank/foreground/Running_water/50630_1.wav,/home/leiyuxin/soundspaces/source_assets/clsdoa_v1/prepared/source_pool_pilot_001/wav/running_water/desed__train__50630.wav,wav/running_water/desed__train__50630.wav,512d56ef40a069a5c7ae24e1ca26de9b2dc6f2efebfa69fe26afdc6ec255700c,90ca64483ec6d17edb613c8a5571ee86c7e36e87d4e798752f6d2bbbaa344890,8cbce67146eb986b9c98e0bd6b9aa79e1ca34a9170b6afb4968a20eef8d2ea18,train,clsdoa_source_split_v2_stratified,ACCEPT,EXACT,AUTO_PASS,,PER_RECORDING_METADATA,http://creativecommons.org/publicdomain/zero/1.0/,DESED_synth_soundbank.tar.gz; audio/train/soundbank/foreground/Running_water/50630_1.wav ; official train license TSV,unknown,PRESENT,24000,1,float32,4.904541667,preserve_full_short_source,0.000000000,4.904512472,,active_rms_v1,-14.862895553,-24.000000127,0.865297198,0.302210867,-9.137104447,false,true
DESED isolated foreground:52068,running_water,DESED isolated foreground,Running_water,52068,desed:train:52068,DESED:52068,/home/leiyuxin/soundspaces/source_assets/clsdoa_v1/raw/desed/extracted/audio/train/soundbank/foreground/Running_water/52068_1.wav,/home/leiyuxin/soundspaces/source_assets/clsdoa_v1/prepared/source_pool_pilot_001/wav/running_water/desed__train__52068.wav,wav/running_water/desed__train__52068.wav,3037b72b019049a11a0f25582eae324c721b3edfeb7d649fc10c4e3d9a929445,7a57746047dfc840c5230bd7a68b8f476761b4c9172796440566af1b60121f70,736a02f6315a597985ab5d9dc148f86b0b121234b623eb1e309a94380780ca11,train,clsdoa_source_split_v2_stratified,ACCEPT,EXACT,AUTO_PASS,,PER_RECORDING_METADATA,http://creativecommons.org/publicdomain/zero/1.0/,DESED_synth_soundbank.tar.gz; audio/train/soundbank/foreground/Running_water/52068_1.wav ; official train license TSV,unknown,PRESENT,24000,1,float32,5.000000000,deterministic_center,4.666122449,9.666122449,,active_rms_v1,-23.099155105,-24.000000127,0.348969132,0.314589888,-0.900844895,false,true
DESED isolated foreground:52152,running_water,DESED isolated foreground,Running_water,52152,desed:train:52152,DESED:52152,/home/leiyuxin/soundspaces/source_assets/clsdoa_v1/raw/desed/extracted/audio/train/soundbank/foreground/Running_water/52152_1.wav,/home/leiyuxin/soundspaces/source_assets/clsdoa_v1/prepared/source_pool_pilot_001/wav/running_water/desed__train__52152.wav,wav/running_water/desed__train__52152.wav,fd43e8864a20af9aaf507a97f2ff3a6af2079187ba453ab07038f0270d9fae5f,7c6c1b3d79cf320e995b89076e64e4c93e9d6ae89dcd699d8108d8caaada7f4e,65854b085494c3a5c4e5cdf59e65998bfbce44965ecb1da6fa451dce7beed273,train,clsdoa_source_split_v2_stratified,ACCEPT,EXACT,AUTO_PASS,,PER_RECORDING_METADATA,http://creativecommons.org/publicdomain/zero/1.0/,DESED_synth_soundbank.tar.gz; audio/train/soundbank/foreground/Running_water/52152_1.wav ; official train license TSV,unknown,PRESENT,24000,1,float32,5.000000000,deterministic_center,4.634376417,9.634376417,,active_rms_v1,-27.805688174,-24.000000127,0.205257118,0.318113893,3.805688174,false,true
DESED isolated foreground:52158,running_water,DESED isolated foreground,Running_water,52158,desed:train:52158,DESED:52158,/home/leiyuxin/soundspaces/source_assets/clsdoa_v1/raw/desed/extracted/audio/train/soundbank/foreground/Running_water/52158_1.wav,/home/leiyuxin/soundspaces/source_assets/clsdoa_v1/prepared/source_pool_pilot_001/wav/running_water/desed__train__52158.wav,wav/running_water/desed__train__52158.wav,6d80fc1ceb3bf97bc50681cba8a6d32f728b30fe01d19834a4c780cac2953855,8710f497bee972db11cacd3a22ee665d413e148802fe2e14620d28b5ac196e6b,dd133d05ee6081524f06425b25cd0e6f5dfab5b28a667657ed8def68abf4d318,train,clsdoa_source_split_v2_stratified,ACCEPT,EXACT,AUTO_PASS,,PER_RECORDING_METADATA,http://creativecommons.org/publicdomain/zero/1.0/,DESED_synth_soundbank.tar.gz; audio/train/soundbank/foreground/Running_water/52158_1.wav ; official train license TSV,unknown,PRESENT,24000,1,float32,5.000000000,deterministic_center,1.307120181,6.307120181,,active_rms_v1,-26.991958883,-24.000000127,0.212561309,0.299972981,2.991958883,false,true
DESED isolated foreground:52644,running_water,DESED isolated foreground,Running_water,52644,desed:train:52644,DESED:52644,/home/leiyuxin/soundspaces/source_assets/clsdoa_v1/raw/desed/extracted/audio/train/soundbank/foreground/Running_water/52644_1.wav,/home/leiyuxin/soundspaces/source_assets/clsdoa_v1/prepared/source_pool_pilot_001/wav/running_water/desed__train__52644.wav,wav/running_water/desed__train__52644.wav,af4b44ad9b7a3bc2286c7a6f19d4276f25cca8f2f8f3d98aca6eb58bd5942ec3,bb4f8a7649ea53b42fb957fc63f26fb0dafac41e7af068317cd589779ab4f45b,6d21c8295b3c51ccba07992f66db1de7a042a32164ef9792925d6add1382b0f7,train,clsdoa_source_split_v2_stratified,ACCEPT,EXACT,AUTO_PASS,,PER_RECORDING_METADATA,http://creativecommons.org/licenses/sampling+/1.0/,DESED_synth_soundbank.tar.gz; audio/train/soundbank/foreground/Running_water/52644_1.wav ; official train license TSV,unknown,PRESENT,24000,1,float32,5.000000000,deterministic_center,2.540521542,7.540521542,,active_rms_v1,-20.958417592,-24.000001153,0.345455021,0.243395403,-3.041582408,false,true
DESED isolated foreground:54276,running_water,DESED isolated foreground,Running_water,54276,desed:train:54276,DESED:54276,/home/leiyuxin/soundspaces/source_assets/clsdoa_v1/raw/desed/extracted/audio/train/soundbank/foreground/Running_water/54276_1.wav,/home/leiyuxin/soundspaces/source_assets/clsdoa_v1/prepared/source_pool_pilot_001/wav/running_water/desed__train__54276.wav,wav/running_water/desed__train__54276.wav,8f847c752804907fa05b9e6ceec43b37e4ba5d7745bf0c066008c8b4d4efa666,4f426596a98b1f5d8cdd8dcb76fa71cfe7c00a89384e2e25ac3e91abc592ab92,6af857dab8a98068f0cccda92e63bccedc367ef4e230c0902ee57577fa2805fd,val,clsdoa_source_split_v2_stratified,ACCEPT,EXACT,AUTO_PASS,,PER_RECORDING_METADATA,http://creativecommons.org/publicdomain/zero/1.0/,DESED_synth_soundbank.tar.gz; audio/train/soundbank/foreground/Running_water/54276_1.wav ; official train license TSV,unknown,PRESENT,24000,1,float32,5.000000000,deterministic_center,0.658934240,5.658934240,,active_rms_v1,-32.552247841,-24.000000127,0.129167154,0.345751852,8.552247841,false,true
DESED isolated foreground:54992,running_water,DESED isolated foreground,Running_water,54992,desed:train:54992,DESED:54992,/home/leiyuxin/soundspaces/source_assets/clsdoa_v1/raw/desed/extracted/audio/train/soundbank/foreground/Running_water/54992_1.wav,/home/leiyuxin/soundspaces/source_assets/clsdoa_v1/prepared/source_pool_pilot_001/wav/running_water/desed__train__54992.wav,wav/running_water/desed__train__54992.wav,f43f7248eb792b0000cafe03a853b3a061d2efaf494da591bb00e7d23e8287e5,600f7362a17e9a14b7a009a1af5718b6c932ff488ef6783766acd7dab9e01792,2bcf76067d3819b4f0bcfdba59fff1b042612d2e2481becb680004405327524b,train,clsdoa_source_split_v2_stratified,ACCEPT,EXACT,AUTO_PASS,,PER_RECORDING_METADATA,http://creativecommons.org/licenses/sampling+/1.0/,DESED_synth_soundbank.tar.gz; audio/train/soundbank/foreground/Running_water/54992_1.wav ; official train license TSV,unknown,PRESENT,24000,1,float32,5.000000000,deterministic_center,9.502267574,14.502267574,,active_rms_v1,-43.436603523,-24.000000127,0.023965210,0.224600866,19.436603523,false,true
DESED isolated foreground:56269,running_water,DESED isolated foreground,Running_water,56269,desed:train:56269,DESED:56269,/home/leiyuxin/soundspaces/source_assets/clsdoa_v1/raw/desed/extracted/audio/train/soundbank/foreground/Running_water/56269_1.wav,/home/leiyuxin/soundspaces/source_assets/clsdoa_v1/prepared/source_pool_pilot_001/wav/running_water/desed__train__56269.wav,wav/running_water/desed__train__56269.wav,e841920cc773f1557ad0c06035a7e0f81a860ed5278a03458c60c4f545dd229d,ca5d76ef7d9ed5453ad46381f987b5de11e0681545c03fc95c0bc1d9abad57d5,181607cf51d017b8bfc4dfbd962ae2ac603947a75385ae8eebb0ed7add976e2e,train,clsdoa_source_split_v2_stratified,ACCEPT,EXACT,AUTO_PASS,,PER_RECORDING_METADATA,http://creativecommons.org/publicdomain/zero/1.0/,DESED_synth_soundbank.tar.gz; audio/train/soundbank/foreground/Running_water/56269_1.wav ; official train license TSV,unknown,PRESENT,24000,1,float32,5.000000000,deterministic_center,2.882312925,7.882312925,,active_rms_v1,-49.278438759,-24.000000127,0.017482711,0.321018994,25.278438759,false,true
DESED isolated foreground:588,running_water,DESED isolated foreground,Running_water,588,desed:eval:588,DESED:588,/home/leiyuxin/soundspaces/source_assets/clsdoa_v1/raw/desed/extracted/audio/eval/soundbank/foreground/Running_water/588_1.wav,/home/leiyuxin/soundspaces/source_assets/clsdoa_v1/prepared/source_pool_pilot_001/wav/running_water/desed__eval__588.wav,wav/running_water/desed__eval__588.wav,2418025b696930370dabce071ac96b60cf2d0c17f3536d76e2fb788339844419,dc0d6bdf67a5225e4ce9c7c1fd105b8ac4ae254803a841066c8eee23411d6102,2469c308e0f6849f34b70ff27167c7096a36acaa6d8df35019fe7081559e329b,train,clsdoa_source_split_v2_stratified,ACCEPT,EXACT,AUTO_PASS,,PER_RECORDING_METADATA,http://creativecommons.org/licenses/by/3.0/,DESED_synth_soundbank.tar.gz; audio/eval/soundbank/foreground/Running_water/588_1.wav ; official eval license TSV,unknown,PRESENT,24000,1,float32,5.000000000,deterministic_center,3.637210884,8.637210884,,active_rms_v1,-30.279333219,-24.000000127,0.138111472,0.284574777,6.279333219,false,true
DESED isolated foreground:589,running_water,DESED isolated foreground,Running_water,589,desed:eval:589,DESED:589,/home/leiyuxin/soundspaces/source_assets/clsdoa_v1/raw/desed/extracted/audio/eval/soundbank/foreground/Running_water/589_1.wav,/home/leiyuxin/soundspaces/source_assets/clsdoa_v1/prepared/source_pool_pilot_001/wav/running_water/desed__eval__589.wav,wav/running_water/desed__eval__589.wav,cf6345152dafb44da60a39061c54034dec7392962070ea9bc73c1b8cf8ed41f3,839a8660f8b0ddd9414a5dae82e39ab852574fae0a0f3af8d1f370fec47ca573,57de8c8ada22a1bce8c44e8c612bc5659c8bf954ca965102c278ba6c07ca8545,train,clsdoa_source_split_v2_stratified,ACCEPT,EXACT,AUTO_PASS,,PER_RECORDING_METADATA,http://creativecommons.org/licenses/by/3.0/,DESED_synth_soundbank.tar.gz; audio/eval/soundbank/foreground/Running_water/589_1.wav ; official eval license TSV,unknown,PRESENT,24000,1,float32,5.000000000,deterministic_center,2.845147392,7.845147392,,active_rms_v1,-18.868564347,-24.000000127,0.664389193,0.368002534,-5.131435653,false,true
DESED isolated foreground:59240,running_water,DESED isolated foreground,Running_water,59240,desed:train:59240,DESED:59240,/home/leiyuxin/soundspaces/source_assets/clsdoa_v1/raw/desed/extracted/audio/train/soundbank/foreground/Running_water/59240_1.wav,/home/leiyuxin/soundspaces/source_assets/clsdoa_v1/prepared/source_pool_pilot_001/wav/running_water/desed__train__59240.wav,wav/running_water/desed__train__59240.wav,5030a0f78d9ff2a0d4c12a739bdd0a4e7e715909ca45dde444294b96af17c2b1,399aba3c4a9bfc5582ed82741fc3203fb5039b22b8e7370806c4cba0e3da60da,5f7a6ea75c3eed2368d01c64c9787f2d495d11f4027ddeed04d6e097f80dd440,test,clsdoa_source_split_v2_stratified,ACCEPT,EXACT,AUTO_PASS,,PER_RECORDING_METADATA,http://creativecommons.org/licenses/by/3.0/,DESED_synth_soundbank.tar.gz; audio/train/soundbank/foreground/Running_water/59240_1.wav ; official train license TSV,unknown,PRESENT,24000,1,float32,5.000000000,deterministic_center,0.726122449,5.726122449,,active_rms_v1,-19.015334777,-23.999999102,0.562690437,0.316983223,-4.984665223,false,true
DESED isolated foreground:60829,running_water,DESED isolated foreground,Running_water,60829,desed:train:60829,DESED:60829,/home/leiyuxin/soundspaces/source_assets/clsdoa_v1/raw/desed/extracted/audio/train/soundbank/foreground/Running_water/60829_1.wav,/home/leiyuxin/soundspaces/source_assets/clsdoa_v1/prepared/source_pool_pilot_001/wav/running_water/desed__train__60829.wav,wav/running_water/desed__train__60829.wav,93ae72eecab8cd81a08db12960090d14d92e37f93a9b22b175860da531e660b6,ca5a183438bce1ab9da985751517eabe9cb98c17562f68687ae73cdc9c031f5c,5e600c2248a614e8c88a311c86da07716d88dd8a6e90d15dd1e412bf87c8c0b0,test,clsdoa_source_split_v2_stratified,ACCEPT,EXACT,AUTO_PASS,,PER_RECORDING_METADATA,http://creativecommons.org/licenses/sampling+/1.0/,DESED_synth_soundbank.tar.gz; audio/train/soundbank/foreground/Running_water/60829_1.wav ; official train license TSV,unknown,PRESENT,24000,1,float32,5.000000000,deterministic_center,3.358344671,8.358344671,,active_rms_v1,-18.818533781,-24.000000127,0.434921026,0.239517421,-5.181466219,false,true
DESED isolated foreground:60830,running_water,DESED isolated foreground,Running_water,60830,desed:train:60830,DESED:60830,/home/leiyuxin/soundspaces/source_assets/clsdoa_v1/raw/desed/extracted/audio/train/soundbank/foreground/Running_water/60830.wav,/home/leiyuxin/soundspaces/source_assets/clsdoa_v1/prepared/source_pool_pilot_001/wav/running_water/desed__train__60830.wav,wav/running_water/desed__train__60830.wav,bc88f00ccc77b1d1fa1f235b652f7f1aa5f18a3b4df836e153f3e656483acab1,e1e4c8e3c6147bce39717ae6743467599d09182a76a9930d31e0f2e5d9c593ae,faccb993863f2cc8173781084a10cc19e0d9b074bd31603476c0b793fbded46a,train,clsdoa_source_split_v2_stratified,ACCEPT,EXACT,AUTO_PASS,,PER_RECORDING_METADATA,http://creativecommons.org/licenses/sampling+/1.0/,DESED_synth_soundbank.tar.gz; audio/train/soundbank/foreground/Running_water/60830.wav ; official train license TSV,unknown,PRESENT,24000,1,float32,5.000000000,deterministic_center,2.342244898,7.342244898,,active_rms_v1,-19.208546405,-24.000000127,0.700988114,0.403773636,-4.791453595,false,true
DESED isolated foreground:104736,speech,DESED isolated foreground,Speech,104736,desed:train:104736,DESED:104736,/home/leiyuxin/soundspaces/source_assets/clsdoa_v1/raw/desed/extracted/audio/train/soundbank/foreground/Speech/104736.wav,/home/leiyuxin/soundspaces/source_assets/clsdoa_v1/prepared/source_pool_pilot_001/wav/speech/desed__train__104736.wav,wav/speech/desed__train__104736.wav,1286b11b36c2208cae373eb2fde6041e1f66d6545ae9b385eb45ab3df3fc5c76,1fe36203b6e51f7ac274b1d3e36f44a655fd15742524be38cf0b3711ce3c38fc,3618070101daee1cb1b3f0d5c09f559966785f7dce37c34a8771eacb3b0aee7d,train,clsdoa_source_split_v2_stratified,ACCEPT,EXACT,AUTO_PASS,,PER_RECORDING_METADATA,http://creativecommons.org/licenses/by/3.0/,DESED_synth_soundbank.tar.gz; audio/train/soundbank/foreground/Speech/104736.wav ; official train license TSV,unknown,PRESENT,24000,1,float32,4.966833333,preserve_full_short_source,0.000000000,4.966802721,,active_rms_v1,-17.392800829,-24.000000127,0.416945904,0.194858670,-6.607199171,false,true
DESED isolated foreground:106436,speech,DESED isolated foreground,Speech,106436,desed:train:106436,DESED:106436,/home/leiyuxin/soundspaces/source_assets/clsdoa_v1/raw/desed/extracted/audio/train/soundbank/foreground/Speech/106436_0.wav,/home/leiyuxin/soundspaces/source_assets/clsdoa_v1/prepared/source_pool_pilot_001/wav/speech/desed__train__106436.wav,wav/speech/desed__train__106436.wav,e839367bcf2be08054c70345cd1b488e1ca654f5da6ac1a30b83c1a7825ec9fd,0f61362093ae26e2caf6c790d66fc8e7e0923a5f5a6b4f4f01c9f3015d39ac29,2dd5825ab9fb1ab886f3d68c1b8b68144ca3e0ee46221c184d8fcc2e491f4eff,val,clsdoa_source_split_v2_stratified,ACCEPT,EXACT,AUTO_PASS,,PER_RECORDING_METADATA,http://creativecommons.org/licenses/by/3.0/,DESED_synth_soundbank.tar.gz; audio/train/soundbank/foreground/Speech/106436_0.wav ; official train license TSV,unknown,PRESENT,24000,1,float32,1.136458333,preserve_full_short_source,0.000000000,1.136417234,,active_rms_v1,-27.709629831,-24.000000127,0.151955381,0.232915059,3.709629831,false,true
DESED isolated foreground:106438,speech,DESED isolated foreground,Speech,106438,desed:train:106438,DESED:106438,/home/leiyuxin/soundspaces/source_assets/clsdoa_v1/raw/desed/extracted/audio/train/soundbank/foreground/Speech/106438.wav,/home/leiyuxin/soundspaces/source_assets/clsdoa_v1/prepared/source_pool_pilot_001/wav/speech/desed__train__106438.wav,wav/speech/desed__train__106438.wav,ca5b70a9e7ce09633e9f3723cd91002c11b43c6d60e2af847b82a24c71a966d5,b92a84f4bb1b3e22f5cb5b9d530b9ed5bd3628430071c86b1f1af504d8b2f054,890cba224f43bf6a8bef542f1dd39a848c6c2e1aee3f1ba736c27076c19a4f86,val,clsdoa_source_split_v2_stratified,ACCEPT,EXACT,AUTO_PASS,,PER_RECORDING_METADATA,http://creativecommons.org/licenses/by/3.0/,DESED_synth_soundbank.tar.gz; audio/train/soundbank/foreground/Speech/106438.wav ; official train license TSV,unknown,PRESENT,24000,1,float32,0.980541667,preserve_full_short_source,0.000000000,0.980521542,,active_rms_v1,-23.567580700,-24.000001153,0.295393229,0.281047404,-0.432419300,false,true
DESED isolated foreground:106441,speech,DESED isolated foreground,Speech,106441,desed:train:106441,DESED:106441,/home/leiyuxin/soundspaces/source_assets/clsdoa_v1/raw/desed/extracted/audio/train/soundbank/foreground/Speech/106441_0.wav,/home/leiyuxin/soundspaces/source_assets/clsdoa_v1/prepared/source_pool_pilot_001/wav/speech/desed__train__106441.wav,wav/speech/desed__train__106441.wav,c12e66fa542d1d7ae08bf5095086ff21d02f59190425447316148dc9523b1545,cdc506683b9d591da4110cdab130ab90487fde11d49103858f192289bf9c6a6f,209b2b52969b3d7d1a163ef97f2b316c331124b6d20a132039a8fd12a278ae0b,train,clsdoa_source_split_v2_stratified,ACCEPT,EXACT,AUTO_PASS,,PER_RECORDING_METADATA,http://creativecommons.org/licenses/by/3.0/,DESED_synth_soundbank.tar.gz; audio/train/soundbank/foreground/Speech/106441_0.wav ; official train license TSV,unknown,PRESENT,24000,1,float32,0.921166667,preserve_full_short_source,0.000000000,0.921156463,,active_rms_v1,-24.453355408,-24.000000127,0.186876133,0.196889073,0.453355408,false,true
DESED isolated foreground:106454,speech,DESED isolated foreground,Speech,106454,desed:train:106454,DESED:106454,/home/leiyuxin/soundspaces/source_assets/clsdoa_v1/raw/desed/extracted/audio/train/soundbank/foreground/Speech/106454_0.wav,/home/leiyuxin/soundspaces/source_assets/clsdoa_v1/prepared/source_pool_pilot_001/wav/speech/desed__train__106454.wav,wav/speech/desed__train__106454.wav,2d9411e005ad179813b00e4c9de2922e672cde066379ae415f114ef8178cc1df,5b1f960322a2e96ca11f87a6c2b93b1263af647484ec79ad0846876bb82cd645,076368b95967ab0a387bf12b7e18924076311ec1e308a3740d401e873b95660d,train,clsdoa_source_split_v2_stratified,ACCEPT,EXACT,AUTO_PASS,,PER_RECORDING_METADATA,http://creativecommons.org/licenses/by/3.0/,DESED_synth_soundbank.tar.gz; audio/train/soundbank/foreground/Speech/106454_0.wav ; official train license TSV,unknown,PRESENT,24000,1,float32,1.841416667,preserve_full_short_source,0.000000000,1.841405896,,active_rms_v1,-22.948130160,-24.000000127,0.231638327,0.205218703,-1.051869840,false,true
DESED isolated foreground:106468,speech,DESED isolated foreground,Speech,106468,desed:train:106468,DESED:106468,/home/leiyuxin/soundspaces/source_assets/clsdoa_v1/raw/desed/extracted/audio/train/soundbank/foreground/Speech/106468_0.wav,/home/leiyuxin/soundspaces/source_assets/clsdoa_v1/prepared/source_pool_pilot_001/wav/speech/desed__train__106468.wav,wav/speech/desed__train__106468.wav,871a2a1ec475228a249d45e7a8bf729c39456b3298cc553bfddbdde76f33f127,167fba6b866dcb8c4c486a100d591bca9799c8d052ee89bdd9b9c003c106f054,c9b6aa1d0e5e703c55f60116a70badb4c278a14708721f3d52581155a7cb90b4,test,clsdoa_source_split_v2_stratified,ACCEPT,EXACT,AUTO_PASS,,PER_RECORDING_METADATA,http://creativecommons.org/licenses/by/3.0/,DESED_synth_soundbank.tar.gz; audio/train/soundbank/foreground/Speech/106468_0.wav ; official train license TSV,unknown,PRESENT,24000,1,float32,1.147375000,preserve_full_short_source,0.000000000,1.147346939,,active_rms_v1,-25.500883692,-24.000000127,0.151107579,0.179609969,1.500883692,false,true
DESED isolated foreground:107542,speech,DESED isolated foreground,Speech,107542,desed:train:107542,DESED:107542,/home/leiyuxin/soundspaces/source_assets/clsdoa_v1/raw/desed/extracted/audio/train/soundbank/foreground/Speech/107542.wav,/home/leiyuxin/soundspaces/source_assets/clsdoa_v1/prepared/source_pool_pilot_001/wav/speech/desed__train__107542.wav,wav/speech/desed__train__107542.wav,023d125e58de67b76fcdfeaa410d8492f6bf4e113c9f66c02e4674ae4e62a586,d00894bcc7ab88d6b9cd1eb4723ccb403084a1067c8f51a57f0ebec493a78535,0b73ef2fd5c53a86dd70da2ea82bf53e65595891ede2a200abb103030c57ecf4,train,clsdoa_source_split_v2_stratified,ACCEPT,EXACT,AUTO_PASS,,PER_RECORDING_METADATA,http://creativecommons.org/licenses/by/3.0/,DESED_synth_soundbank.tar.gz; audio/train/soundbank/foreground/Speech/107542.wav ; official train license TSV,unknown,PRESENT,24000,1,float32,1.901958333,preserve_full_short_source,0.000000000,1.901950113,,active_rms_v1,-17.297583018,-24.000000127,0.594463885,0.274792343,-6.702416982,false,true
DESED isolated foreground:107808,speech,DESED isolated foreground,Speech,107808,desed:train:107808,DESED:107808,/home/leiyuxin/soundspaces/source_assets/clsdoa_v1/raw/desed/extracted/audio/train/soundbank/foreground/Speech/107808_0.wav,/home/leiyuxin/soundspaces/source_assets/clsdoa_v1/prepared/source_pool_pilot_001/wav/speech/desed__train__107808.wav,wav/speech/desed__train__107808.wav,4aa24ba1558074227d08caf03c2e6ae1b906dd6ae36d4b284442f58a25cb3ca3,7e7728874ec6aa3f01736f34096c9b7778b24fe30ba406422c504bb0f99cc800,b473f22ed0ae3ff90e61d185a1718fee25641a656a4694388a397811630bc3ec,train,clsdoa_source_split_v2_stratified,ACCEPT,EXACT,AUTO_PASS,,PER_RECORDING_METADATA,http://creativecommons.org/licenses/by/3.0/,DESED_synth_soundbank.tar.gz; audio/train/soundbank/foreground/Speech/107808_0.wav ; official train license TSV,unknown,PRESENT,24000,1,float32,1.798000000,preserve_full_short_source,0.000000000,1.797981859,,active_rms_v1,-14.246104337,-24.000000127,0.836409748,0.272097319,-9.753895663,false,true
DESED isolated foreground:108875,speech,DESED isolated foreground,Speech,108875,desed:train:108875,DESED:108875,/home/leiyuxin/soundspaces/source_assets/clsdoa_v1/raw/desed/extracted/audio/train/soundbank/foreground/Speech/108875.wav,/home/leiyuxin/soundspaces/source_assets/clsdoa_v1/prepared/source_pool_pilot_001/wav/speech/desed__train__108875.wav,wav/speech/desed__train__108875.wav,9d0b1dd1808e162b04e35f905ccfb1b5c786e89a321636ca185d8068e64ae53d,9eb5bf0e9a889b02514634cdb45b7b0d3488c7fb8864957b4fd26848a8bb50c9,342f0bfab2be9f9aeafe0cfdbc8d86c920459ddfdfe3379e90dd21407dac1b17,train,clsdoa_source_split_v2_stratified,ACCEPT,EXACT,AUTO_PASS,,PER_RECORDING_METADATA,http://creativecommons.org/licenses/by/3.0/,DESED_synth_soundbank.tar.gz; audio/train/soundbank/foreground/Speech/108875.wav ; official train license TSV,unknown,PRESENT,24000,1,float32,1.430416667,preserve_full_short_source,0.000000000,1.430408163,,active_rms_v1,-14.631319848,-23.999999102,0.822562993,0.279727489,-9.368680152,false,true
DESED isolated foreground:108885,speech,DESED isolated foreground,Speech,108885,desed:train:108885,DESED:108885,/home/leiyuxin/soundspaces/source_assets/clsdoa_v1/raw/desed/extracted/audio/train/soundbank/foreground/Speech/108885_0.wav,/home/leiyuxin/soundspaces/source_assets/clsdoa_v1/prepared/source_pool_pilot_001/wav/speech/desed__train__108885.wav,wav/speech/desed__train__108885.wav,6358013f3c53003992aae0c0d2dda87c56a7fcf722340c6589f87bacf406edb8,ed09f49dbc31808f52ff5be782f54ae1991a44ecf81a74c5a47283354306fa6f,40b85273ea3904720d4c9cebdca18e6a3f194d2976866c0ad68f61b8909c4738,train,clsdoa_source_split_v2_stratified,ACCEPT,EXACT,AUTO_PASS,,PER_RECORDING_METADATA,http://creativecommons.org/licenses/by/3.0/,DESED_synth_soundbank.tar.gz; audio/train/soundbank/foreground/Speech/108885_0.wav ; official train license TSV,unknown,PRESENT,24000,1,float32,1.066291667,preserve_full_short_source,0.000000000,1.066281179,,active_rms_v1,-15.395275435,-24.000000127,0.584303319,0.216971204,-8.604724565,false,true
DESED isolated foreground:109859,speech,DESED isolated foreground,Speech,109859,desed:train:109859,DESED:109859,/home/leiyuxin/soundspaces/source_assets/clsdoa_v1/raw/desed/extracted/audio/train/soundbank/foreground/Speech/109859_0.wav,/home/leiyuxin/soundspaces/source_assets/clsdoa_v1/prepared/source_pool_pilot_001/wav/speech/desed__train__109859.wav,wav/speech/desed__train__109859.wav,9d9bdb788ec0b446069a04b8e37e5dc03b1d72deb84f1d07a342c809a957746d,60ded250a3912ae593748b6692f708d87a8e26b8a23131f6c470a8ababdf4467,fefd991f72bab803d308b98bdac0333e06ab1ad7fef468d8980e09e14075d68c,val,clsdoa_source_split_v2_stratified,ACCEPT,EXACT,AUTO_PASS,,PER_RECORDING_METADATA,http://creativecommons.org/licenses/by/3.0/,DESED_synth_soundbank.tar.gz; audio/train/soundbank/foreground/Speech/109859_0.wav ; official train license TSV,unknown,PRESENT,24000,1,float32,0.793000000,preserve_full_short_source,0.000000000,0.792970522,,active_rms_v1,-14.418759202,-24.000000127,0.477514595,0.158461809,-9.581240798,false,true
DESED isolated foreground:109911,speech,DESED isolated foreground,Speech,109911,desed:train:109911,DESED:109911,/home/leiyuxin/soundspaces/source_assets/clsdoa_v1/raw/desed/extracted/audio/train/soundbank/foreground/Speech/109911_0.wav,/home/leiyuxin/soundspaces/source_assets/clsdoa_v1/prepared/source_pool_pilot_001/wav/speech/desed__train__109911.wav,wav/speech/desed__train__109911.wav,dfc901938c7631f87a6f11264605a6bc0d46b0e09ceffc57a7b93ecc94c05e1a,38cc3d71d277944ed0be5732425d4a643e0418be9f3f83f301dbdc9d61c8a60d,2aff10f7bdeee95afd27c719018ee72c384beb14843e2c972d90d6abff2abf51,train,clsdoa_source_split_v2_stratified,ACCEPT,EXACT,AUTO_PASS,,PER_RECORDING_METADATA,http://creativecommons.org/licenses/by/3.0/,DESED_synth_soundbank.tar.gz; audio/train/soundbank/foreground/Speech/109911_0.wav ; official train license TSV,unknown,PRESENT,24000,1,float32,0.477625000,preserve_full_short_source,0.000000000,0.477596372,,active_rms_v1,-15.501165818,-24.000000127,0.477447778,0.179466814,-8.498834182,false,true
DESED isolated foreground:122204,speech,DESED isolated foreground,Speech,122204,desed:eval:122204,DESED:122204,/home/leiyuxin/soundspaces/source_assets/clsdoa_v1/raw/desed/extracted/audio/eval/soundbank/foreground/Speech/122204.wav,/home/leiyuxin/soundspaces/source_assets/clsdoa_v1/prepared/source_pool_pilot_001/wav/speech/desed__eval__122204.wav,wav/speech/desed__eval__122204.wav,81ecc93ca38535d33b6ef4ee6a0b8373d78e4bba4b34b226ed94ce28f872af69,8b2af85aef20ad5d3663e98ce237e77dfe6f1624322ecf04f6fa8770f9b9c7d6,7647c31671c21bb04ab8b64274ae799accca514e8fcdac7513d05270356b0a60,train,clsdoa_source_split_v2_stratified,ACCEPT,EXACT,AUTO_PASS,,PER_RECORDING_METADATA,http://creativecommons.org/licenses/by/3.0/,DESED_synth_soundbank.tar.gz; audio/eval/soundbank/foreground/Speech/122204.wav ; official eval license TSV,unknown,PRESENT,24000,1,float32,0.786041667,preserve_full_short_source,0.000000000,0.786031746,,active_rms_v1,-18.106684258,-24.000000127,0.401605099,0.203766808,-5.893315742,false,true
DESED isolated foreground:124810,speech,DESED isolated foreground,Speech,124810,desed:train:124810,DESED:124810,/home/leiyuxin/soundspaces/source_assets/clsdoa_v1/raw/desed/extracted/audio/train/soundbank/foreground/Speech/124810_0.wav,/home/leiyuxin/soundspaces/source_assets/clsdoa_v1/prepared/source_pool_pilot_001/wav/speech/desed__train__124810.wav,wav/speech/desed__train__124810.wav,2328052d98d0d3a0f01cb6f4048b779f3e42c6760bb62150f673baa19d7920b1,99206e0cb23376c118fdc1057bdb8c63615b56621be21670f4fb68453d3a4eed,109aa4ef33f6617d06792766a6650d0f29fbcf13237586b0ce4202aa8b11e242,train,clsdoa_source_split_v2_stratified,ACCEPT,EXACT,AUTO_PASS,,PER_RECORDING_METADATA,http://creativecommons.org/licenses/by/3.0/,DESED_synth_soundbank.tar.gz; audio/train/soundbank/foreground/Speech/124810_0.wav ; official train license TSV,unknown,PRESENT,24000,1,float32,1.155583333,preserve_full_short_source,0.000000000,1.155578231,,active_rms_v1,-26.145414892,-24.000000127,0.230108052,0.294579536,2.145414892,false,true
DESED isolated foreground:124818,speech,DESED isolated foreground,Speech,124818,desed:train:124818,DESED:124818,/home/leiyuxin/soundspaces/source_assets/clsdoa_v1/raw/desed/extracted/audio/train/soundbank/foreground/Speech/124818.wav,/home/leiyuxin/soundspaces/source_assets/clsdoa_v1/prepared/source_pool_pilot_001/wav/speech/desed__train__124818.wav,wav/speech/desed__train__124818.wav,f5929b6f5b2ccb48ee852519e9d259930a57697179e94ab5e1cf5735888881a4,dc15809ff98bc670c5a6cbd53256f964ce8ce7a34275b51fb91c38586b3f8f4d,d546dddc761a22e3f6bfeb6a23e74bce86283631418d6dee054659524a6e5453,train,clsdoa_source_split_v2_stratified,ACCEPT,EXACT,AUTO_PASS,,PER_RECORDING_METADATA,http://creativecommons.org/licenses/by/3.0/,DESED_synth_soundbank.tar.gz; audio/train/soundbank/foreground/Speech/124818.wav ; official train license TSV,unknown,PRESENT,24000,1,float32,1.370000000,preserve_full_short_source,0.000000000,1.370000000,,active_rms_v1,-27.755403044,-24.000000127,0.185372770,0.285638064,3.755403044,false,true
DESED isolated foreground:146291,speech,DESED isolated foreground,Speech,146291,desed:eval:146291,DESED:146291,/home/leiyuxin/soundspaces/source_assets/clsdoa_v1/raw/desed/extracted/audio/eval/soundbank/foreground/Speech/146291.wav,/home/leiyuxin/soundspaces/source_assets/clsdoa_v1/prepared/source_pool_pilot_001/wav/speech/desed__eval__146291.wav,wav/speech/desed__eval__146291.wav,707d9c3f72451928a6709baabd079f23eff0c72a725e735f9cf9880e01e4fe52,082a23b5ea576b3865ff35e90ad0a3a3fe1ccfad29c46247f1dc3b17bd7a3c84,f62863928c2a713be2b30b74fa678cc06cba97eae026b1cc4b2db361c3db6a7e,train,clsdoa_source_split_v2_stratified,ACCEPT,EXACT,AUTO_PASS,,PER_RECORDING_METADATA,http://creativecommons.org/publicdomain/zero/1.0/,DESED_synth_soundbank.tar.gz; audio/eval/soundbank/foreground/Speech/146291.wav ; official eval license TSV,unknown,PRESENT,24000,1,float32,1.059958333,preserve_full_short_source,0.000000000,1.059931973,,active_rms_v1,-13.626189977,-24.000000127,0.611132681,0.185116455,-10.373810023,false,true
DESED isolated foreground:147985,speech,DESED isolated foreground,Speech,147985,desed:train:147985,DESED:147985,/home/leiyuxin/soundspaces/source_assets/clsdoa_v1/raw/desed/extracted/audio/train/soundbank/foreground/Speech/147985_0.wav,/home/leiyuxin/soundspaces/source_assets/clsdoa_v1/prepared/source_pool_pilot_001/wav/speech/desed__train__147985.wav,wav/speech/desed__train__147985.wav,65ac6d30cbd508e674381c6272432cadec486637991a59344a103437b101d9c0,9c4d65a37e4ad6157d20331a121e81cf53e412daebeeeb5213fe48533d0715b7,be5e9c07130d405dd96f1f4e1f5e30ebcecc69328b8fd5805dcd9bc7e7603c7b,train,clsdoa_source_split_v2_stratified,ACCEPT,EXACT,AUTO_PASS,,PER_RECORDING_METADATA,http://creativecommons.org/publicdomain/zero/1.0/,DESED_synth_soundbank.tar.gz; audio/train/soundbank/foreground/Speech/147985_0.wav ; official train license TSV,unknown,PRESENT,24000,1,float32,0.580125000,preserve_full_short_source,0.000000000,0.580113379,,active_rms_v1,-21.198682284,-23.999999102,0.367516220,0.266201586,-2.801317716,false,true
DESED isolated foreground:189361,speech,DESED isolated foreground,Speech,189361,desed:eval:189361,DESED:189361,/home/leiyuxin/soundspaces/source_assets/clsdoa_v1/raw/desed/extracted/audio/eval/soundbank/foreground/Speech/189361.wav,/home/leiyuxin/soundspaces/source_assets/clsdoa_v1/prepared/source_pool_pilot_001/wav/speech/desed__eval__189361.wav,wav/speech/desed__eval__189361.wav,a09a16915927681611154189a71aa266590fa99980e2f00d5d4439752b848547,ea67d184f4b2dc21138f70920278007d82adf107d28c5f50e549b510881cd61f,74f479054b39ef7eb69784f054012c1399820cde3224cb4c3c968e47ff41f8b9,test,clsdoa_source_split_v2_stratified,ACCEPT,EXACT,AUTO_PASS,,PER_RECORDING_METADATA,http://creativecommons.org/licenses/by/3.0/,DESED_synth_soundbank.tar.gz; audio/eval/soundbank/foreground/Speech/189361.wav ; official eval license TSV,unknown,PRESENT,24000,1,float32,0.601208333,preserve_full_short_source,0.000000000,0.601201814,,active_rms_v1,-11.430508598,-24.000001153,0.925583363,0.217741370,-12.569491402,false,true
DESED isolated foreground:189377,speech,DESED isolated foreground,Speech,189377,desed:eval:189377,DESED:189377,/home/leiyuxin/soundspaces/source_assets/clsdoa_v1/raw/desed/extracted/audio/eval/soundbank/foreground/Speech/189377.wav,/home/leiyuxin/soundspaces/source_assets/clsdoa_v1/prepared/source_pool_pilot_001/wav/speech/desed__eval__189377.wav,wav/speech/desed__eval__189377.wav,1ef96a16b2bba1cd6c7fb483c6b2f0330e385a58ed2007a024d23bc23fb915c5,38cf62990ecc54e930f45d6af75b1248c4992df6dc3203e2546d49e7235ffe9a,ab2337cf5879850830638f376ed7000e3be9b88d50981b0077bdc30fae475bf6,train,clsdoa_source_split_v2_stratified,ACCEPT,EXACT,AUTO_PASS,,PER_RECORDING_METADATA,http://creativecommons.org/licenses/by/3.0/,DESED_synth_soundbank.tar.gz; audio/eval/soundbank/foreground/Speech/189377.wav ; official eval license TSV,unknown,PRESENT,24000,1,float32,0.859791667,preserve_full_short_source,0.000000000,0.859750567,,active_rms_v1,-13.818855738,-24.000001153,0.777639806,0.240835920,-10.181144262,false,true
DESED isolated foreground:189382,speech,DESED isolated foreground,Speech,189382,desed:eval:189382,DESED:189382,/home/leiyuxin/soundspaces/source_assets/clsdoa_v1/raw/desed/extracted/audio/eval/soundbank/foreground/Speech/189382.wav,/home/leiyuxin/soundspaces/source_assets/clsdoa_v1/prepared/source_pool_pilot_001/wav/speech/desed__eval__189382.wav,wav/speech/desed__eval__189382.wav,f246167d46f449c208077b7d55f225cef7b5582811471d080a118be3a2902146,5e571417790f03c4866ab8dc771632999c5b1fba9361aaeb3c38d8666789984c,51552a71de67d56165f78126e761d5b458162a2c3c1fb55b220b563172f94201,test,clsdoa_source_split_v2_stratified,ACCEPT,EXACT,AUTO_PASS,,PER_RECORDING_METADATA,http://creativecommons.org/licenses/by/3.0/,DESED_synth_soundbank.tar.gz; audio/eval/soundbank/foreground/Speech/189382.wav ; official eval license TSV,unknown,PRESENT,24000,1,float32,0.666916667,preserve_full_short_source,0.000000000,0.666916100,,active_rms_v1,-13.422087042,-24.000001153,0.889804840,0.263268620,-10.577912958,false,true
DESED isolated foreground:189386,speech,DESED isolated foreground,Speech,189386,desed:eval:189386,DESED:189386,/home/leiyuxin/soundspaces/source_assets/clsdoa_v1/raw/desed/extracted/audio/eval/soundbank/foreground/Speech/189386.wav,/home/leiyuxin/soundspaces/source_assets/clsdoa_v1/prepared/source_pool_pilot_001/wav/speech/desed__eval__189386.wav,wav/speech/desed__eval__189386.wav,55e2afdd09ac084b08749b8ecc141fe11c8b6e9155595671bfa997f41078f5c9,f3b334f748e9a9ccde0b946f0f36c4a1db4112d7a990915ac54cedb85bb5eed3,3af564b749577012af5c467c9fea4a134ae05635f545fcddbb8fa16654d58933,test,clsdoa_source_split_v2_stratified,ACCEPT,EXACT,AUTO_PASS,,PER_RECORDING_METADATA,http://creativecommons.org/licenses/by/3.0/,DESED_synth_soundbank.tar.gz; audio/eval/soundbank/foreground/Speech/189386.wav ; official eval license TSV,unknown,PRESENT,24000,1,float32,0.724541667,preserve_full_short_source,0.000000000,0.724512472,,active_rms_v1,-13.807363822,-24.000000127,0.781795144,0.241802722,-10.192636178,false,true
DESED isolated foreground:189405,speech,DESED isolated foreground,Speech,189405,desed:eval:189405,DESED:189405,/home/leiyuxin/soundspaces/source_assets/clsdoa_v1/raw/desed/extracted/audio/eval/soundbank/foreground/Speech/189405.wav,/home/leiyuxin/soundspaces/source_assets/clsdoa_v1/prepared/source_pool_pilot_001/wav/speech/desed__eval__189405.wav,wav/speech/desed__eval__189405.wav,e37de65916e700eb7c296ca9a6c6a9f7a30530a35ef013f5b15904c28a0642a2,5fb882a7f09b970b957bf37c90c0755431a293176b25b4d088c1316e49e692d1,ab24e748c9a77eff1d758231e6e2dcef6551b05ab79fe340615fcefa4cb44fa3,train,clsdoa_source_split_v2_stratified,ACCEPT,EXACT,AUTO_PASS,,PER_RECORDING_METADATA,http://creativecommons.org/licenses/by/3.0/,DESED_synth_soundbank.tar.gz; audio/eval/soundbank/foreground/Speech/189405.wav ; official eval license TSV,unknown,PRESENT,24000,1,float32,0.824458333,preserve_full_short_source,0.000000000,0.824444444,,active_rms_v1,-16.762493479,-23.999999102,0.522366107,0.227038577,-7.237506521,false,true
DESED isolated foreground:189407,speech,DESED isolated foreground,Speech,189407,desed:eval:189407,DESED:189407,/home/leiyuxin/soundspaces/source_assets/clsdoa_v1/raw/desed/extracted/audio/eval/soundbank/foreground/Speech/189407.wav,/home/leiyuxin/soundspaces/source_assets/clsdoa_v1/prepared/source_pool_pilot_001/wav/speech/desed__eval__189407.wav,wav/speech/desed__eval__189407.wav,67e33fc08872dc574a27175cebafb5558217235c3da81b06542e74c051c2bd32,d0c575629d563e9c78968019f3aa49519b89081a78f8da4a06bd1f61e7a79e6c,0d20fc4f8e8b9f37eaa85962073133e644f8105c275d4c3a8eb9d67458623225,train,clsdoa_source_split_v2_stratified,ACCEPT,EXACT,AUTO_PASS,,PER_RECORDING_METADATA,http://creativecommons.org/licenses/by/3.0/,DESED_synth_soundbank.tar.gz; audio/eval/soundbank/foreground/Speech/189407.wav ; official eval license TSV,unknown,PRESENT,24000,1,float32,0.839875000,preserve_full_short_source,0.000000000,0.839863946,,active_rms_v1,-12.549088928,-24.000001153,0.927037835,0.248057231,-11.450911072,false,true
DESED isolated foreground:189410,speech,DESED isolated foreground,Speech,189410,desed:eval:189410,DESED:189410,/home/leiyuxin/soundspaces/source_assets/clsdoa_v1/raw/desed/extracted/audio/eval/soundbank/foreground/Speech/189410.wav,/home/leiyuxin/soundspaces/source_assets/clsdoa_v1/prepared/source_pool_pilot_001/wav/speech/desed__eval__189410.wav,wav/speech/desed__eval__189410.wav,3674c9e4cd6fbc4147aeb9cca17a4c8b98332070798803aebfaa9971b9411246,d19066d1a64b3e6832accc72db3faa08c52f660edd771fcbaa46b9f8ec584c71,8012fbf53f9664d598714bb599e9e06d57e49c205913b4a775791937114b5d02,train,clsdoa_source_split_v2_stratified,ACCEPT,EXACT,AUTO_PASS,,PER_RECORDING_METADATA,http://creativecommons.org/licenses/by/3.0/,DESED_synth_soundbank.tar.gz; audio/eval/soundbank/foreground/Speech/189410.wav ; official eval license TSV,unknown,PRESENT,24000,1,float32,0.719208333,preserve_full_short_source,0.000000000,0.719183673,,active_rms_v1,-13.295572728,-24.000000127,0.774091780,0.225720540,-10.704427272,false,true
DESED isolated foreground:189413,speech,DESED isolated foreground,Speech,189413,desed:eval:189413,DESED:189413,/home/leiyuxin/soundspaces/source_assets/clsdoa_v1/raw/desed/extracted/audio/eval/soundbank/foreground/Speech/189413.wav,/home/leiyuxin/soundspaces/source_assets/clsdoa_v1/prepared/source_pool_pilot_001/wav/speech/desed__eval__189413.wav,wav/speech/desed__eval__189413.wav,d99ab3ecbcc409dbcebc07d02472d57d3745dca3b4b7c9ad7357431af0d7eaf3,5383267c76ed36f366032d2f3d608be1eb81bd19a9fbbde60e28697cd4590139,7168463601d7bbeec0de5b4e20c8fbba7bcfdcbf91fbcaa526694853d784faf0,train,clsdoa_source_split_v2_stratified,ACCEPT,EXACT,AUTO_PASS,,PER_RECORDING_METADATA,http://creativecommons.org/licenses/by/3.0/,DESED_synth_soundbank.tar.gz; audio/eval/soundbank/foreground/Speech/189413.wav ; official eval license TSV,unknown,PRESENT,24000,1,float32,0.650500000,preserve_full_short_source,0.000000000,0.650476190,,active_rms_v1,-15.668594293,-24.000000127,0.538423836,0.206326008,-8.331405707,false,true
DESED isolated foreground:189415,speech,DESED isolated foreground,Speech,189415,desed:eval:189415,DESED:189415,/home/leiyuxin/soundspaces/source_assets/clsdoa_v1/raw/desed/extracted/audio/eval/soundbank/foreground/Speech/189415.wav,/home/leiyuxin/soundspaces/source_assets/clsdoa_v1/prepared/source_pool_pilot_001/wav/speech/desed__eval__189415.wav,wav/speech/desed__eval__189415.wav,ea7e49124fe86e9d293f682436b9c417207aeeed182d54ba5197da65a7f7395f,0865d130179dcf52159354c467e31c1c63b07ed19605f3b3816116181713d3c1,0819de8bd483f008b65061764376352d8f7316c5bd1f547d5e8336c5d8290ca2,train,clsdoa_source_split_v2_stratified,ACCEPT,EXACT,AUTO_PASS,,PER_RECORDING_METADATA,http://creativecommons.org/licenses/by/3.0/,DESED_synth_soundbank.tar.gz; audio/eval/soundbank/foreground/Speech/189415.wav ; official eval license TSV,unknown,PRESENT,24000,1,float32,0.802166667,preserve_full_short_source,0.000000000,0.802154195,,active_rms_v1,-12.062634985,-23.999999102,0.941791892,0.238279521,-11.937365015,false,true
DESED isolated foreground:189419,speech,DESED isolated foreground,Speech,189419,desed:eval:189419,DESED:189419,/home/leiyuxin/soundspaces/source_assets/clsdoa_v1/raw/desed/extracted/audio/eval/soundbank/foreground/Speech/189419.wav,/home/leiyuxin/soundspaces/source_assets/clsdoa_v1/prepared/source_pool_pilot_001/wav/speech/desed__eval__189419.wav,wav/speech/desed__eval__189419.wav,4873a540499c8bf66383f8327da8e2ed3a9430a17fc06599e73bd69906c9e56c,6352a6db0e20c08e340ec357d7a34492865930c54dd9dc8c6e7ac1e82db8860c,6c8de84ffcc9643b883ebe5b92e47c63df6607e6b6c7d95ce9e4751c455f7e02,train,clsdoa_source_split_v2_stratified,ACCEPT,EXACT,AUTO_PASS,,PER_RECORDING_METADATA,http://creativecommons.org/licenses/by/3.0/,DESED_synth_soundbank.tar.gz; audio/eval/soundbank/foreground/Speech/189419.wav ; official eval license TSV,unknown,PRESENT,24000,1,float32,0.990416667,preserve_full_short_source,0.000000000,0.990385488,,active_rms_v1,-15.980795064,-24.000000127,0.605442464,0.240498647,-8.019204936,false,true
DESED isolated foreground:189420,speech,DESED isolated foreground,Speech,189420,desed:eval:189420,DESED:189420,/home/leiyuxin/soundspaces/source_assets/clsdoa_v1/raw/desed/extracted/audio/eval/soundbank/foreground/Speech/189420.wav,/home/leiyuxin/soundspaces/source_assets/clsdoa_v1/prepared/source_pool_pilot_001/wav/speech/desed__eval__189420.wav,wav/speech/desed__eval__189420.wav,faf936bef5b1602f9475d806d33d5fdeb893935821fc464c5db72f215dd719c3,c3a1b8e5a8760ef40002547e3c63c13873f821b9efb541f7ddac0ab506bdf9c3,dd66951af835b78a791e4811618a9e11bf47f782c2d6170623faa974310d121d,val,clsdoa_source_split_v2_stratified,ACCEPT,EXACT,AUTO_PASS,,PER_RECORDING_METADATA,http://creativecommons.org/licenses/by/3.0/,DESED_synth_soundbank.tar.gz; audio/eval/soundbank/foreground/Speech/189420.wav ; official eval license TSV,unknown,PRESENT,24000,1,float32,0.622208333,preserve_full_short_source,0.000000000,0.622199546,,active_rms_v1,-14.246568142,-24.000000127,0.652367651,0.212236866,-9.753431858,false,true
DESED isolated foreground:189421,speech,DESED isolated foreground,Speech,189421,desed:eval:189421,DESED:189421,/home/leiyuxin/soundspaces/source_assets/clsdoa_v1/raw/desed/extracted/audio/eval/soundbank/foreground/Speech/189421.wav,/home/leiyuxin/soundspaces/source_assets/clsdoa_v1/prepared/source_pool_pilot_001/wav/speech/desed__eval__189421.wav,wav/speech/desed__eval__189421.wav,066e0a450fc304cb95e0dd78e08a3ddabd9c3368bda434bbabdd06ca62692366,80c6f3c04413219ca4885798551d24a1a586545005bd8dc688bcc960e4c9ee59,2e242951ff3cb78cec692a4ef7dfc0989b136fd84d93c16f1b3531b804fb52c2,train,clsdoa_source_split_v2_stratified,ACCEPT,EXACT,AUTO_PASS,,PER_RECORDING_METADATA,http://creativecommons.org/licenses/by/3.0/,DESED_synth_soundbank.tar.gz; audio/eval/soundbank/foreground/Speech/189421.wav ; official eval license TSV,unknown,PRESENT,24000,1,float32,0.841208333,preserve_full_short_source,0.000000000,0.841179138,,active_rms_v1,-15.562958740,-24.000000127,0.675772429,0.255828202,-8.437041260,false,true
DESED isolated foreground:189433,speech,DESED isolated foreground,Speech,189433,desed:eval:189433,DESED:189433,/home/leiyuxin/soundspaces/source_assets/clsdoa_v1/raw/desed/extracted/audio/eval/soundbank/foreground/Speech/189433.wav,/home/leiyuxin/soundspaces/source_assets/clsdoa_v1/prepared/source_pool_pilot_001/wav/speech/desed__eval__189433.wav,wav/speech/desed__eval__189433.wav,e817789b315077e4bb1fcfb5b42789e3c5ef1fe31f7e0c965b814217893e4048,38b0cae5b385e5e378bf3e48682f41a358c1c0973758a38583ea9e0093800fbf,16de5580ec4d9ab005974d832dcd7574fd48b8c3906ad83d02b2665d64696238,train,clsdoa_source_split_v2_stratified,ACCEPT,EXACT,AUTO_PASS,,PER_RECORDING_METADATA,http://creativecommons.org/licenses/by/3.0/,DESED_synth_soundbank.tar.gz; audio/eval/soundbank/foreground/Speech/189433.wav ; official eval license TSV,unknown,PRESENT,24000,1,float32,0.783708333,preserve_full_short_source,0.000000000,0.783696145,,active_rms_v1,-14.688169346,-24.000000127,0.740397096,0.253438860,-9.311830654,false,true
DESED isolated foreground:215682,speech,DESED isolated foreground,Speech,215682,desed:train:215682,DESED:215682,/home/leiyuxin/soundspaces/source_assets/clsdoa_v1/raw/desed/extracted/audio/train/soundbank/foreground/Speech/215682_0.wav,/home/leiyuxin/soundspaces/source_assets/clsdoa_v1/prepared/source_pool_pilot_001/wav/speech/desed__train__215682.wav,wav/speech/desed__train__215682.wav,926fb926557b9da7c1d4119aabeedc08e9da6dc0772aa89b2c1aa0a402aafc4d,41916e1ea897a23fad3026618caa7067392f494c1718ba674d4a5005352b2313,cf2925f979a2e8c997e621c57b08834ee4452382ef9cde74b25b9ccec85e2b23,train,clsdoa_source_split_v2_stratified,ACCEPT,EXACT,AUTO_PASS,,PER_RECORDING_METADATA,http://creativecommons.org/licenses/by/3.0/,DESED_synth_soundbank.tar.gz; audio/train/soundbank/foreground/Speech/215682_0.wav ; official train license TSV,unknown,PRESENT,24000,1,float32,1.028958333,preserve_full_short_source,0.000000000,1.028934240,,active_rms_v1,-13.921971941,-24.000000127,0.716796517,0.224643812,-10.078028059,false,true
DESED isolated foreground:234996,speech,DESED isolated foreground,Speech,234996,desed:train:234996,DESED:234996,/home/leiyuxin/soundspaces/source_assets/clsdoa_v1/raw/desed/extracted/audio/train/soundbank/foreground/Speech/234996.wav,/home/leiyuxin/soundspaces/source_assets/clsdoa_v1/prepared/source_pool_pilot_001/wav/speech/desed__train__234996.wav,wav/speech/desed__train__234996.wav,92783647d93ac5ff0394a524b9c501e1b414be1d77abed4b3e96abe816e24756,8142024269a6f075d0b23d1cef64f8a6e0a75dc41135d843a7ec69e51e397278,3cbea9a2ba8cce3c52bcb4be8cf994c1d583d6792a57fdd88c8ab34868477db4,val,clsdoa_source_split_v2_stratified,ACCEPT,EXACT,AUTO_PASS,,PER_RECORDING_METADATA,http://creativecommons.org/publicdomain/zero/1.0/,DESED_synth_soundbank.tar.gz; audio/train/soundbank/foreground/Speech/234996.wav ; official train license TSV,unknown,PRESENT,24000,1,float32,0.564083333,preserve_full_short_source,0.000000000,0.564081633,,active_rms_v1,-15.347468082,-24.000000127,0.664495289,0.245394766,-8.652531918,false,true
DESED isolated foreground:235016,speech,DESED isolated foreground,Speech,235016,desed:train:235016,DESED:235016,/home/leiyuxin/soundspaces/source_assets/clsdoa_v1/raw/desed/extracted/audio/train/soundbank/foreground/Speech/235016.wav,/home/leiyuxin/soundspaces/source_assets/clsdoa_v1/prepared/source_pool_pilot_001/wav/speech/desed__train__235016.wav,wav/speech/desed__train__235016.wav,eb75a9f68919a3ab87b66292190c2dc388884950e7cff16a1bf3b2c39816393a,ca2657af633f9d1e9228a4b11cc3e58354a02ce15f739820480678ab7f453244,a88f84820516ff6d4d394a22c3fa4c1c5a5a0c168ca0f2af7946cdffdf328d35,test,clsdoa_source_split_v2_stratified,ACCEPT,EXACT,AUTO_PASS,,PER_RECORDING_METADATA,http://creativecommons.org/publicdomain/zero/1.0/,DESED_synth_soundbank.tar.gz; audio/train/soundbank/foreground/Speech/235016.wav ; official train license TSV,unknown,PRESENT,24000,1,float32,1.079875000,preserve_full_short_source,0.000000000,1.079841270,,active_rms_v1,-11.629620281,-24.000000127,0.894443214,0.215294927,-12.370379719,false,true
DESED isolated foreground:236348,speech,DESED isolated foreground,Speech,236348,desed:eval:236348,DESED:236348,/home/leiyuxin/soundspaces/source_assets/clsdoa_v1/raw/desed/extracted/audio/eval/soundbank/foreground/Speech/236348.wav,/home/leiyuxin/soundspaces/source_assets/clsdoa_v1/prepared/source_pool_pilot_001/wav/speech/desed__eval__236348.wav,wav/speech/desed__eval__236348.wav,d0e232dc985a66d0782e1471128d7bc52798c00dacbf60385360d9f3e2ac4852,cf06a06fff844d9006f517a7ebfc954634ce4b266b201b4af0acbea594145aa2,b89c13c0455ff7fdb27800bb191d037e0a7117a6a66797ce505e74ebbae1f8f2,train,clsdoa_source_split_v2_stratified,ACCEPT,EXACT,AUTO_PASS,,PER_RECORDING_METADATA,http://creativecommons.org/licenses/by/3.0/,DESED_synth_soundbank.tar.gz; audio/eval/soundbank/foreground/Speech/236348.wav ; official eval license TSV,unknown,PRESENT,24000,1,float32,2.250000000,preserve_full_short_source,0.000000000,2.250000000,,active_rms_v1,-18.448016955,-24.000000127,0.449871898,0.237404913,-5.551983045,false,true
DESED isolated foreground:236368,speech,DESED isolated foreground,Speech,236368,desed:eval:236368,DESED:236368,/home/leiyuxin/soundspaces/source_assets/clsdoa_v1/raw/desed/extracted/audio/eval/soundbank/foreground/Speech/236368.wav,/home/leiyuxin/soundspaces/source_assets/clsdoa_v1/prepared/source_pool_pilot_001/wav/speech/desed__eval__236368.wav,wav/speech/desed__eval__236368.wav,64ee994dc5292eede07348f78b0e416fb46d192a48e3e26db7f9b88a19925fc6,8500c4e0359aabd23f642317dbf80460cf08a3432cb291ac666670ecf6d08ec3,533bece9ea0fb42d5be135c1ce7c62db60ec7cf77df169dd3ce571a266ba34b6,train,clsdoa_source_split_v2_stratified,ACCEPT,EXACT,AUTO_PASS,,PER_RECORDING_METADATA,http://creativecommons.org/licenses/by/3.0/,DESED_synth_soundbank.tar.gz; audio/eval/soundbank/foreground/Speech/236368.wav ; official eval license TSV,unknown,PRESENT,24000,1,float32,0.523583333,preserve_full_short_source,0.000000000,0.523560091,,active_rms_v1,-19.498445176,-24.000000127,0.348504066,0.207553536,-4.501554824,false,true
DESED isolated foreground:236420,speech,DESED isolated foreground,Speech,236420,desed:eval:236420,DESED:236420,/home/leiyuxin/soundspaces/source_assets/clsdoa_v1/raw/desed/extracted/audio/eval/soundbank/foreground/Speech/236420.wav,/home/leiyuxin/soundspaces/source_assets/clsdoa_v1/prepared/source_pool_pilot_001/wav/speech/desed__eval__236420.wav,wav/speech/desed__eval__236420.wav,cbabd07483004829364c00dec96dfeac0e223f40206a2ecd129722eb27c695b0,61c0c80be23c0a96416af98b1041c7c264f62e5eb25d74dfd4e40202fa1147db,269237d8823ed68f2062ef70949a5aeb306fe595ffc1e7c8c51515ec9d1650fe,train,clsdoa_source_split_v2_stratified,ACCEPT,EXACT,AUTO_PASS,,PER_RECORDING_METADATA,http://creativecommons.org/licenses/by/3.0/,DESED_synth_soundbank.tar.gz; audio/eval/soundbank/foreground/Speech/236420.wav ; official eval license TSV,unknown,PRESENT,24000,1,float32,2.375000000,preserve_full_short_source,0.000000000,2.374988662,,active_rms_v1,-18.913383242,-24.000000127,0.480716646,0.267644495,-5.086616758,false,true
DESED isolated foreground:236487,speech,DESED isolated foreground,Speech,236487,desed:eval:236487,DESED:236487,/home/leiyuxin/soundspaces/source_assets/clsdoa_v1/raw/desed/extracted/audio/eval/soundbank/foreground/Speech/236487_0.wav,/home/leiyuxin/soundspaces/source_assets/clsdoa_v1/prepared/source_pool_pilot_001/wav/speech/desed__eval__236487.wav,wav/speech/desed__eval__236487.wav,6e14b15b1f6c5464274700ba2cfbd0956c63c5f136ed06c20f777b9c229014a5,ae192374a0a782c3c398a0479a8ab8a772a6f6803ca9f85ceb82a260342f9680,c9dfeed267fe851bef5976165d7ccd441ed07b3bc72f2505263d8d6cbfe798e7,train,clsdoa_source_split_v2_stratified,ACCEPT,EXACT,AUTO_PASS,,PER_RECORDING_METADATA,http://creativecommons.org/licenses/by/3.0/,DESED_synth_soundbank.tar.gz; audio/eval/soundbank/foreground/Speech/236487_0.wav ; official eval license TSV,unknown,PRESENT,24000,1,float32,0.798500000,preserve_full_short_source,0.000000000,0.798480726,,active_rms_v1,-19.568104674,-24.000000127,0.350270092,0.210284993,-4.431895326,false,true
DESED isolated foreground:236531,speech,DESED isolated foreground,Speech,236531,desed:eval:236531,DESED:236531,/home/leiyuxin/soundspaces/source_assets/clsdoa_v1/raw/desed/extracted/audio/eval/soundbank/foreground/Speech/236531.wav,/home/leiyuxin/soundspaces/source_assets/clsdoa_v1/prepared/source_pool_pilot_001/wav/speech/desed__eval__236531.wav,wav/speech/desed__eval__236531.wav,c8d15e2ccdac73804aa14e17880fb80725d1495e9e1e6a4ab92420f2380b763b,abe2b878e9da438c0eeb8123462259df5bd4e174700465528dbf8efc342572d4,86d99f057508927b3445bf2ab947501de7cb019e29b2ecce167524bab0a1ce6e,test,clsdoa_source_split_v2_stratified,ACCEPT,EXACT,AUTO_PASS,,PER_RECORDING_METADATA,http://creativecommons.org/licenses/by/3.0/,DESED_synth_soundbank.tar.gz; audio/eval/soundbank/foreground/Speech/236531.wav ; official eval license TSV,unknown,PRESENT,24000,1,float32,0.693000000,preserve_full_short_source,0.000000000,0.692970522,,active_rms_v1,-15.678435239,-24.000001153,0.569771528,0.218586072,-8.321564761,false,true
DESED isolated foreground:236561,speech,DESED isolated foreground,Speech,236561,desed:eval:236561,DESED:236561,/home/leiyuxin/soundspaces/source_assets/clsdoa_v1/raw/desed/extracted/audio/eval/soundbank/foreground/Speech/236561_0.wav,/home/leiyuxin/soundspaces/source_assets/clsdoa_v1/prepared/source_pool_pilot_001/wav/speech/desed__eval__236561.wav,wav/speech/desed__eval__236561.wav,17a2e5a70c1c0a05ab8a47a98ff5d532a204c690c983006e7335638cb1a7e9d0,503965f87116d216f4f380bcd866f72044455da3afff54f04b685c625e53737f,3246d5606611e8d144c3505910735104c718d0790874d4e8ad9e86d4d80a775e,val,clsdoa_source_split_v2_stratified,ACCEPT,EXACT,AUTO_PASS,,PER_RECORDING_METADATA,http://creativecommons.org/licenses/by/3.0/,DESED_synth_soundbank.tar.gz; audio/eval/soundbank/foreground/Speech/236561_0.wav ; official eval license TSV,unknown,PRESENT,24000,1,float32,1.402083333,preserve_full_short_source,0.000000000,1.402063492,,active_rms_v1,-21.286682695,-24.000000127,0.320204169,0.234293967,-2.713317305,false,true
ESC-50:106072,vacuum_cleaner,ESC-50,vacuum_cleaner,106072,esc50:106072,ESC-50:esc50:106072,/home/leiyuxin/soundspaces/source_assets/clsdoa_v1/raw/esc50/ESC-50-master/audio/2-106072-A-36.wav,/home/leiyuxin/soundspaces/source_assets/clsdoa_v1/prepared/source_pool_pilot_001/wav/vacuum_cleaner/esc50__106072.wav,wav/vacuum_cleaner/esc50__106072.wav,cafb66444c410a131669473dea3c787e546e1b28ff7aa72947ce3c73a9885174,3672ecf0847535c5126a60e0339d7b9a5b63b04e933ae5ce734d4514d5f7fcee,48d6c73a9f124f3d9454d1c93bbd91e088c96e7cc88352419bdad3f73ba499cd,train,clsdoa_source_split_v2_stratified,ACCEPT,EXACT,AUTO_PASS,,DATASET_LEVEL_VERIFIED,CC BY-NC 3.0; dataset-level license and attribution file,https://github.com/karolpiczak/ESC-50; meta/esc50.csv; src_file=106072 take=A,unknown,PRESENT,24000,1,float32,5.000000000,preserve_full_short_source,0.000000000,5.000000000,,active_rms_v1,-8.132668427,-24.000000127,1.069658995,0.172138795,-15.867331573,false,true
ESC-50:188365,vacuum_cleaner,ESC-50,vacuum_cleaner,188365,esc50:188365,ESC-50:esc50:188365,/home/leiyuxin/soundspaces/source_assets/clsdoa_v1/raw/esc50/ESC-50-master/audio/5-188365-A-36.wav,/home/leiyuxin/soundspaces/source_assets/clsdoa_v1/prepared/source_pool_pilot_001/wav/vacuum_cleaner/esc50__188365.wav,wav/vacuum_cleaner/esc50__188365.wav,69f8b4bfdb4050d370557d98c2ca0c178d73121a59f108180713b8f7ba15b044,7ed2b18ccf0091ea7d6d44b588c464c4318a3f75a1c4e772285f7b846c576091,b18b10fd9ceb79b47445240e36b77651334a69fee351b9a47896f6cd0fd97ab8,train,clsdoa_source_split_v2_stratified,ACCEPT,EXACT,AUTO_PASS,,DATASET_LEVEL_VERIFIED,CC BY-NC 3.0; dataset-level license and attribution file,https://github.com/karolpiczak/ESC-50; meta/esc50.csv; src_file=188365 take=A,unknown,PRESENT,24000,1,float32,5.000000000,preserve_full_short_source,0.000000000,5.000000000,,active_rms_v1,-8.952992192,-24.000000127,1.036429286,0.183311313,-15.047007808,false,true
ESC-50:172733,vacuum_cleaner,ESC-50,vacuum_cleaner,172733,esc50:172733,ESC-50:esc50:172733,/home/leiyuxin/soundspaces/source_assets/clsdoa_v1/raw/esc50/ESC-50-master/audio/4-172733-A-36.wav,/home/leiyuxin/soundspaces/source_assets/clsdoa_v1/prepared/source_pool_pilot_001/wav/vacuum_cleaner/esc50__172733.wav,wav/vacuum_cleaner/esc50__172733.wav,b9b5e39c7810bc5f9222f8ac311fb5fdd25df42bb043c744e798a18d847575d0,d6316728c77624f67c70cfde8bb3f5c50b1e2cf8e1bbda68c5561b22da8ef18f,cb2683c4942cb7e1d85e0d3ff62ab29e47a035b2d78808f5341302914867a0d7,train,clsdoa_source_split_v2_stratified,ACCEPT,EXACT,AUTO_PASS,,DATASET_LEVEL_VERIFIED,CC BY-NC 3.0; dataset-level license and attribution file,https://github.com/karolpiczak/ESC-50; meta/esc50.csv; src_file=172733 take=A,unknown,PRESENT,24000,1,float32,5.000000000,preserve_full_short_source,0.000000000,5.000000000,,active_rms_v1,-8.646937490,-24.000001153,1.041758299,0.177874550,-15.353062510,false,true
ESC-50:182012,vacuum_cleaner,ESC-50,vacuum_cleaner,182012,esc50:182012,ESC-50:esc50:182012,/home/leiyuxin/soundspaces/source_assets/clsdoa_v1/raw/esc50/ESC-50-master/audio/5-182012-A-36.wav,/home/leiyuxin/soundspaces/source_assets/clsdoa_v1/prepared/source_pool_pilot_001/wav/vacuum_cleaner/esc50__182012.wav,wav/vacuum_cleaner/esc50__182012.wav,98d08c36c1c034f8e96aa7bd217b6b82ec2fdec9fb16b8f0bda7e892fc46115a,2c8d4fba06b314a51948f61decc3df32972535ddfb815247fae049b8822bb449,8fa37e0bd01c6e825f68c8a21bb057a25d4a98b5088f16e16de0fdf0d4a42b03,train,clsdoa_source_split_v2_stratified,ACCEPT,EXACT,AUTO_PASS,,DATASET_LEVEL_VERIFIED,CC BY-NC 3.0; dataset-level license and attribution file,https://github.com/karolpiczak/ESC-50; meta/esc50.csv; src_file=182012 take=A,unknown,PRESENT,24000,1,float32,5.000000000,preserve_full_short_source,0.000000000,5.000000000,,active_rms_v1,-9.244173382,-23.999999102,1.044556618,0.191047192,-14.755826618,false,true
ESC-50:212054,vacuum_cleaner,ESC-50,vacuum_cleaner,212054,esc50:212054,ESC-50:esc50:212054,/home/leiyuxin/soundspaces/source_assets/clsdoa_v1/raw/esc50/ESC-50-master/audio/5-212054-A-36.wav,/home/leiyuxin/soundspaces/source_assets/clsdoa_v1/prepared/source_pool_pilot_001/wav/vacuum_cleaner/esc50__212054.wav,wav/vacuum_cleaner/esc50__212054.wav,305a61bf460ca9fab82e4b972c9f2a959077fc88a437afaf089e0bdadefb0f2d,df6d1be4a79e410d905346d8972165efd65756a08d82d472e05109b22698ce5e,3d4cc6c8b7a3960972294b6b90e957d4bd504a7a2674d0afe00f8021c6e1e56a,test,clsdoa_source_split_v2_stratified,ACCEPT,EXACT,AUTO_PASS,,DATASET_LEVEL_VERIFIED,CC BY-NC 3.0; dataset-level license and attribution file,https://github.com/karolpiczak/ESC-50; meta/esc50.csv; src_file=212054 take=A,unknown,PRESENT,24000,1,float32,5.000000000,preserve_full_short_source,0.000000000,5.000000000,,active_rms_v1,-8.235523463,-24.000000127,1.033494830,0.168300137,-15.764476537,false,true
ESC-50:100210,vacuum_cleaner,ESC-50,vacuum_cleaner,100210,esc50:100210,ESC-50:esc50:100210,/home/leiyuxin/soundspaces/source_assets/clsdoa_v1/raw/esc50/ESC-50-master/audio/1-100210-A-36.wav,/home/leiyuxin/soundspaces/source_assets/clsdoa_v1/prepared/source_pool_pilot_001/wav/vacuum_cleaner/esc50__100210.wav,wav/vacuum_cleaner/esc50__100210.wav,c25661e812d1606dc7de301e1123fa76fd6cb4566e0f73d62cefaaf76343f768,c59e7be391f4f93c2a8eefe95ccd402d83302cfc09496ad64b565e7d471b07e3,f97e97b0fe0afce323d858503b6fa3ffd6c8cb1162c43cf3b24461300fb9abf6,train,clsdoa_source_split_v2_stratified,ACCEPT,EXACT,AUTO_PASS,,DATASET_LEVEL_VERIFIED,CC BY-NC 3.0; dataset-level license and attribution file,https://github.com/karolpiczak/ESC-50; meta/esc50.csv; src_file=100210 take=A,unknown,PRESENT,24000,1,float32,5.000000000,preserve_full_short_source,0.000000000,5.000000000,,active_rms_v1,-9.889015242,-24.000001153,1.021015882,0.201132953,-14.110984758,false,true
ESC-50:146200,vacuum_cleaner,ESC-50,vacuum_cleaner,146200,esc50:146200,ESC-50:esc50:146200,/home/leiyuxin/soundspaces/source_assets/clsdoa_v1/raw/esc50/ESC-50-master/audio/4-146200-A-36.wav,/home/leiyuxin/soundspaces/source_assets/clsdoa_v1/prepared/source_pool_pilot_001/wav/vacuum_cleaner/esc50__146200.wav,wav/vacuum_cleaner/esc50__146200.wav,fd5d00c450629f630022181895f222e465cee6ec6ea0587cae67bef0e78c77ee,22ac56476e505148491bbb6dfa26a756f3c7e9797a94469f9d38aecd80226efd,41db87e753f13f238ba7f8ffca60421d08f8ab3e315c4d79f0557caed80ee9d8,train,clsdoa_source_split_v2_stratified,ACCEPT,EXACT,AUTO_PASS,,DATASET_LEVEL_VERIFIED,CC BY-NC 3.0; dataset-level license and attribution file,https://github.com/karolpiczak/ESC-50; meta/esc50.csv; src_file=146200 take=A,unknown,PRESENT,24000,1,float32,5.000000000,preserve_full_short_source,0.000000000,5.000000000,,active_rms_v1,-9.300772144,-24.000000127,1.050890565,0.193462193,-14.699227856,false,true
ESC-50:182010,vacuum_cleaner,ESC-50,vacuum_cleaner,182010,esc50:182010,ESC-50:esc50:182010,/home/leiyuxin/soundspaces/source_assets/clsdoa_v1/raw/esc50/ESC-50-master/audio/5-182010-A-36.wav,/home/leiyuxin/soundspaces/source_assets/clsdoa_v1/prepared/source_pool_pilot_001/wav/vacuum_cleaner/esc50__182010.wav,wav/vacuum_cleaner/esc50__182010.wav,e2c7a0e7f55ee27c125d31cc980a2e3e614a16f1b121d9913a5d26cc0ae8cf19,bfbbc155cc9ebc5fb203421f18bd7d69e1900f00c7916d8b750e53a3324a3292,0ac4e7dd19c4f99e9453c79e0409650b1fb12972f9da4d15f96408788b015a07,train,clsdoa_source_split_v2_stratified,ACCEPT,EXACT,AUTO_PASS,,DATASET_LEVEL_VERIFIED,CC BY-NC 3.0; dataset-level license and attribution file,https://github.com/karolpiczak/ESC-50; meta/esc50.csv; src_file=182010 take=A,unknown,PRESENT,24000,1,float32,5.000000000,preserve_full_short_source,0.000000000,5.000000000,,active_rms_v1,-9.867146418,-24.000000127,1.007961154,0.198061988,-14.132853582,false,true
ESC-50:141682,vacuum_cleaner,ESC-50,vacuum_cleaner,141682,esc50:141682,ESC-50:esc50:141682,/home/leiyuxin/soundspaces/source_assets/clsdoa_v1/raw/esc50/ESC-50-master/audio/2-141682-B-36.wav,/home/leiyuxin/soundspaces/source_assets/clsdoa_v1/prepared/source_pool_pilot_001/wav/vacuum_cleaner/esc50__141682.wav,wav/vacuum_cleaner/esc50__141682.wav,bc898f0bd98d36769585ba9d350be05afd9a399f6c82cec023b7ec61fc9951eb,0a8e799f0f9c2f57e2d06f0600c2cd3b1547220d6bd4179b144c4e458e88672b,4551ede90c715089480f7f02e0bcd4af52a2940d71f8391a05bf3fafbb128c78,train,clsdoa_source_split_v2_stratified,ACCEPT,EXACT,AUTO_PASS,,DATASET_LEVEL_VERIFIED,CC BY-NC 3.0; dataset-level license and attribution file,https://github.com/karolpiczak/ESC-50; meta/esc50.csv; src_file=141682 take=B,unknown,PRESENT,24000,1,float32,5.000000000,preserve_full_short_source,0.000000000,5.000000000,,active_rms_v1,-10.083802226,-24.000000127,1.020648599,0.205620483,-13.916197774,false,true
ESC-50:181999,vacuum_cleaner,ESC-50,vacuum_cleaner,181999,esc50:181999,ESC-50:esc50:181999,/home/leiyuxin/soundspaces/source_assets/clsdoa_v1/raw/esc50/ESC-50-master/audio/4-181999-A-36.wav,/home/leiyuxin/soundspaces/source_assets/clsdoa_v1/prepared/source_pool_pilot_001/wav/vacuum_cleaner/esc50__181999.wav,wav/vacuum_cleaner/esc50__181999.wav,c50289a6103f9eac62f9b4a9af5a160a0da49c6a2eb9bdddcd791f1b1cbb6381,771bab3bc6dde6600187a6bd8f1095867e2c6ecf2967e99518b5dd2dd62c2ab9,10fdd12ca0a1d4dde025138f18da53c290e853e652d54691254bbee3f2bd40a5,train,clsdoa_source_split_v2_stratified,ACCEPT,EXACT,AUTO_PASS,,DATASET_LEVEL_VERIFIED,CC BY-NC 3.0; dataset-level license and attribution file,https://github.com/karolpiczak/ESC-50; meta/esc50.csv; src_file=181999 take=A,unknown,PRESENT,24000,1,float32,5.000000000,preserve_full_short_source,0.000000000,5.000000000,,active_rms_v1,-10.266564565,-24.000000127,1.016475081,0.209134147,-13.733435435,false,true
ESC-50:172732,vacuum_cleaner,ESC-50,vacuum_cleaner,172732,esc50:172732,ESC-50:esc50:172732,/home/leiyuxin/soundspaces/source_assets/clsdoa_v1/raw/esc50/ESC-50-master/audio/4-172732-A-36.wav,/home/leiyuxin/soundspaces/source_assets/clsdoa_v1/prepared/source_pool_pilot_001/wav/vacuum_cleaner/esc50__172732.wav,wav/vacuum_cleaner/esc50__172732.wav,2f3ab976a851710db47df736b4340cec5fd32c90b6f1e58801e9fa1f9b5e1249,d444820f205caca1bae789bcc70affee63f95ad0f939454eaabf481e0e0060e3,e6e0690da254355cd5e8ae4bda3ea349c83d93b8ece5e140bfd6d467813a3c47,train,clsdoa_source_split_v2_stratified,ACCEPT,EXACT,AUTO_PASS,,DATASET_LEVEL_VERIFIED,CC BY-NC 3.0; dataset-level license and attribution file,https://github.com/karolpiczak/ESC-50; meta/esc50.csv; src_file=172732 take=A,unknown,PRESENT,24000,1,float32,5.000000000,preserve_full_short_source,0.000000000,5.000000000,,active_rms_v1,-12.278400932,-24.000000127,0.821680844,0.213119507,-11.721599068,false,true
ESC-50:263902,vacuum_cleaner,ESC-50,vacuum_cleaner,263902,esc50:263902,ESC-50:esc50:263902,/home/leiyuxin/soundspaces/source_assets/clsdoa_v1/raw/esc50/ESC-50-master/audio/5-263902-A-36.wav,/home/leiyuxin/soundspaces/source_assets/clsdoa_v1/prepared/source_pool_pilot_001/wav/vacuum_cleaner/esc50__263902.wav,wav/vacuum_cleaner/esc50__263902.wav,7f596bae826c1bcd31fe8808058df8ea85e2914dd27a48ad0382cdc86076adb3,1c5091cf067b94cff509123d0aadf0127a57bcac5887fa19f27837baafef4e00,2548fc884ad1cfdbe8de0f6a13297faf674d9e486f3e7fdad8aa95092be39cea,train,clsdoa_source_split_v2_stratified,ACCEPT,EXACT,AUTO_PASS,,DATASET_LEVEL_VERIFIED,CC BY-NC 3.0; dataset-level license and attribution file,https://github.com/karolpiczak/ESC-50; meta/esc50.csv; src_file=263902 take=A,unknown,PRESENT,24000,1,float32,5.000000000,preserve_full_short_source,0.000000000,5.000000000,,active_rms_v1,-17.357867782,-24.000000127,0.461637527,0.214879259,-6.642132218,false,true
ESC-50:106073,vacuum_cleaner,ESC-50,vacuum_cleaner,106073,esc50:106073,ESC-50:esc50:106073,/home/leiyuxin/soundspaces/source_assets/clsdoa_v1/raw/esc50/ESC-50-master/audio/2-106073-A-36.wav,/home/leiyuxin/soundspaces/source_assets/clsdoa_v1/prepared/source_pool_pilot_001/wav/vacuum_cleaner/esc50__106073.wav,wav/vacuum_cleaner/esc50__106073.wav,2ba0a511f53344d0cd706f482156932264040f01d194c138ca0438fc0d2dbe99,c014443014c959abc1908f9e7f357e1e76ab56c5f93adea27909f16dbcb831ec,a578d3c4f74bc96341a041e63e8c3190b2c94d3ec3a306f4b7ac8fbe7e84c828,train,clsdoa_source_split_v2_stratified,ACCEPT,EXACT,AUTO_PASS,,DATASET_LEVEL_VERIFIED,CC BY-NC 3.0; dataset-level license and attribution file,https://github.com/karolpiczak/ESC-50; meta/esc50.csv; src_file=106073 take=A,unknown,PRESENT,24000,1,float32,5.000000000,preserve_full_short_source,0.000000000,5.000000000,,active_rms_v1,-10.593174158,-23.999999102,1.034113050,0.220915779,-13.406825842,false,true
ESC-50:19872,vacuum_cleaner,ESC-50,vacuum_cleaner,19872,esc50:19872,ESC-50:esc50:19872,/home/leiyuxin/soundspaces/source_assets/clsdoa_v1/raw/esc50/ESC-50-master/audio/1-19872-A-36.wav,/home/leiyuxin/soundspaces/source_assets/clsdoa_v1/prepared/source_pool_pilot_001/wav/vacuum_cleaner/esc50__19872.wav,wav/vacuum_cleaner/esc50__19872.wav,27522fa61125dddb8bb43d761dcd6b077a0a1d5282b98869448ef1a7582a2ee0,ec3f4ae8874981b03862edf816d48f8943d40d282cd4246ade3e82f2fce988ab,6f15bb8c669aaf930dfd44ef95920141a2b8d43148f7e29c0f1a7a52f91260d6,train,clsdoa_source_split_v2_stratified,ACCEPT,EXACT,AUTO_PASS,,DATASET_LEVEL_VERIFIED,CC BY-NC 3.0; dataset-level license and attribution file,https://github.com/karolpiczak/ESC-50; meta/esc50.csv; src_file=19872 take=A,unknown,PRESENT,24000,1,float32,5.000000000,preserve_full_short_source,0.000000000,5.000000000,,active_rms_v1,-18.226116757,-24.000000127,0.419235706,0.215657279,-5.773883243,false,true
ESC-50:19840,vacuum_cleaner,ESC-50,vacuum_cleaner,19840,esc50:19840,ESC-50:esc50:19840,/home/leiyuxin/soundspaces/source_assets/clsdoa_v1/raw/esc50/ESC-50-master/audio/1-19840-A-36.wav,/home/leiyuxin/soundspaces/source_assets/clsdoa_v1/prepared/source_pool_pilot_001/wav/vacuum_cleaner/esc50__19840.wav,wav/vacuum_cleaner/esc50__19840.wav,f438edc4cbf92031af47f200150a05c136b1bc35efcc0a7885f666de3e0ad8a1,c7871da9566196a1858e1289bb0e9ee10b3b387e8eae3dc8e11f8d083c544f42,d6d58e48005b976207cd6030de5d8976e9e7f4377eab86f790c5473c95ad2dd1,train,clsdoa_source_split_v2_stratified,ACCEPT,EXACT,AUTO_PASS,,DATASET_LEVEL_VERIFIED,CC BY-NC 3.0; dataset-level license and attribution file,https://github.com/karolpiczak/ESC-50; meta/esc50.csv; src_file=19840 take=A,unknown,PRESENT,24000,1,float32,5.000000000,preserve_full_short_source,0.000000000,5.000000000,,active_rms_v1,-29.823162580,-24.000001153,0.116669804,0.228095442,5.823162580,false,true
ESC-50:159346,vacuum_cleaner,ESC-50,vacuum_cleaner,159346,esc50:159346,ESC-50:esc50:159346,/home/leiyuxin/soundspaces/source_assets/clsdoa_v1/raw/esc50/ESC-50-master/audio/3-159346-A-36.wav,/home/leiyuxin/soundspaces/source_assets/clsdoa_v1/prepared/source_pool_pilot_001/wav/vacuum_cleaner/esc50__159346.wav,wav/vacuum_cleaner/esc50__159346.wav,c01a061c2d3866f6cfb9431879b1b23e1d95fb014607341164304dac1ebfc887,40ba213c53f887d0d312bee41e4ad397097b5cd62b41c38a34c1704d12c6e020,5327e7573883e6dfbcfd2d0ee1106a9fb3a2121e108fe9d7b8c1313c4df73819,test,clsdoa_source_split_v2_stratified,ACCEPT,EXACT,AUTO_PASS,,DATASET_LEVEL_VERIFIED,CC BY-NC 3.0; dataset-level license and attribution file,https://github.com/karolpiczak/ESC-50; meta/esc50.csv; src_file=159346 take=A,unknown,PRESENT,24000,1,float32,5.000000000,preserve_full_short_source,0.000000000,5.000000000,,active_rms_v1,-18.412764392,-24.000000127,0.435155213,0.228708565,-5.587235608,false,true
ESC-50:212059,vacuum_cleaner,ESC-50,vacuum_cleaner,212059,esc50:212059,ESC-50:esc50:212059,/home/leiyuxin/soundspaces/source_assets/clsdoa_v1/raw/esc50/ESC-50-master/audio/5-212059-A-36.wav,/home/leiyuxin/soundspaces/source_assets/clsdoa_v1/prepared/source_pool_pilot_001/wav/vacuum_cleaner/esc50__212059.wav,wav/vacuum_cleaner/esc50__212059.wav,7c43d4c64c854dcc649fd66a2cf7b0f30c356fc5be54c855e409d7de9188c414,29d4b9463a86b9099f474d8ea2c588f3b69ab4b24a80855cefbed0e31f6cbeba,99df07d9b9dce2b58c52389933adaa286e531f422ca51cccb0bb3db6425d8c45,train,clsdoa_source_split_v2_stratified,ACCEPT,EXACT,AUTO_PASS,,DATASET_LEVEL_VERIFIED,CC BY-NC 3.0; dataset-level license and attribution file,https://github.com/karolpiczak/ESC-50; meta/esc50.csv; src_file=212059 take=A,unknown,PRESENT,24000,1,float32,5.000000000,preserve_full_short_source,0.000000000,5.000000000,,active_rms_v1,-11.206617249,-24.000000127,0.991308093,0.227268636,-12.793382751,false,true
ESC-50:182007,vacuum_cleaner,ESC-50,vacuum_cleaner,182007,esc50:182007,ESC-50:esc50:182007,/home/leiyuxin/soundspaces/source_assets/clsdoa_v1/raw/esc50/ESC-50-master/audio/5-182007-A-36.wav,/home/leiyuxin/soundspaces/source_assets/clsdoa_v1/prepared/source_pool_pilot_001/wav/vacuum_cleaner/esc50__182007.wav,wav/vacuum_cleaner/esc50__182007.wav,0e463ece25ea1f8c47d726f98eea65dc7f0d328a4b367f0371a6b7f4baa35e4d,c3aa6db7b50be807615fca0bbf1e46e2946c9489627fe6ab8142fb53efe9c591,3da75e2e43452c3d1bc595b46a51e7a04bc6be977fc5b11e7adaa5e8e5877b0f,test,clsdoa_source_split_v2_stratified,ACCEPT,EXACT,AUTO_PASS,,DATASET_LEVEL_VERIFIED,CC BY-NC 3.0; dataset-level license and attribution file,https://github.com/karolpiczak/ESC-50; meta/esc50.csv; src_file=182007 take=A,unknown,PRESENT,24000,1,float32,5.000000000,preserve_full_short_source,0.000000000,5.000000000,,active_rms_v1,-11.744737420,-23.999999102,1.029522061,0.251114935,-12.255262580,false,true
ESC-50:60460,vacuum_cleaner,ESC-50,vacuum_cleaner,60460,esc50:60460,ESC-50:esc50:60460,/home/leiyuxin/soundspaces/source_assets/clsdoa_v1/raw/esc50/ESC-50-master/audio/1-60460-A-36.wav,/home/leiyuxin/soundspaces/source_assets/clsdoa_v1/prepared/source_pool_pilot_001/wav/vacuum_cleaner/esc50__60460.wav,wav/vacuum_cleaner/esc50__60460.wav,fb7bd010485ba6a0b4c09a25ca0fe11d7cd9ed646d8429a816bda427cf60b09a,2a5002fe10fda3618645cee67972321ed14d8cc7d26c840576d5edfe42ea0a3f,b5be86f8883d3deb8ecde4d8bd18ca9264abebd2726439f06684028061ef5dd2,val,clsdoa_source_split_v2_stratified,ACCEPT,EXACT,AUTO_PASS,,DATASET_LEVEL_VERIFIED,CC BY-NC 3.0; dataset-level license and attribution file,https://github.com/karolpiczak/ESC-50; meta/esc50.csv; src_file=60460 take=A,unknown,PRESENT,24000,1,float32,5.000000000,preserve_full_short_source,0.000000000,5.000000000,,active_rms_v1,-20.820813826,-24.000000127,0.342513174,0.237529740,-3.179186174,false,true
ESC-50:122820,vacuum_cleaner,ESC-50,vacuum_cleaner,122820,esc50:122820,ESC-50:esc50:122820,/home/leiyuxin/soundspaces/source_assets/clsdoa_v1/raw/esc50/ESC-50-master/audio/2-122820-A-36.wav,/home/leiyuxin/soundspaces/source_assets/clsdoa_v1/prepared/source_pool_pilot_001/wav/vacuum_cleaner/esc50__122820.wav,wav/vacuum_cleaner/esc50__122820.wav,0860570edc61a8972b3a44d7ad1194e60d788d488181d23432ea6b2ab68569c9,f8bd90ffbbe8c2c92c42eda47f9b68b3a8b67b49b91c662d211c36eaf4b181b3,89cb5093a2706c98fb55cf9f2b609349e31c44f3be91dcd22fbb3ed64162ec38,train,clsdoa_source_split_v2_stratified,ACCEPT,EXACT,AUTO_PASS,,DATASET_LEVEL_VERIFIED,CC BY-NC 3.0; dataset-level license and attribution file,https://github.com/karolpiczak/ESC-50; meta/esc50.csv; src_file=122820 take=A,unknown,PRESENT,24000,1,float32,5.000000000,preserve_full_short_source,0.000000000,5.000000000,,active_rms_v1,-13.841203738,-24.000000127,0.759222865,0.235737920,-10.158796262,false,true
ESC-50:79236,vacuum_cleaner,ESC-50,vacuum_cleaner,79236,esc50:79236,ESC-50:esc50:79236,/home/leiyuxin/soundspaces/source_assets/clsdoa_v1/raw/esc50/ESC-50-master/audio/1-79236-A-36.wav,/home/leiyuxin/soundspaces/source_assets/clsdoa_v1/prepared/source_pool_pilot_001/wav/vacuum_cleaner/esc50__79236.wav,wav/vacuum_cleaner/esc50__79236.wav,00d196b5179421e8e62c5e48457b15164a15078eb9a64389606ba565a033e385,7e1bdc68b4699a89c040c38beecf0cff5413ee6c1752fc1c7864d150e8e83488,c2a7d2bc06b14b9e9cecaa1e67ab5c0b21e1c1caa9945b853d1b7c9009e3ae8b,val,clsdoa_source_split_v2_stratified,ACCEPT,EXACT,AUTO_PASS,,DATASET_LEVEL_VERIFIED,CC BY-NC 3.0; dataset-level license and attribution file,https://github.com/karolpiczak/ESC-50; meta/esc50.csv; src_file=79236 take=A,unknown,PRESENT,24000,1,float32,5.000000000,preserve_full_short_source,0.000000000,5.000000000,,active_rms_v1,-11.339884508,-24.000000127,1.259881854,0.293308079,-12.660115492,false,true
ESC-50:172736,vacuum_cleaner,ESC-50,vacuum_cleaner,172736,esc50:172736,ESC-50:esc50:172736,/home/leiyuxin/soundspaces/source_assets/clsdoa_v1/raw/esc50/ESC-50-master/audio/4-172736-A-36.wav,/home/leiyuxin/soundspaces/source_assets/clsdoa_v1/prepared/source_pool_pilot_001/wav/vacuum_cleaner/esc50__172736.wav,wav/vacuum_cleaner/esc50__172736.wav,ae8b76fcd3400b82daf4fc6e56532c9dea7d450c76a75ce36bb9e3ed1560c67f,1854334249cefe29f2e9d576152a97cfec5c2e7b5e3f12ce0abbb854e463d689,3a1ee8ca78c888284dcf58aa5d2e029862b0ef16352edc8126e232942ca01e29,train,clsdoa_source_split_v2_stratified,ACCEPT,EXACT,AUTO_PASS,,DATASET_LEVEL_VERIFIED,CC BY-NC 3.0; dataset-level license and attribution file,https://github.com/karolpiczak/ESC-50; meta/esc50.csv; src_file=172736 take=A,unknown,PRESENT,24000,1,float32,5.000000000,preserve_full_short_source,0.000000000,5.000000000,,active_rms_v1,-12.128604102,-24.000000127,1.036335945,0.264198750,-11.871395898,false,true
ESC-50:141681,vacuum_cleaner,ESC-50,vacuum_cleaner,141681,esc50:141681,ESC-50:esc50:141681,/home/leiyuxin/soundspaces/source_assets/clsdoa_v1/raw/esc50/ESC-50-master/audio/2-141681-A-36.wav,/home/leiyuxin/soundspaces/source_assets/clsdoa_v1/prepared/source_pool_pilot_001/wav/vacuum_cleaner/esc50__141681.wav,wav/vacuum_cleaner/esc50__141681.wav,208c0de47e92442460574ea7426b6612298f8c7739e1985715bdd836e8895f66,db7c5d6c51f8c8a59a379ad9780a05c7287f136564ab87fc428f483b3da9ded5,026fec8e7c4352de859263c9ddd2e1550b43c88508c34df8fb5b36ece4f11c1c,val,clsdoa_source_split_v2_stratified,ACCEPT,EXACT,AUTO_PASS,,DATASET_LEVEL_VERIFIED,CC BY-NC 3.0; dataset-level license and attribution file,https://github.com/karolpiczak/ESC-50; meta/esc50.csv; src_file=141681 take=A,unknown,PRESENT,24000,1,float32,5.000000000,preserve_full_short_source,0.000000000,5.000000000,,active_rms_v1,-19.089133819,-23.999999102,0.470709652,0.267429799,-4.910866181,false,true
ESC-50:159347,vacuum_cleaner,ESC-50,vacuum_cleaner,159347,esc50:159347,ESC-50:esc50:159347,/home/leiyuxin/soundspaces/source_assets/clsdoa_v1/raw/esc50/ESC-50-master/audio/3-159347-A-36.wav,/home/leiyuxin/soundspaces/source_assets/clsdoa_v1/prepared/source_pool_pilot_001/wav/vacuum_cleaner/esc50__159347.wav,wav/vacuum_cleaner/esc50__159347.wav,86b87f19ef5cf76ba5e085ef14dbd759396f8f0baf83c3fa77d1db3a2fcffb8d,689bd1bb2e79c6b1cc2b1823692ded5d5403d6026c80ede630de5d3b93fe4636,749869b3dac818842a45bfde1afdf1ebcb5217eb3b0e4fe147dc473048fb5da9,train,clsdoa_source_split_v2_stratified,ACCEPT,EXACT,AUTO_PASS,,DATASET_LEVEL_VERIFIED,CC BY-NC 3.0; dataset-level license and attribution file,https://github.com/karolpiczak/ESC-50; meta/esc50.csv; src_file=159347 take=A,unknown,PRESENT,24000,1,float32,5.000000000,preserve_full_short_source,0.000000000,5.000000000,,active_rms_v1,-14.669269224,-24.000000127,0.882502437,0.301425070,-9.330730776,false,true
ESC-50:194680,vacuum_cleaner,ESC-50,vacuum_cleaner,194680,esc50:194680,ESC-50:esc50:194680,/home/leiyuxin/soundspaces/source_assets/clsdoa_v1/raw/esc50/ESC-50-master/audio/4-194680-A-36.wav,/home/leiyuxin/soundspaces/source_assets/clsdoa_v1/prepared/source_pool_pilot_001/wav/vacuum_cleaner/esc50__194680.wav,wav/vacuum_cleaner/esc50__194680.wav,1a7ae748ea22bc91089b801aa91db21d5dc72c9af5db0fa87939e3445d37e0a6,29eb32c6cc24049fca0abf8b6a1369b6c35997ce2f8b79d0b411965e888bbfde,7cfaaaa5fd15d746f66a0131d44cbdd6b0f0ddb3690da99b6f8857ea3f69b2b5,test,clsdoa_source_split_v2_stratified,ACCEPT,EXACT,AUTO_PASS,,DATASET_LEVEL_VERIFIED,CC BY-NC 3.0; dataset-level license and attribution file,https://github.com/karolpiczak/ESC-50; meta/esc50.csv; src_file=194680 take=A,unknown,PRESENT,24000,1,float32,5.000000000,preserve_full_short_source,0.000000000,5.000000000,,active_rms_v1,-24.593662915,-24.000000127,0.254230738,0.272214472,0.593662915,false,true
ESC-50:231551,vacuum_cleaner,ESC-50,vacuum_cleaner,231551,esc50:231551,ESC-50:esc50:231551,/home/leiyuxin/soundspaces/source_assets/clsdoa_v1/raw/esc50/ESC-50-master/audio/5-231551-A-36.wav,/home/leiyuxin/soundspaces/source_assets/clsdoa_v1/prepared/source_pool_pilot_001/wav/vacuum_cleaner/esc50__231551.wav,wav/vacuum_cleaner/esc50__231551.wav,d5a60c716910d10edfacbd38c76ffcc3f3615bd0e0cc9aa69b90df2bd9b2587f,cf610cad18bf137d1d52598218b9cdefbe017829f40c854c729718564315e24c,0a22d8fb67750e1487e0e7e4ae242d45bb99562885cb7d74b1bf4db7a26caf07,train,clsdoa_source_split_v2_stratified,ACCEPT,EXACT,AUTO_PASS,,DATASET_LEVEL_VERIFIED,CC BY-NC 3.0; dataset-level license and attribution file,https://github.com/karolpiczak/ESC-50; meta/esc50.csv; src_file=231551 take=A,unknown,PRESENT,24000,1,float32,5.000000000,preserve_full_short_source,0.000000000,5.000000000,,active_rms_v1,-16.876826978,-24.000000127,0.508847535,0.224093378,-7.123173022,false,true
ESC-50:172734,vacuum_cleaner,ESC-50,vacuum_cleaner,172734,esc50:172734,ESC-50:esc50:172734,/home/leiyuxin/soundspaces/source_assets/clsdoa_v1/raw/esc50/ESC-50-master/audio/4-172734-A-36.wav,/home/leiyuxin/soundspaces/source_assets/clsdoa_v1/prepared/source_pool_pilot_001/wav/vacuum_cleaner/esc50__172734.wav,wav/vacuum_cleaner/esc50__172734.wav,086d84baabf28eb64efdb45cdedaab985bf136f34598880ff60700a9d80cac5c,c5bcd302a512c9eb24742d56dcb5ae20ed039d94a0e24d89eb8f86cfab2335fa,011ed0542de4d6069f22eb60442db8247126bc1eb0681e39cb85f25b6ba6c301,val,clsdoa_source_split_v2_stratified,ACCEPT,EXACT,AUTO_PASS,,DATASET_LEVEL_VERIFIED,CC BY-NC 3.0; dataset-level license and attribution file,https://github.com/karolpiczak/ESC-50; meta/esc50.csv; src_file=172734 take=A,unknown,PRESENT,24000,1,float32,5.000000000,preserve_full_short_source,0.000000000,5.000000000,,active_rms_v1,-11.007615462,-24.000000127,1.045569658,0.234279200,-12.992384538,false,true
ESC-50:152020,vacuum_cleaner,ESC-50,vacuum_cleaner,152020,esc50:152020,ESC-50:esc50:152020,/home/leiyuxin/soundspaces/source_assets/clsdoa_v1/raw/esc50/ESC-50-master/audio/3-152020-C-36.wav,/home/leiyuxin/soundspaces/source_assets/clsdoa_v1/prepared/source_pool_pilot_001/wav/vacuum_cleaner/esc50__152020.wav,wav/vacuum_cleaner/esc50__152020.wav,d21781b68922e21dcd6cace7cd7eae6a7333df016cb1204ac619e811f4b6e1d5,c199545c22847b1030d03a4dbbdade5dbd62a398188fb91b4893694777709482,4ced9cc682392672f385022463c93959a21916af693324410932b031e5e5d8c8,train,clsdoa_source_split_v2_stratified,ACCEPT,EXACT,AUTO_PASS,,DATASET_LEVEL_VERIFIED,CC BY-NC 3.0; dataset-level license and attribution file,https://github.com/karolpiczak/ESC-50; meta/esc50.csv; src_file=152020 take=C,unknown,PRESENT,24000,1,float32,5.000000000,preserve_full_short_source,0.000000000,5.000000000,,active_rms_v1,-9.217462450,-23.999999102,1.064802766,0.194152191,-14.782537550,false,true
ESC-50:159348,vacuum_cleaner,ESC-50,vacuum_cleaner,159348,esc50:159348,ESC-50:esc50:159348,/home/leiyuxin/soundspaces/source_assets/clsdoa_v1/raw/esc50/ESC-50-master/audio/3-159348-A-36.wav,/home/leiyuxin/soundspaces/source_assets/clsdoa_v1/prepared/source_pool_pilot_001/wav/vacuum_cleaner/esc50__159348.wav,wav/vacuum_cleaner/esc50__159348.wav,da458486765a14b05a75fa4cb8a45e96f95c2d02081dbd5a3718611ab1e01f70,44bebd13a22c2d6621cd1d95544bd50c31f7aeb1eaa4eb247a00fe5dec11a759,5e2a850746457f0823b26ae31227d340b3dafab392e1b5714bbc63502be6cdc0,train,clsdoa_source_split_v2_stratified,ACCEPT,EXACT,AUTO_PASS,,DATASET_LEVEL_VERIFIED,CC BY-NC 3.0; dataset-level license and attribution file,https://github.com/karolpiczak/ESC-50; meta/esc50.csv; src_file=159348 take=A,unknown,PRESENT,24000,1,float32,5.000000000,preserve_full_short_source,0.000000000,5.000000000,,active_rms_v1,-27.182692112,-24.000001153,0.163148999,0.235352606,3.182692112,false,true
ESC-50:46744,vacuum_cleaner,ESC-50,vacuum_cleaner,46744,esc50:46744,ESC-50:esc50:46744,/home/leiyuxin/soundspaces/source_assets/clsdoa_v1/raw/esc50/ESC-50-master/audio/1-46744-A-36.wav,/home/leiyuxin/soundspaces/source_assets/clsdoa_v1/prepared/source_pool_pilot_001/wav/vacuum_cleaner/esc50__46744.wav,wav/vacuum_cleaner/esc50__46744.wav,19321d8385c8955d4ec9d1791831796cdfef59b73717d23fd4170d8491c46e3b,d7ee1fc8d3b5ea6d1144e391a497f44051d822972011b2be0c3af7516242fd0e,2ce9931568a6e0ddf3cf840988ffd2af6fe3be62012a1f865e18180fb2b0f21e,train,clsdoa_source_split_v2_stratified,ACCEPT,EXACT,AUTO_FLAG,severe_clipping_candidate,DATASET_LEVEL_VERIFIED,CC BY-NC 3.0; dataset-level license and attribution file,https://github.com/karolpiczak/ESC-50; meta/esc50.csv; src_file=46744 take=A,unknown,PRESENT,24000,1,float32,5.000000000,preserve_full_short_source,0.000000000,5.000000000,,active_rms_v1,-6.499224111,-24.000001153,1.095554590,0.146081492,-17.500775889,false,true
DESED isolated foreground:141681,vacuum_cleaner,DESED isolated foreground,Vacuum_cleaner,141681,desed:train:141681,DESED:141681,/home/leiyuxin/soundspaces/source_assets/clsdoa_v1/raw/desed/extracted/audio/train/soundbank/foreground/Vacuum_cleaner/141681.wav,/home/leiyuxin/soundspaces/source_assets/clsdoa_v1/prepared/source_pool_pilot_001/wav/vacuum_cleaner/desed__train__141681.wav,wav/vacuum_cleaner/desed__train__141681.wav,11108fe1218bf525d78264e76af511a73200b7ab4a5b0cdf0ceaacebf74b581f,fde8d484e18c91753118ea52847c7e9f663c3a6321bc2943c196fff7a0d4051c,bf2fe2497dd91c91c46afd6add5f183615b0d85b1aa87c1c9a1a87ae911b1d35,train,clsdoa_source_split_v2_stratified,ACCEPT,EXACT,AUTO_PASS,,PER_RECORDING_METADATA,http://creativecommons.org/publicdomain/zero/1.0/,DESED_synth_soundbank.tar.gz; audio/train/soundbank/foreground/Vacuum_cleaner/141681.wav ; official train license TSV,unknown,PRESENT,24000,1,float32,5.000000000,deterministic_center,16.996621315,21.996621315,,active_rms_v1,-16.749003693,-24.000001153,0.655221105,0.284340084,-7.250996307,false,true
DESED isolated foreground:182010,vacuum_cleaner,DESED isolated foreground,Vacuum_cleaner,182010,desed:train:182010,DESED:182010,/home/leiyuxin/soundspaces/source_assets/clsdoa_v1/raw/desed/extracted/audio/train/soundbank/foreground/Vacuum_cleaner/182010.wav,/home/leiyuxin/soundspaces/source_assets/clsdoa_v1/prepared/source_pool_pilot_001/wav/vacuum_cleaner/desed__train__182010.wav,wav/vacuum_cleaner/desed__train__182010.wav,45d6e3080313f7162027fd13608418b551fe2b48cedac5e667b7f0556785b802,dc3af8d5e19fd024b98e631951f09195fcd5cf6b8caa3db3b441e3442633b27f,523b67b76d153fb8d563550a752f1786cf14d0f6b945209b8d1d44b2186a4136,train,clsdoa_source_split_v2_stratified,ACCEPT,EXACT,AUTO_PASS,,PER_RECORDING_METADATA,http://creativecommons.org/publicdomain/zero/1.0/,DESED_synth_soundbank.tar.gz; audio/train/soundbank/foreground/Vacuum_cleaner/182010.wav ; official train license TSV,unknown,PRESENT,24000,1,float32,5.000000000,deterministic_center,18.537256236,23.537256236,,active_rms_v1,-13.846126087,-24.000000127,0.695541441,0.216087341,-10.153873913,false,true
DESED isolated foreground:189735,vacuum_cleaner,DESED isolated foreground,Vacuum_cleaner,189735,desed:eval:189735,DESED:189735,/home/leiyuxin/soundspaces/source_assets/clsdoa_v1/raw/desed/extracted/audio/eval/soundbank/foreground/Vacuum_cleaner/189735.wav,/home/leiyuxin/soundspaces/source_assets/clsdoa_v1/prepared/source_pool_pilot_001/wav/vacuum_cleaner/desed__eval__189735.wav,wav/vacuum_cleaner/desed__eval__189735.wav,5f08e06bcc3fdd3d4e9660f155be201fcc59e1cda95c71690ed112fe4c2676c9,a58aa46e26b987db96b237e075190083bc48a2c79815b14cc1e256a887b8a707,c7e193d1138836e05c2c4202ba52064670efd3b43307f0d76495ac53c2735995,train,clsdoa_source_split_v2_stratified,ACCEPT,EXACT,AUTO_PASS,,PER_RECORDING_METADATA,http://creativecommons.org/licenses/by/3.0/,DESED_synth_soundbank.tar.gz; audio/eval/soundbank/foreground/Vacuum_cleaner/189735.wav ; official eval license TSV,unknown,PRESENT,24000,1,float32,5.000000000,deterministic_center,27.064965986,32.064965986,,active_rms_v1,-17.177852213,-24.000000127,0.420254052,0.191603974,-6.822147787,false,true
DESED isolated foreground:178256,vacuum_cleaner,DESED isolated foreground,Vacuum_cleaner,178256,desed:train:178256,DESED:178256,/home/leiyuxin/soundspaces/source_assets/clsdoa_v1/raw/desed/extracted/audio/train/soundbank/foreground/Vacuum_cleaner/178256.wav,/home/leiyuxin/soundspaces/source_assets/clsdoa_v1/prepared/source_pool_pilot_001/wav/vacuum_cleaner/desed__train__178256.wav,wav/vacuum_cleaner/desed__train__178256.wav,858c332cb3120e4696bd51ea1e05e2b28d0ab0e05883665bcd468ab98a256314,1e78be3dd4456097502bb141e2c0c7203598cad9209ddd0e104db51f42d921d9,f488e16f69a900e99e7dc2c7d85dc27ce0bbb989871a542804670e97c65326ae,test,clsdoa_source_split_v2_stratified,ACCEPT,EXACT,AUTO_PASS,,PER_RECORDING_METADATA,http://creativecommons.org/publicdomain/zero/1.0/,DESED_synth_soundbank.tar.gz; audio/train/soundbank/foreground/Vacuum_cleaner/178256.wav ; official train license TSV,unknown,PRESENT,24000,1,float32,5.000000000,deterministic_center,20.541927438,25.541927438,,active_rms_v1,-20.664173202,-24.000001153,0.312130809,0.212591201,-3.335826798,false,true
DESED isolated foreground:182007,vacuum_cleaner,DESED isolated foreground,Vacuum_cleaner,182007,desed:train:182007,DESED:182007,/home/leiyuxin/soundspaces/source_assets/clsdoa_v1/raw/desed/extracted/audio/train/soundbank/foreground/Vacuum_cleaner/182007.wav,/home/leiyuxin/soundspaces/source_assets/clsdoa_v1/prepared/source_pool_pilot_001/wav/vacuum_cleaner/desed__train__182007.wav,wav/vacuum_cleaner/desed__train__182007.wav,1be914350ce189474c3d28fec901f504fb5422a0407290dfff09977165b3d830,7c6f6380e574c0647961890cc9d109a2a04e7432ecd30457153f344f4c1eed72,e2429afa53e72c97d6aacbdefb5c56b2499aa38742bef56e687f929cc9fdaaa0,train,clsdoa_source_split_v2_stratified,ACCEPT,EXACT,AUTO_PASS,,PER_RECORDING_METADATA,http://creativecommons.org/publicdomain/zero/1.0/,DESED_synth_soundbank.tar.gz; audio/train/soundbank/foreground/Vacuum_cleaner/182007.wav ; official train license TSV,unknown,PRESENT,24000,1,float32,5.000000000,deterministic_center,19.154172336,24.154172336,,active_rms_v1,-17.594479200,-24.000000127,0.508325696,0.243145376,-6.405520800,false,true
DESED isolated foreground:182009,vacuum_cleaner,DESED isolated foreground,Vacuum_cleaner,182009,desed:train:182009,DESED:182009,/home/leiyuxin/soundspaces/source_assets/clsdoa_v1/raw/desed/extracted/audio/train/soundbank/foreground/Vacuum_cleaner/182009.wav,/home/leiyuxin/soundspaces/source_assets/clsdoa_v1/prepared/source_pool_pilot_001/wav/vacuum_cleaner/desed__train__182009.wav,wav/vacuum_cleaner/desed__train__182009.wav,38ad8b0fcfdee8cdbff8fb5a8c3113dc553fedd4953e512004880d684dd9ec5a,44da89d697208b86a0bf6de5db820b3238956940686f30e5c59851f14270443c,07dd79a60f12adb9616763939026a54e4213efc57af299f736d344540310a155,val,clsdoa_source_split_v2_stratified,ACCEPT,EXACT,AUTO_PASS,,PER_RECORDING_METADATA,http://creativecommons.org/publicdomain/zero/1.0/,DESED_synth_soundbank.tar.gz; audio/train/soundbank/foreground/Vacuum_cleaner/182009.wav ; official train license TSV,unknown,PRESENT,24000,1,float32,5.000000000,deterministic_center,15.355782313,20.355782313,,active_rms_v1,-11.957312192,-24.000000127,0.773419797,0.193321824,-12.042687808,false,true
FSD50K:58873,instrumental_music,FSD50K,instrumental_music,58873,fsd50k:dev:58873,ONTOLOGY_V2:fsd50k:dev:58873,/home/leiyuxin/soundspaces/source_assets/clsdoa_v1/prepared/ontology_v2_new_classes_v1/wav/instrumental_music/instrumental_music__review_001.wav,/home/leiyuxin/soundspaces/source_assets/clsdoa_v1/prepared/ontology_v2_new_classes_v1/wav/instrumental_music/instrumental_music__review_001.wav,wav/instrumental_music/instrumental_music__review_001.wav,5f6184a16c73e7117ac7a102b5e0f2d6f13d7c8a810bda484025007a7629ff4f,53a990715432406dd618fa8fbc7f138ac3b96f31544b22c68955d216f1088c01,,val,clsdoa_source_split_v3_ontology_v2,ACCEPT,EXACT,AUTO_PASS,,DATASET_LEVEL_VERIFIED,See source provenance,60-item ontology v2 blind review package; operator declared class matches answer key,unknown,PRESENT,24000,1,float32,5.0,pre-reviewed contiguous 5.000 s,0.98140589569161,5.98140589569161,,none,,,,,,,true
FSD50K:187046,instrumental_music,FSD50K,instrumental_music,187046,fsd50k:dev:187046,ONTOLOGY_V2:fsd50k:dev:187046,/home/leiyuxin/soundspaces/source_assets/clsdoa_v1/prepared/ontology_v2_new_classes_v1/wav/instrumental_music/instrumental_music__review_002.wav,/home/leiyuxin/soundspaces/source_assets/clsdoa_v1/prepared/ontology_v2_new_classes_v1/wav/instrumental_music/instrumental_music__review_002.wav,wav/instrumental_music/instrumental_music__review_002.wav,7b5da80451955999782e33622e9ace711694a8122bae5c79e9906bed09cd5746,b2e16655659ae43cf49c45d41139c928baa57055236c34dc4f425cdd831ad0c1,,test,clsdoa_source_split_v3_ontology_v2,ACCEPT,EXACT,AUTO_PASS,,DATASET_LEVEL_VERIFIED,See source provenance,60-item ontology v2 blind review package; operator declared class matches answer key,unknown,PRESENT,24000,1,float32,5.0,pre-reviewed contiguous 5.000 s,2.4134013605442175,7.413401360544217,,none,,,,,,,true
ESC-50:1-30344-A-0.wav,dog,ESC-50,dog,1-30344-A-0.wav,1-30344-A-0,ONTOLOGY_V2:1-30344-A-0,/home/leiyuxin/soundspaces/source_assets/clsdoa_v1/prepared/ontology_v2_new_classes_v1/wav/dog/dog__review_003.wav,/home/leiyuxin/soundspaces/source_assets/clsdoa_v1/prepared/ontology_v2_new_classes_v1/wav/dog/dog__review_003.wav,wav/dog/dog__review_003.wav,fda10a1353797f2b5577991e5ff800b7bdffc7e20069c5e9a546466596510d44,1d327aa955872a13194560254f8bf3d8baba33a5efc6b687b69357461af2d88d,,train,clsdoa_source_split_v3_ontology_v2,ACCEPT,EXACT,AUTO_PASS,,DATASET_LEVEL_VERIFIED,See source provenance,60-item ontology v2 blind review package; operator declared class matches answer key,unknown,PRESENT,24000,1,float32,5.0,pre-reviewed contiguous 5.000 s,0.0,5.0,,none,,,,,,,true
ESC-50:2-114587-A-0.wav,dog,ESC-50,dog,2-114587-A-0.wav,2-114587-A-0,ONTOLOGY_V2:2-114587-A-0,/home/leiyuxin/soundspaces/source_assets/clsdoa_v1/prepared/ontology_v2_new_classes_v1/wav/dog/dog__review_004.wav,/home/leiyuxin/soundspaces/source_assets/clsdoa_v1/prepared/ontology_v2_new_classes_v1/wav/dog/dog__review_004.wav,wav/dog/dog__review_004.wav,c1aa309b83a42588218a8130052615bba85fa86e39f0ded6f3227d3bb4e044af,baab11aca526b424d6efc7d43d0a6b4882def5cd019d358ccaa90b65125148d9,,train,clsdoa_source_split_v3_ontology_v2,ACCEPT,EXACT,AUTO_PASS,,DATASET_LEVEL_VERIFIED,See source provenance,60-item ontology v2 blind review package; operator declared class matches answer key,unknown,PRESENT,24000,1,float32,5.0,pre-reviewed contiguous 5.000 s,0.0,5.0,,none,,,,,,,true
ESC-50:1-30226-A-0.wav,dog,ESC-50,dog,1-30226-A-0.wav,1-30226-A-0,ONTOLOGY_V2:1-30226-A-0,/home/leiyuxin/soundspaces/source_assets/clsdoa_v1/prepared/ontology_v2_new_classes_v1/wav/dog/dog__review_005.wav,/home/leiyuxin/soundspaces/source_assets/clsdoa_v1/prepared/ontology_v2_new_classes_v1/wav/dog/dog__review_005.wav,wav/dog/dog__review_005.wav,11f73723ac21ee1c8b28bec5cced0aa71268a66ccfe9325d78ac43685e143494,f1d14bacf03b1a326e255cfe990c998eac9b11eb2a5d990065a13a5b87e4f56d,,train,clsdoa_source_split_v3_ontology_v2,ACCEPT,EXACT,AUTO_PASS,,DATASET_LEVEL_VERIFIED,See source provenance,60-item ontology v2 blind review package; operator declared class matches answer key,unknown,PRESENT,24000,1,float32,5.0,pre-reviewed contiguous 5.000 s,0.0,5.0,,none,,,,,,,true
FSD50K:64780,instrumental_music,FSD50K,instrumental_music,64780,fsd50k:dev:64780,ONTOLOGY_V2:fsd50k:dev:64780,/home/leiyuxin/soundspaces/source_assets/clsdoa_v1/prepared/ontology_v2_new_classes_v1/wav/instrumental_music/instrumental_music__review_006.wav,/home/leiyuxin/soundspaces/source_assets/clsdoa_v1/prepared/ontology_v2_new_classes_v1/wav/instrumental_music/instrumental_music__review_006.wav,wav/instrumental_music/instrumental_music__review_006.wav,c6c556a01497fab184b63f0d7a18699bbc747120a54a21367dd447ccaa90cda7,1ccabc85b71e894ef90285530922937fc8ff4c86b74ae09ded42e968ff927314,,train,clsdoa_source_split_v3_ontology_v2,ACCEPT,EXACT,AUTO_PASS,,DATASET_LEVEL_VERIFIED,See source provenance,60-item ontology v2 blind review package; operator declared class matches answer key,unknown,PRESENT,24000,1,float32,5.0,pre-reviewed contiguous 5.000 s,0.5049433106575963,5.5049433106575965,,none,,,,,,,true
ESC-50:4-183882-A-28.wav,snoring,ESC-50,snoring,4-183882-A-28.wav,4-183882-A-28,ONTOLOGY_V2:4-183882-A-28,/home/leiyuxin/soundspaces/source_assets/clsdoa_v1/prepared/ontology_v2_new_classes_v1/wav/snoring/snoring__review_007.wav,/home/leiyuxin/soundspaces/source_assets/clsdoa_v1/prepared/ontology_v2_new_classes_v1/wav/snoring/snoring__review_007.wav,wav/snoring/snoring__review_007.wav,ec82016e488a2e2fcc7a241ec70ea6c1837d5d7ed8f80fffb2816f68dad273b4,a1e54ca52f89804327fefe2bf66428b1cf9500de6e4c0a531adad7115eb7bc55,,train,clsdoa_source_split_v3_ontology_v2,ACCEPT,EXACT,AUTO_PASS,,DATASET_LEVEL_VERIFIED,See source provenance,60-item ontology v2 blind review package; operator declared class matches answer key,unknown,PRESENT,24000,1,float32,5.0,pre-reviewed contiguous 5.000 s,0.0,5.0,,none,,,,,,,true
FSD50K:357048,instrumental_music,FSD50K,instrumental_music,357048,fsd50k:dev:357048,ONTOLOGY_V2:fsd50k:dev:357048,/home/leiyuxin/soundspaces/source_assets/clsdoa_v1/prepared/ontology_v2_new_classes_v1/wav/instrumental_music/instrumental_music__review_008.wav,/home/leiyuxin/soundspaces/source_assets/clsdoa_v1/prepared/ontology_v2_new_classes_v1/wav/instrumental_music/instrumental_music__review_008.wav,wav/instrumental_music/instrumental_music__review_008.wav,08721d535f65eda63ab3e1d611ffca91ba50b681c8ec70c349deb955807dd107,3f05caaefa47be4ab5eafd09d160b4f861a9927ece05b6ef96ab090250ff703e,,train,clsdoa_source_split_v3_ontology_v2,ACCEPT,EXACT,AUTO_PASS,,DATASET_LEVEL_VERIFIED,See source provenance,60-item ontology v2 blind review package; operator declared class matches answer key,unknown,PRESENT,24000,1,float32,5.0,pre-reviewed contiguous 5.000 s,2.6225170068027213,7.622517006802721,,none,,,,,,,true
ESC-50:4-207124-A-0.wav,dog,ESC-50,dog,4-207124-A-0.wav,4-207124-A-0,ONTOLOGY_V2:4-207124-A-0,/home/leiyuxin/soundspaces/source_assets/clsdoa_v1/prepared/ontology_v2_new_classes_v1/wav/dog/dog__review_009.wav,/home/leiyuxin/soundspaces/source_assets/clsdoa_v1/prepared/ontology_v2_new_classes_v1/wav/dog/dog__review_009.wav,wav/dog/dog__review_009.wav,0aa9af1c16d620d9201cfe61e9edbae3fbc1fde5fd06ff13d8c0286ae86b70c1,8abdb7765b590bd88fa0a87dd508b05043b7d8b67f3a114565a5cc7f4f41ee3b,,train,clsdoa_source_split_v3_ontology_v2,ACCEPT,EXACT,AUTO_PASS,,DATASET_LEVEL_VERIFIED,See source provenance,60-item ontology v2 blind review package; operator declared class matches answer key,unknown,PRESENT,24000,1,float32,5.0,pre-reviewed contiguous 5.000 s,0.0,5.0,,none,,,,,,,true
FSD50K:64819,instrumental_music,FSD50K,instrumental_music,64819,fsd50k:dev:64819,ONTOLOGY_V2:fsd50k:dev:64819,/home/leiyuxin/soundspaces/source_assets/clsdoa_v1/prepared/ontology_v2_new_classes_v1/wav/instrumental_music/instrumental_music__review_010.wav,/home/leiyuxin/soundspaces/source_assets/clsdoa_v1/prepared/ontology_v2_new_classes_v1/wav/instrumental_music/instrumental_music__review_010.wav,wav/instrumental_music/instrumental_music__review_010.wav,1a172e159f39afd0ef39fa60c95468afdeceed90fe7ba2a6a581e1e0995dae34,ca34687c10923208b3e1aecef95fa5cfe1d8a07034f878ddd9bfc656e7abedc4,,val,clsdoa_source_split_v3_ontology_v2,ACCEPT,EXACT,AUTO_PASS,,DATASET_LEVEL_VERIFIED,See source provenance,60-item ontology v2 blind review package; operator declared class matches answer key,unknown,PRESENT,24000,1,float32,5.0,pre-reviewed contiguous 5.000 s,0.11845804988662131,5.1184580498866215,,none,,,,,,,true
ESC-50:5-213855-A-0.wav,dog,ESC-50,dog,5-213855-A-0.wav,5-213855-A-0,ONTOLOGY_V2:5-213855-A-0,/home/leiyuxin/soundspaces/source_assets/clsdoa_v1/prepared/ontology_v2_new_classes_v1/wav/dog/dog__review_011.wav,/home/leiyuxin/soundspaces/source_assets/clsdoa_v1/prepared/ontology_v2_new_classes_v1/wav/dog/dog__review_011.wav,wav/dog/dog__review_011.wav,b31e87df07469d6275646bffe5c74694047119ca358d66190387cbef7e6628a8,99699e01a6d6633f2695b03ef72b5306f00f6dc7a44f9f9bae5b32a851df5357,,train,clsdoa_source_split_v3_ontology_v2,ACCEPT,EXACT,AUTO_PASS,,DATASET_LEVEL_VERIFIED,See source provenance,60-item ontology v2 blind review package; operator declared class matches answer key,unknown,PRESENT,24000,1,float32,5.0,pre-reviewed contiguous 5.000 s,0.0,5.0,,none,,,,,,,true
ESC-50:5-244459-A-28.wav,snoring,ESC-50,snoring,5-244459-A-28.wav,5-244459-A-28,ONTOLOGY_V2:5-244459-A-28,/home/leiyuxin/soundspaces/source_assets/clsdoa_v1/prepared/ontology_v2_new_classes_v1/wav/snoring/snoring__review_012.wav,/home/leiyuxin/soundspaces/source_assets/clsdoa_v1/prepared/ontology_v2_new_classes_v1/wav/snoring/snoring__review_012.wav,wav/snoring/snoring__review_012.wav,2c0c922d01603627384adc3ee21f6ea1776716616a93d5c20366675f16908edf,75ed8e079766e27155d2217524327318065a5c794abe007048dae0766ea0936a,,train,clsdoa_source_split_v3_ontology_v2,ACCEPT,EXACT,AUTO_PASS,,DATASET_LEVEL_VERIFIED,See source provenance,60-item ontology v2 blind review package; operator declared class matches answer key,unknown,PRESENT,24000,1,float32,5.0,pre-reviewed contiguous 5.000 s,0.0,5.0,,none,,,,,,,true
ESC-50:4-184237-A-28.wav,snoring,ESC-50,snoring,4-184237-A-28.wav,4-184237-A-28,ONTOLOGY_V2:4-184237-A-28,/home/leiyuxin/soundspaces/source_assets/clsdoa_v1/prepared/ontology_v2_new_classes_v1/wav/snoring/snoring__review_013.wav,/home/leiyuxin/soundspaces/source_assets/clsdoa_v1/prepared/ontology_v2_new_classes_v1/wav/snoring/snoring__review_013.wav,wav/snoring/snoring__review_013.wav,aca10c6f625e88922798c8192af34d3b2ce4f525038f82047bf39f1caf953558,136b898e5e01c9dc88e9e32052627a8f246159a15108bb59b8971abc27c66249,,train,clsdoa_source_split_v3_ontology_v2,ACCEPT,EXACT,AUTO_PASS,,DATASET_LEVEL_VERIFIED,See source provenance,60-item ontology v2 blind review package; operator declared class matches answer key,unknown,PRESENT,24000,1,float32,5.0,pre-reviewed contiguous 5.000 s,0.0,5.0,,none,,,,,,,true
FSD50K:24469,instrumental_music,FSD50K,instrumental_music,24469,fsd50k:dev:24469,ONTOLOGY_V2:fsd50k:dev:24469,/home/leiyuxin/soundspaces/source_assets/clsdoa_v1/prepared/ontology_v2_new_classes_v1/wav/instrumental_music/instrumental_music__review_014.wav,/home/leiyuxin/soundspaces/source_assets/clsdoa_v1/prepared/ontology_v2_new_classes_v1/wav/instrumental_music/instrumental_music__review_014.wav,wav/instrumental_music/instrumental_music__review_014.wav,ab328e58c64a83bb4b9c4b6b62e4d9a4c12b636d46109d701e2a563d82274c90,80483b99b2a3c111e546d43adc6b2f767cfefc53da95ef0dbbd27b3bfb3bf821,,train,clsdoa_source_split_v3_ontology_v2,ACCEPT,EXACT,AUTO_PASS,,DATASET_LEVEL_VERIFIED,See source provenance,60-item ontology v2 blind review package; operator declared class matches answer key,unknown,PRESENT,24000,1,float32,5.0,pre-reviewed contiguous 5.000 s,3.6863945578231294,8.68639455782313,,none,,,,,,,true
FSD50K:354390,instrumental_music,FSD50K,instrumental_music,354390,fsd50k:dev:354390,ONTOLOGY_V2:fsd50k:dev:354390,/home/leiyuxin/soundspaces/source_assets/clsdoa_v1/prepared/ontology_v2_new_classes_v1/wav/instrumental_music/instrumental_music__review_015.wav,/home/leiyuxin/soundspaces/source_assets/clsdoa_v1/prepared/ontology_v2_new_classes_v1/wav/instrumental_music/instrumental_music__review_015.wav,wav/instrumental_music/instrumental_music__review_015.wav,0c90f4ff4ac58072f3b2902a07f8d10c5b0aa32b8f1e2fa88f4130566c140eab,958383cec02a69b00f2f14e9518b875b52240c85a2fb8893407080b2f4d49baf,,test,clsdoa_source_split_v3_ontology_v2,ACCEPT,EXACT,AUTO_PASS,,DATASET_LEVEL_VERIFIED,See source provenance,60-item ontology v2 blind review package; operator declared class matches answer key,unknown,PRESENT,24000,1,float32,5.0,pre-reviewed contiguous 5.000 s,5.057006802721088,10.057006802721087,,none,,,,,,,true
ESC-50:4-194754-A-0.wav,dog,ESC-50,dog,4-194754-A-0.wav,4-194754-A-0,ONTOLOGY_V2:4-194754-A-0,/home/leiyuxin/soundspaces/source_assets/clsdoa_v1/prepared/ontology_v2_new_classes_v1/wav/dog/dog__review_016.wav,/home/leiyuxin/soundspaces/source_assets/clsdoa_v1/prepared/ontology_v2_new_classes_v1/wav/dog/dog__review_016.wav,wav/dog/dog__review_016.wav,3276009cf30140d844e4ef0d96ed1590e183fd803d47b13db95353944aff32de,c60dfb8071b01ea8a9dac46eff26845b6e2db8566a8bea4fd6fb7552a3bfc7a3,,test,clsdoa_source_split_v3_ontology_v2,ACCEPT,EXACT,AUTO_PASS,,DATASET_LEVEL_VERIFIED,See source provenance,60-item ontology v2 blind review package; operator declared class matches answer key,unknown,PRESENT,24000,1,float32,5.0,pre-reviewed contiguous 5.000 s,0.0,5.0,,none,,,,,,,true
ESC-50:4-184235-A-28.wav,snoring,ESC-50,snoring,4-184235-A-28.wav,4-184235-A-28,ONTOLOGY_V2:4-184235-A-28,/home/leiyuxin/soundspaces/source_assets/clsdoa_v1/prepared/ontology_v2_new_classes_v1/wav/snoring/snoring__review_017.wav,/home/leiyuxin/soundspaces/source_assets/clsdoa_v1/prepared/ontology_v2_new_classes_v1/wav/snoring/snoring__review_017.wav,wav/snoring/snoring__review_017.wav,a0578554c32c2c0df56cfe0dbe8d9e643b2a4db1a3a07272a08c57134286618b,e6969ffe3e8c22f94a7f4670cf2557dc28202ea2d932ece47a567e4fba3da85d,,test,clsdoa_source_split_v3_ontology_v2,ACCEPT,EXACT,AUTO_PASS,,DATASET_LEVEL_VERIFIED,See source provenance,60-item ontology v2 blind review package; operator declared class matches answer key,unknown,PRESENT,24000,1,float32,5.0,pre-reviewed contiguous 5.000 s,0.0,5.0,,none,,,,,,,true
ESC-50:4-199261-A-0.wav,dog,ESC-50,dog,4-199261-A-0.wav,4-199261-A-0,ONTOLOGY_V2:4-199261-A-0,/home/leiyuxin/soundspaces/source_assets/clsdoa_v1/prepared/ontology_v2_new_classes_v1/wav/dog/dog__review_018.wav,/home/leiyuxin/soundspaces/source_assets/clsdoa_v1/prepared/ontology_v2_new_classes_v1/wav/dog/dog__review_018.wav,wav/dog/dog__review_018.wav,656b11eab51b6edb00e8dfe35b44b3408295e504149163bc5b4a8646a8fd22a0,a40594c9449700c2779caf140cb1cdc28dbbb0d24aca38367304879cee0a2113,,train,clsdoa_source_split_v3_ontology_v2,ACCEPT,EXACT,AUTO_PASS,,DATASET_LEVEL_VERIFIED,See source provenance,60-item ontology v2 blind review package; operator declared class matches answer key,unknown,PRESENT,24000,1,float32,5.0,pre-reviewed contiguous 5.000 s,0.0,5.0,,none,,,,,,,true
FSD50K:31468,instrumental_music,FSD50K,instrumental_music,31468,fsd50k:eval:31468,ONTOLOGY_V2:fsd50k:eval:31468,/home/leiyuxin/soundspaces/source_assets/clsdoa_v1/prepared/ontology_v2_new_classes_v1/wav/instrumental_music/instrumental_music__review_019.wav,/home/leiyuxin/soundspaces/source_assets/clsdoa_v1/prepared/ontology_v2_new_classes_v1/wav/instrumental_music/instrumental_music__review_019.wav,wav/instrumental_music/instrumental_music__review_019.wav,b7ad25f6a59d79c236e5de5aa003dab8ba7c4f0ee3cdd816a859b1401985e1b2,3f41e10d85918ca806ec2c5104796d7bf3eba6e8dc274b52310c1694db133713,,val,clsdoa_source_split_v3_ontology_v2,ACCEPT,EXACT,AUTO_PASS,,DATASET_LEVEL_VERIFIED,See source provenance,60-item ontology v2 blind review package; operator declared class matches answer key,unknown,PRESENT,24000,1,float32,5.0,pre-reviewed contiguous 5.000 s,3.041224489795918,8.041224489795919,,none,,,,,,,true
FSD50K:357865,instrumental_music,FSD50K,instrumental_music,357865,fsd50k:dev:357865,ONTOLOGY_V2:fsd50k:dev:357865,/home/leiyuxin/soundspaces/source_assets/clsdoa_v1/prepared/ontology_v2_new_classes_v1/wav/instrumental_music/instrumental_music__review_020.wav,/home/leiyuxin/soundspaces/source_assets/clsdoa_v1/prepared/ontology_v2_new_classes_v1/wav/instrumental_music/instrumental_music__review_020.wav,wav/instrumental_music/instrumental_music__review_020.wav,b03a50c62513792f002545b31a0a82f4acf65cdb210c2fa969d02326d008d2fc,36d0579ec8f09283abf27001d03b319745fc5378c11c06946fd635dcca6b04a7,,test,clsdoa_source_split_v3_ontology_v2,ACCEPT,EXACT,AUTO_PASS,,DATASET_LEVEL_VERIFIED,See source provenance,60-item ontology v2 blind review package; operator declared class matches answer key,unknown,PRESENT,24000,1,float32,5.0,pre-reviewed contiguous 5.000 s,0.8762585034013606,5.876258503401361,,none,,,,,,,true
ESC-50:5-233312-A-28.wav,snoring,ESC-50,snoring,5-233312-A-28.wav,5-233312-A-28,ONTOLOGY_V2:5-233312-A-28,/home/leiyuxin/soundspaces/source_assets/clsdoa_v1/prepared/ontology_v2_new_classes_v1/wav/snoring/snoring__review_021.wav,/home/leiyuxin/soundspaces/source_assets/clsdoa_v1/prepared/ontology_v2_new_classes_v1/wav/snoring/snoring__review_021.wav,wav/snoring/snoring__review_021.wav,9129aabdc42eca6608d4ca0a54b722e211552f787798e889381ab01567440b80,8b26f06ebf3e424334cf5a1b19e9b75b549510ac57a6fe0ce473a7708dbfb6a0,,train,clsdoa_source_split_v3_ontology_v2,ACCEPT,EXACT,AUTO_PASS,,DATASET_LEVEL_VERIFIED,See source provenance,60-item ontology v2 blind review package; operator declared class matches answer key,unknown,PRESENT,24000,1,float32,5.0,pre-reviewed contiguous 5.000 s,0.0,5.0,,none,,,,,,,true
ESC-50:2-117330-A-28.wav,snoring,ESC-50,snoring,2-117330-A-28.wav,2-117330-A-28,ONTOLOGY_V2:2-117330-A-28,/home/leiyuxin/soundspaces/source_assets/clsdoa_v1/prepared/ontology_v2_new_classes_v1/wav/snoring/snoring__review_022.wav,/home/leiyuxin/soundspaces/source_assets/clsdoa_v1/prepared/ontology_v2_new_classes_v1/wav/snoring/snoring__review_022.wav,wav/snoring/snoring__review_022.wav,2b25af015a87e8b4daaf0c2d924bf160d2d7339b4836ed403c0374b5df181879,f1d4e41493bfa74b5bf73d2336ff38a80e33263f5519da17d1a83589816d50c4,,train,clsdoa_source_split_v3_ontology_v2,ACCEPT,EXACT,AUTO_PASS,,DATASET_LEVEL_VERIFIED,See source provenance,60-item ontology v2 blind review package; operator declared class matches answer key,unknown,PRESENT,24000,1,float32,5.0,pre-reviewed contiguous 5.000 s,0.0,5.0,,none,,,,,,,true
ESC-50:3-123086-A-28.wav,snoring,ESC-50,snoring,3-123086-A-28.wav,3-123086-A-28,ONTOLOGY_V2:3-123086-A-28,/home/leiyuxin/soundspaces/source_assets/clsdoa_v1/prepared/ontology_v2_new_classes_v1/wav/snoring/snoring__review_023.wav,/home/leiyuxin/soundspaces/source_assets/clsdoa_v1/prepared/ontology_v2_new_classes_v1/wav/snoring/snoring__review_023.wav,wav/snoring/snoring__review_023.wav,7dce0b33aeb004a4533150de1b799427b4ccc43da03bec3ff6942dd688b1d24e,27e23ee5d658996858894256b2b993299fccf87a399cf591a051f1e826ff71e3,,train,clsdoa_source_split_v3_ontology_v2,ACCEPT,EXACT,AUTO_PASS,,DATASET_LEVEL_VERIFIED,See source provenance,60-item ontology v2 blind review package; operator declared class matches answer key,unknown,PRESENT,24000,1,float32,5.0,pre-reviewed contiguous 5.000 s,0.0,5.0,,none,,,,,,,true
ESC-50:1-59513-A-0.wav,dog,ESC-50,dog,1-59513-A-0.wav,1-59513-A-0,ONTOLOGY_V2:1-59513-A-0,/home/leiyuxin/soundspaces/source_assets/clsdoa_v1/prepared/ontology_v2_new_classes_v1/wav/dog/dog__review_024.wav,/home/leiyuxin/soundspaces/source_assets/clsdoa_v1/prepared/ontology_v2_new_classes_v1/wav/dog/dog__review_024.wav,wav/dog/dog__review_024.wav,8719608ef8f9db5b59236d4afebca6d97d283dcea82687ba887ce89438c3d1e8,f042221eec36027f33cd22a7b2095f7e15c75ab005fa23fe95c3c1628606a168,,val,clsdoa_source_split_v3_ontology_v2,ACCEPT,EXACT,AUTO_PASS,,DATASET_LEVEL_VERIFIED,See source provenance,60-item ontology v2 blind review package; operator declared class matches answer key,unknown,PRESENT,24000,1,float32,5.0,pre-reviewed contiguous 5.000 s,0.0,5.0,,none,,,,,,,true
FSD50K:367227,instrumental_music,FSD50K,instrumental_music,367227,fsd50k:dev:367227,ONTOLOGY_V2:fsd50k:dev:367227,/home/leiyuxin/soundspaces/source_assets/clsdoa_v1/prepared/ontology_v2_new_classes_v1/wav/instrumental_music/instrumental_music__review_025.wav,/home/leiyuxin/soundspaces/source_assets/clsdoa_v1/prepared/ontology_v2_new_classes_v1/wav/instrumental_music/instrumental_music__review_025.wav,wav/instrumental_music/instrumental_music__review_025.wav,9020ca49a0cbcb11ce6034ab0e54ec2f27fe7577a19ee4cde1ae00bfe1e01d71,fe7a2f99b11e450cfea73cb5d1e138e0839cd9d816ce33c0c5ef930c1dbd7435,,train,clsdoa_source_split_v3_ontology_v2,ACCEPT,EXACT,AUTO_PASS,,DATASET_LEVEL_VERIFIED,See source provenance,60-item ontology v2 blind review package; operator declared class matches answer key,unknown,PRESENT,24000,1,float32,5.0,pre-reviewed contiguous 5.000 s,2.3991156462585033,7.399115646258503,,none,,,,,,,true
ESC-50:5-236288-A-28.wav,snoring,ESC-50,snoring,5-236288-A-28.wav,5-236288-A-28,ONTOLOGY_V2:5-236288-A-28,/home/leiyuxin/soundspaces/source_assets/clsdoa_v1/prepared/ontology_v2_new_classes_v1/wav/snoring/snoring__review_026.wav,/home/leiyuxin/soundspaces/source_assets/clsdoa_v1/prepared/ontology_v2_new_classes_v1/wav/snoring/snoring__review_026.wav,wav/snoring/snoring__review_026.wav,ac79f75032067913b728312574f1a188dc9b1d6fd5a53fa173cd4728dc3e8c82,1a02a4208d48f5157200da5c18662c15d871f640923fe938c15d2dd6aa28faf6,,train,clsdoa_source_split_v3_ontology_v2,ACCEPT,EXACT,AUTO_PASS,,DATASET_LEVEL_VERIFIED,See source provenance,60-item ontology v2 blind review package; operator declared class matches answer key,unknown,PRESENT,24000,1,float32,5.0,pre-reviewed contiguous 5.000 s,0.0,5.0,,none,,,,,,,true
ESC-50:5-203128-B-0.wav,dog,ESC-50,dog,5-203128-B-0.wav,5-203128-B-0,ONTOLOGY_V2:5-203128-B-0,/home/leiyuxin/soundspaces/source_assets/clsdoa_v1/prepared/ontology_v2_new_classes_v1/wav/dog/dog__review_027.wav,/home/leiyuxin/soundspaces/source_assets/clsdoa_v1/prepared/ontology_v2_new_classes_v1/wav/dog/dog__review_027.wav,wav/dog/dog__review_027.wav,c84be2795d94335adcbb9b1f8ddd28b62450e4686da3d0e426b7f49a159dcf56,37d224742b737214bf4bf12b057ec15084cd70b7087519578df2aa990cd72156,,val,clsdoa_source_split_v3_ontology_v2,ACCEPT,EXACT,AUTO_PASS,,DATASET_LEVEL_VERIFIED,See source provenance,60-item ontology v2 blind review package; operator declared class matches answer key,unknown,PRESENT,24000,1,float32,5.0,pre-reviewed contiguous 5.000 s,0.0,5.0,,none,,,,,,,true
FSD50K:209398,instrumental_music,FSD50K,instrumental_music,209398,fsd50k:dev:209398,ONTOLOGY_V2:fsd50k:dev:209398,/home/leiyuxin/soundspaces/source_assets/clsdoa_v1/prepared/ontology_v2_new_classes_v1/wav/instrumental_music/instrumental_music__review_028.wav,/home/leiyuxin/soundspaces/source_assets/clsdoa_v1/prepared/ontology_v2_new_classes_v1/wav/instrumental_music/instrumental_music__review_028.wav,wav/instrumental_music/instrumental_music__review_028.wav,940ea35185978d7ef4bf551181fe60fabbb8e399cf64b599c0f139250aad31c6,b8a692c1897f78ef285403f505c7cfed585dd9ccbb57d50a90b77321d12802f1,,train,clsdoa_source_split_v3_ontology_v2,ACCEPT,EXACT,AUTO_PASS,,DATASET_LEVEL_VERIFIED,See source provenance,60-item ontology v2 blind review package; operator declared class matches answer key,unknown,PRESENT,24000,1,float32,5.0,pre-reviewed contiguous 5.000 s,11.073832199546485,16.073832199546487,,none,,,,,,,true
FSD50K:249969,instrumental_music,FSD50K,instrumental_music,249969,fsd50k:eval:249969,ONTOLOGY_V2:fsd50k:eval:249969,/home/leiyuxin/soundspaces/source_assets/clsdoa_v1/prepared/ontology_v2_new_classes_v1/wav/instrumental_music/instrumental_music__review_029.wav,/home/leiyuxin/soundspaces/source_assets/clsdoa_v1/prepared/ontology_v2_new_classes_v1/wav/instrumental_music/instrumental_music__review_029.wav,wav/instrumental_music/instrumental_music__review_029.wav,280f62d3a3b18875ae89f29b28f8189c3a74e5b09f0b731c82a7fadb6de69698,69dfc55a88f5cf38de3f42d1e209b3e06d143dc4d7f2a9229355a183f33cf45b,,train,clsdoa_source_split_v3_ontology_v2,ACCEPT,EXACT,AUTO_PASS,,DATASET_LEVEL_VERIFIED,See source provenance,60-item ontology v2 blind review package; operator declared class matches answer key,unknown,PRESENT,24000,1,float32,5.0,pre-reviewed contiguous 5.000 s,8.147165532879818,13.147165532879818,,none,,,,,,,true
ESC-50:1-40967-A-28.wav,snoring,ESC-50,snoring,1-40967-A-28.wav,1-40967-A-28,ONTOLOGY_V2:1-40967-A-28,/home/leiyuxin/soundspaces/source_assets/clsdoa_v1/prepared/ontology_v2_new_classes_v1/wav/snoring/snoring__review_030.wav,/home/leiyuxin/soundspaces/source_assets/clsdoa_v1/prepared/ontology_v2_new_classes_v1/wav/snoring/snoring__review_030.wav,wav/snoring/snoring__review_030.wav,f38f686758abdde43fced1443300c01b8a96748b6bac5bbd5f13ca0261717c54,b4c07bc4374623152d96d204add36aa5e85cf06fdd0e3579a4c1a5ee3b8c42bc,,val,clsdoa_source_split_v3_ontology_v2,ACCEPT,EXACT,AUTO_PASS,,DATASET_LEVEL_VERIFIED,See source provenance,60-item ontology v2 blind review package; operator declared class matches answer key,unknown,PRESENT,24000,1,float32,5.0,pre-reviewed contiguous 5.000 s,0.0,5.0,,none,,,,,,,true
ESC-50:1-39937-A-28.wav,snoring,ESC-50,snoring,1-39937-A-28.wav,1-39937-A-28,ONTOLOGY_V2:1-39937-A-28,/home/leiyuxin/soundspaces/source_assets/clsdoa_v1/prepared/ontology_v2_new_classes_v1/wav/snoring/snoring__review_031.wav,/home/leiyuxin/soundspaces/source_assets/clsdoa_v1/prepared/ontology_v2_new_classes_v1/wav/snoring/snoring__review_031.wav,wav/snoring/snoring__review_031.wav,d75304188b1dc88d90c2ff7be48580b6f4d94f57ab64bb406a0cf0ff8edfe1b8,57e744e65405fc49343fa7b3c674974ba8d32837cb0c27433eee20a5dfeb9f31,,test,clsdoa_source_split_v3_ontology_v2,ACCEPT,EXACT,AUTO_PASS,,DATASET_LEVEL_VERIFIED,See source provenance,60-item ontology v2 blind review package; operator declared class matches answer key,unknown,PRESENT,24000,1,float32,5.0,pre-reviewed contiguous 5.000 s,0.0,5.0,,none,,,,,,,true
ESC-50:1-53444-A-28.wav,snoring,ESC-50,snoring,1-53444-A-28.wav,1-53444-A-28,ONTOLOGY_V2:1-53444-A-28,/home/leiyuxin/soundspaces/source_assets/clsdoa_v1/prepared/ontology_v2_new_classes_v1/wav/snoring/snoring__review_032.wav,/home/leiyuxin/soundspaces/source_assets/clsdoa_v1/prepared/ontology_v2_new_classes_v1/wav/snoring/snoring__review_032.wav,wav/snoring/snoring__review_032.wav,acec52f2052e04f73c3986225111c4e0e836dbceed5a47291b1acbcced3ed359,ae973953a72ae473aea83a9ec16ab19ee7ed0e1b865ce6b49cf84a40d575c3f0,,train,clsdoa_source_split_v3_ontology_v2,ACCEPT,EXACT,AUTO_PASS,,DATASET_LEVEL_VERIFIED,See source provenance,60-item ontology v2 blind review package; operator declared class matches answer key,unknown,PRESENT,24000,1,float32,5.0,pre-reviewed contiguous 5.000 s,0.0,5.0,,none,,,,,,,true
ESC-50:2-114280-A-0.wav,dog,ESC-50,dog,2-114280-A-0.wav,2-114280-A-0,ONTOLOGY_V2:2-114280-A-0,/home/leiyuxin/soundspaces/source_assets/clsdoa_v1/prepared/ontology_v2_new_classes_v1/wav/dog/dog__review_033.wav,/home/leiyuxin/soundspaces/source_assets/clsdoa_v1/prepared/ontology_v2_new_classes_v1/wav/dog/dog__review_033.wav,wav/dog/dog__review_033.wav,605622f9933987091989ad9348f1ac18ed1c4cad720d34e6ea2e64e89cd73f1a,a69fc2aca51a99dd44fc9957d8662fc9e0a1caf8283f0b8b4a7fa504a1de4ea0,,train,clsdoa_source_split_v3_ontology_v2,ACCEPT,EXACT,AUTO_PASS,,DATASET_LEVEL_VERIFIED,See source provenance,60-item ontology v2 blind review package; operator declared class matches answer key,unknown,PRESENT,24000,1,float32,5.0,pre-reviewed contiguous 5.000 s,0.0,5.0,,none,,,,,,,true
ESC-50:3-157695-A-0.wav,dog,ESC-50,dog,3-157695-A-0.wav,3-157695-A-0,ONTOLOGY_V2:3-157695-A-0,/home/leiyuxin/soundspaces/source_assets/clsdoa_v1/prepared/ontology_v2_new_classes_v1/wav/dog/dog__review_034.wav,/home/leiyuxin/soundspaces/source_assets/clsdoa_v1/prepared/ontology_v2_new_classes_v1/wav/dog/dog__review_034.wav,wav/dog/dog__review_034.wav,d25b461f2595263230ddb7b682c19f2078c1ede1ac187146f131d94a506feb07,3bd616a4fac097fd82e82d763102bb92a27651b8973afb8c1c771425f8911361,,train,clsdoa_source_split_v3_ontology_v2,ACCEPT,EXACT,AUTO_PASS,,DATASET_LEVEL_VERIFIED,See source provenance,60-item ontology v2 blind review package; operator declared class matches answer key,unknown,PRESENT,24000,1,float32,5.0,pre-reviewed contiguous 5.000 s,0.0,5.0,,none,,,,,,,true
ESC-50:5-203128-A-0.wav,dog,ESC-50,dog,5-203128-A-0.wav,5-203128-A-0,ONTOLOGY_V2:5-203128-A-0,/home/leiyuxin/soundspaces/source_assets/clsdoa_v1/prepared/ontology_v2_new_classes_v1/wav/dog/dog__review_035.wav,/home/leiyuxin/soundspaces/source_assets/clsdoa_v1/prepared/ontology_v2_new_classes_v1/wav/dog/dog__review_035.wav,wav/dog/dog__review_035.wav,3f5c1d04a5ed1564da865396eb6ffa9010bc223c6326024135f14d30e41999fd,9c745f64a9979c97f7dad8c74a926bf09f9da84659a4f0edae5d9764572c7536,,train,clsdoa_source_split_v3_ontology_v2,ACCEPT,EXACT,AUTO_PASS,,DATASET_LEVEL_VERIFIED,See source provenance,60-item ontology v2 blind review package; operator declared class matches answer key,unknown,PRESENT,24000,1,float32,5.0,pre-reviewed contiguous 5.000 s,0.0,5.0,,none,,,,,,,true
FSD50K:413863,instrumental_music,FSD50K,instrumental_music,413863,fsd50k:dev:413863,ONTOLOGY_V2:fsd50k:dev:413863,/home/leiyuxin/soundspaces/source_assets/clsdoa_v1/prepared/ontology_v2_new_classes_v1/wav/instrumental_music/instrumental_music__review_036.wav,/home/leiyuxin/soundspaces/source_assets/clsdoa_v1/prepared/ontology_v2_new_classes_v1/wav/instrumental_music/instrumental_music__review_036.wav,wav/instrumental_music/instrumental_music__review_036.wav,a1b0401c53f865a8ce82df68725e810f99f4d979108d109b1390c04d49b00587,98098993662e02408ade1e4a0ece1c4aa99956c53c637c57f29c1747ffdd3652,,train,clsdoa_source_split_v3_ontology_v2,ACCEPT,EXACT,AUTO_PASS,,DATASET_LEVEL_VERIFIED,See source provenance,60-item ontology v2 blind review package; operator declared class matches answer key,unknown,PRESENT,24000,1,float32,5.0,pre-reviewed contiguous 5.000 s,3.4096371882086167,8.409637188208617,,none,,,,,,,true
ESC-50:1-32318-A-0.wav,dog,ESC-50,dog,1-32318-A-0.wav,1-32318-A-0,ONTOLOGY_V2:1-32318-A-0,/home/leiyuxin/soundspaces/source_assets/clsdoa_v1/prepared/ontology_v2_new_classes_v1/wav/dog/dog__review_037.wav,/home/leiyuxin/soundspaces/source_assets/clsdoa_v1/prepared/ontology_v2_new_classes_v1/wav/dog/dog__review_037.wav,wav/dog/dog__review_037.wav,ffefaf759d7aa4f6f057e6ed0a23d2a166c8473f5aa757893d8b99db3422cf6d,be21756fe12e61866880c3b094a9ad0e8d791771a6b39c75fde31b7e7661fd75,,train,clsdoa_source_split_v3_ontology_v2,ACCEPT,EXACT,AUTO_PASS,,DATASET_LEVEL_VERIFIED,See source provenance,60-item ontology v2 blind review package; operator declared class matches answer key,unknown,PRESENT,24000,1,float32,5.0,pre-reviewed contiguous 5.000 s,0.0,5.0,,none,,,,,,,true
FSD50K:13458,instrumental_music,FSD50K,instrumental_music,13458,fsd50k:dev:13458,ONTOLOGY_V2:fsd50k:dev:13458,/home/leiyuxin/soundspaces/source_assets/clsdoa_v1/prepared/ontology_v2_new_classes_v1/wav/instrumental_music/instrumental_music__review_038.wav,/home/leiyuxin/soundspaces/source_assets/clsdoa_v1/prepared/ontology_v2_new_classes_v1/wav/instrumental_music/instrumental_music__review_038.wav,wav/instrumental_music/instrumental_music__review_038.wav,ee05f204a70fee1a95069edd94150ef1d4e9f9e78db21447612490d1b64ae1a8,7f7237340b163f8cea896c0daf115ddc8c8f2190525a82d80ea3b4de1f858f12,,train,clsdoa_source_split_v3_ontology_v2,ACCEPT,EXACT,AUTO_PASS,,DATASET_LEVEL_VERIFIED,See source provenance,60-item ontology v2 blind review package; operator declared class matches answer key,unknown,PRESENT,24000,1,float32,5.0,pre-reviewed contiguous 5.000 s,4.064489795918368,9.064489795918368,,none,,,,,,,true
FSD50K:24822,instrumental_music,FSD50K,instrumental_music,24822,fsd50k:dev:24822,ONTOLOGY_V2:fsd50k:dev:24822,/home/leiyuxin/soundspaces/source_assets/clsdoa_v1/prepared/ontology_v2_new_classes_v1/wav/instrumental_music/instrumental_music__review_039.wav,/home/leiyuxin/soundspaces/source_assets/clsdoa_v1/prepared/ontology_v2_new_classes_v1/wav/instrumental_music/instrumental_music__review_039.wav,wav/instrumental_music/instrumental_music__review_039.wav,e0b27096f0665e266cfe640745b8b23b1e05e935be541cd55045a1c932e6be2b,c0c85059f73861748a7117fa7118b32376a689b97efc6c1685d6a0069fda1307,,train,clsdoa_source_split_v3_ontology_v2,ACCEPT,EXACT,AUTO_PASS,,DATASET_LEVEL_VERIFIED,See source provenance,60-item ontology v2 blind review package; operator declared class matches answer key,unknown,PRESENT,24000,1,float32,5.0,pre-reviewed contiguous 5.000 s,7.765034013605442,12.765034013605442,,none,,,,,,,true
ESC-50:4-180337-A-28.wav,snoring,ESC-50,snoring,4-180337-A-28.wav,4-180337-A-28,ONTOLOGY_V2:4-180337-A-28,/home/leiyuxin/soundspaces/source_assets/clsdoa_v1/prepared/ontology_v2_new_classes_v1/wav/snoring/snoring__review_040.wav,/home/leiyuxin/soundspaces/source_assets/clsdoa_v1/prepared/ontology_v2_new_classes_v1/wav/snoring/snoring__review_040.wav,wav/snoring/snoring__review_040.wav,87cc35296c3ebdaa431e6d655fe3dd1c3dfeb91e4e7fbd68ad05053a94c3de89,b86afe072792258d4aefb339da1328763d0ddd4d91c453df769d5ba3fe232bc0,,train,clsdoa_source_split_v3_ontology_v2,ACCEPT,EXACT,AUTO_PASS,,DATASET_LEVEL_VERIFIED,See source provenance,60-item ontology v2 blind review package; operator declared class matches answer key,unknown,PRESENT,24000,1,float32,5.0,pre-reviewed contiguous 5.000 s,0.0,5.0,,none,,,,,,,true
FSD50K:172564,instrumental_music,FSD50K,instrumental_music,172564,fsd50k:eval:172564,ONTOLOGY_V2:fsd50k:eval:172564,/home/leiyuxin/soundspaces/source_assets/clsdoa_v1/prepared/ontology_v2_new_classes_v1/wav/instrumental_music/instrumental_music__review_041.wav,/home/leiyuxin/soundspaces/source_assets/clsdoa_v1/prepared/ontology_v2_new_classes_v1/wav/instrumental_music/instrumental_music__review_041.wav,wav/instrumental_music/instrumental_music__review_041.wav,ba704a0bf0fea9f6433dddaf02719433c5d792e72f08cd530268584aaa0ee381,ad9f3b21ed9621862ae94e2c7356b14bb8c8e6c68c721bd2a8ab73eeaca5ce72,,train,clsdoa_source_split_v3_ontology_v2,ACCEPT,EXACT,AUTO_PASS,,DATASET_LEVEL_VERIFIED,See source provenance,60-item ontology v2 blind review package; operator declared class matches answer key,unknown,PRESENT,24000,1,float32,5.0,pre-reviewed contiguous 5.000 s,1.814580498866213,6.8145804988662135,,none,,,,,,,true
ESC-50:4-191297-A-28.wav,snoring,ESC-50,snoring,4-191297-A-28.wav,4-191297-A-28,ONTOLOGY_V2:4-191297-A-28,/home/leiyuxin/soundspaces/source_assets/clsdoa_v1/prepared/ontology_v2_new_classes_v1/wav/snoring/snoring__review_042.wav,/home/leiyuxin/soundspaces/source_assets/clsdoa_v1/prepared/ontology_v2_new_classes_v1/wav/snoring/snoring__review_042.wav,wav/snoring/snoring__review_042.wav,cffa3a16808c46c3aef5691e1b49241f9c032941330b9e56a1feba741b799484,16cfa263b52e04a11c29ec713fe253758f0dff5aa737f42c879b4c1840bfa5de,,val,clsdoa_source_split_v3_ontology_v2,ACCEPT,EXACT,AUTO_PASS,,DATASET_LEVEL_VERIFIED,See source provenance,60-item ontology v2 blind review package; operator declared class matches answer key,unknown,PRESENT,24000,1,float32,5.0,pre-reviewed contiguous 5.000 s,0.0,5.0,,none,,,,,,,true
ESC-50:2-52001-B-28.wav,snoring,ESC-50,snoring,2-52001-B-28.wav,2-52001-B-28,ONTOLOGY_V2:2-52001-B-28,/home/leiyuxin/soundspaces/source_assets/clsdoa_v1/prepared/ontology_v2_new_classes_v1/wav/snoring/snoring__review_043.wav,/home/leiyuxin/soundspaces/source_assets/clsdoa_v1/prepared/ontology_v2_new_classes_v1/wav/snoring/snoring__review_043.wav,wav/snoring/snoring__review_043.wav,a6e2a8d3d0a537c2ed2e4e428c96f78fae57745250105a15fd5cd7d04122c6f2,3672736a2617749a213e2f976d489147f8af7cf6e267c0a0b350eeca867d9a6a,,train,clsdoa_source_split_v3_ontology_v2,ACCEPT,EXACT,AUTO_PASS,,DATASET_LEVEL_VERIFIED,See source provenance,60-item ontology v2 blind review package; operator declared class matches answer key,unknown,PRESENT,24000,1,float32,5.0,pre-reviewed contiguous 5.000 s,0.0,5.0,,none,,,,,,,true
ESC-50:5-234145-A-28.wav,snoring,ESC-50,snoring,5-234145-A-28.wav,5-234145-A-28,ONTOLOGY_V2:5-234145-A-28,/home/leiyuxin/soundspaces/source_assets/clsdoa_v1/prepared/ontology_v2_new_classes_v1/wav/snoring/snoring__review_044.wav,/home/leiyuxin/soundspaces/source_assets/clsdoa_v1/prepared/ontology_v2_new_classes_v1/wav/snoring/snoring__review_044.wav,wav/snoring/snoring__review_044.wav,5062ea4c2c69b744d280cc7aa51c87367ecc03ce379d3e4943fa1eb0a0b61367,bbca5178ae693e8b6172b3830f271c3dac142e08f7aa8656a16ab6089c60d4e5,,train,clsdoa_source_split_v3_ontology_v2,ACCEPT,EXACT,AUTO_PASS,,DATASET_LEVEL_VERIFIED,See source provenance,60-item ontology v2 blind review package; operator declared class matches answer key,unknown,PRESENT,24000,1,float32,5.0,pre-reviewed contiguous 5.000 s,0.0,5.0,,none,,,,,,,true
ESC-50:3-130998-A-28.wav,snoring,ESC-50,snoring,3-130998-A-28.wav,3-130998-A-28,ONTOLOGY_V2:3-130998-A-28,/home/leiyuxin/soundspaces/source_assets/clsdoa_v1/prepared/ontology_v2_new_classes_v1/wav/snoring/snoring__review_045.wav,/home/leiyuxin/soundspaces/source_assets/clsdoa_v1/prepared/ontology_v2_new_classes_v1/wav/snoring/snoring__review_045.wav,wav/snoring/snoring__review_045.wav,886acb65081f48abf436ab96ce2f60a9f6e6c16da3afc9468e26cdddf638db4a,d4fbb3ac0e059a2f6226698863b30176b619e758fb7acfcaf3cc76ef48b8d09c,,val,clsdoa_source_split_v3_ontology_v2,ACCEPT,EXACT,AUTO_PASS,,DATASET_LEVEL_VERIFIED,See source provenance,60-item ontology v2 blind review package; operator declared class matches answer key,unknown,PRESENT,24000,1,float32,5.0,pre-reviewed contiguous 5.000 s,0.0,5.0,,none,,,,,,,true
ESC-50:5-208030-A-0.wav,dog,ESC-50,dog,5-208030-A-0.wav,5-208030-A-0,ONTOLOGY_V2:5-208030-A-0,/home/leiyuxin/soundspaces/source_assets/clsdoa_v1/prepared/ontology_v2_new_classes_v1/wav/dog/dog__review_046.wav,/home/leiyuxin/soundspaces/source_assets/clsdoa_v1/prepared/ontology_v2_new_classes_v1/wav/dog/dog__review_046.wav,wav/dog/dog__review_046.wav,7d632a59c251a3328f184439297bc23862691b5eb7424e99282d4df8cb7b53cb,4ee389c435966b47b15334bf945be4d65c9f013cda423484608470643e2d3ec0,,test,clsdoa_source_split_v3_ontology_v2,ACCEPT,EXACT,AUTO_PASS,,DATASET_LEVEL_VERIFIED,See source provenance,60-item ontology v2 blind review package; operator declared class matches answer key,unknown,PRESENT,24000,1,float32,5.0,pre-reviewed contiguous 5.000 s,0.0,5.0,,none,,,,,,,true
ESC-50:2-117271-A-0.wav,dog,ESC-50,dog,2-117271-A-0.wav,2-117271-A-0,ONTOLOGY_V2:2-117271-A-0,/home/leiyuxin/soundspaces/source_assets/clsdoa_v1/prepared/ontology_v2_new_classes_v1/wav/dog/dog__review_047.wav,/home/leiyuxin/soundspaces/source_assets/clsdoa_v1/prepared/ontology_v2_new_classes_v1/wav/dog/dog__review_047.wav,wav/dog/dog__review_047.wav,dc012406da63ef670f75c21aa76662e712ad3d1087cadd182ab0040112448190,ff51483e1df1addc7a57afb0608063a26cf02d6be83cbb7ba6340b9ae4f994e3,,train,clsdoa_source_split_v3_ontology_v2,ACCEPT,EXACT,AUTO_PASS,,DATASET_LEVEL_VERIFIED,See source provenance,60-item ontology v2 blind review package; operator declared class matches answer key,unknown,PRESENT,24000,1,float32,5.0,pre-reviewed contiguous 5.000 s,0.0,5.0,,none,,,,,,,true
ESC-50:4-183882-B-28.wav,snoring,ESC-50,snoring,4-183882-B-28.wav,4-183882-B-28,ONTOLOGY_V2:4-183882-B-28,/home/leiyuxin/soundspaces/source_assets/clsdoa_v1/prepared/ontology_v2_new_classes_v1/wav/snoring/snoring__review_048.wav,/home/leiyuxin/soundspaces/source_assets/clsdoa_v1/prepared/ontology_v2_new_classes_v1/wav/snoring/snoring__review_048.wav,wav/snoring/snoring__review_048.wav,cf2f056e1edf66d6c75fd60449566c263bab5527f5158cef6cf1640bdf97a11f,75be7e9afb52e7f299f90e4a8e722b47eb6b7e14b9dba6282d359e639ed27ba7,,train,clsdoa_source_split_v3_ontology_v2,ACCEPT,EXACT,AUTO_PASS,,DATASET_LEVEL_VERIFIED,See source provenance,60-item ontology v2 blind review package; operator declared class matches answer key,unknown,PRESENT,24000,1,float32,5.0,pre-reviewed contiguous 5.000 s,0.0,5.0,,none,,,,,,,true
FSD50K:358838,instrumental_music,FSD50K,instrumental_music,358838,fsd50k:dev:358838,ONTOLOGY_V2:fsd50k:dev:358838,/home/leiyuxin/soundspaces/source_assets/clsdoa_v1/prepared/ontology_v2_new_classes_v1/wav/instrumental_music/instrumental_music__review_049.wav,/home/leiyuxin/soundspaces/source_assets/clsdoa_v1/prepared/ontology_v2_new_classes_v1/wav/instrumental_music/instrumental_music__review_049.wav,wav/instrumental_music/instrumental_music__review_049.wav,9c8510ae7476e5c56cd18df08b7425a964be62b2c5b6e4972b479894de4b2ea4,f674de0882a0a39aeae94718df8af7aabc41f1f0cbb863932bf50d76ef731c79,,train,clsdoa_source_split_v3_ontology_v2,ACCEPT,EXACT,AUTO_PASS,,DATASET_LEVEL_VERIFIED,See source provenance,60-item ontology v2 blind review package; operator declared class matches answer key,unknown,PRESENT,24000,1,float32,5.0,pre-reviewed contiguous 5.000 s,3.231519274376417,8.231519274376417,,none,,,,,,,true
ESC-50:4-184575-A-0.wav,dog,ESC-50,dog,4-184575-A-0.wav,4-184575-A-0,ONTOLOGY_V2:4-184575-A-0,/home/leiyuxin/soundspaces/source_assets/clsdoa_v1/prepared/ontology_v2_new_classes_v1/wav/dog/dog__review_050.wav,/home/leiyuxin/soundspaces/source_assets/clsdoa_v1/prepared/ontology_v2_new_classes_v1/wav/dog/dog__review_050.wav,wav/dog/dog__review_050.wav,f465affcf336faf70f909a95e2a47d94806b95757932f293bb8633d85ee62a1e,f4a6d36b56a0a07e166e47b3b6f5558214fbdd1565a1435c500466ad47da4dab,,test,clsdoa_source_split_v3_ontology_v2,ACCEPT,EXACT,AUTO_PASS,,DATASET_LEVEL_VERIFIED,See source provenance,60-item ontology v2 blind review package; operator declared class matches answer key,unknown,PRESENT,24000,1,float32,5.0,pre-reviewed contiguous 5.000 s,0.0,5.0,,none,,,,,,,true
FSD50K:357663,instrumental_music,FSD50K,instrumental_music,357663,fsd50k:dev:357663,ONTOLOGY_V2:fsd50k:dev:357663,/home/leiyuxin/soundspaces/source_assets/clsdoa_v1/prepared/ontology_v2_new_classes_v1/wav/instrumental_music/instrumental_music__review_051.wav,/home/leiyuxin/soundspaces/source_assets/clsdoa_v1/prepared/ontology_v2_new_classes_v1/wav/instrumental_music/instrumental_music__review_051.wav,wav/instrumental_music/instrumental_music__review_051.wav,7de0d0d1e5a9d18bbd9c974cf46fd86c2a10991b860e89fa1885dfdda38b1209,a2cdbbe6324d2e263ba062ae90ba3ad79f7976f75d87dbb9a5053758e657a31d,,train,clsdoa_source_split_v3_ontology_v2,ACCEPT,EXACT,AUTO_PASS,,DATASET_LEVEL_VERIFIED,See source provenance,60-item ontology v2 blind review package; operator declared class matches answer key,unknown,PRESENT,24000,1,float32,5.0,pre-reviewed contiguous 5.000 s,3.788956916099773,8.788956916099773,,none,,,,,,,true
ESC-50:2-52001-A-28.wav,snoring,ESC-50,snoring,2-52001-A-28.wav,2-52001-A-28,ONTOLOGY_V2:2-52001-A-28,/home/leiyuxin/soundspaces/source_assets/clsdoa_v1/prepared/ontology_v2_new_classes_v1/wav/snoring/snoring__review_052.wav,/home/leiyuxin/soundspaces/source_assets/clsdoa_v1/prepared/ontology_v2_new_classes_v1/wav/snoring/snoring__review_052.wav,wav/snoring/snoring__review_052.wav,6fcbd914404d8561f0f6cbf495a84efa77c802ae97b73504843f8967a29766dd,827b717b4b28161872dad981e57a1917a5922d685811ce4b498802857757d5a1,,train,clsdoa_source_split_v3_ontology_v2,ACCEPT,EXACT,AUTO_PASS,,DATASET_LEVEL_VERIFIED,See source provenance,60-item ontology v2 blind review package; operator declared class matches answer key,unknown,PRESENT,24000,1,float32,5.0,pre-reviewed contiguous 5.000 s,0.0,5.0,,none,,,,,,,true
ESC-50:1-47923-A-28.wav,snoring,ESC-50,snoring,1-47923-A-28.wav,1-47923-A-28,ONTOLOGY_V2:1-47923-A-28,/home/leiyuxin/soundspaces/source_assets/clsdoa_v1/prepared/ontology_v2_new_classes_v1/wav/snoring/snoring__review_053.wav,/home/leiyuxin/soundspaces/source_assets/clsdoa_v1/prepared/ontology_v2_new_classes_v1/wav/snoring/snoring__review_053.wav,wav/snoring/snoring__review_053.wav,162daffe9de3b85605f8683b26b037d5069a362190ad1d94f9f7c2100b6db261,f5939943c413107dda06aadd598caa9e71e3fc7b7dbac62530709fa4567ba597,,test,clsdoa_source_split_v3_ontology_v2,ACCEPT,EXACT,AUTO_PASS,,DATASET_LEVEL_VERIFIED,See source provenance,60-item ontology v2 blind review package; operator declared class matches answer key,unknown,PRESENT,24000,1,float32,5.0,pre-reviewed contiguous 5.000 s,0.0,5.0,,none,,,,,,,true
ESC-50:3-144028-A-0.wav,dog,ESC-50,dog,3-144028-A-0.wav,3-144028-A-0,ONTOLOGY_V2:3-144028-A-0,/home/leiyuxin/soundspaces/source_assets/clsdoa_v1/prepared/ontology_v2_new_classes_v1/wav/dog/dog__review_054.wav,/home/leiyuxin/soundspaces/source_assets/clsdoa_v1/prepared/ontology_v2_new_classes_v1/wav/dog/dog__review_054.wav,wav/dog/dog__review_054.wav,49b09d3fedaa24ec2a049244cae6a788e3df81342dae518c19d6dd247695185c,ae0efb8d11baae2ec6936d0aa53babb28c19260b2ce3fe1fba77b3f676f3871e,,train,clsdoa_source_split_v3_ontology_v2,ACCEPT,EXACT,AUTO_PASS,,DATASET_LEVEL_VERIFIED,See source provenance,60-item ontology v2 blind review package; operator declared class matches answer key,unknown,PRESENT,24000,1,float32,5.0,pre-reviewed contiguous 5.000 s,0.0,5.0,,none,,,,,,,true
FSD50K:319588,instrumental_music,FSD50K,instrumental_music,319588,fsd50k:eval:319588,ONTOLOGY_V2:fsd50k:eval:319588,/home/leiyuxin/soundspaces/source_assets/clsdoa_v1/prepared/ontology_v2_new_classes_v1/wav/instrumental_music/instrumental_music__review_055.wav,/home/leiyuxin/soundspaces/source_assets/clsdoa_v1/prepared/ontology_v2_new_classes_v1/wav/instrumental_music/instrumental_music__review_055.wav,wav/instrumental_music/instrumental_music__review_055.wav,11012692b9dfff216b11e6f5126ead28a97c979ec5c016f0d5650a6c7d3ad10b,17de1367330a741064bb06c9624f90ee8239224447c3c752817c54adc76e7784,,train,clsdoa_source_split_v3_ontology_v2,ACCEPT,EXACT,AUTO_PASS,,DATASET_LEVEL_VERIFIED,See source provenance,60-item ontology v2 blind review package; operator declared class matches answer key,unknown,PRESENT,24000,1,float32,5.0,pre-reviewed contiguous 5.000 s,2.1944444444444446,7.194444444444445,,none,,,,,,,true
FSD50K:264937,instrumental_music,FSD50K,instrumental_music,264937,fsd50k:dev:264937,ONTOLOGY_V2:fsd50k:dev:264937,/home/leiyuxin/soundspaces/source_assets/clsdoa_v1/prepared/ontology_v2_new_classes_v1/wav/instrumental_music/instrumental_music__review_056.wav,/home/leiyuxin/soundspaces/source_assets/clsdoa_v1/prepared/ontology_v2_new_classes_v1/wav/instrumental_music/instrumental_music__review_056.wav,wav/instrumental_music/instrumental_music__review_056.wav,d169385c88e6225faeee06627e52715c9ae5d90413b3d15fd58d12ff991e7636,f018dc6d77a3c2588ba0a99b76070619ba45da8d6d989480deec319926cd98c7,,train,clsdoa_source_split_v3_ontology_v2,ACCEPT,EXACT,AUTO_PASS,,DATASET_LEVEL_VERIFIED,See source provenance,60-item ontology v2 blind review package; operator declared class matches answer key,unknown,PRESENT,24000,1,float32,5.0,pre-reviewed contiguous 5.000 s,2.9545351473922903,7.95453514739229,,none,,,,,,,true
ESC-50:3-180977-A-0.wav,dog,ESC-50,dog,3-180977-A-0.wav,3-180977-A-0,ONTOLOGY_V2:3-180977-A-0,/home/leiyuxin/soundspaces/source_assets/clsdoa_v1/prepared/ontology_v2_new_classes_v1/wav/dog/dog__review_057.wav,/home/leiyuxin/soundspaces/source_assets/clsdoa_v1/prepared/ontology_v2_new_classes_v1/wav/dog/dog__review_057.wav,wav/dog/dog__review_057.wav,973678d88339cf1ba6c66fc49fbab320d257b7564452569283e53d3c20be00ae,aeff4c37236f8971250483f19bc08b834d5390179a035092cb8a684c06f04ec5,,val,clsdoa_source_split_v3_ontology_v2,ACCEPT,EXACT,AUTO_PASS,,DATASET_LEVEL_VERIFIED,See source provenance,60-item ontology v2 blind review package; operator declared class matches answer key,unknown,PRESENT,24000,1,float32,5.0,pre-reviewed contiguous 5.000 s,0.0,5.0,,none,,,,,,,true
ESC-50:3-124958-A-28.wav,snoring,ESC-50,snoring,3-124958-A-28.wav,3-124958-A-28,ONTOLOGY_V2:3-124958-A-28,/home/leiyuxin/soundspaces/source_assets/clsdoa_v1/prepared/ontology_v2_new_classes_v1/wav/snoring/snoring__review_058.wav,/home/leiyuxin/soundspaces/source_assets/clsdoa_v1/prepared/ontology_v2_new_classes_v1/wav/snoring/snoring__review_058.wav,wav/snoring/snoring__review_058.wav,6de7970978da1b87b2ef867d4370f08fe2d63021a3fef7e81e04ea8992852176,ba40912a4d97e342e7eba447a930ebe4d8eccb695f7ebf299cff238d0c22c27b,,train,clsdoa_source_split_v3_ontology_v2,ACCEPT,EXACT,AUTO_PASS,,DATASET_LEVEL_VERIFIED,See source provenance,60-item ontology v2 blind review package; operator declared class matches answer key,unknown,PRESENT,24000,1,float32,5.0,pre-reviewed contiguous 5.000 s,0.0,5.0,,none,,,,,,,true
ESC-50:3-155312-A-0.wav,dog,ESC-50,dog,3-155312-A-0.wav,3-155312-A-0,ONTOLOGY_V2:3-155312-A-0,/home/leiyuxin/soundspaces/source_assets/clsdoa_v1/prepared/ontology_v2_new_classes_v1/wav/dog/dog__review_059.wav,/home/leiyuxin/soundspaces/source_assets/clsdoa_v1/prepared/ontology_v2_new_classes_v1/wav/dog/dog__review_059.wav,wav/dog/dog__review_059.wav,8f55234e287a729bfc4fe9815c4b6c20965f2fe6fcc8fc6909cee39d2385b344,a945c11ba57cea1e3d4366ec552705ad42f683a20bb5bc1925e36ccff314fefb,,train,clsdoa_source_split_v3_ontology_v2,ACCEPT,EXACT,AUTO_PASS,,DATASET_LEVEL_VERIFIED,See source provenance,60-item ontology v2 blind review package; operator declared class matches answer key,unknown,PRESENT,24000,1,float32,5.0,pre-reviewed contiguous 5.000 s,0.0,5.0,,none,,,,,,,true
ESC-50:1-85362-A-0.wav,dog,ESC-50,dog,1-85362-A-0.wav,1-85362-A-0,ONTOLOGY_V2:1-85362-A-0,/home/leiyuxin/soundspaces/source_assets/clsdoa_v1/prepared/ontology_v2_new_classes_v1/wav/dog/dog__review_060.wav,/home/leiyuxin/soundspaces/source_assets/clsdoa_v1/prepared/ontology_v2_new_classes_v1/wav/dog/dog__review_060.wav,wav/dog/dog__review_060.wav,14bdbd1e88661c5147a27cb3c41629148f60707bac7794dbbae7284f6edbd3cc,e0fea6a4433897df2fed76393e3202e88547322c32998862def47f25da534c3a,,train,clsdoa_source_split_v3_ontology_v2,ACCEPT,EXACT,AUTO_PASS,,DATASET_LEVEL_VERIFIED,See source provenance,60-item ontology v2 blind review package; operator declared class matches answer key,unknown,PRESENT,24000,1,float32,5.0,pre-reviewed contiguous 5.000 s,0.0,5.0,,none,,,,,,,true
libritts:1363:139304:1363_139304_000009_000003,speech,LibriTTS,speech,1363_139304_000009_000003,libritts:1363:139304:1363_139304_000009_000003,libritts:1363:139304:1363_139304_000009_000003,/home/leiyuxin/soundspaces/source_assets/clsdoa_v1/prepared/speech_libritts_train_clean_100_v1/audio/train/1363_139304_1363_139304_000009_000003.wav,/home/leiyuxin/soundspaces/source_assets/clsdoa_v1/prepared/speech_libritts_train_clean_100_v1/audio/train/1363_139304_1363_139304_000009_000003.wav,/home/leiyuxin/soundspaces/source_assets/clsdoa_v1/prepared/speech_libritts_train_clean_100_v1/audio/train/1363_139304_1363_139304_000009_000003.wav,cc77711714e4048182e4603ceac98cb6582fb1b7dbff095b9d196d120e2aca35,,,train,clsdoa_source_split_v3_ontology_v2,ACCEPT,CORPUS_STRONG_LABEL,AUTO_PASS,,DATASET_LEVEL_VERIFIED,CC BY 4.0,OpenSLR SLR60 LibriTTS train-clean-100,unknown,PRESENT,24000,1,float32,5.0,deterministic contiguous 5.000 s,0.0,5.0,,none,,,0.44415283203125,0.44415283203125,,,true
libritts:1926:147979:1926_147979_000012_000009,speech,LibriTTS,speech,1926_147979_000012_000009,libritts:1926:147979:1926_147979_000012_000009,libritts:1926:147979:1926_147979_000012_000009,/home/leiyuxin/soundspaces/source_assets/clsdoa_v1/prepared/speech_libritts_train_clean_100_v1/audio/train/1926_147979_1926_147979_000012_000009.wav,/home/leiyuxin/soundspaces/source_assets/clsdoa_v1/prepared/speech_libritts_train_clean_100_v1/audio/train/1926_147979_1926_147979_000012_000009.wav,/home/leiyuxin/soundspaces/source_assets/clsdoa_v1/prepared/speech_libritts_train_clean_100_v1/audio/train/1926_147979_1926_147979_000012_000009.wav,24cc0f95dc285cdc562dd7d222521422ce8bfe08890232d2a4dd536c8bdc2f49,,,train,clsdoa_source_split_v3_ontology_v2,ACCEPT,CORPUS_STRONG_LABEL,AUTO_PASS,,DATASET_LEVEL_VERIFIED,CC BY 4.0,OpenSLR SLR60 LibriTTS train-clean-100,unknown,PRESENT,24000,1,float32,5.0,deterministic contiguous 5.000 s,2.6,7.6,,none,,,0.489471435546875,0.489471435546875,,,true
libritts:4859:26870:4859_26870_000025_000002,speech,LibriTTS,speech,4859_26870_000025_000002,libritts:4859:26870:4859_26870_000025_000002,libritts:4859:26870:4859_26870_000025_000002,/home/leiyuxin/soundspaces/source_assets/clsdoa_v1/prepared/speech_libritts_train_clean_100_v1/audio/train/4859_26870_4859_26870_000025_000002.wav,/home/leiyuxin/soundspaces/source_assets/clsdoa_v1/prepared/speech_libritts_train_clean_100_v1/audio/train/4859_26870_4859_26870_000025_000002.wav,/home/leiyuxin/soundspaces/source_assets/clsdoa_v1/prepared/speech_libritts_train_clean_100_v1/audio/train/4859_26870_4859_26870_000025_000002.wav,f0d80e968d1d83f0ae9d21ca701bada524bbcd469402908b69f5ac88ed61b926,,,train,clsdoa_source_split_v3_ontology_v2,ACCEPT,CORPUS_STRONG_LABEL,AUTO_PASS,,DATASET_LEVEL_VERIFIED,CC BY 4.0,OpenSLR SLR60 LibriTTS train-clean-100,unknown,PRESENT,24000,1,float32,5.0,deterministic contiguous 5.000 s,0.1,5.1,,none,,,0.91534423828125,0.91534423828125,,,true
libritts:1069:133699:1069_133699_000003_000002,speech,LibriTTS,speech,1069_133699_000003_000002,libritts:1069:133699:1069_133699_000003_000002,libritts:1069:133699:1069_133699_000003_000002,/home/leiyuxin/soundspaces/source_assets/clsdoa_v1/prepared/speech_libritts_train_clean_100_v1/audio/train/1069_133699_1069_133699_000003_000002.wav,/home/leiyuxin/soundspaces/source_assets/clsdoa_v1/prepared/speech_libritts_train_clean_100_v1/audio/train/1069_133699_1069_133699_000003_000002.wav,/home/leiyuxin/soundspaces/source_assets/clsdoa_v1/prepared/speech_libritts_train_clean_100_v1/audio/train/1069_133699_1069_133699_000003_000002.wav,938929e149a54c52e2a8a60a961ee5b1a6ca2b55249d6cc9b007b0057f9fcb65,,,train,clsdoa_source_split_v3_ontology_v2,ACCEPT,CORPUS_STRONG_LABEL,AUTO_PASS,,DATASET_LEVEL_VERIFIED,CC BY 4.0,OpenSLR SLR60 LibriTTS train-clean-100,unknown,PRESENT,24000,1,float32,5.0,deterministic contiguous 5.000 s,5.4,10.4,,none,,,1.0,1.0,,,true
libritts:2384:152900:2384_152900_000010_000018,speech,LibriTTS,speech,2384_152900_000010_000018,libritts:2384:152900:2384_152900_000010_000018,libritts:2384:152900:2384_152900_000010_000018,/home/leiyuxin/soundspaces/source_assets/clsdoa_v1/prepared/speech_libritts_train_clean_100_v1/audio/train/2384_152900_2384_152900_000010_000018.wav,/home/leiyuxin/soundspaces/source_assets/clsdoa_v1/prepared/speech_libritts_train_clean_100_v1/audio/train/2384_152900_2384_152900_000010_000018.wav,/home/leiyuxin/soundspaces/source_assets/clsdoa_v1/prepared/speech_libritts_train_clean_100_v1/audio/train/2384_152900_2384_152900_000010_000018.wav,e88222b7038157b7812ffab8e7c1e50c71e8954599d383bd5d84df36a7152249,,,train,clsdoa_source_split_v3_ontology_v2,ACCEPT,CORPUS_STRONG_LABEL,AUTO_PASS,,DATASET_LEVEL_VERIFIED,CC BY 4.0,OpenSLR SLR60 LibriTTS train-clean-100,unknown,PRESENT,24000,1,float32,5.0,deterministic contiguous 5.000 s,0.0,5.0,,none,,,0.800933837890625,0.800933837890625,,,true
libritts:730:359:730_359_000014_000001,speech,LibriTTS,speech,730_359_000014_000001,libritts:730:359:730_359_000014_000001,libritts:730:359:730_359_000014_000001,/home/leiyuxin/soundspaces/source_assets/clsdoa_v1/prepared/speech_libritts_train_clean_100_v1/audio/train/730_359_730_359_000014_000001.wav,/home/leiyuxin/soundspaces/source_assets/clsdoa_v1/prepared/speech_libritts_train_clean_100_v1/audio/train/730_359_730_359_000014_000001.wav,/home/leiyuxin/soundspaces/source_assets/clsdoa_v1/prepared/speech_libritts_train_clean_100_v1/audio/train/730_359_730_359_000014_000001.wav,d44fa08f436cad75a05725f93a41bf8e71ae33fe2f0ed5ce60b3c6905c5d2456,,,train,clsdoa_source_split_v3_ontology_v2,ACCEPT,CORPUS_STRONG_LABEL,AUTO_PASS,,DATASET_LEVEL_VERIFIED,CC BY 4.0,OpenSLR SLR60 LibriTTS train-clean-100,unknown,PRESENT,24000,1,float32,5.0,deterministic contiguous 5.000 s,9.2,14.2,,none,,,0.43011474609375,0.43011474609375,,,true
libritts:7067:76047:7067_76047_000029_000000,speech,LibriTTS,speech,7067_76047_000029_000000,libritts:7067:76047:7067_76047_000029_000000,libritts:7067:76047:7067_76047_000029_000000,/home/leiyuxin/soundspaces/source_assets/clsdoa_v1/prepared/speech_libritts_train_clean_100_v1/audio/train/7067_76047_7067_76047_000029_000000.wav,/home/leiyuxin/soundspaces/source_assets/clsdoa_v1/prepared/speech_libritts_train_clean_100_v1/audio/train/7067_76047_7067_76047_000029_000000.wav,/home/leiyuxin/soundspaces/source_assets/clsdoa_v1/prepared/speech_libritts_train_clean_100_v1/audio/train/7067_76047_7067_76047_000029_000000.wav,54edee6642f31f787668d926874ad985c26abb1a77d7587c440727463a155d38,,,train,clsdoa_source_split_v3_ontology_v2,ACCEPT,CORPUS_STRONG_LABEL,AUTO_PASS,,DATASET_LEVEL_VERIFIED,CC BY 4.0,OpenSLR SLR60 LibriTTS train-clean-100,unknown,PRESENT,24000,1,float32,5.0,deterministic contiguous 5.000 s,0.1,5.1,,none,,,0.668060302734375,0.668060302734375,,,true
libritts:5514:19193:5514_19193_000031_000000,speech,LibriTTS,speech,5514_19193_000031_000000,libritts:5514:19193:5514_19193_000031_000000,libritts:5514:19193:5514_19193_000031_000000,/home/leiyuxin/soundspaces/source_assets/clsdoa_v1/prepared/speech_libritts_train_clean_100_v1/audio/train/5514_19193_5514_19193_000031_000000.wav,/home/leiyuxin/soundspaces/source_assets/clsdoa_v1/prepared/speech_libritts_train_clean_100_v1/audio/train/5514_19193_5514_19193_000031_000000.wav,/home/leiyuxin/soundspaces/source_assets/clsdoa_v1/prepared/speech_libritts_train_clean_100_v1/audio/train/5514_19193_5514_19193_000031_000000.wav,864430df469c5c8f313f5aaa845feb79cec210617d40272e1b97418ccf768cb7,,,train,clsdoa_source_split_v3_ontology_v2,ACCEPT,CORPUS_STRONG_LABEL,AUTO_PASS,,DATASET_LEVEL_VERIFIED,CC BY 4.0,OpenSLR SLR60 LibriTTS train-clean-100,unknown,PRESENT,24000,1,float32,5.0,deterministic contiguous 5.000 s,0.5,5.5,,none,,,0.439910888671875,0.439910888671875,,,true
libritts:125:121342:125_121342_000056_000003,speech,LibriTTS,speech,125_121342_000056_000003,libritts:125:121342:125_121342_000056_000003,libritts:125:121342:125_121342_000056_000003,/home/leiyuxin/soundspaces/source_assets/clsdoa_v1/prepared/speech_libritts_train_clean_100_v1/audio/train/125_121342_125_121342_000056_000003.wav,/home/leiyuxin/soundspaces/source_assets/clsdoa_v1/prepared/speech_libritts_train_clean_100_v1/audio/train/125_121342_125_121342_000056_000003.wav,/home/leiyuxin/soundspaces/source_assets/clsdoa_v1/prepared/speech_libritts_train_clean_100_v1/audio/train/125_121342_125_121342_000056_000003.wav,0a686b931e933f73754245472d208017a3c528561bec5dbf0020192218930c24,,,train,clsdoa_source_split_v3_ontology_v2,ACCEPT,CORPUS_STRONG_LABEL,AUTO_PASS,,DATASET_LEVEL_VERIFIED,CC BY 4.0,OpenSLR SLR60 LibriTTS train-clean-100,unknown,PRESENT,24000,1,float32,5.0,deterministic contiguous 5.000 s,0.1,5.1,,none,,,0.336273193359375,0.336273193359375,,,true
libritts:1098:133695:1098_133695_000003_000006,speech,LibriTTS,speech,1098_133695_000003_000006,libritts:1098:133695:1098_133695_000003_000006,libritts:1098:133695:1098_133695_000003_000006,/home/leiyuxin/soundspaces/source_assets/clsdoa_v1/prepared/speech_libritts_train_clean_100_v1/audio/train/1098_133695_1098_133695_000003_000006.wav,/home/leiyuxin/soundspaces/source_assets/clsdoa_v1/prepared/speech_libritts_train_clean_100_v1/audio/train/1098_133695_1098_133695_000003_000006.wav,/home/leiyuxin/soundspaces/source_assets/clsdoa_v1/prepared/speech_libritts_train_clean_100_v1/audio/train/1098_133695_1098_133695_000003_000006.wav,39ede9147494e30f3c683ff03d3081c683b269069129eafda242a5ca6b9dcecf,,,train,clsdoa_source_split_v3_ontology_v2,ACCEPT,CORPUS_STRONG_LABEL,AUTO_PASS,,DATASET_LEVEL_VERIFIED,CC BY 4.0,OpenSLR SLR60 LibriTTS train-clean-100,unknown,PRESENT,24000,1,float32,5.0,deterministic contiguous 5.000 s,0.0,5.0,,none,,,0.524627685546875,0.524627685546875,,,true
libritts:8629:261139:8629_261139_000008_000002,speech,LibriTTS,speech,8629_261139_000008_000002,libritts:8629:261139:8629_261139_000008_000002,libritts:8629:261139:8629_261139_000008_000002,/home/leiyuxin/soundspaces/source_assets/clsdoa_v1/prepared/speech_libritts_train_clean_100_v1/audio/train/8629_261139_8629_261139_000008_000002.wav,/home/leiyuxin/soundspaces/source_assets/clsdoa_v1/prepared/speech_libritts_train_clean_100_v1/audio/train/8629_261139_8629_261139_000008_000002.wav,/home/leiyuxin/soundspaces/source_assets/clsdoa_v1/prepared/speech_libritts_train_clean_100_v1/audio/train/8629_261139_8629_261139_000008_000002.wav,d4563ef64de58492115d026593c906bd3f6529cf81afba9968cca04df92b6b01,,,train,clsdoa_source_split_v3_ontology_v2,ACCEPT,CORPUS_STRONG_LABEL,AUTO_PASS,,DATASET_LEVEL_VERIFIED,CC BY 4.0,OpenSLR SLR60 LibriTTS train-clean-100,unknown,PRESENT,24000,1,float32,5.0,deterministic contiguous 5.000 s,10.4,15.4,,none,,,0.286865234375,0.286865234375,,,true
libritts:8630:305213:8630_305213_000004_000006,speech,LibriTTS,speech,8630_305213_000004_000006,libritts:8630:305213:8630_305213_000004_000006,libritts:8630:305213:8630_305213_000004_000006,/home/leiyuxin/soundspaces/source_assets/clsdoa_v1/prepared/speech_libritts_train_clean_100_v1/audio/train/8630_305213_8630_305213_000004_000006.wav,/home/leiyuxin/soundspaces/source_assets/clsdoa_v1/prepared/speech_libritts_train_clean_100_v1/audio/train/8630_305213_8630_305213_000004_000006.wav,/home/leiyuxin/soundspaces/source_assets/clsdoa_v1/prepared/speech_libritts_train_clean_100_v1/audio/train/8630_305213_8630_305213_000004_000006.wav,a747ff8dd664b4da632a0a7103fad183b61845cd4398a6e31b832a189e933a95,,,train,clsdoa_source_split_v3_ontology_v2,ACCEPT,CORPUS_STRONG_LABEL,AUTO_PASS,,DATASET_LEVEL_VERIFIED,CC BY 4.0,OpenSLR SLR60 LibriTTS train-clean-100,unknown,PRESENT,24000,1,float32,5.0,deterministic contiguous 5.000 s,0.0,5.0,,none,,,0.68927001953125,0.68927001953125,,,true
libritts:8419:286676:8419_286676_000019_000000,speech,LibriTTS,speech,8419_286676_000019_000000,libritts:8419:286676:8419_286676_000019_000000,libritts:8419:286676:8419_286676_000019_000000,/home/leiyuxin/soundspaces/source_assets/clsdoa_v1/prepared/speech_libritts_train_clean_100_v1/audio/train/8419_286676_8419_286676_000019_000000.wav,/home/leiyuxin/soundspaces/source_assets/clsdoa_v1/prepared/speech_libritts_train_clean_100_v1/audio/train/8419_286676_8419_286676_000019_000000.wav,/home/leiyuxin/soundspaces/source_assets/clsdoa_v1/prepared/speech_libritts_train_clean_100_v1/audio/train/8419_286676_8419_286676_000019_000000.wav,530b7023506c3dff9ad43ddc7ffe440cb2e18b26bef29a248df390cb1a14e3d6,,,train,clsdoa_source_split_v3_ontology_v2,ACCEPT,CORPUS_STRONG_LABEL,AUTO_PASS,,DATASET_LEVEL_VERIFIED,CC BY 4.0,OpenSLR SLR60 LibriTTS train-clean-100,unknown,PRESENT,24000,1,float32,5.0,deterministic contiguous 5.000 s,4.0,9.0,,none,,,0.48675537109375,0.48675537109375,,,true
libritts:6019:3185:6019_3185_000030_000008,speech,LibriTTS,speech,6019_3185_000030_000008,libritts:6019:3185:6019_3185_000030_000008,libritts:6019:3185:6019_3185_000030_000008,/home/leiyuxin/soundspaces/source_assets/clsdoa_v1/prepared/speech_libritts_train_clean_100_v1/audio/train/6019_3185_6019_3185_000030_000008.wav,/home/leiyuxin/soundspaces/source_assets/clsdoa_v1/prepared/speech_libritts_train_clean_100_v1/audio/train/6019_3185_6019_3185_000030_000008.wav,/home/leiyuxin/soundspaces/source_assets/clsdoa_v1/prepared/speech_libritts_train_clean_100_v1/audio/train/6019_3185_6019_3185_000030_000008.wav,dab9bf1171fd8bc6e50177a96882ebc2b1fc44a788f16b7ef7e5e39fa9405228,,,train,clsdoa_source_split_v3_ontology_v2,ACCEPT,CORPUS_STRONG_LABEL,AUTO_PASS,,DATASET_LEVEL_VERIFIED,CC BY 4.0,OpenSLR SLR60 LibriTTS train-clean-100,unknown,PRESENT,24000,1,float32,5.0,deterministic contiguous 5.000 s,6.0,11.0,,none,,,0.626434326171875,0.626434326171875,,,true
libritts:5778:54535:5778_54535_000017_000005,speech,LibriTTS,speech,5778_54535_000017_000005,libritts:5778:54535:5778_54535_000017_000005,libritts:5778:54535:5778_54535_000017_000005,/home/leiyuxin/soundspaces/source_assets/clsdoa_v1/prepared/speech_libritts_train_clean_100_v1/audio/train/5778_54535_5778_54535_000017_000005.wav,/home/leiyuxin/soundspaces/source_assets/clsdoa_v1/prepared/speech_libritts_train_clean_100_v1/audio/train/5778_54535_5778_54535_000017_000005.wav,/home/leiyuxin/soundspaces/source_assets/clsdoa_v1/prepared/speech_libritts_train_clean_100_v1/audio/train/5778_54535_5778_54535_000017_000005.wav,06cf82cad515786db2fccd8dbdb060a7b6a2ebaeaaa9180fdd8489471e8e0d86,,,train,clsdoa_source_split_v3_ontology_v2,ACCEPT,CORPUS_STRONG_LABEL,AUTO_PASS,,DATASET_LEVEL_VERIFIED,CC BY 4.0,OpenSLR SLR60 LibriTTS train-clean-100,unknown,PRESENT,24000,1,float32,5.0,deterministic contiguous 5.000 s,0.2,5.2,,none,,,0.54608154296875,0.54608154296875,,,true
libritts:669:129074:669_129074_000013_000002,speech,LibriTTS,speech,669_129074_000013_000002,libritts:669:129074:669_129074_000013_000002,libritts:669:129074:669_129074_000013_000002,/home/leiyuxin/soundspaces/source_assets/clsdoa_v1/prepared/speech_libritts_train_clean_100_v1/audio/train/669_129074_669_129074_000013_000002.wav,/home/leiyuxin/soundspaces/source_assets/clsdoa_v1/prepared/speech_libritts_train_clean_100_v1/audio/train/669_129074_669_129074_000013_000002.wav,/home/leiyuxin/soundspaces/source_assets/clsdoa_v1/prepared/speech_libritts_train_clean_100_v1/audio/train/669_129074_669_129074_000013_000002.wav,a1cd3128bfcba68b54a8dee3b638fef2140638e536fb92c0ab761e4dc87fdd7d,,,train,clsdoa_source_split_v3_ontology_v2,ACCEPT,CORPUS_STRONG_LABEL,AUTO_PASS,,DATASET_LEVEL_VERIFIED,CC BY 4.0,OpenSLR SLR60 LibriTTS train-clean-100,unknown,PRESENT,24000,1,float32,5.0,deterministic contiguous 5.000 s,0.0,5.0,,none,,,0.669189453125,0.669189453125,,,true
libritts:3664:11714:3664_11714_000018_000002,speech,LibriTTS,speech,3664_11714_000018_000002,libritts:3664:11714:3664_11714_000018_000002,libritts:3664:11714:3664_11714_000018_000002,/home/leiyuxin/soundspaces/source_assets/clsdoa_v1/prepared/speech_libritts_train_clean_100_v1/audio/train/3664_11714_3664_11714_000018_000002.wav,/home/leiyuxin/soundspaces/source_assets/clsdoa_v1/prepared/speech_libritts_train_clean_100_v1/audio/train/3664_11714_3664_11714_000018_000002.wav,/home/leiyuxin/soundspaces/source_assets/clsdoa_v1/prepared/speech_libritts_train_clean_100_v1/audio/train/3664_11714_3664_11714_000018_000002.wav,10daf17287dbcbb8753c80e9dc13a704b6ed7badb4c79f2b0ab33db76d332ec8,,,train,clsdoa_source_split_v3_ontology_v2,ACCEPT,CORPUS_STRONG_LABEL,AUTO_PASS,,DATASET_LEVEL_VERIFIED,CC BY 4.0,OpenSLR SLR60 LibriTTS train-clean-100,unknown,PRESENT,24000,1,float32,5.0,deterministic contiguous 5.000 s,4.4,9.4,,none,,,0.41131591796875,0.41131591796875,,,true
libritts:229:130880:229_130880_000062_000001,speech,LibriTTS,speech,229_130880_000062_000001,libritts:229:130880:229_130880_000062_000001,libritts:229:130880:229_130880_000062_000001,/home/leiyuxin/soundspaces/source_assets/clsdoa_v1/prepared/speech_libritts_train_clean_100_v1/audio/train/229_130880_229_130880_000062_000001.wav,/home/leiyuxin/soundspaces/source_assets/clsdoa_v1/prepared/speech_libritts_train_clean_100_v1/audio/train/229_130880_229_130880_000062_000001.wav,/home/leiyuxin/soundspaces/source_assets/clsdoa_v1/prepared/speech_libritts_train_clean_100_v1/audio/train/229_130880_229_130880_000062_000001.wav,29841c6a2acedc0677ebcfb064845fe2e9a14f529348719ca3b1d18b4abba74a,,,train,clsdoa_source_split_v3_ontology_v2,ACCEPT,CORPUS_STRONG_LABEL,AUTO_PASS,,DATASET_LEVEL_VERIFIED,CC BY 4.0,OpenSLR SLR60 LibriTTS train-clean-100,unknown,PRESENT,24000,1,float32,5.0,deterministic contiguous 5.000 s,0.0,5.0,,none,,,0.4119873046875,0.4119873046875,,,true
libritts:5652:39938:5652_39938_000014_000005,speech,LibriTTS,speech,5652_39938_000014_000005,libritts:5652:39938:5652_39938_000014_000005,libritts:5652:39938:5652_39938_000014_000005,/home/leiyuxin/soundspaces/source_assets/clsdoa_v1/prepared/speech_libritts_train_clean_100_v1/audio/train/5652_39938_5652_39938_000014_000005.wav,/home/leiyuxin/soundspaces/source_assets/clsdoa_v1/prepared/speech_libritts_train_clean_100_v1/audio/train/5652_39938_5652_39938_000014_000005.wav,/home/leiyuxin/soundspaces/source_assets/clsdoa_v1/prepared/speech_libritts_train_clean_100_v1/audio/train/5652_39938_5652_39938_000014_000005.wav,effb8f526926d618f48303b1454bf41544b860bf56f7c8980df908627735fe75,,,train,clsdoa_source_split_v3_ontology_v2,ACCEPT,CORPUS_STRONG_LABEL,AUTO_PASS,,DATASET_LEVEL_VERIFIED,CC BY 4.0,OpenSLR SLR60 LibriTTS train-clean-100,unknown,PRESENT,24000,1,float32,5.0,deterministic contiguous 5.000 s,0.1,5.1,,none,,,0.660919189453125,0.660919189453125,,,true
libritts:6476:57446:6476_57446_000045_000000,speech,LibriTTS,speech,6476_57446_000045_000000,libritts:6476:57446:6476_57446_000045_000000,libritts:6476:57446:6476_57446_000045_000000,/home/leiyuxin/soundspaces/source_assets/clsdoa_v1/prepared/speech_libritts_train_clean_100_v1/audio/train/6476_57446_6476_57446_000045_000000.wav,/home/leiyuxin/soundspaces/source_assets/clsdoa_v1/prepared/speech_libritts_train_clean_100_v1/audio/train/6476_57446_6476_57446_000045_000000.wav,/home/leiyuxin/soundspaces/source_assets/clsdoa_v1/prepared/speech_libritts_train_clean_100_v1/audio/train/6476_57446_6476_57446_000045_000000.wav,cb9e60ff887ad2262319017ad456a28dd4a582b02c30381111467d9b95c81d17,,,train,clsdoa_source_split_v3_ontology_v2,ACCEPT,CORPUS_STRONG_LABEL,AUTO_PASS,,DATASET_LEVEL_VERIFIED,CC BY 4.0,OpenSLR SLR60 LibriTTS train-clean-100,unknown,PRESENT,24000,1,float32,5.0,deterministic contiguous 5.000 s,0.1,5.1,,none,,,0.39935302734375,0.39935302734375,,,true
libritts:5750:100289:5750_100289_000037_000002,speech,LibriTTS,speech,5750_100289_000037_000002,libritts:5750:100289:5750_100289_000037_000002,libritts:5750:100289:5750_100289_000037_000002,/home/leiyuxin/soundspaces/source_assets/clsdoa_v1/prepared/speech_libritts_train_clean_100_v1/audio/train/5750_100289_5750_100289_000037_000002.wav,/home/leiyuxin/soundspaces/source_assets/clsdoa_v1/prepared/speech_libritts_train_clean_100_v1/audio/train/5750_100289_5750_100289_000037_000002.wav,/home/leiyuxin/soundspaces/source_assets/clsdoa_v1/prepared/speech_libritts_train_clean_100_v1/audio/train/5750_100289_5750_100289_000037_000002.wav,8a5c3b805ef1c28b4b6f11ce15e9f9f12de75ff9a83782abdc8e3c34eb19d666,,,train,clsdoa_source_split_v3_ontology_v2,ACCEPT,CORPUS_STRONG_LABEL,AUTO_PASS,,DATASET_LEVEL_VERIFIED,CC BY 4.0,OpenSLR SLR60 LibriTTS train-clean-100,unknown,PRESENT,24000,1,float32,5.0,deterministic contiguous 5.000 s,3.8,8.8,,none,,,0.597137451171875,0.597137451171875,,,true
libritts:7635:105409:7635_105409_000109_000000,speech,LibriTTS,speech,7635_105409_000109_000000,libritts:7635:105409:7635_105409_000109_000000,libritts:7635:105409:7635_105409_000109_000000,/home/leiyuxin/soundspaces/source_assets/clsdoa_v1/prepared/speech_libritts_train_clean_100_v1/audio/train/7635_105409_7635_105409_000109_000000.wav,/home/leiyuxin/soundspaces/source_assets/clsdoa_v1/prepared/speech_libritts_train_clean_100_v1/audio/train/7635_105409_7635_105409_000109_000000.wav,/home/leiyuxin/soundspaces/source_assets/clsdoa_v1/prepared/speech_libritts_train_clean_100_v1/audio/train/7635_105409_7635_105409_000109_000000.wav,1a60ab8ba8d6c70efab9ddedbb71e03649bd010dc069047c90c26dec08287a77,,,train,clsdoa_source_split_v3_ontology_v2,ACCEPT,CORPUS_STRONG_LABEL,AUTO_PASS,,DATASET_LEVEL_VERIFIED,CC BY 4.0,OpenSLR SLR60 LibriTTS train-clean-100,unknown,PRESENT,24000,1,float32,5.0,deterministic contiguous 5.000 s,0.0,5.0,,none,,,0.6329345703125,0.6329345703125,,,true
libritts:7302:86814:7302_86814_000002_000005,speech,LibriTTS,speech,7302_86814_000002_000005,libritts:7302:86814:7302_86814_000002_000005,libritts:7302:86814:7302_86814_000002_000005,/home/leiyuxin/soundspaces/source_assets/clsdoa_v1/prepared/speech_libritts_train_clean_100_v1/audio/train/7302_86814_7302_86814_000002_000005.wav,/home/leiyuxin/soundspaces/source_assets/clsdoa_v1/prepared/speech_libritts_train_clean_100_v1/audio/train/7302_86814_7302_86814_000002_000005.wav,/home/leiyuxin/soundspaces/source_assets/clsdoa_v1/prepared/speech_libritts_train_clean_100_v1/audio/train/7302_86814_7302_86814_000002_000005.wav,e1c115e30afa4ee404ec78683e868c9b13f6051710339960f2173f992da94394,,,train,clsdoa_source_split_v3_ontology_v2,ACCEPT,CORPUS_STRONG_LABEL,AUTO_PASS,,DATASET_LEVEL_VERIFIED,CC BY 4.0,OpenSLR SLR60 LibriTTS train-clean-100,unknown,PRESENT,24000,1,float32,5.0,deterministic contiguous 5.000 s,0.1,5.1,,none,,,0.431640625,0.431640625,,,true
libritts:1624:142933:1624_142933_000034_000004,speech,LibriTTS,speech,1624_142933_000034_000004,libritts:1624:142933:1624_142933_000034_000004,libritts:1624:142933:1624_142933_000034_000004,/home/leiyuxin/soundspaces/source_assets/clsdoa_v1/prepared/speech_libritts_train_clean_100_v1/audio/train/1624_142933_1624_142933_000034_000004.wav,/home/leiyuxin/soundspaces/source_assets/clsdoa_v1/prepared/speech_libritts_train_clean_100_v1/audio/train/1624_142933_1624_142933_000034_000004.wav,/home/leiyuxin/soundspaces/source_assets/clsdoa_v1/prepared/speech_libritts_train_clean_100_v1/audio/train/1624_142933_1624_142933_000034_000004.wav,ed1ed4ca5815fce231bccce6fa8777c2e32f4af1ac38bebe2cfc62c805d3da56,,,train,clsdoa_source_split_v3_ontology_v2,ACCEPT,CORPUS_STRONG_LABEL,AUTO_PASS,,DATASET_LEVEL_VERIFIED,CC BY 4.0,OpenSLR SLR60 LibriTTS train-clean-100,unknown,PRESENT,24000,1,float32,5.0,deterministic contiguous 5.000 s,1.6,6.6,,none,,,0.76385498046875,0.76385498046875,,,true
libritts:460:172357:460_172357_000011_000000,speech,LibriTTS,speech,460_172357_000011_000000,libritts:460:172357:460_172357_000011_000000,libritts:460:172357:460_172357_000011_000000,/home/leiyuxin/soundspaces/source_assets/clsdoa_v1/prepared/speech_libritts_train_clean_100_v1/audio/train/460_172357_460_172357_000011_000000.wav,/home/leiyuxin/soundspaces/source_assets/clsdoa_v1/prepared/speech_libritts_train_clean_100_v1/audio/train/460_172357_460_172357_000011_000000.wav,/home/leiyuxin/soundspaces/source_assets/clsdoa_v1/prepared/speech_libritts_train_clean_100_v1/audio/train/460_172357_460_172357_000011_000000.wav,a5fda29f4360d93952fc82ea47feef85c9b5de1f8ea319584adb67955273c01d,,,train,clsdoa_source_split_v3_ontology_v2,ACCEPT,CORPUS_STRONG_LABEL,AUTO_PASS,,DATASET_LEVEL_VERIFIED,CC BY 4.0,OpenSLR SLR60 LibriTTS train-clean-100,unknown,PRESENT,24000,1,float32,5.0,deterministic contiguous 5.000 s,0.0,5.0,,none,,,0.876220703125,0.876220703125,,,true
libritts:831:130746:831_130746_000002_000001,speech,LibriTTS,speech,831_130746_000002_000001,libritts:831:130746:831_130746_000002_000001,libritts:831:130746:831_130746_000002_000001,/home/leiyuxin/soundspaces/source_assets/clsdoa_v1/prepared/speech_libritts_train_clean_100_v1/audio/train/831_130746_831_130746_000002_000001.wav,/home/leiyuxin/soundspaces/source_assets/clsdoa_v1/prepared/speech_libritts_train_clean_100_v1/audio/train/831_130746_831_130746_000002_000001.wav,/home/leiyuxin/soundspaces/source_assets/clsdoa_v1/prepared/speech_libritts_train_clean_100_v1/audio/train/831_130746_831_130746_000002_000001.wav,0bb4d72405222f561f888400d913bbd9460ce96a54cd297bd9ad1c804216852f,,,train,clsdoa_source_split_v3_ontology_v2,ACCEPT,CORPUS_STRONG_LABEL,AUTO_PASS,,DATASET_LEVEL_VERIFIED,CC BY 4.0,OpenSLR SLR60 LibriTTS train-clean-100,unknown,PRESENT,24000,1,float32,5.0,deterministic contiguous 5.000 s,0.0,5.0,,none,,,0.65576171875,0.65576171875,,,true
libritts:3240:131231:3240_131231_000014_000000,speech,LibriTTS,speech,3240_131231_000014_000000,libritts:3240:131231:3240_131231_000014_000000,libritts:3240:131231:3240_131231_000014_000000,/home/leiyuxin/soundspaces/source_assets/clsdoa_v1/prepared/speech_libritts_train_clean_100_v1/audio/train/3240_131231_3240_131231_000014_000000.wav,/home/leiyuxin/soundspaces/source_assets/clsdoa_v1/prepared/speech_libritts_train_clean_100_v1/audio/train/3240_131231_3240_131231_000014_000000.wav,/home/leiyuxin/soundspaces/source_assets/clsdoa_v1/prepared/speech_libritts_train_clean_100_v1/audio/train/3240_131231_3240_131231_000014_000000.wav,1acbde36c630455dce0bd57f1f662daf31e7860db83b4aa1dff31c87bd93ee97,,,train,clsdoa_source_split_v3_ontology_v2,ACCEPT,CORPUS_STRONG_LABEL,AUTO_PASS,,DATASET_LEVEL_VERIFIED,CC BY 4.0,OpenSLR SLR60 LibriTTS train-clean-100,unknown,PRESENT,24000,1,float32,5.0,deterministic contiguous 5.000 s,0.1,5.1,,none,,,0.44677734375,0.44677734375,,,true
libritts:7059:88364:7059_88364_000012_000006,speech,LibriTTS,speech,7059_88364_000012_000006,libritts:7059:88364:7059_88364_000012_000006,libritts:7059:88364:7059_88364_000012_000006,/home/leiyuxin/soundspaces/source_assets/clsdoa_v1/prepared/speech_libritts_train_clean_100_v1/audio/train/7059_88364_7059_88364_000012_000006.wav,/home/leiyuxin/soundspaces/source_assets/clsdoa_v1/prepared/speech_libritts_train_clean_100_v1/audio/train/7059_88364_7059_88364_000012_000006.wav,/home/leiyuxin/soundspaces/source_assets/clsdoa_v1/prepared/speech_libritts_train_clean_100_v1/audio/train/7059_88364_7059_88364_000012_000006.wav,deed082be0e36d8a23dd5425a9135870238f5ec1e25877f6d580d3f4ff9c1d12,,,train,clsdoa_source_split_v3_ontology_v2,ACCEPT,CORPUS_STRONG_LABEL,AUTO_PASS,,DATASET_LEVEL_VERIFIED,CC BY 4.0,OpenSLR SLR60 LibriTTS train-clean-100,unknown,PRESENT,24000,1,float32,5.0,deterministic contiguous 5.000 s,0.0,5.0,,none,,,0.47357177734375,0.47357177734375,,,true
libritts:3699:47246:3699_47246_000010_000001,speech,LibriTTS,speech,3699_47246_000010_000001,libritts:3699:47246:3699_47246_000010_000001,libritts:3699:47246:3699_47246_000010_000001,/home/leiyuxin/soundspaces/source_assets/clsdoa_v1/prepared/speech_libritts_train_clean_100_v1/audio/train/3699_47246_3699_47246_000010_000001.wav,/home/leiyuxin/soundspaces/source_assets/clsdoa_v1/prepared/speech_libritts_train_clean_100_v1/audio/train/3699_47246_3699_47246_000010_000001.wav,/home/leiyuxin/soundspaces/source_assets/clsdoa_v1/prepared/speech_libritts_train_clean_100_v1/audio/train/3699_47246_3699_47246_000010_000001.wav,9f135ccc409ee45f0d0c180a315d5fa0165246c547e68f49288755f523fb4152,,,train,clsdoa_source_split_v3_ontology_v2,ACCEPT,CORPUS_STRONG_LABEL,AUTO_PASS,,DATASET_LEVEL_VERIFIED,CC BY 4.0,OpenSLR SLR60 LibriTTS train-clean-100,unknown,PRESENT,24000,1,float32,5.0,deterministic contiguous 5.000 s,7.9,12.9,,none,,,0.6905517578125,0.6905517578125,,,true
libritts:8975:270782:8975_270782_000019_000008,speech,LibriTTS,speech,8975_270782_000019_000008,libritts:8975:270782:8975_270782_000019_000008,libritts:8975:270782:8975_270782_000019_000008,/home/leiyuxin/soundspaces/source_assets/clsdoa_v1/prepared/speech_libritts_train_clean_100_v1/audio/train/8975_270782_8975_270782_000019_000008.wav,/home/leiyuxin/soundspaces/source_assets/clsdoa_v1/prepared/speech_libritts_train_clean_100_v1/audio/train/8975_270782_8975_270782_000019_000008.wav,/home/leiyuxin/soundspaces/source_assets/clsdoa_v1/prepared/speech_libritts_train_clean_100_v1/audio/train/8975_270782_8975_270782_000019_000008.wav,d63c35261901353cacdfe38a85ed70cf827461fb84b55d3a715acf13a60986b8,,,train,clsdoa_source_split_v3_ontology_v2,ACCEPT,CORPUS_STRONG_LABEL,AUTO_PASS,,DATASET_LEVEL_VERIFIED,CC BY 4.0,OpenSLR SLR60 LibriTTS train-clean-100,unknown,PRESENT,24000,1,float32,5.0,deterministic contiguous 5.000 s,14.4,19.4,,none,,,0.708953857421875,0.708953857421875,,,true
libritts:8014:112586:8014_112586_000010_000001,speech,LibriTTS,speech,8014_112586_000010_000001,libritts:8014:112586:8014_112586_000010_000001,libritts:8014:112586:8014_112586_000010_000001,/home/leiyuxin/soundspaces/source_assets/clsdoa_v1/prepared/speech_libritts_train_clean_100_v1/audio/train/8014_112586_8014_112586_000010_000001.wav,/home/leiyuxin/soundspaces/source_assets/clsdoa_v1/prepared/speech_libritts_train_clean_100_v1/audio/train/8014_112586_8014_112586_000010_000001.wav,/home/leiyuxin/soundspaces/source_assets/clsdoa_v1/prepared/speech_libritts_train_clean_100_v1/audio/train/8014_112586_8014_112586_000010_000001.wav,a551c2cda35628b080dafdd1bc9e190bbda85d94c704de5a90b3c6b61e1a6264,,,train,clsdoa_source_split_v3_ontology_v2,ACCEPT,CORPUS_STRONG_LABEL,AUTO_PASS,,DATASET_LEVEL_VERIFIED,CC BY 4.0,OpenSLR SLR60 LibriTTS train-clean-100,unknown,PRESENT,24000,1,float32,5.0,deterministic contiguous 5.000 s,4.8,9.8,,none,,,0.552642822265625,0.552642822265625,,,true
libritts:7800:283492:7800_283492_000005_000000,speech,LibriTTS,speech,7800_283492_000005_000000,libritts:7800:283492:7800_283492_000005_000000,libritts:7800:283492:7800_283492_000005_000000,/home/leiyuxin/soundspaces/source_assets/clsdoa_v1/prepared/speech_libritts_train_clean_100_v1/audio/train/7800_283492_7800_283492_000005_000000.wav,/home/leiyuxin/soundspaces/source_assets/clsdoa_v1/prepared/speech_libritts_train_clean_100_v1/audio/train/7800_283492_7800_283492_000005_000000.wav,/home/leiyuxin/soundspaces/source_assets/clsdoa_v1/prepared/speech_libritts_train_clean_100_v1/audio/train/7800_283492_7800_283492_000005_000000.wav,e240485e30aa2f198122be61d0692677e49bd383b5de39c8190d5a977896e580,,,train,clsdoa_source_split_v3_ontology_v2,ACCEPT,CORPUS_STRONG_LABEL,AUTO_PASS,,DATASET_LEVEL_VERIFIED,CC BY 4.0,OpenSLR SLR60 LibriTTS train-clean-100,unknown,PRESENT,24000,1,float32,5.0,deterministic contiguous 5.000 s,0.0,5.0,,none,,,0.53790283203125,0.53790283203125,,,true
libritts:8468:295198:8468_295198_000023_000000,speech,LibriTTS,speech,8468_295198_000023_000000,libritts:8468:295198:8468_295198_000023_000000,libritts:8468:295198:8468_295198_000023_000000,/home/leiyuxin/soundspaces/source_assets/clsdoa_v1/prepared/speech_libritts_train_clean_100_v1/audio/train/8468_295198_8468_295198_000023_000000.wav,/home/leiyuxin/soundspaces/source_assets/clsdoa_v1/prepared/speech_libritts_train_clean_100_v1/audio/train/8468_295198_8468_295198_000023_000000.wav,/home/leiyuxin/soundspaces/source_assets/clsdoa_v1/prepared/speech_libritts_train_clean_100_v1/audio/train/8468_295198_8468_295198_000023_000000.wav,9d0bd714a1812c6ce47a00bad0b2aee0600b03c85fec213c2f03def004e56368,,,train,clsdoa_source_split_v3_ontology_v2,ACCEPT,CORPUS_STRONG_LABEL,AUTO_PASS,,DATASET_LEVEL_VERIFIED,CC BY 4.0,OpenSLR SLR60 LibriTTS train-clean-100,unknown,PRESENT,24000,1,float32,5.0,deterministic contiguous 5.000 s,5.3,10.3,,none,,,0.49969482421875,0.49969482421875,,,true
libritts:7113:86041:7113_86041_000028_000000,speech,LibriTTS,speech,7113_86041_000028_000000,libritts:7113:86041:7113_86041_000028_000000,libritts:7113:86041:7113_86041_000028_000000,/home/leiyuxin/soundspaces/source_assets/clsdoa_v1/prepared/speech_libritts_train_clean_100_v1/audio/train/7113_86041_7113_86041_000028_000000.wav,/home/leiyuxin/soundspaces/source_assets/clsdoa_v1/prepared/speech_libritts_train_clean_100_v1/audio/train/7113_86041_7113_86041_000028_000000.wav,/home/leiyuxin/soundspaces/source_assets/clsdoa_v1/prepared/speech_libritts_train_clean_100_v1/audio/train/7113_86041_7113_86041_000028_000000.wav,dcd50337934799830db7386a7ccb518ec36392a58168c5a17ed02e9fa96bf46a,,,train,clsdoa_source_split_v3_ontology_v2,ACCEPT,CORPUS_STRONG_LABEL,AUTO_PASS,,DATASET_LEVEL_VERIFIED,CC BY 4.0,OpenSLR SLR60 LibriTTS train-clean-100,unknown,PRESENT,24000,1,float32,5.0,deterministic contiguous 5.000 s,0.0,5.0,,none,,,0.398834228515625,0.398834228515625,,,true
libritts:839:130898:839_130898_000038_000002,speech,LibriTTS,speech,839_130898_000038_000002,libritts:839:130898:839_130898_000038_000002,libritts:839:130898:839_130898_000038_000002,/home/leiyuxin/soundspaces/source_assets/clsdoa_v1/prepared/speech_libritts_train_clean_100_v1/audio/train/839_130898_839_130898_000038_000002.wav,/home/leiyuxin/soundspaces/source_assets/clsdoa_v1/prepared/speech_libritts_train_clean_100_v1/audio/train/839_130898_839_130898_000038_000002.wav,/home/leiyuxin/soundspaces/source_assets/clsdoa_v1/prepared/speech_libritts_train_clean_100_v1/audio/train/839_130898_839_130898_000038_000002.wav,74d4cfe0defc22d74613102acae08cd5f53ae1ca033a0278c0fe7161e7da4b27,,,train,clsdoa_source_split_v3_ontology_v2,ACCEPT,CORPUS_STRONG_LABEL,AUTO_PASS,,DATASET_LEVEL_VERIFIED,CC BY 4.0,OpenSLR SLR60 LibriTTS train-clean-100,unknown,PRESENT,24000,1,float32,5.0,deterministic contiguous 5.000 s,6.2,11.2,,none,,,0.604766845703125,0.604766845703125,,,true
libritts:6454:93938:6454_93938_000029_000001,speech,LibriTTS,speech,6454_93938_000029_000001,libritts:6454:93938:6454_93938_000029_000001,libritts:6454:93938:6454_93938_000029_000001,/home/leiyuxin/soundspaces/source_assets/clsdoa_v1/prepared/speech_libritts_train_clean_100_v1/audio/train/6454_93938_6454_93938_000029_000001.wav,/home/leiyuxin/soundspaces/source_assets/clsdoa_v1/prepared/speech_libritts_train_clean_100_v1/audio/train/6454_93938_6454_93938_000029_000001.wav,/home/leiyuxin/soundspaces/source_assets/clsdoa_v1/prepared/speech_libritts_train_clean_100_v1/audio/train/6454_93938_6454_93938_000029_000001.wav,77e045acaca5c3ba5623034dd9c18ea9e95d88b249910be2230b522988c5be40,,,train,clsdoa_source_split_v3_ontology_v2,ACCEPT,CORPUS_STRONG_LABEL,AUTO_PASS,,DATASET_LEVEL_VERIFIED,CC BY 4.0,OpenSLR SLR60 LibriTTS train-clean-100,unknown,PRESENT,24000,1,float32,5.0,deterministic contiguous 5.000 s,0.1,5.1,,none,,,0.70196533203125,0.70196533203125,,,true
libritts:226:122538:226_122538_000028_000000,speech,LibriTTS,speech,226_122538_000028_000000,libritts:226:122538:226_122538_000028_000000,libritts:226:122538:226_122538_000028_000000,/home/leiyuxin/soundspaces/source_assets/clsdoa_v1/prepared/speech_libritts_train_clean_100_v1/audio/train/226_122538_226_122538_000028_000000.wav,/home/leiyuxin/soundspaces/source_assets/clsdoa_v1/prepared/speech_libritts_train_clean_100_v1/audio/train/226_122538_226_122538_000028_000000.wav,/home/leiyuxin/soundspaces/source_assets/clsdoa_v1/prepared/speech_libritts_train_clean_100_v1/audio/train/226_122538_226_122538_000028_000000.wav,a209a0487c8ef5c4c468cfb9056ed842d4b73cce37041ed912f5efe7c2660c99,,,train,clsdoa_source_split_v3_ontology_v2,ACCEPT,CORPUS_STRONG_LABEL,AUTO_PASS,,DATASET_LEVEL_VERIFIED,CC BY 4.0,OpenSLR SLR60 LibriTTS train-clean-100,unknown,PRESENT,24000,1,float32,5.0,deterministic contiguous 5.000 s,5.4,10.4,,none,,,0.49786376953125,0.49786376953125,,,true
libritts:8095:274345:8095_274345_000023_000005,speech,LibriTTS,speech,8095_274345_000023_000005,libritts:8095:274345:8095_274345_000023_000005,libritts:8095:274345:8095_274345_000023_000005,/home/leiyuxin/soundspaces/source_assets/clsdoa_v1/prepared/speech_libritts_train_clean_100_v1/audio/train/8095_274345_8095_274345_000023_000005.wav,/home/leiyuxin/soundspaces/source_assets/clsdoa_v1/prepared/speech_libritts_train_clean_100_v1/audio/train/8095_274345_8095_274345_000023_000005.wav,/home/leiyuxin/soundspaces/source_assets/clsdoa_v1/prepared/speech_libritts_train_clean_100_v1/audio/train/8095_274345_8095_274345_000023_000005.wav,e3a2a4e53cdc3d1e85400f4340fa8a9b0606ae56c4172919cc5c997dc30bbebe,,,train,clsdoa_source_split_v3_ontology_v2,ACCEPT,CORPUS_STRONG_LABEL,AUTO_PASS,,DATASET_LEVEL_VERIFIED,CC BY 4.0,OpenSLR SLR60 LibriTTS train-clean-100,unknown,PRESENT,24000,1,float32,5.0,deterministic contiguous 5.000 s,6.8,11.8,,none,,,0.477630615234375,0.477630615234375,,,true
libritts:5163:39921:5163_39921_000017_000003,speech,LibriTTS,speech,5163_39921_000017_000003,libritts:5163:39921:5163_39921_000017_000003,libritts:5163:39921:5163_39921_000017_000003,/home/leiyuxin/soundspaces/source_assets/clsdoa_v1/prepared/speech_libritts_train_clean_100_v1/audio/train/5163_39921_5163_39921_000017_000003.wav,/home/leiyuxin/soundspaces/source_assets/clsdoa_v1/prepared/speech_libritts_train_clean_100_v1/audio/train/5163_39921_5163_39921_000017_000003.wav,/home/leiyuxin/soundspaces/source_assets/clsdoa_v1/prepared/speech_libritts_train_clean_100_v1/audio/train/5163_39921_5163_39921_000017_000003.wav,80198421f8e06a6df8e15f2953b728ba0101ea37c3bd72ec3977a8f7c82ec18d,,,train,clsdoa_source_split_v3_ontology_v2,ACCEPT,CORPUS_STRONG_LABEL,AUTO_PASS,,DATASET_LEVEL_VERIFIED,CC BY 4.0,OpenSLR SLR60 LibriTTS train-clean-100,unknown,PRESENT,24000,1,float32,5.0,deterministic contiguous 5.000 s,0.0,5.0,,none,,,0.818328857421875,0.818328857421875,,,true
libritts:4340:15220:4340_15220_000076_000001,speech,LibriTTS,speech,4340_15220_000076_000001,libritts:4340:15220:4340_15220_000076_000001,libritts:4340:15220:4340_15220_000076_000001,/home/leiyuxin/soundspaces/source_assets/clsdoa_v1/prepared/speech_libritts_train_clean_100_v1/audio/train/4340_15220_4340_15220_000076_000001.wav,/home/leiyuxin/soundspaces/source_assets/clsdoa_v1/prepared/speech_libritts_train_clean_100_v1/audio/train/4340_15220_4340_15220_000076_000001.wav,/home/leiyuxin/soundspaces/source_assets/clsdoa_v1/prepared/speech_libritts_train_clean_100_v1/audio/train/4340_15220_4340_15220_000076_000001.wav,d5ceae035aa1e01da58b084c05238ed54642310bc5b7fbe7a4d3966e6325abb7,,,train,clsdoa_source_split_v3_ontology_v2,ACCEPT,CORPUS_STRONG_LABEL,AUTO_PASS,,DATASET_LEVEL_VERIFIED,CC BY 4.0,OpenSLR SLR60 LibriTTS train-clean-100,unknown,PRESENT,24000,1,float32,5.0,deterministic contiguous 5.000 s,6.3,11.3,,none,,,0.461517333984375,0.461517333984375,,,true
libritts:302:123504:302_123504_000007_000001,speech,LibriTTS,speech,302_123504_000007_000001,libritts:302:123504:302_123504_000007_000001,libritts:302:123504:302_123504_000007_000001,/home/leiyuxin/soundspaces/source_assets/clsdoa_v1/prepared/speech_libritts_train_clean_100_v1/audio/train/302_123504_302_123504_000007_000001.wav,/home/leiyuxin/soundspaces/source_assets/clsdoa_v1/prepared/speech_libritts_train_clean_100_v1/audio/train/302_123504_302_123504_000007_000001.wav,/home/leiyuxin/soundspaces/source_assets/clsdoa_v1/prepared/speech_libritts_train_clean_100_v1/audio/train/302_123504_302_123504_000007_000001.wav,2183e5eba6877bf546562d8b6735973bb0018772dd16ec71b1b1cd43328e0c3d,,,train,clsdoa_source_split_v3_ontology_v2,ACCEPT,CORPUS_STRONG_LABEL,AUTO_PASS,,DATASET_LEVEL_VERIFIED,CC BY 4.0,OpenSLR SLR60 LibriTTS train-clean-100,unknown,PRESENT,24000,1,float32,5.0,deterministic contiguous 5.000 s,0.0,5.0,,none,,,0.643341064453125,0.643341064453125,,,true
libritts:6078:54013:6078_54013_000060_000002,speech,LibriTTS,speech,6078_54013_000060_000002,libritts:6078:54013:6078_54013_000060_000002,libritts:6078:54013:6078_54013_000060_000002,/home/leiyuxin/soundspaces/source_assets/clsdoa_v1/prepared/speech_libritts_train_clean_100_v1/audio/train/6078_54013_6078_54013_000060_000002.wav,/home/leiyuxin/soundspaces/source_assets/clsdoa_v1/prepared/speech_libritts_train_clean_100_v1/audio/train/6078_54013_6078_54013_000060_000002.wav,/home/leiyuxin/soundspaces/source_assets/clsdoa_v1/prepared/speech_libritts_train_clean_100_v1/audio/train/6078_54013_6078_54013_000060_000002.wav,fc385e179c0c326621ff67d1049e074575a87def338e103306702141a88139e2,,,train,clsdoa_source_split_v3_ontology_v2,ACCEPT,CORPUS_STRONG_LABEL,AUTO_PASS,,DATASET_LEVEL_VERIFIED,CC BY 4.0,OpenSLR SLR60 LibriTTS train-clean-100,unknown,PRESENT,24000,1,float32,5.0,deterministic contiguous 5.000 s,8.9,13.9,,none,,,0.588409423828125,0.588409423828125,,,true
libritts:587:54108:587_54108_000035_000006,speech,LibriTTS,speech,587_54108_000035_000006,libritts:587:54108:587_54108_000035_000006,libritts:587:54108:587_54108_000035_000006,/home/leiyuxin/soundspaces/source_assets/clsdoa_v1/prepared/speech_libritts_train_clean_100_v1/audio/train/587_54108_587_54108_000035_000006.wav,/home/leiyuxin/soundspaces/source_assets/clsdoa_v1/prepared/speech_libritts_train_clean_100_v1/audio/train/587_54108_587_54108_000035_000006.wav,/home/leiyuxin/soundspaces/source_assets/clsdoa_v1/prepared/speech_libritts_train_clean_100_v1/audio/train/587_54108_587_54108_000035_000006.wav,006f5fdc25768061520f138c9c0386471b93c35a883b299708073055ab540803,,,train,clsdoa_source_split_v3_ontology_v2,ACCEPT,CORPUS_STRONG_LABEL,AUTO_PASS,,DATASET_LEVEL_VERIFIED,CC BY 4.0,OpenSLR SLR60 LibriTTS train-clean-100,unknown,PRESENT,24000,1,float32,5.0,deterministic contiguous 5.000 s,2.7,7.7,,none,,,0.608123779296875,0.608123779296875,,,true
libritts:3607:29116:3607_29116_000055_000002,speech,LibriTTS,speech,3607_29116_000055_000002,libritts:3607:29116:3607_29116_000055_000002,libritts:3607:29116:3607_29116_000055_000002,/home/leiyuxin/soundspaces/source_assets/clsdoa_v1/prepared/speech_libritts_train_clean_100_v1/audio/train/3607_29116_3607_29116_000055_000002.wav,/home/leiyuxin/soundspaces/source_assets/clsdoa_v1/prepared/speech_libritts_train_clean_100_v1/audio/train/3607_29116_3607_29116_000055_000002.wav,/home/leiyuxin/soundspaces/source_assets/clsdoa_v1/prepared/speech_libritts_train_clean_100_v1/audio/train/3607_29116_3607_29116_000055_000002.wav,638d80ae776698213a184e493838a6c862f7af0a84929641a389f9509645f058,,,train,clsdoa_source_split_v3_ontology_v2,ACCEPT,CORPUS_STRONG_LABEL,AUTO_PASS,,DATASET_LEVEL_VERIFIED,CC BY 4.0,OpenSLR SLR60 LibriTTS train-clean-100,unknown,PRESENT,24000,1,float32,5.0,deterministic contiguous 5.000 s,0.1,5.1,,none,,,0.4482421875,0.4482421875,,,true
libritts:8088:284756:8088_284756_000125_000004,speech,LibriTTS,speech,8088_284756_000125_000004,libritts:8088:284756:8088_284756_000125_000004,libritts:8088:284756:8088_284756_000125_000004,/home/leiyuxin/soundspaces/source_assets/clsdoa_v1/prepared/speech_libritts_train_clean_100_v1/audio/train/8088_284756_8088_284756_000125_000004.wav,/home/leiyuxin/soundspaces/source_assets/clsdoa_v1/prepared/speech_libritts_train_clean_100_v1/audio/train/8088_284756_8088_284756_000125_000004.wav,/home/leiyuxin/soundspaces/source_assets/clsdoa_v1/prepared/speech_libritts_train_clean_100_v1/audio/train/8088_284756_8088_284756_000125_000004.wav,f598d426e94321e5a7c5fdff828d7ce6af581e0ccf3775e19a91ab32285bd9d5,,,train,clsdoa_source_split_v3_ontology_v2,ACCEPT,CORPUS_STRONG_LABEL,AUTO_PASS,,DATASET_LEVEL_VERIFIED,CC BY 4.0,OpenSLR SLR60 LibriTTS train-clean-100,unknown,PRESENT,24000,1,float32,5.0,deterministic contiguous 5.000 s,0.1,5.1,,none,,,0.374481201171875,0.374481201171875,,,true
libritts:1246:124550:1246_124550_000012_000002,speech,LibriTTS,speech,1246_124550_000012_000002,libritts:1246:124550:1246_124550_000012_000002,libritts:1246:124550:1246_124550_000012_000002,/home/leiyuxin/soundspaces/source_assets/clsdoa_v1/prepared/speech_libritts_train_clean_100_v1/audio/train/1246_124550_1246_124550_000012_000002.wav,/home/leiyuxin/soundspaces/source_assets/clsdoa_v1/prepared/speech_libritts_train_clean_100_v1/audio/train/1246_124550_1246_124550_000012_000002.wav,/home/leiyuxin/soundspaces/source_assets/clsdoa_v1/prepared/speech_libritts_train_clean_100_v1/audio/train/1246_124550_1246_124550_000012_000002.wav,b04ea22ef39e3da7b51aa17c4b5bd89594c93a2302193cfbb9207f833629fa11,,,train,clsdoa_source_split_v3_ontology_v2,ACCEPT,CORPUS_STRONG_LABEL,AUTO_PASS,,DATASET_LEVEL_VERIFIED,CC BY 4.0,OpenSLR SLR60 LibriTTS train-clean-100,unknown,PRESENT,24000,1,float32,5.0,deterministic contiguous 5.000 s,0.1,5.1,,none,,,0.670562744140625,0.670562744140625,,,true
libritts:6415:111615:6415_111615_000021_000003,speech,LibriTTS,speech,6415_111615_000021_000003,libritts:6415:111615:6415_111615_000021_000003,libritts:6415:111615:6415_111615_000021_000003,/home/leiyuxin/soundspaces/source_assets/clsdoa_v1/prepared/speech_libritts_train_clean_100_v1/audio/train/6415_111615_6415_111615_000021_000003.wav,/home/leiyuxin/soundspaces/source_assets/clsdoa_v1/prepared/speech_libritts_train_clean_100_v1/audio/train/6415_111615_6415_111615_000021_000003.wav,/home/leiyuxin/soundspaces/source_assets/clsdoa_v1/prepared/speech_libritts_train_clean_100_v1/audio/train/6415_111615_6415_111615_000021_000003.wav,0295664c87747d410907bb7750fd579f7ef90d05c414eac2cccd00dc7178c441,,,train,clsdoa_source_split_v3_ontology_v2,ACCEPT,CORPUS_STRONG_LABEL,AUTO_PASS,,DATASET_LEVEL_VERIFIED,CC BY 4.0,OpenSLR SLR60 LibriTTS train-clean-100,unknown,PRESENT,24000,1,float32,5.0,deterministic contiguous 5.000 s,6.8,11.8,,none,,,0.839385986328125,0.839385986328125,,,true
libritts:2893:139322:2893_139322_000007_000000,speech,LibriTTS,speech,2893_139322_000007_000000,libritts:2893:139322:2893_139322_000007_000000,libritts:2893:139322:2893_139322_000007_000000,/home/leiyuxin/soundspaces/source_assets/clsdoa_v1/prepared/speech_libritts_train_clean_100_v1/audio/train/2893_139322_2893_139322_000007_000000.wav,/home/leiyuxin/soundspaces/source_assets/clsdoa_v1/prepared/speech_libritts_train_clean_100_v1/audio/train/2893_139322_2893_139322_000007_000000.wav,/home/leiyuxin/soundspaces/source_assets/clsdoa_v1/prepared/speech_libritts_train_clean_100_v1/audio/train/2893_139322_2893_139322_000007_000000.wav,a3304bc76b4268bffe1a08a9cf899ebc9c52cb400c33250cccfdbe0f0f652f11,,,train,clsdoa_source_split_v3_ontology_v2,ACCEPT,CORPUS_STRONG_LABEL,AUTO_PASS,,DATASET_LEVEL_VERIFIED,CC BY 4.0,OpenSLR SLR60 LibriTTS train-clean-100,unknown,PRESENT,24000,1,float32,5.0,deterministic contiguous 5.000 s,4.6,9.6,,none,,,0.5516357421875,0.5516357421875,,,true
libritts:40:222:40_222_000009_000000,speech,LibriTTS,speech,40_222_000009_000000,libritts:40:222:40_222_000009_000000,libritts:40:222:40_222_000009_000000,/home/leiyuxin/soundspaces/source_assets/clsdoa_v1/prepared/speech_libritts_train_clean_100_v1/audio/train/40_222_40_222_000009_000000.wav,/home/leiyuxin/soundspaces/source_assets/clsdoa_v1/prepared/speech_libritts_train_clean_100_v1/audio/train/40_222_40_222_000009_000000.wav,/home/leiyuxin/soundspaces/source_assets/clsdoa_v1/prepared/speech_libritts_train_clean_100_v1/audio/train/40_222_40_222_000009_000000.wav,04717ccf16abaca3f21d313944401a02630429d54e985a137d44d60760f63537,,,train,clsdoa_source_split_v3_ontology_v2,ACCEPT,CORPUS_STRONG_LABEL,AUTO_PASS,,DATASET_LEVEL_VERIFIED,CC BY 4.0,OpenSLR SLR60 LibriTTS train-clean-100,unknown,PRESENT,24000,1,float32,5.0,deterministic contiguous 5.000 s,3.6,8.6,,none,,,0.750030517578125,0.750030517578125,,,true
libritts:5322:7678:5322_7678_000006_000013,speech,LibriTTS,speech,5322_7678_000006_000013,libritts:5322:7678:5322_7678_000006_000013,libritts:5322:7678:5322_7678_000006_000013,/home/leiyuxin/soundspaces/source_assets/clsdoa_v1/prepared/speech_libritts_train_clean_100_v1/audio/train/5322_7678_5322_7678_000006_000013.wav,/home/leiyuxin/soundspaces/source_assets/clsdoa_v1/prepared/speech_libritts_train_clean_100_v1/audio/train/5322_7678_5322_7678_000006_000013.wav,/home/leiyuxin/soundspaces/source_assets/clsdoa_v1/prepared/speech_libritts_train_clean_100_v1/audio/train/5322_7678_5322_7678_000006_000013.wav,5948af2bc0b4c4729dd87aa96c99a736ff70048755649ceb8eacf98fa19c2ca1,,,train,clsdoa_source_split_v3_ontology_v2,ACCEPT,CORPUS_STRONG_LABEL,AUTO_PASS,,DATASET_LEVEL_VERIFIED,CC BY 4.0,OpenSLR SLR60 LibriTTS train-clean-100,unknown,PRESENT,24000,1,float32,5.0,deterministic contiguous 5.000 s,7.8,12.8,,none,,,0.873687744140625,0.873687744140625,,,true
libritts:1183:128659:1183_128659_000017_000000,speech,LibriTTS,speech,1183_128659_000017_000000,libritts:1183:128659:1183_128659_000017_000000,libritts:1183:128659:1183_128659_000017_000000,/home/leiyuxin/soundspaces/source_assets/clsdoa_v1/prepared/speech_libritts_train_clean_100_v1/audio/train/1183_128659_1183_128659_000017_000000.wav,/home/leiyuxin/soundspaces/source_assets/clsdoa_v1/prepared/speech_libritts_train_clean_100_v1/audio/train/1183_128659_1183_128659_000017_000000.wav,/home/leiyuxin/soundspaces/source_assets/clsdoa_v1/prepared/speech_libritts_train_clean_100_v1/audio/train/1183_128659_1183_128659_000017_000000.wav,fd270d2ee38c492b2b9dccf1959d57e94710674a0b4543c3e68fd7053f4c1133,,,train,clsdoa_source_split_v3_ontology_v2,ACCEPT,CORPUS_STRONG_LABEL,AUTO_PASS,,DATASET_LEVEL_VERIFIED,CC BY 4.0,OpenSLR SLR60 LibriTTS train-clean-100,unknown,PRESENT,24000,1,float32,5.0,deterministic contiguous 5.000 s,0.1,5.1,,none,,,0.9012451171875,0.9012451171875,,,true
libritts:7226:86965:7226_86965_000019_000004,speech,LibriTTS,speech,7226_86965_000019_000004,libritts:7226:86965:7226_86965_000019_000004,libritts:7226:86965:7226_86965_000019_000004,/home/leiyuxin/soundspaces/source_assets/clsdoa_v1/prepared/speech_libritts_train_clean_100_v1/audio/train/7226_86965_7226_86965_000019_000004.wav,/home/leiyuxin/soundspaces/source_assets/clsdoa_v1/prepared/speech_libritts_train_clean_100_v1/audio/train/7226_86965_7226_86965_000019_000004.wav,/home/leiyuxin/soundspaces/source_assets/clsdoa_v1/prepared/speech_libritts_train_clean_100_v1/audio/train/7226_86965_7226_86965_000019_000004.wav,9f219ef328ba155878c4ecbc792f6118db4aac6f6ebd91e1859bf19dcf9fe665,,,train,clsdoa_source_split_v3_ontology_v2,ACCEPT,CORPUS_STRONG_LABEL,AUTO_PASS,,DATASET_LEVEL_VERIFIED,CC BY 4.0,OpenSLR SLR60 LibriTTS train-clean-100,unknown,PRESENT,24000,1,float32,5.0,deterministic contiguous 5.000 s,0.2,5.2,,none,,,0.34173583984375,0.34173583984375,,,true
libritts:1334:135589:1334_135589_000015_000000,speech,LibriTTS,speech,1334_135589_000015_000000,libritts:1334:135589:1334_135589_000015_000000,libritts:1334:135589:1334_135589_000015_000000,/home/leiyuxin/soundspaces/source_assets/clsdoa_v1/prepared/speech_libritts_train_clean_100_v1/audio/train/1334_135589_1334_135589_000015_000000.wav,/home/leiyuxin/soundspaces/source_assets/clsdoa_v1/prepared/speech_libritts_train_clean_100_v1/audio/train/1334_135589_1334_135589_000015_000000.wav,/home/leiyuxin/soundspaces/source_assets/clsdoa_v1/prepared/speech_libritts_train_clean_100_v1/audio/train/1334_135589_1334_135589_000015_000000.wav,481f472543157a2fb2c56e5eee312f9c7f431cae7020a0d1743f2ce104cfed90,,,train,clsdoa_source_split_v3_ontology_v2,ACCEPT,CORPUS_STRONG_LABEL,AUTO_PASS,,DATASET_LEVEL_VERIFIED,CC BY 4.0,OpenSLR SLR60 LibriTTS train-clean-100,unknown,PRESENT,24000,1,float32,5.0,deterministic contiguous 5.000 s,0.0,5.0,,none,,,0.568359375,0.568359375,,,true
libritts:6064:56168:6064_56168_000016_000001,speech,LibriTTS,speech,6064_56168_000016_000001,libritts:6064:56168:6064_56168_000016_000001,libritts:6064:56168:6064_56168_000016_000001,/home/leiyuxin/soundspaces/source_assets/clsdoa_v1/prepared/speech_libritts_train_clean_100_v1/audio/train/6064_56168_6064_56168_000016_000001.wav,/home/leiyuxin/soundspaces/source_assets/clsdoa_v1/prepared/speech_libritts_train_clean_100_v1/audio/train/6064_56168_6064_56168_000016_000001.wav,/home/leiyuxin/soundspaces/source_assets/clsdoa_v1/prepared/speech_libritts_train_clean_100_v1/audio/train/6064_56168_6064_56168_000016_000001.wav,7ed55487e7514d4d1ac03f8779a27d95978a812130e4e6f05f5096e1ceea8d67,,,train,clsdoa_source_split_v3_ontology_v2,ACCEPT,CORPUS_STRONG_LABEL,AUTO_PASS,,DATASET_LEVEL_VERIFIED,CC BY 4.0,OpenSLR SLR60 LibriTTS train-clean-100,unknown,PRESENT,24000,1,float32,5.0,deterministic contiguous 5.000 s,0.0,5.0,,none,,,0.57757568359375,0.57757568359375,,,true
libritts:8226:274371:8226_274371_000017_000003,speech,LibriTTS,speech,8226_274371_000017_000003,libritts:8226:274371:8226_274371_000017_000003,libritts:8226:274371:8226_274371_000017_000003,/home/leiyuxin/soundspaces/source_assets/clsdoa_v1/prepared/speech_libritts_train_clean_100_v1/audio/train/8226_274371_8226_274371_000017_000003.wav,/home/leiyuxin/soundspaces/source_assets/clsdoa_v1/prepared/speech_libritts_train_clean_100_v1/audio/train/8226_274371_8226_274371_000017_000003.wav,/home/leiyuxin/soundspaces/source_assets/clsdoa_v1/prepared/speech_libritts_train_clean_100_v1/audio/train/8226_274371_8226_274371_000017_000003.wav,9cfcfc1e6b2b5cc38910f6d90ed92d909579a9cd154a1eca6d461e6d34478b6f,,,train,clsdoa_source_split_v3_ontology_v2,ACCEPT,CORPUS_STRONG_LABEL,AUTO_PASS,,DATASET_LEVEL_VERIFIED,CC BY 4.0,OpenSLR SLR60 LibriTTS train-clean-100,unknown,PRESENT,24000,1,float32,5.0,deterministic contiguous 5.000 s,0.0,5.0,,none,,,0.61968994140625,0.61968994140625,,,true
libritts:78:369:78_369_000017_000001,speech,LibriTTS,speech,78_369_000017_000001,libritts:78:369:78_369_000017_000001,libritts:78:369:78_369_000017_000001,/home/leiyuxin/soundspaces/source_assets/clsdoa_v1/prepared/speech_libritts_train_clean_100_v1/audio/train/78_369_78_369_000017_000001.wav,/home/leiyuxin/soundspaces/source_assets/clsdoa_v1/prepared/speech_libritts_train_clean_100_v1/audio/train/78_369_78_369_000017_000001.wav,/home/leiyuxin/soundspaces/source_assets/clsdoa_v1/prepared/speech_libritts_train_clean_100_v1/audio/train/78_369_78_369_000017_000001.wav,8624e38785a3f90894afe13ec0337d6e6aead019b7a394b58bfc11198ad274c4,,,train,clsdoa_source_split_v3_ontology_v2,ACCEPT,CORPUS_STRONG_LABEL,AUTO_PASS,,DATASET_LEVEL_VERIFIED,CC BY 4.0,OpenSLR SLR60 LibriTTS train-clean-100,unknown,PRESENT,24000,1,float32,5.0,deterministic contiguous 5.000 s,0.0,5.0,,none,,,0.70068359375,0.70068359375,,,true
libritts:5808:54425:5808_54425_000049_000000,speech,LibriTTS,speech,5808_54425_000049_000000,libritts:5808:54425:5808_54425_000049_000000,libritts:5808:54425:5808_54425_000049_000000,/home/leiyuxin/soundspaces/source_assets/clsdoa_v1/prepared/speech_libritts_train_clean_100_v1/audio/train/5808_54425_5808_54425_000049_000000.wav,/home/leiyuxin/soundspaces/source_assets/clsdoa_v1/prepared/speech_libritts_train_clean_100_v1/audio/train/5808_54425_5808_54425_000049_000000.wav,/home/leiyuxin/soundspaces/source_assets/clsdoa_v1/prepared/speech_libritts_train_clean_100_v1/audio/train/5808_54425_5808_54425_000049_000000.wav,488c97d268e37cae96dfb0ef221213251a07613633c601c50bf3bcf55c35e24f,,,train,clsdoa_source_split_v3_ontology_v2,ACCEPT,CORPUS_STRONG_LABEL,AUTO_PASS,,DATASET_LEVEL_VERIFIED,CC BY 4.0,OpenSLR SLR60 LibriTTS train-clean-100,unknown,PRESENT,24000,1,float32,5.0,deterministic contiguous 5.000 s,2.8,7.8,,none,,,0.704620361328125,0.704620361328125,,,true
libritts:8838:298545:8838_298545_000000_000007,speech,LibriTTS,speech,8838_298545_000000_000007,libritts:8838:298545:8838_298545_000000_000007,libritts:8838:298545:8838_298545_000000_000007,/home/leiyuxin/soundspaces/source_assets/clsdoa_v1/prepared/speech_libritts_train_clean_100_v1/audio/train/8838_298545_8838_298545_000000_000007.wav,/home/leiyuxin/soundspaces/source_assets/clsdoa_v1/prepared/speech_libritts_train_clean_100_v1/audio/train/8838_298545_8838_298545_000000_000007.wav,/home/leiyuxin/soundspaces/source_assets/clsdoa_v1/prepared/speech_libritts_train_clean_100_v1/audio/train/8838_298545_8838_298545_000000_000007.wav,8e29534652298979bc211ed85f586813607390b3cede4033f4313fb7dd9a645e,,,train,clsdoa_source_split_v3_ontology_v2,ACCEPT,CORPUS_STRONG_LABEL,AUTO_PASS,,DATASET_LEVEL_VERIFIED,CC BY 4.0,OpenSLR SLR60 LibriTTS train-clean-100,unknown,PRESENT,24000,1,float32,5.0,deterministic contiguous 5.000 s,3.7,8.7,,none,,,0.457244873046875,0.457244873046875,,,true
libritts:4788:294466:4788_294466_000002_000001,speech,LibriTTS,speech,4788_294466_000002_000001,libritts:4788:294466:4788_294466_000002_000001,libritts:4788:294466:4788_294466_000002_000001,/home/leiyuxin/soundspaces/source_assets/clsdoa_v1/prepared/speech_libritts_train_clean_100_v1/audio/train/4788_294466_4788_294466_000002_000001.wav,/home/leiyuxin/soundspaces/source_assets/clsdoa_v1/prepared/speech_libritts_train_clean_100_v1/audio/train/4788_294466_4788_294466_000002_000001.wav,/home/leiyuxin/soundspaces/source_assets/clsdoa_v1/prepared/speech_libritts_train_clean_100_v1/audio/train/4788_294466_4788_294466_000002_000001.wav,482f6602519486c73d55feb4a39a0eed377bb52b7542b28b24c809c7252dc18c,,,train,clsdoa_source_split_v3_ontology_v2,ACCEPT,CORPUS_STRONG_LABEL,AUTO_PASS,,DATASET_LEVEL_VERIFIED,CC BY 4.0,OpenSLR SLR60 LibriTTS train-clean-100,unknown,PRESENT,24000,1,float32,5.0,deterministic contiguous 5.000 s,0.0,5.0,,none,,,0.539581298828125,0.539581298828125,,,true
libritts:1743:142914:1743_142914_000001_000002,speech,LibriTTS,speech,1743_142914_000001_000002,libritts:1743:142914:1743_142914_000001_000002,libritts:1743:142914:1743_142914_000001_000002,/home/leiyuxin/soundspaces/source_assets/clsdoa_v1/prepared/speech_libritts_train_clean_100_v1/audio/train/1743_142914_1743_142914_000001_000002.wav,/home/leiyuxin/soundspaces/source_assets/clsdoa_v1/prepared/speech_libritts_train_clean_100_v1/audio/train/1743_142914_1743_142914_000001_000002.wav,/home/leiyuxin/soundspaces/source_assets/clsdoa_v1/prepared/speech_libritts_train_clean_100_v1/audio/train/1743_142914_1743_142914_000001_000002.wav,0d8ce131a0382ddb39e237490199abcdc13dc0c277d33d050cc0a8bd34c10c93,,,train,clsdoa_source_split_v3_ontology_v2,ACCEPT,CORPUS_STRONG_LABEL,AUTO_PASS,,DATASET_LEVEL_VERIFIED,CC BY 4.0,OpenSLR SLR60 LibriTTS train-clean-100,unknown,PRESENT,24000,1,float32,5.0,deterministic contiguous 5.000 s,0.2,5.2,,none,,,0.38031005859375,0.38031005859375,,,true
libritts:6367:65536:6367_65536_000003_000002,speech,LibriTTS,speech,6367_65536_000003_000002,libritts:6367:65536:6367_65536_000003_000002,libritts:6367:65536:6367_65536_000003_000002,/home/leiyuxin/soundspaces/source_assets/clsdoa_v1/prepared/speech_libritts_train_clean_100_v1/audio/train/6367_65536_6367_65536_000003_000002.wav,/home/leiyuxin/soundspaces/source_assets/clsdoa_v1/prepared/speech_libritts_train_clean_100_v1/audio/train/6367_65536_6367_65536_000003_000002.wav,/home/leiyuxin/soundspaces/source_assets/clsdoa_v1/prepared/speech_libritts_train_clean_100_v1/audio/train/6367_65536_6367_65536_000003_000002.wav,d0fdfe958673b040728cb2c863f5f26240cb54eba385792b4a2ec68f62fee90f,,,train,clsdoa_source_split_v3_ontology_v2,ACCEPT,CORPUS_STRONG_LABEL,AUTO_PASS,,DATASET_LEVEL_VERIFIED,CC BY 4.0,OpenSLR SLR60 LibriTTS train-clean-100,unknown,PRESENT,24000,1,float32,5.0,deterministic contiguous 5.000 s,1.8,6.8,,none,,,0.64373779296875,0.64373779296875,,,true
libritts:887:123291:887_123291_000015_000003,speech,LibriTTS,speech,887_123291_000015_000003,libritts:887:123291:887_123291_000015_000003,libritts:887:123291:887_123291_000015_000003,/home/leiyuxin/soundspaces/source_assets/clsdoa_v1/prepared/speech_libritts_train_clean_100_v1/audio/train/887_123291_887_123291_000015_000003.wav,/home/leiyuxin/soundspaces/source_assets/clsdoa_v1/prepared/speech_libritts_train_clean_100_v1/audio/train/887_123291_887_123291_000015_000003.wav,/home/leiyuxin/soundspaces/source_assets/clsdoa_v1/prepared/speech_libritts_train_clean_100_v1/audio/train/887_123291_887_123291_000015_000003.wav,edb202fbdbb07e7f5f708edfab5025f32f72cc31a6d4fdec8d2ab1785f91ef96,,,train,clsdoa_source_split_v3_ontology_v2,ACCEPT,CORPUS_STRONG_LABEL,AUTO_PASS,,DATASET_LEVEL_VERIFIED,CC BY 4.0,OpenSLR SLR60 LibriTTS train-clean-100,unknown,PRESENT,24000,1,float32,5.0,deterministic contiguous 5.000 s,13.7,18.7,,none,,,0.51727294921875,0.51727294921875,,,true
libritts:83:3054:83_3054_000005_000000,speech,LibriTTS,speech,83_3054_000005_000000,libritts:83:3054:83_3054_000005_000000,libritts:83:3054:83_3054_000005_000000,/home/leiyuxin/soundspaces/source_assets/clsdoa_v1/prepared/speech_libritts_train_clean_100_v1/audio/train/83_3054_83_3054_000005_000000.wav,/home/leiyuxin/soundspaces/source_assets/clsdoa_v1/prepared/speech_libritts_train_clean_100_v1/audio/train/83_3054_83_3054_000005_000000.wav,/home/leiyuxin/soundspaces/source_assets/clsdoa_v1/prepared/speech_libritts_train_clean_100_v1/audio/train/83_3054_83_3054_000005_000000.wav,bb16f2c7e25e19ecd29e85de81311700b89f8a9f66ac7ae6492d10e477487573,,,train,clsdoa_source_split_v3_ontology_v2,ACCEPT,CORPUS_STRONG_LABEL,AUTO_PASS,,DATASET_LEVEL_VERIFIED,CC BY 4.0,OpenSLR SLR60 LibriTTS train-clean-100,unknown,PRESENT,24000,1,float32,5.0,deterministic contiguous 5.000 s,1.6,6.6,,none,,,0.599822998046875,0.599822998046875,,,true
libritts:5678:43302:5678_43302_000019_000000,speech,LibriTTS,speech,5678_43302_000019_000000,libritts:5678:43302:5678_43302_000019_000000,libritts:5678:43302:5678_43302_000019_000000,/home/leiyuxin/soundspaces/source_assets/clsdoa_v1/prepared/speech_libritts_train_clean_100_v1/audio/train/5678_43302_5678_43302_000019_000000.wav,/home/leiyuxin/soundspaces/source_assets/clsdoa_v1/prepared/speech_libritts_train_clean_100_v1/audio/train/5678_43302_5678_43302_000019_000000.wav,/home/leiyuxin/soundspaces/source_assets/clsdoa_v1/prepared/speech_libritts_train_clean_100_v1/audio/train/5678_43302_5678_43302_000019_000000.wav,1a13bf4707274b79a8e750bf331bfdff572aae1f37cd221ef8f60eaa64b24c93,,,train,clsdoa_source_split_v3_ontology_v2,ACCEPT,CORPUS_STRONG_LABEL,AUTO_PASS,,DATASET_LEVEL_VERIFIED,CC BY 4.0,OpenSLR SLR60 LibriTTS train-clean-100,unknown,PRESENT,24000,1,float32,5.0,deterministic contiguous 5.000 s,0.8,5.8,,none,,,0.701690673828125,0.701690673828125,,,true
libritts:1963:142393:1963_142393_000009_000002,speech,LibriTTS,speech,1963_142393_000009_000002,libritts:1963:142393:1963_142393_000009_000002,libritts:1963:142393:1963_142393_000009_000002,/home/leiyuxin/soundspaces/source_assets/clsdoa_v1/prepared/speech_libritts_train_clean_100_v1/audio/train/1963_142393_1963_142393_000009_000002.wav,/home/leiyuxin/soundspaces/source_assets/clsdoa_v1/prepared/speech_libritts_train_clean_100_v1/audio/train/1963_142393_1963_142393_000009_000002.wav,/home/leiyuxin/soundspaces/source_assets/clsdoa_v1/prepared/speech_libritts_train_clean_100_v1/audio/train/1963_142393_1963_142393_000009_000002.wav,bb3ad96aeb57bd9da04640acbb3582f68942869e80d14c84633b384972c0076d,,,train,clsdoa_source_split_v3_ontology_v2,ACCEPT,CORPUS_STRONG_LABEL,AUTO_PASS,,DATASET_LEVEL_VERIFIED,CC BY 4.0,OpenSLR SLR60 LibriTTS train-clean-100,unknown,PRESENT,24000,1,float32,5.0,deterministic contiguous 5.000 s,0.1,5.1,,none,,,0.576324462890625,0.576324462890625,,,true
libritts:2416:152137:2416_152137_000020_000000,speech,LibriTTS,speech,2416_152137_000020_000000,libritts:2416:152137:2416_152137_000020_000000,libritts:2416:152137:2416_152137_000020_000000,/home/leiyuxin/soundspaces/source_assets/clsdoa_v1/prepared/speech_libritts_train_clean_100_v1/audio/train/2416_152137_2416_152137_000020_000000.wav,/home/leiyuxin/soundspaces/source_assets/clsdoa_v1/prepared/speech_libritts_train_clean_100_v1/audio/train/2416_152137_2416_152137_000020_000000.wav,/home/leiyuxin/soundspaces/source_assets/clsdoa_v1/prepared/speech_libritts_train_clean_100_v1/audio/train/2416_152137_2416_152137_000020_000000.wav,459fe9a2ff6741731475865b0a421c088389e75e554879960121f5f95ef3931b,,,train,clsdoa_source_split_v3_ontology_v2,ACCEPT,CORPUS_STRONG_LABEL,AUTO_PASS,,DATASET_LEVEL_VERIFIED,CC BY 4.0,OpenSLR SLR60 LibriTTS train-clean-100,unknown,PRESENT,24000,1,float32,5.0,deterministic contiguous 5.000 s,0.0,5.0,,none,,,0.495025634765625,0.495025634765625,,,true
libritts:7794:295948:7794_295948_000009_000001,speech,LibriTTS,speech,7794_295948_000009_000001,libritts:7794:295948:7794_295948_000009_000001,libritts:7794:295948:7794_295948_000009_000001,/home/leiyuxin/soundspaces/source_assets/clsdoa_v1/prepared/speech_libritts_train_clean_100_v1/audio/train/7794_295948_7794_295948_000009_000001.wav,/home/leiyuxin/soundspaces/source_assets/clsdoa_v1/prepared/speech_libritts_train_clean_100_v1/audio/train/7794_295948_7794_295948_000009_000001.wav,/home/leiyuxin/soundspaces/source_assets/clsdoa_v1/prepared/speech_libritts_train_clean_100_v1/audio/train/7794_295948_7794_295948_000009_000001.wav,b908a4e8778f61d933df6dc4f95fac5a55ff5dfaca198c9170919e4250784e84,,,train,clsdoa_source_split_v3_ontology_v2,ACCEPT,CORPUS_STRONG_LABEL,AUTO_PASS,,DATASET_LEVEL_VERIFIED,CC BY 4.0,OpenSLR SLR60 LibriTTS train-clean-100,unknown,PRESENT,24000,1,float32,5.0,deterministic contiguous 5.000 s,0.1,5.1,,none,,,0.338897705078125,0.338897705078125,,,true
libritts:4088:158077:4088_158077_000061_000000,speech,LibriTTS,speech,4088_158077_000061_000000,libritts:4088:158077:4088_158077_000061_000000,libritts:4088:158077:4088_158077_000061_000000,/home/leiyuxin/soundspaces/source_assets/clsdoa_v1/prepared/speech_libritts_train_clean_100_v1/audio/train/4088_158077_4088_158077_000061_000000.wav,/home/leiyuxin/soundspaces/source_assets/clsdoa_v1/prepared/speech_libritts_train_clean_100_v1/audio/train/4088_158077_4088_158077_000061_000000.wav,/home/leiyuxin/soundspaces/source_assets/clsdoa_v1/prepared/speech_libritts_train_clean_100_v1/audio/train/4088_158077_4088_158077_000061_000000.wav,0fd37dd187964422ce21e2116f660f8402f47dc532307b838aa81a53ac622818,,,train,clsdoa_source_split_v3_ontology_v2,ACCEPT,CORPUS_STRONG_LABEL,AUTO_PASS,,DATASET_LEVEL_VERIFIED,CC BY 4.0,OpenSLR SLR60 LibriTTS train-clean-100,unknown,PRESENT,24000,1,float32,5.0,deterministic contiguous 5.000 s,19.5,24.5,,none,,,0.31219482421875,0.31219482421875,,,true
libritts:1578:140049:1578_140049_000008_000000,speech,LibriTTS,speech,1578_140049_000008_000000,libritts:1578:140049:1578_140049_000008_000000,libritts:1578:140049:1578_140049_000008_000000,/home/leiyuxin/soundspaces/source_assets/clsdoa_v1/prepared/speech_libritts_train_clean_100_v1/audio/train/1578_140049_1578_140049_000008_000000.wav,/home/leiyuxin/soundspaces/source_assets/clsdoa_v1/prepared/speech_libritts_train_clean_100_v1/audio/train/1578_140049_1578_140049_000008_000000.wav,/home/leiyuxin/soundspaces/source_assets/clsdoa_v1/prepared/speech_libritts_train_clean_100_v1/audio/train/1578_140049_1578_140049_000008_000000.wav,b52c7cdd387d45a464e38a814e7e28240f318a33fae98904c0b384ac39248b51,,,train,clsdoa_source_split_v3_ontology_v2,ACCEPT,CORPUS_STRONG_LABEL,AUTO_PASS,,DATASET_LEVEL_VERIFIED,CC BY 4.0,OpenSLR SLR60 LibriTTS train-clean-100,unknown,PRESENT,24000,1,float32,5.0,deterministic contiguous 5.000 s,0.1,5.1,,none,,,0.612701416015625,0.612701416015625,,,true
libritts:3983:5371:3983_5371_000003_000002,speech,LibriTTS,speech,3983_5371_000003_000002,libritts:3983:5371:3983_5371_000003_000002,libritts:3983:5371:3983_5371_000003_000002,/home/leiyuxin/soundspaces/source_assets/clsdoa_v1/prepared/speech_libritts_train_clean_100_v1/audio/train/3983_5371_3983_5371_000003_000002.wav,/home/leiyuxin/soundspaces/source_assets/clsdoa_v1/prepared/speech_libritts_train_clean_100_v1/audio/train/3983_5371_3983_5371_000003_000002.wav,/home/leiyuxin/soundspaces/source_assets/clsdoa_v1/prepared/speech_libritts_train_clean_100_v1/audio/train/3983_5371_3983_5371_000003_000002.wav,25d5697b9a7eb119f120d4dda7beedda1596bb0d82349f9130e180aae494571d,,,train,clsdoa_source_split_v3_ontology_v2,ACCEPT,CORPUS_STRONG_LABEL,AUTO_PASS,,DATASET_LEVEL_VERIFIED,CC BY 4.0,OpenSLR SLR60 LibriTTS train-clean-100,unknown,PRESENT,24000,1,float32,5.0,deterministic contiguous 5.000 s,6.7,11.7,,none,,,0.508941650390625,0.508941650390625,,,true
libritts:4014:186176:4014_186176_000007_000001,speech,LibriTTS,speech,4014_186176_000007_000001,libritts:4014:186176:4014_186176_000007_000001,libritts:4014:186176:4014_186176_000007_000001,/home/leiyuxin/soundspaces/source_assets/clsdoa_v1/prepared/speech_libritts_train_clean_100_v1/audio/train/4014_186176_4014_186176_000007_000001.wav,/home/leiyuxin/soundspaces/source_assets/clsdoa_v1/prepared/speech_libritts_train_clean_100_v1/audio/train/4014_186176_4014_186176_000007_000001.wav,/home/leiyuxin/soundspaces/source_assets/clsdoa_v1/prepared/speech_libritts_train_clean_100_v1/audio/train/4014_186176_4014_186176_000007_000001.wav,c2cc823da5ed7fb900ec4ca5a882d1bad33694ea2110cfdf7409636b7a545c80,,,train,clsdoa_source_split_v3_ontology_v2,ACCEPT,CORPUS_STRONG_LABEL,AUTO_PASS,,DATASET_LEVEL_VERIFIED,CC BY 4.0,OpenSLR SLR60 LibriTTS train-clean-100,unknown,PRESENT,24000,1,float32,5.0,deterministic contiguous 5.000 s,7.3,12.3,,none,,,0.542999267578125,0.542999267578125,,,true
libritts:6848:76049:6848_76049_000001_000003,speech,LibriTTS,speech,6848_76049_000001_000003,libritts:6848:76049:6848_76049_000001_000003,libritts:6848:76049:6848_76049_000001_000003,/home/leiyuxin/soundspaces/source_assets/clsdoa_v1/prepared/speech_libritts_train_clean_100_v1/audio/train/6848_76049_6848_76049_000001_000003.wav,/home/leiyuxin/soundspaces/source_assets/clsdoa_v1/prepared/speech_libritts_train_clean_100_v1/audio/train/6848_76049_6848_76049_000001_000003.wav,/home/leiyuxin/soundspaces/source_assets/clsdoa_v1/prepared/speech_libritts_train_clean_100_v1/audio/train/6848_76049_6848_76049_000001_000003.wav,fc0d435f3f22be1dca7f6e0857f5c59a703f0e5dbe0e1991f366db2b59035b0a,,,train,clsdoa_source_split_v3_ontology_v2,ACCEPT,CORPUS_STRONG_LABEL,AUTO_PASS,,DATASET_LEVEL_VERIFIED,CC BY 4.0,OpenSLR SLR60 LibriTTS train-clean-100,unknown,PRESENT,24000,1,float32,5.0,deterministic contiguous 5.000 s,0.0,5.0,,none,,,0.438812255859375,0.438812255859375,,,true
libritts:5022:29405:5022_29405_000004_000001,speech,LibriTTS,speech,5022_29405_000004_000001,libritts:5022:29405:5022_29405_000004_000001,libritts:5022:29405:5022_29405_000004_000001,/home/leiyuxin/soundspaces/source_assets/clsdoa_v1/prepared/speech_libritts_train_clean_100_v1/audio/train/5022_29405_5022_29405_000004_000001.wav,/home/leiyuxin/soundspaces/source_assets/clsdoa_v1/prepared/speech_libritts_train_clean_100_v1/audio/train/5022_29405_5022_29405_000004_000001.wav,/home/leiyuxin/soundspaces/source_assets/clsdoa_v1/prepared/speech_libritts_train_clean_100_v1/audio/train/5022_29405_5022_29405_000004_000001.wav,8a4a1905577e6d5ac3dc29859cb5155d7ce557f136d6e4c4b112d21497558b80,,,train,clsdoa_source_split_v3_ontology_v2,ACCEPT,CORPUS_STRONG_LABEL,AUTO_PASS,,DATASET_LEVEL_VERIFIED,CC BY 4.0,OpenSLR SLR60 LibriTTS train-clean-100,unknown,PRESENT,24000,1,float32,5.0,deterministic contiguous 5.000 s,2.5,7.5,,none,,,0.527740478515625,0.527740478515625,,,true
libritts:8465:246940:8465_246940_000032_000005,speech,LibriTTS,speech,8465_246940_000032_000005,libritts:8465:246940:8465_246940_000032_000005,libritts:8465:246940:8465_246940_000032_000005,/home/leiyuxin/soundspaces/source_assets/clsdoa_v1/prepared/speech_libritts_train_clean_100_v1/audio/train/8465_246940_8465_246940_000032_000005.wav,/home/leiyuxin/soundspaces/source_assets/clsdoa_v1/prepared/speech_libritts_train_clean_100_v1/audio/train/8465_246940_8465_246940_000032_000005.wav,/home/leiyuxin/soundspaces/source_assets/clsdoa_v1/prepared/speech_libritts_train_clean_100_v1/audio/train/8465_246940_8465_246940_000032_000005.wav,967737fab8fc7409e3567b0af6d0a8dd52fdad02e82ff91b84c3f623e80cd151,,,train,clsdoa_source_split_v3_ontology_v2,ACCEPT,CORPUS_STRONG_LABEL,AUTO_PASS,,DATASET_LEVEL_VERIFIED,CC BY 4.0,OpenSLR SLR60 LibriTTS train-clean-100,unknown,PRESENT,24000,1,float32,5.0,deterministic contiguous 5.000 s,1.9,6.9,,none,,,0.769500732421875,0.769500732421875,,,true
libritts:2843:152918:2843_152918_000008_000004,speech,LibriTTS,speech,2843_152918_000008_000004,libritts:2843:152918:2843_152918_000008_000004,libritts:2843:152918:2843_152918_000008_000004,/home/leiyuxin/soundspaces/source_assets/clsdoa_v1/prepared/speech_libritts_train_clean_100_v1/audio/train/2843_152918_2843_152918_000008_000004.wav,/home/leiyuxin/soundspaces/source_assets/clsdoa_v1/prepared/speech_libritts_train_clean_100_v1/audio/train/2843_152918_2843_152918_000008_000004.wav,/home/leiyuxin/soundspaces/source_assets/clsdoa_v1/prepared/speech_libritts_train_clean_100_v1/audio/train/2843_152918_2843_152918_000008_000004.wav,cf12fa24207dda6d19bf080aa052ddf8254b6276c5e5c472029067db6971c72b,,,train,clsdoa_source_split_v3_ontology_v2,ACCEPT,CORPUS_STRONG_LABEL,AUTO_PASS,,DATASET_LEVEL_VERIFIED,CC BY 4.0,OpenSLR SLR60 LibriTTS train-clean-100,unknown,PRESENT,24000,1,float32,5.0,deterministic contiguous 5.000 s,0.0,5.0,,none,,,0.633575439453125,0.633575439453125,,,true
libritts:5456:24741:5456_24741_000005_000001,speech,LibriTTS,speech,5456_24741_000005_000001,libritts:5456:24741:5456_24741_000005_000001,libritts:5456:24741:5456_24741_000005_000001,/home/leiyuxin/soundspaces/source_assets/clsdoa_v1/prepared/speech_libritts_train_clean_100_v1/audio/train/5456_24741_5456_24741_000005_000001.wav,/home/leiyuxin/soundspaces/source_assets/clsdoa_v1/prepared/speech_libritts_train_clean_100_v1/audio/train/5456_24741_5456_24741_000005_000001.wav,/home/leiyuxin/soundspaces/source_assets/clsdoa_v1/prepared/speech_libritts_train_clean_100_v1/audio/train/5456_24741_5456_24741_000005_000001.wav,931f3c1829719d7d03de410fd21c6da86a45a7cfa01410ad6d53e7768a029a6d,,,train,clsdoa_source_split_v3_ontology_v2,ACCEPT,CORPUS_STRONG_LABEL,AUTO_PASS,,DATASET_LEVEL_VERIFIED,CC BY 4.0,OpenSLR SLR60 LibriTTS train-clean-100,unknown,PRESENT,24000,1,float32,5.0,deterministic contiguous 5.000 s,0.0,5.0,,none,,,0.414520263671875,0.414520263671875,,,true
libritts:4406:16883:4406_16883_000019_000013,speech,LibriTTS,speech,4406_16883_000019_000013,libritts:4406:16883:4406_16883_000019_000013,libritts:4406:16883:4406_16883_000019_000013,/home/leiyuxin/soundspaces/source_assets/clsdoa_v1/prepared/speech_libritts_train_clean_100_v1/audio/train/4406_16883_4406_16883_000019_000013.wav,/home/leiyuxin/soundspaces/source_assets/clsdoa_v1/prepared/speech_libritts_train_clean_100_v1/audio/train/4406_16883_4406_16883_000019_000013.wav,/home/leiyuxin/soundspaces/source_assets/clsdoa_v1/prepared/speech_libritts_train_clean_100_v1/audio/train/4406_16883_4406_16883_000019_000013.wav,35dde549bf844153e6dda93f6730e30757e933f541ca4aa5df0f09d430f9abd1,,,train,clsdoa_source_split_v3_ontology_v2,ACCEPT,CORPUS_STRONG_LABEL,AUTO_PASS,,DATASET_LEVEL_VERIFIED,CC BY 4.0,OpenSLR SLR60 LibriTTS train-clean-100,unknown,PRESENT,24000,1,float32,5.0,deterministic contiguous 5.000 s,4.3,9.3,,none,,,0.60760498046875,0.60760498046875,,,true
libritts:374:180298:374_180298_000025_000000,speech,LibriTTS,speech,374_180298_000025_000000,libritts:374:180298:374_180298_000025_000000,libritts:374:180298:374_180298_000025_000000,/home/leiyuxin/soundspaces/source_assets/clsdoa_v1/prepared/speech_libritts_train_clean_100_v1/audio/train/374_180298_374_180298_000025_000000.wav,/home/leiyuxin/soundspaces/source_assets/clsdoa_v1/prepared/speech_libritts_train_clean_100_v1/audio/train/374_180298_374_180298_000025_000000.wav,/home/leiyuxin/soundspaces/source_assets/clsdoa_v1/prepared/speech_libritts_train_clean_100_v1/audio/train/374_180298_374_180298_000025_000000.wav,aab16c27df994a924fa78470748d20f0f94c1b3c54e0f21086c167f0532c552d,,,train,clsdoa_source_split_v3_ontology_v2,ACCEPT,CORPUS_STRONG_LABEL,AUTO_PASS,,DATASET_LEVEL_VERIFIED,CC BY 4.0,OpenSLR SLR60 LibriTTS train-clean-100,unknown,PRESENT,24000,1,float32,5.0,deterministic contiguous 5.000 s,0.1,5.1,,none,,,0.565673828125,0.565673828125,,,true
libritts:3982:182255:3982_182255_000049_000006,speech,LibriTTS,speech,3982_182255_000049_000006,libritts:3982:182255:3982_182255_000049_000006,libritts:3982:182255:3982_182255_000049_000006,/home/leiyuxin/soundspaces/source_assets/clsdoa_v1/prepared/speech_libritts_train_clean_100_v1/audio/train/3982_182255_3982_182255_000049_000006.wav,/home/leiyuxin/soundspaces/source_assets/clsdoa_v1/prepared/speech_libritts_train_clean_100_v1/audio/train/3982_182255_3982_182255_000049_000006.wav,/home/leiyuxin/soundspaces/source_assets/clsdoa_v1/prepared/speech_libritts_train_clean_100_v1/audio/train/3982_182255_3982_182255_000049_000006.wav,c9528c9675dbcd028763b54ecfe5e01436be1080bb621b4ff475d1854c36a7bd,,,train,clsdoa_source_split_v3_ontology_v2,ACCEPT,CORPUS_STRONG_LABEL,AUTO_PASS,,DATASET_LEVEL_VERIFIED,CC BY 4.0,OpenSLR SLR60 LibriTTS train-clean-100,unknown,PRESENT,24000,1,float32,5.0,deterministic contiguous 5.000 s,1.6,6.6,,none,,,0.6341552734375,0.6341552734375,,,true
libritts:3440:171009:3440_171009_000106_000000,speech,LibriTTS,speech,3440_171009_000106_000000,libritts:3440:171009:3440_171009_000106_000000,libritts:3440:171009:3440_171009_000106_000000,/home/leiyuxin/soundspaces/source_assets/clsdoa_v1/prepared/speech_libritts_train_clean_100_v1/audio/train/3440_171009_3440_171009_000106_000000.wav,/home/leiyuxin/soundspaces/source_assets/clsdoa_v1/prepared/speech_libritts_train_clean_100_v1/audio/train/3440_171009_3440_171009_000106_000000.wav,/home/leiyuxin/soundspaces/source_assets/clsdoa_v1/prepared/speech_libritts_train_clean_100_v1/audio/train/3440_171009_3440_171009_000106_000000.wav,833873828b72c9d18e07026fe7937531cea708b2151bc4c69f05f0f911416f07,,,train,clsdoa_source_split_v3_ontology_v2,ACCEPT,CORPUS_STRONG_LABEL,AUTO_PASS,,DATASET_LEVEL_VERIFIED,CC BY 4.0,OpenSLR SLR60 LibriTTS train-clean-100,unknown,PRESENT,24000,1,float32,5.0,deterministic contiguous 5.000 s,1.6,6.6,,none,,,0.546600341796875,0.546600341796875,,,true
libritts:3374:298026:3374_298026_000011_000001,speech,LibriTTS,speech,3374_298026_000011_000001,libritts:3374:298026:3374_298026_000011_000001,libritts:3374:298026:3374_298026_000011_000001,/home/leiyuxin/soundspaces/source_assets/clsdoa_v1/prepared/speech_libritts_train_clean_100_v1/audio/train/3374_298026_3374_298026_000011_000001.wav,/home/leiyuxin/soundspaces/source_assets/clsdoa_v1/prepared/speech_libritts_train_clean_100_v1/audio/train/3374_298026_3374_298026_000011_000001.wav,/home/leiyuxin/soundspaces/source_assets/clsdoa_v1/prepared/speech_libritts_train_clean_100_v1/audio/train/3374_298026_3374_298026_000011_000001.wav,1e2c20bb93d6d01e1138f54c09ff7cf36435ba69d7f7c317844f754949bd5d45,,,train,clsdoa_source_split_v3_ontology_v2,ACCEPT,CORPUS_STRONG_LABEL,AUTO_PASS,,DATASET_LEVEL_VERIFIED,CC BY 4.0,OpenSLR SLR60 LibriTTS train-clean-100,unknown,PRESENT,24000,1,float32,5.0,deterministic contiguous 5.000 s,4.0,9.0,,none,,,1.0,1.0,,,true
libritts:8238:283452:8238_283452_000025_000000,speech,LibriTTS,speech,8238_283452_000025_000000,libritts:8238:283452:8238_283452_000025_000000,libritts:8238:283452:8238_283452_000025_000000,/home/leiyuxin/soundspaces/source_assets/clsdoa_v1/prepared/speech_libritts_train_clean_100_v1/audio/train/8238_283452_8238_283452_000025_000000.wav,/home/leiyuxin/soundspaces/source_assets/clsdoa_v1/prepared/speech_libritts_train_clean_100_v1/audio/train/8238_283452_8238_283452_000025_000000.wav,/home/leiyuxin/soundspaces/source_assets/clsdoa_v1/prepared/speech_libritts_train_clean_100_v1/audio/train/8238_283452_8238_283452_000025_000000.wav,98634653f23ad01902a8e10cca32b9d3d7bca1bf7bc97a7a6ac6e4520ca28445,,,train,clsdoa_source_split_v3_ontology_v2,ACCEPT,CORPUS_STRONG_LABEL,AUTO_PASS,,DATASET_LEVEL_VERIFIED,CC BY 4.0,OpenSLR SLR60 LibriTTS train-clean-100,unknown,PRESENT,24000,1,float32,5.0,deterministic contiguous 5.000 s,0.0,5.0,,none,,,0.562896728515625,0.562896728515625,,,true
libritts:911:128684:911_128684_000014_000001,speech,LibriTTS,speech,911_128684_000014_000001,libritts:911:128684:911_128684_000014_000001,libritts:911:128684:911_128684_000014_000001,/home/leiyuxin/soundspaces/source_assets/clsdoa_v1/prepared/speech_libritts_train_clean_100_v1/audio/train/911_128684_911_128684_000014_000001.wav,/home/leiyuxin/soundspaces/source_assets/clsdoa_v1/prepared/speech_libritts_train_clean_100_v1/audio/train/911_128684_911_128684_000014_000001.wav,/home/leiyuxin/soundspaces/source_assets/clsdoa_v1/prepared/speech_libritts_train_clean_100_v1/audio/train/911_128684_911_128684_000014_000001.wav,a9a178cac17ef53212299d6d55593915862183f4de819b5be65ceb3049cb62db,,,train,clsdoa_source_split_v3_ontology_v2,ACCEPT,CORPUS_STRONG_LABEL,AUTO_PASS,,DATASET_LEVEL_VERIFIED,CC BY 4.0,OpenSLR SLR60 LibriTTS train-clean-100,unknown,PRESENT,24000,1,float32,5.0,deterministic contiguous 5.000 s,0.3,5.3,,none,,,0.4595947265625,0.4595947265625,,,true
libritts:7367:86737:7367_86737_000130_000002,speech,LibriTTS,speech,7367_86737_000130_000002,libritts:7367:86737:7367_86737_000130_000002,libritts:7367:86737:7367_86737_000130_000002,/home/leiyuxin/soundspaces/source_assets/clsdoa_v1/prepared/speech_libritts_train_clean_100_v1/audio/train/7367_86737_7367_86737_000130_000002.wav,/home/leiyuxin/soundspaces/source_assets/clsdoa_v1/prepared/speech_libritts_train_clean_100_v1/audio/train/7367_86737_7367_86737_000130_000002.wav,/home/leiyuxin/soundspaces/source_assets/clsdoa_v1/prepared/speech_libritts_train_clean_100_v1/audio/train/7367_86737_7367_86737_000130_000002.wav,9d71ae968cd397feac9ee884a8d3129d5af38278d27a05cbcfd08297f177ae8e,,,train,clsdoa_source_split_v3_ontology_v2,ACCEPT,CORPUS_STRONG_LABEL,AUTO_PASS,,DATASET_LEVEL_VERIFIED,CC BY 4.0,OpenSLR SLR60 LibriTTS train-clean-100,unknown,PRESENT,24000,1,float32,5.0,deterministic contiguous 5.000 s,9.0,14.0,,none,,,0.486328125,0.486328125,,,true
libritts:3486:166446:3486_166446_000059_000001,speech,LibriTTS,speech,3486_166446_000059_000001,libritts:3486:166446:3486_166446_000059_000001,libritts:3486:166446:3486_166446_000059_000001,/home/leiyuxin/soundspaces/source_assets/clsdoa_v1/prepared/speech_libritts_train_clean_100_v1/audio/train/3486_166446_3486_166446_000059_000001.wav,/home/leiyuxin/soundspaces/source_assets/clsdoa_v1/prepared/speech_libritts_train_clean_100_v1/audio/train/3486_166446_3486_166446_000059_000001.wav,/home/leiyuxin/soundspaces/source_assets/clsdoa_v1/prepared/speech_libritts_train_clean_100_v1/audio/train/3486_166446_3486_166446_000059_000001.wav,f6fe7d7e608f75e188d222b99ddfc42aa7b578eba35b8d43d2977d09642344d8,,,train,clsdoa_source_split_v3_ontology_v2,ACCEPT,CORPUS_STRONG_LABEL,AUTO_PASS,,DATASET_LEVEL_VERIFIED,CC BY 4.0,OpenSLR SLR60 LibriTTS train-clean-100,unknown,PRESENT,24000,1,float32,5.0,deterministic contiguous 5.000 s,1.8,6.8,,none,,,0.96893310546875,0.96893310546875,,,true
libritts:8123:275216:8123_275216_000050_000000,speech,LibriTTS,speech,8123_275216_000050_000000,libritts:8123:275216:8123_275216_000050_000000,libritts:8123:275216:8123_275216_000050_000000,/home/leiyuxin/soundspaces/source_assets/clsdoa_v1/prepared/speech_libritts_train_clean_100_v1/audio/train/8123_275216_8123_275216_000050_000000.wav,/home/leiyuxin/soundspaces/source_assets/clsdoa_v1/prepared/speech_libritts_train_clean_100_v1/audio/train/8123_275216_8123_275216_000050_000000.wav,/home/leiyuxin/soundspaces/source_assets/clsdoa_v1/prepared/speech_libritts_train_clean_100_v1/audio/train/8123_275216_8123_275216_000050_000000.wav,973df7090560957d78f7bc629ea23e0d7ba3dc7d658808079fbde9d5711f0358,,,train,clsdoa_source_split_v3_ontology_v2,ACCEPT,CORPUS_STRONG_LABEL,AUTO_PASS,,DATASET_LEVEL_VERIFIED,CC BY 4.0,OpenSLR SLR60 LibriTTS train-clean-100,unknown,PRESENT,24000,1,float32,5.0,deterministic contiguous 5.000 s,0.0,5.0,,none,,,0.370880126953125,0.370880126953125,,,true
libritts:1235:135884:1235_135884_000006_000001,speech,LibriTTS,speech,1235_135884_000006_000001,libritts:1235:135884:1235_135884_000006_000001,libritts:1235:135884:1235_135884_000006_000001,/home/leiyuxin/soundspaces/source_assets/clsdoa_v1/prepared/speech_libritts_train_clean_100_v1/audio/train/1235_135884_1235_135884_000006_000001.wav,/home/leiyuxin/soundspaces/source_assets/clsdoa_v1/prepared/speech_libritts_train_clean_100_v1/audio/train/1235_135884_1235_135884_000006_000001.wav,/home/leiyuxin/soundspaces/source_assets/clsdoa_v1/prepared/speech_libritts_train_clean_100_v1/audio/train/1235_135884_1235_135884_000006_000001.wav,c87a97607485631998dce38d21ae7696ae39257969a56469e854eb28095a19e4,,,train,clsdoa_source_split_v3_ontology_v2,ACCEPT,CORPUS_STRONG_LABEL,AUTO_PASS,,DATASET_LEVEL_VERIFIED,CC BY 4.0,OpenSLR SLR60 LibriTTS train-clean-100,unknown,PRESENT,24000,1,float32,5.0,deterministic contiguous 5.000 s,17.7,22.7,,none,,,0.291290283203125,0.291290283203125,,,true
libritts:6272:70171:6272_70171_000011_000002,speech,LibriTTS,speech,6272_70171_000011_000002,libritts:6272:70171:6272_70171_000011_000002,libritts:6272:70171:6272_70171_000011_000002,/home/leiyuxin/soundspaces/source_assets/clsdoa_v1/prepared/speech_libritts_train_clean_100_v1/audio/train/6272_70171_6272_70171_000011_000002.wav,/home/leiyuxin/soundspaces/source_assets/clsdoa_v1/prepared/speech_libritts_train_clean_100_v1/audio/train/6272_70171_6272_70171_000011_000002.wav,/home/leiyuxin/soundspaces/source_assets/clsdoa_v1/prepared/speech_libritts_train_clean_100_v1/audio/train/6272_70171_6272_70171_000011_000002.wav,f4332d8fa4b8ccece66658c83010f90ede2edcade49d671e9c29ff5d4efab4ec,,,train,clsdoa_source_split_v3_ontology_v2,ACCEPT,CORPUS_STRONG_LABEL,AUTO_PASS,,DATASET_LEVEL_VERIFIED,CC BY 4.0,OpenSLR SLR60 LibriTTS train-clean-100,unknown,PRESENT,24000,1,float32,5.0,deterministic contiguous 5.000 s,7.2,12.2,,none,,,0.34039306640625,0.34039306640625,,,true
libritts:7780:274562:7780_274562_000005_000006,speech,LibriTTS,speech,7780_274562_000005_000006,libritts:7780:274562:7780_274562_000005_000006,libritts:7780:274562:7780_274562_000005_000006,/home/leiyuxin/soundspaces/source_assets/clsdoa_v1/prepared/speech_libritts_train_clean_100_v1/audio/train/7780_274562_7780_274562_000005_000006.wav,/home/leiyuxin/soundspaces/source_assets/clsdoa_v1/prepared/speech_libritts_train_clean_100_v1/audio/train/7780_274562_7780_274562_000005_000006.wav,/home/leiyuxin/soundspaces/source_assets/clsdoa_v1/prepared/speech_libritts_train_clean_100_v1/audio/train/7780_274562_7780_274562_000005_000006.wav,a614c6ee04a64b1671682d59125649fc6d9616370e0b59459e1cd53f19ac4966,,,train,clsdoa_source_split_v3_ontology_v2,ACCEPT,CORPUS_STRONG_LABEL,AUTO_PASS,,DATASET_LEVEL_VERIFIED,CC BY 4.0,OpenSLR SLR60 LibriTTS train-clean-100,unknown,PRESENT,24000,1,float32,5.0,deterministic contiguous 5.000 s,3.6,8.6,,none,,,0.4859619140625,0.4859619140625,,,true
libritts:4018:107338:4018_107338_000018_000004,speech,LibriTTS,speech,4018_107338_000018_000004,libritts:4018:107338:4018_107338_000018_000004,libritts:4018:107338:4018_107338_000018_000004,/home/leiyuxin/soundspaces/source_assets/clsdoa_v1/prepared/speech_libritts_train_clean_100_v1/audio/train/4018_107338_4018_107338_000018_000004.wav,/home/leiyuxin/soundspaces/source_assets/clsdoa_v1/prepared/speech_libritts_train_clean_100_v1/audio/train/4018_107338_4018_107338_000018_000004.wav,/home/leiyuxin/soundspaces/source_assets/clsdoa_v1/prepared/speech_libritts_train_clean_100_v1/audio/train/4018_107338_4018_107338_000018_000004.wav,d4fd2898fd5d0b904a7a1535225eda2a89e1e09f93f4d3e1291bfca125a4774e,,,train,clsdoa_source_split_v3_ontology_v2,ACCEPT,CORPUS_STRONG_LABEL,AUTO_PASS,,DATASET_LEVEL_VERIFIED,CC BY 4.0,OpenSLR SLR60 LibriTTS train-clean-100,unknown,PRESENT,24000,1,float32,5.0,deterministic contiguous 5.000 s,8.8,13.8,,none,,,0.5306396484375,0.5306396484375,,,true
libritts:696:93314:696_93314_000013_000005,speech,LibriTTS,speech,696_93314_000013_000005,libritts:696:93314:696_93314_000013_000005,libritts:696:93314:696_93314_000013_000005,/home/leiyuxin/soundspaces/source_assets/clsdoa_v1/prepared/speech_libritts_train_clean_100_v1/audio/train/696_93314_696_93314_000013_000005.wav,/home/leiyuxin/soundspaces/source_assets/clsdoa_v1/prepared/speech_libritts_train_clean_100_v1/audio/train/696_93314_696_93314_000013_000005.wav,/home/leiyuxin/soundspaces/source_assets/clsdoa_v1/prepared/speech_libritts_train_clean_100_v1/audio/train/696_93314_696_93314_000013_000005.wav,f97573afceee321d56845cdae316e6b292eec214316db0875ccfe3d07b4f1758,,,train,clsdoa_source_split_v3_ontology_v2,ACCEPT,CORPUS_STRONG_LABEL,AUTO_PASS,,DATASET_LEVEL_VERIFIED,CC BY 4.0,OpenSLR SLR60 LibriTTS train-clean-100,unknown,PRESENT,24000,1,float32,5.0,deterministic contiguous 5.000 s,0.0,5.0,,none,,,0.4755859375,0.4755859375,,,true
libritts:1263:139804:1263_139804_000021_000002,speech,LibriTTS,speech,1263_139804_000021_000002,libritts:1263:139804:1263_139804_000021_000002,libritts:1263:139804:1263_139804_000021_000002,/home/leiyuxin/soundspaces/source_assets/clsdoa_v1/prepared/speech_libritts_train_clean_100_v1/audio/train/1263_139804_1263_139804_000021_000002.wav,/home/leiyuxin/soundspaces/source_assets/clsdoa_v1/prepared/speech_libritts_train_clean_100_v1/audio/train/1263_139804_1263_139804_000021_000002.wav,/home/leiyuxin/soundspaces/source_assets/clsdoa_v1/prepared/speech_libritts_train_clean_100_v1/audio/train/1263_139804_1263_139804_000021_000002.wav,ba104e9080fd5ec198a1aaa80e8c444603d583d72565b0bd16008fe597a1477f,,,train,clsdoa_source_split_v3_ontology_v2,ACCEPT,CORPUS_STRONG_LABEL,AUTO_PASS,,DATASET_LEVEL_VERIFIED,CC BY 4.0,OpenSLR SLR60 LibriTTS train-clean-100,unknown,PRESENT,24000,1,float32,5.0,deterministic contiguous 5.000 s,4.9,9.9,,none,,,0.569305419921875,0.569305419921875,,,true
libritts:7517:100442:7517_100442_000002_000003,speech,LibriTTS,speech,7517_100442_000002_000003,libritts:7517:100442:7517_100442_000002_000003,libritts:7517:100442:7517_100442_000002_000003,/home/leiyuxin/soundspaces/source_assets/clsdoa_v1/prepared/speech_libritts_train_clean_100_v1/audio/train/7517_100442_7517_100442_000002_000003.wav,/home/leiyuxin/soundspaces/source_assets/clsdoa_v1/prepared/speech_libritts_train_clean_100_v1/audio/train/7517_100442_7517_100442_000002_000003.wav,/home/leiyuxin/soundspaces/source_assets/clsdoa_v1/prepared/speech_libritts_train_clean_100_v1/audio/train/7517_100442_7517_100442_000002_000003.wav,71c8f3b628d3d05f400dbbd9b51f349d2c5447d2c99fcef30caaf9a4cd26fa11,,,train,clsdoa_source_split_v3_ontology_v2,ACCEPT,CORPUS_STRONG_LABEL,AUTO_PASS,,DATASET_LEVEL_VERIFIED,CC BY 4.0,OpenSLR SLR60 LibriTTS train-clean-100,unknown,PRESENT,24000,1,float32,5.0,deterministic contiguous 5.000 s,3.8,8.8,,none,,,0.458770751953125,0.458770751953125,,,true
libritts:6209:34601:6209_34601_000086_000005,speech,LibriTTS,speech,6209_34601_000086_000005,libritts:6209:34601:6209_34601_000086_000005,libritts:6209:34601:6209_34601_000086_000005,/home/leiyuxin/soundspaces/source_assets/clsdoa_v1/prepared/speech_libritts_train_clean_100_v1/audio/train/6209_34601_6209_34601_000086_000005.wav,/home/leiyuxin/soundspaces/source_assets/clsdoa_v1/prepared/speech_libritts_train_clean_100_v1/audio/train/6209_34601_6209_34601_000086_000005.wav,/home/leiyuxin/soundspaces/source_assets/clsdoa_v1/prepared/speech_libritts_train_clean_100_v1/audio/train/6209_34601_6209_34601_000086_000005.wav,5d0aee883cd5a525fa329cecd43601fe32fe7c8139cad99c8cdb5548000da51a,,,train,clsdoa_source_split_v3_ontology_v2,ACCEPT,CORPUS_STRONG_LABEL,AUTO_PASS,,DATASET_LEVEL_VERIFIED,CC BY 4.0,OpenSLR SLR60 LibriTTS train-clean-100,unknown,PRESENT,24000,1,float32,5.0,deterministic contiguous 5.000 s,0.1,5.1,,none,,,0.30377197265625,0.30377197265625,,,true
libritts:7511:102420:7511_102420_000009_000004,speech,LibriTTS,speech,7511_102420_000009_000004,libritts:7511:102420:7511_102420_000009_000004,libritts:7511:102420:7511_102420_000009_000004,/home/leiyuxin/soundspaces/source_assets/clsdoa_v1/prepared/speech_libritts_train_clean_100_v1/audio/train/7511_102420_7511_102420_000009_000004.wav,/home/leiyuxin/soundspaces/source_assets/clsdoa_v1/prepared/speech_libritts_train_clean_100_v1/audio/train/7511_102420_7511_102420_000009_000004.wav,/home/leiyuxin/soundspaces/source_assets/clsdoa_v1/prepared/speech_libritts_train_clean_100_v1/audio/train/7511_102420_7511_102420_000009_000004.wav,9c5757e93765024642c38bec8e87b508473396b7b03f6c13791e0e7d9821a793,,,train,clsdoa_source_split_v3_ontology_v2,ACCEPT,CORPUS_STRONG_LABEL,AUTO_PASS,,DATASET_LEVEL_VERIFIED,CC BY 4.0,OpenSLR SLR60 LibriTTS train-clean-100,unknown,PRESENT,24000,1,float32,5.0,deterministic contiguous 5.000 s,6.8,11.8,,none,,,0.600372314453125,0.600372314453125,,,true
libritts:118:47824:118_47824_000083_000009,speech,LibriTTS,speech,118_47824_000083_000009,libritts:118:47824:118_47824_000083_000009,libritts:118:47824:118_47824_000083_000009,/home/leiyuxin/soundspaces/source_assets/clsdoa_v1/prepared/speech_libritts_train_clean_100_v1/audio/train/118_47824_118_47824_000083_000009.wav,/home/leiyuxin/soundspaces/source_assets/clsdoa_v1/prepared/speech_libritts_train_clean_100_v1/audio/train/118_47824_118_47824_000083_000009.wav,/home/leiyuxin/soundspaces/source_assets/clsdoa_v1/prepared/speech_libritts_train_clean_100_v1/audio/train/118_47824_118_47824_000083_000009.wav,922f2eaa560b80a838d3b319917cfa6a5b65c60e7bfab4194228bcb2fff9ee22,,,train,clsdoa_source_split_v3_ontology_v2,ACCEPT,CORPUS_STRONG_LABEL,AUTO_PASS,,DATASET_LEVEL_VERIFIED,CC BY 4.0,OpenSLR SLR60 LibriTTS train-clean-100,unknown,PRESENT,24000,1,float32,5.0,deterministic contiguous 5.000 s,0.1,5.1,,none,,,0.499176025390625,0.499176025390625,,,true
libritts:1898:145724:1898_145724_000021_000000,speech,LibriTTS,speech,1898_145724_000021_000000,libritts:1898:145724:1898_145724_000021_000000,libritts:1898:145724:1898_145724_000021_000000,/home/leiyuxin/soundspaces/source_assets/clsdoa_v1/prepared/speech_libritts_train_clean_100_v1/audio/train/1898_145724_1898_145724_000021_000000.wav,/home/leiyuxin/soundspaces/source_assets/clsdoa_v1/prepared/speech_libritts_train_clean_100_v1/audio/train/1898_145724_1898_145724_000021_000000.wav,/home/leiyuxin/soundspaces/source_assets/clsdoa_v1/prepared/speech_libritts_train_clean_100_v1/audio/train/1898_145724_1898_145724_000021_000000.wav,7392fe2de210eb1cb9640ff2fb881d559f2f55ec72d48c7b1601ae28ebf4a83e,,,train,clsdoa_source_split_v3_ontology_v2,ACCEPT,CORPUS_STRONG_LABEL,AUTO_PASS,,DATASET_LEVEL_VERIFIED,CC BY 4.0,OpenSLR SLR60 LibriTTS train-clean-100,unknown,PRESENT,24000,1,float32,5.0,deterministic contiguous 5.000 s,2.3,7.3,,none,,,0.94427490234375,0.94427490234375,,,true
libritts:1116:132851:1116_132851_000044_000001,speech,LibriTTS,speech,1116_132851_000044_000001,libritts:1116:132851:1116_132851_000044_000001,libritts:1116:132851:1116_132851_000044_000001,/home/leiyuxin/soundspaces/source_assets/clsdoa_v1/prepared/speech_libritts_train_clean_100_v1/audio/train/1116_132851_1116_132851_000044_000001.wav,/home/leiyuxin/soundspaces/source_assets/clsdoa_v1/prepared/speech_libritts_train_clean_100_v1/audio/train/1116_132851_1116_132851_000044_000001.wav,/home/leiyuxin/soundspaces/source_assets/clsdoa_v1/prepared/speech_libritts_train_clean_100_v1/audio/train/1116_132851_1116_132851_000044_000001.wav,8203f24f2d18b4d5ca0a196582e09e00902cb357ebc88513208c2c4e359681be,,,train,clsdoa_source_split_v3_ontology_v2,ACCEPT,CORPUS_STRONG_LABEL,AUTO_PASS,,DATASET_LEVEL_VERIFIED,CC BY 4.0,OpenSLR SLR60 LibriTTS train-clean-100,unknown,PRESENT,24000,1,float32,5.0,deterministic contiguous 5.000 s,0.0,5.0,,none,,,0.397705078125,0.397705078125,,,true
libritts:4853:29413:4853_29413_000017_000012,speech,LibriTTS,speech,4853_29413_000017_000012,libritts:4853:29413:4853_29413_000017_000012,libritts:4853:29413:4853_29413_000017_000012,/home/leiyuxin/soundspaces/source_assets/clsdoa_v1/prepared/speech_libritts_train_clean_100_v1/audio/train/4853_29413_4853_29413_000017_000012.wav,/home/leiyuxin/soundspaces/source_assets/clsdoa_v1/prepared/speech_libritts_train_clean_100_v1/audio/train/4853_29413_4853_29413_000017_000012.wav,/home/leiyuxin/soundspaces/source_assets/clsdoa_v1/prepared/speech_libritts_train_clean_100_v1/audio/train/4853_29413_4853_29413_000017_000012.wav,9d10501f69b73da483ccc0cd52d64c73a8a9c634381dcd66168510be2bd85dfb,,,train,clsdoa_source_split_v3_ontology_v2,ACCEPT,CORPUS_STRONG_LABEL,AUTO_PASS,,DATASET_LEVEL_VERIFIED,CC BY 4.0,OpenSLR SLR60 LibriTTS train-clean-100,unknown,PRESENT,24000,1,float32,5.0,deterministic contiguous 5.000 s,0.0,5.0,,none,,,0.426483154296875,0.426483154296875,,,true
libritts:8747:293952:8747_293952_000094_000002,speech,LibriTTS,speech,8747_293952_000094_000002,libritts:8747:293952:8747_293952_000094_000002,libritts:8747:293952:8747_293952_000094_000002,/home/leiyuxin/soundspaces/source_assets/clsdoa_v1/prepared/speech_libritts_train_clean_100_v1/audio/train/8747_293952_8747_293952_000094_000002.wav,/home/leiyuxin/soundspaces/source_assets/clsdoa_v1/prepared/speech_libritts_train_clean_100_v1/audio/train/8747_293952_8747_293952_000094_000002.wav,/home/leiyuxin/soundspaces/source_assets/clsdoa_v1/prepared/speech_libritts_train_clean_100_v1/audio/train/8747_293952_8747_293952_000094_000002.wav,eab44dc1bd2edba9feb5fe3bbae538ed78bc11da68173570dcc88230bd5b5f09,,,train,clsdoa_source_split_v3_ontology_v2,ACCEPT,CORPUS_STRONG_LABEL,AUTO_PASS,,DATASET_LEVEL_VERIFIED,CC BY 4.0,OpenSLR SLR60 LibriTTS train-clean-100,unknown,PRESENT,24000,1,float32,5.0,deterministic contiguous 5.000 s,0.0,5.0,,none,,,0.2596435546875,0.2596435546875,,,true
libritts:26:496:26_496_000022_000000,speech,LibriTTS,speech,26_496_000022_000000,libritts:26:496:26_496_000022_000000,libritts:26:496:26_496_000022_000000,/home/leiyuxin/soundspaces/source_assets/clsdoa_v1/prepared/speech_libritts_train_clean_100_v1/audio/train/26_496_26_496_000022_000000.wav,/home/leiyuxin/soundspaces/source_assets/clsdoa_v1/prepared/speech_libritts_train_clean_100_v1/audio/train/26_496_26_496_000022_000000.wav,/home/leiyuxin/soundspaces/source_assets/clsdoa_v1/prepared/speech_libritts_train_clean_100_v1/audio/train/26_496_26_496_000022_000000.wav,5d642104615b3293954cbf7991a969aa2f4900897295bf9b80a9bd6b1095d83c,,,train,clsdoa_source_split_v3_ontology_v2,ACCEPT,CORPUS_STRONG_LABEL,AUTO_PASS,,DATASET_LEVEL_VERIFIED,CC BY 4.0,OpenSLR SLR60 LibriTTS train-clean-100,unknown,PRESENT,24000,1,float32,5.0,deterministic contiguous 5.000 s,6.5,11.5,,none,,,0.58868408203125,0.58868408203125,,,true
libritts:298:126791:298_126791_000077_000000,speech,LibriTTS,speech,298_126791_000077_000000,libritts:298:126791:298_126791_000077_000000,libritts:298:126791:298_126791_000077_000000,/home/leiyuxin/soundspaces/source_assets/clsdoa_v1/prepared/speech_libritts_train_clean_100_v1/audio/train/298_126791_298_126791_000077_000000.wav,/home/leiyuxin/soundspaces/source_assets/clsdoa_v1/prepared/speech_libritts_train_clean_100_v1/audio/train/298_126791_298_126791_000077_000000.wav,/home/leiyuxin/soundspaces/source_assets/clsdoa_v1/prepared/speech_libritts_train_clean_100_v1/audio/train/298_126791_298_126791_000077_000000.wav,3acbae96b7d057cfe283e514acd4d5e894e00d8f0d6fb647b4c48b8496f7d6cf,,,train,clsdoa_source_split_v3_ontology_v2,ACCEPT,CORPUS_STRONG_LABEL,AUTO_PASS,,DATASET_LEVEL_VERIFIED,CC BY 4.0,OpenSLR SLR60 LibriTTS train-clean-100,unknown,PRESENT,24000,1,float32,5.0,deterministic contiguous 5.000 s,3.7,8.7,,none,,,0.71484375,0.71484375,,,true
libritts:6081:41997:6081_41997_000021_000001,speech,LibriTTS,speech,6081_41997_000021_000001,libritts:6081:41997:6081_41997_000021_000001,libritts:6081:41997:6081_41997_000021_000001,/home/leiyuxin/soundspaces/source_assets/clsdoa_v1/prepared/speech_libritts_train_clean_100_v1/audio/train/6081_41997_6081_41997_000021_000001.wav,/home/leiyuxin/soundspaces/source_assets/clsdoa_v1/prepared/speech_libritts_train_clean_100_v1/audio/train/6081_41997_6081_41997_000021_000001.wav,/home/leiyuxin/soundspaces/source_assets/clsdoa_v1/prepared/speech_libritts_train_clean_100_v1/audio/train/6081_41997_6081_41997_000021_000001.wav,269f9c6cb2fdd294b989d5d7ca8d1513ae95a3fd7d36df1533bcc0ece71da5f0,,,train,clsdoa_source_split_v3_ontology_v2,ACCEPT,CORPUS_STRONG_LABEL,AUTO_PASS,,DATASET_LEVEL_VERIFIED,CC BY 4.0,OpenSLR SLR60 LibriTTS train-clean-100,unknown,PRESENT,24000,1,float32,5.0,deterministic contiguous 5.000 s,2.1,7.1,,none,,,0.56634521484375,0.56634521484375,,,true
libritts:32:4137:32_4137_000023_000005,speech,LibriTTS,speech,32_4137_000023_000005,libritts:32:4137:32_4137_000023_000005,libritts:32:4137:32_4137_000023_000005,/home/leiyuxin/soundspaces/source_assets/clsdoa_v1/prepared/speech_libritts_train_clean_100_v1/audio/train/32_4137_32_4137_000023_000005.wav,/home/leiyuxin/soundspaces/source_assets/clsdoa_v1/prepared/speech_libritts_train_clean_100_v1/audio/train/32_4137_32_4137_000023_000005.wav,/home/leiyuxin/soundspaces/source_assets/clsdoa_v1/prepared/speech_libritts_train_clean_100_v1/audio/train/32_4137_32_4137_000023_000005.wav,9e76490c08110f21f8d461ba74d29d16339bdac646793b11ab0f8a02858b46a2,,,train,clsdoa_source_split_v3_ontology_v2,ACCEPT,CORPUS_STRONG_LABEL,AUTO_PASS,,DATASET_LEVEL_VERIFIED,CC BY 4.0,OpenSLR SLR60 LibriTTS train-clean-100,unknown,PRESENT,24000,1,float32,5.0,deterministic contiguous 5.000 s,2.2,7.2,,none,,,0.501068115234375,0.501068115234375,,,true
libritts:7078:271888:7078_271888_000018_000000,speech,LibriTTS,speech,7078_271888_000018_000000,libritts:7078:271888:7078_271888_000018_000000,libritts:7078:271888:7078_271888_000018_000000,/home/leiyuxin/soundspaces/source_assets/clsdoa_v1/prepared/speech_libritts_train_clean_100_v1/audio/train/7078_271888_7078_271888_000018_000000.wav,/home/leiyuxin/soundspaces/source_assets/clsdoa_v1/prepared/speech_libritts_train_clean_100_v1/audio/train/7078_271888_7078_271888_000018_000000.wav,/home/leiyuxin/soundspaces/source_assets/clsdoa_v1/prepared/speech_libritts_train_clean_100_v1/audio/train/7078_271888_7078_271888_000018_000000.wav,dcbe00b5f2d45a60134b788746f96c9a2713c1b08fdd1180d70f37cfa3f28f8d,,,train,clsdoa_source_split_v3_ontology_v2,ACCEPT,CORPUS_STRONG_LABEL,AUTO_PASS,,DATASET_LEVEL_VERIFIED,CC BY 4.0,OpenSLR SLR60 LibriTTS train-clean-100,unknown,PRESENT,24000,1,float32,5.0,deterministic contiguous 5.000 s,4.2,9.2,,none,,,0.568206787109375,0.568206787109375,,,true
libritts:2952:408:2952_408_000024_000002,speech,LibriTTS,speech,2952_408_000024_000002,libritts:2952:408:2952_408_000024_000002,libritts:2952:408:2952_408_000024_000002,/home/leiyuxin/soundspaces/source_assets/clsdoa_v1/prepared/speech_libritts_train_clean_100_v1/audio/train/2952_408_2952_408_000024_000002.wav,/home/leiyuxin/soundspaces/source_assets/clsdoa_v1/prepared/speech_libritts_train_clean_100_v1/audio/train/2952_408_2952_408_000024_000002.wav,/home/leiyuxin/soundspaces/source_assets/clsdoa_v1/prepared/speech_libritts_train_clean_100_v1/audio/train/2952_408_2952_408_000024_000002.wav,039c45a7140a69c4a2c823a13384fb85028fe300f4ec565224a860480fbee724,,,train,clsdoa_source_split_v3_ontology_v2,ACCEPT,CORPUS_STRONG_LABEL,AUTO_PASS,,DATASET_LEVEL_VERIFIED,CC BY 4.0,OpenSLR SLR60 LibriTTS train-clean-100,unknown,PRESENT,24000,1,float32,5.0,deterministic contiguous 5.000 s,4.6,9.6,,none,,,0.533203125,0.533203125,,,true
libritts:4160:11550:4160_11550_000041_000001,speech,LibriTTS,speech,4160_11550_000041_000001,libritts:4160:11550:4160_11550_000041_000001,libritts:4160:11550:4160_11550_000041_000001,/home/leiyuxin/soundspaces/source_assets/clsdoa_v1/prepared/speech_libritts_train_clean_100_v1/audio/train/4160_11550_4160_11550_000041_000001.wav,/home/leiyuxin/soundspaces/source_assets/clsdoa_v1/prepared/speech_libritts_train_clean_100_v1/audio/train/4160_11550_4160_11550_000041_000001.wav,/home/leiyuxin/soundspaces/source_assets/clsdoa_v1/prepared/speech_libritts_train_clean_100_v1/audio/train/4160_11550_4160_11550_000041_000001.wav,10575967e43e9f8cca98ca22357696128b8c5eceb515c392efaedf289b52c6d1,,,train,clsdoa_source_split_v3_ontology_v2,ACCEPT,CORPUS_STRONG_LABEL,AUTO_PASS,,DATASET_LEVEL_VERIFIED,CC BY 4.0,OpenSLR SLR60 LibriTTS train-clean-100,unknown,PRESENT,24000,1,float32,5.0,deterministic contiguous 5.000 s,0.0,5.0,,none,,,0.48284912109375,0.48284912109375,,,true
libritts:2182:181173:2182_181173_000002_000001,speech,LibriTTS,speech,2182_181173_000002_000001,libritts:2182:181173:2182_181173_000002_000001,libritts:2182:181173:2182_181173_000002_000001,/home/leiyuxin/soundspaces/source_assets/clsdoa_v1/prepared/speech_libritts_train_clean_100_v1/audio/train/2182_181173_2182_181173_000002_000001.wav,/home/leiyuxin/soundspaces/source_assets/clsdoa_v1/prepared/speech_libritts_train_clean_100_v1/audio/train/2182_181173_2182_181173_000002_000001.wav,/home/leiyuxin/soundspaces/source_assets/clsdoa_v1/prepared/speech_libritts_train_clean_100_v1/audio/train/2182_181173_2182_181173_000002_000001.wav,692ec0af0a4fdcc50052bd81367a0fbb5874a7892e2b32c2f18fa83d32f7c070,,,train,clsdoa_source_split_v3_ontology_v2,ACCEPT,CORPUS_STRONG_LABEL,AUTO_PASS,,DATASET_LEVEL_VERIFIED,CC BY 4.0,OpenSLR SLR60 LibriTTS train-clean-100,unknown,PRESENT,24000,1,float32,5.0,deterministic contiguous 5.000 s,0.2,5.2,,none,,,0.49444580078125,0.49444580078125,,,true
libritts:6529:62554:6529_62554_000038_000002,speech,LibriTTS,speech,6529_62554_000038_000002,libritts:6529:62554:6529_62554_000038_000002,libritts:6529:62554:6529_62554_000038_000002,/home/leiyuxin/soundspaces/source_assets/clsdoa_v1/prepared/speech_libritts_train_clean_100_v1/audio/train/6529_62554_6529_62554_000038_000002.wav,/home/leiyuxin/soundspaces/source_assets/clsdoa_v1/prepared/speech_libritts_train_clean_100_v1/audio/train/6529_62554_6529_62554_000038_000002.wav,/home/leiyuxin/soundspaces/source_assets/clsdoa_v1/prepared/speech_libritts_train_clean_100_v1/audio/train/6529_62554_6529_62554_000038_000002.wav,9d9de8c854b1aafffdc59d5882941560f1d8e4e84e0f9b3e48631f7eb5c9d028,,,train,clsdoa_source_split_v3_ontology_v2,ACCEPT,CORPUS_STRONG_LABEL,AUTO_PASS,,DATASET_LEVEL_VERIFIED,CC BY 4.0,OpenSLR SLR60 LibriTTS train-clean-100,unknown,PRESENT,24000,1,float32,5.0,deterministic contiguous 5.000 s,1.9,6.9,,none,,,0.668365478515625,0.668365478515625,,,true
libritts:8324:286681:8324_286681_000010_000000,speech,LibriTTS,speech,8324_286681_000010_000000,libritts:8324:286681:8324_286681_000010_000000,libritts:8324:286681:8324_286681_000010_000000,/home/leiyuxin/soundspaces/source_assets/clsdoa_v1/prepared/speech_libritts_train_clean_100_v1/audio/train/8324_286681_8324_286681_000010_000000.wav,/home/leiyuxin/soundspaces/source_assets/clsdoa_v1/prepared/speech_libritts_train_clean_100_v1/audio/train/8324_286681_8324_286681_000010_000000.wav,/home/leiyuxin/soundspaces/source_assets/clsdoa_v1/prepared/speech_libritts_train_clean_100_v1/audio/train/8324_286681_8324_286681_000010_000000.wav,db7915cba44a5b611f9c545ad44eed0afe8634550dbc8af9782d94e4491268a2,,,train,clsdoa_source_split_v3_ontology_v2,ACCEPT,CORPUS_STRONG_LABEL,AUTO_PASS,,DATASET_LEVEL_VERIFIED,CC BY 4.0,OpenSLR SLR60 LibriTTS train-clean-100,unknown,PRESENT,24000,1,float32,5.0,deterministic contiguous 5.000 s,2.2,7.2,,none,,,0.348052978515625,0.348052978515625,,,true
libritts:8580:287363:8580_287363_000028_000000,speech,LibriTTS,speech,8580_287363_000028_000000,libritts:8580:287363:8580_287363_000028_000000,libritts:8580:287363:8580_287363_000028_000000,/home/leiyuxin/soundspaces/source_assets/clsdoa_v1/prepared/speech_libritts_train_clean_100_v1/audio/train/8580_287363_8580_287363_000028_000000.wav,/home/leiyuxin/soundspaces/source_assets/clsdoa_v1/prepared/speech_libritts_train_clean_100_v1/audio/train/8580_287363_8580_287363_000028_000000.wav,/home/leiyuxin/soundspaces/source_assets/clsdoa_v1/prepared/speech_libritts_train_clean_100_v1/audio/train/8580_287363_8580_287363_000028_000000.wav,c7226569577188b51b5a84150a1eb20688a852d36ffbeca6433cef057c1998ee,,,train,clsdoa_source_split_v3_ontology_v2,ACCEPT,CORPUS_STRONG_LABEL,AUTO_PASS,,DATASET_LEVEL_VERIFIED,CC BY 4.0,OpenSLR SLR60 LibriTTS train-clean-100,unknown,PRESENT,24000,1,float32,5.0,deterministic contiguous 5.000 s,5.6,10.6,,none,,,0.680694580078125,0.680694580078125,,,true
libritts:150:126107:150_126107_000026_000000,speech,LibriTTS,speech,150_126107_000026_000000,libritts:150:126107:150_126107_000026_000000,libritts:150:126107:150_126107_000026_000000,/home/leiyuxin/soundspaces/source_assets/clsdoa_v1/prepared/speech_libritts_train_clean_100_v1/audio/train/150_126107_150_126107_000026_000000.wav,/home/leiyuxin/soundspaces/source_assets/clsdoa_v1/prepared/speech_libritts_train_clean_100_v1/audio/train/150_126107_150_126107_000026_000000.wav,/home/leiyuxin/soundspaces/source_assets/clsdoa_v1/prepared/speech_libritts_train_clean_100_v1/audio/train/150_126107_150_126107_000026_000000.wav,c1ad276447c36f7cc2b95b7dca4e41b7f76b5facb0af6ee83bbe96faac98f3c3,,,train,clsdoa_source_split_v3_ontology_v2,ACCEPT,CORPUS_STRONG_LABEL,AUTO_PASS,,DATASET_LEVEL_VERIFIED,CC BY 4.0,OpenSLR SLR60 LibriTTS train-clean-100,unknown,PRESENT,24000,1,float32,5.0,deterministic contiguous 5.000 s,0.0,5.0,,none,,,0.495574951171875,0.495574951171875,,,true
libritts:7859:102519:7859_102519_000005_000003,speech,LibriTTS,speech,7859_102519_000005_000003,libritts:7859:102519:7859_102519_000005_000003,libritts:7859:102519:7859_102519_000005_000003,/home/leiyuxin/soundspaces/source_assets/clsdoa_v1/prepared/speech_libritts_train_clean_100_v1/audio/train/7859_102519_7859_102519_000005_000003.wav,/home/leiyuxin/soundspaces/source_assets/clsdoa_v1/prepared/speech_libritts_train_clean_100_v1/audio/train/7859_102519_7859_102519_000005_000003.wav,/home/leiyuxin/soundspaces/source_assets/clsdoa_v1/prepared/speech_libritts_train_clean_100_v1/audio/train/7859_102519_7859_102519_000005_000003.wav,7cfe583cb2034c71158a0f0abadd3390f4ebf89c2a9b95d2c35082cf792921fe,,,train,clsdoa_source_split_v3_ontology_v2,ACCEPT,CORPUS_STRONG_LABEL,AUTO_PASS,,DATASET_LEVEL_VERIFIED,CC BY 4.0,OpenSLR SLR60 LibriTTS train-clean-100,unknown,PRESENT,24000,1,float32,5.0,deterministic contiguous 5.000 s,4.7,9.7,,none,,,0.6593017578125,0.6593017578125,,,true
libritts:1088:134318:1088_134318_000034_000001,speech,LibriTTS,speech,1088_134318_000034_000001,libritts:1088:134318:1088_134318_000034_000001,libritts:1088:134318:1088_134318_000034_000001,/home/leiyuxin/soundspaces/source_assets/clsdoa_v1/prepared/speech_libritts_train_clean_100_v1/audio/train/1088_134318_1088_134318_000034_000001.wav,/home/leiyuxin/soundspaces/source_assets/clsdoa_v1/prepared/speech_libritts_train_clean_100_v1/audio/train/1088_134318_1088_134318_000034_000001.wav,/home/leiyuxin/soundspaces/source_assets/clsdoa_v1/prepared/speech_libritts_train_clean_100_v1/audio/train/1088_134318_1088_134318_000034_000001.wav,fb5699bf863c00d04129b3a00b6f404c40c1e5b160e1a44fcd572df1fe9ee83a,,,train,clsdoa_source_split_v3_ontology_v2,ACCEPT,CORPUS_STRONG_LABEL,AUTO_PASS,,DATASET_LEVEL_VERIFIED,CC BY 4.0,OpenSLR SLR60 LibriTTS train-clean-100,unknown,PRESENT,24000,1,float32,5.0,deterministic contiguous 5.000 s,5.1,10.1,,none,,,0.313568115234375,0.313568115234375,,,true
libritts:211:122425:211_122425_000005_000002,speech,LibriTTS,speech,211_122425_000005_000002,libritts:211:122425:211_122425_000005_000002,libritts:211:122425:211_122425_000005_000002,/home/leiyuxin/soundspaces/source_assets/clsdoa_v1/prepared/speech_libritts_train_clean_100_v1/audio/train/211_122425_211_122425_000005_000002.wav,/home/leiyuxin/soundspaces/source_assets/clsdoa_v1/prepared/speech_libritts_train_clean_100_v1/audio/train/211_122425_211_122425_000005_000002.wav,/home/leiyuxin/soundspaces/source_assets/clsdoa_v1/prepared/speech_libritts_train_clean_100_v1/audio/train/211_122425_211_122425_000005_000002.wav,3250de43a9f1aec855b6fb5aaf74242f351360f6bc174d819371f62995d25b33,,,train,clsdoa_source_split_v3_ontology_v2,ACCEPT,CORPUS_STRONG_LABEL,AUTO_PASS,,DATASET_LEVEL_VERIFIED,CC BY 4.0,OpenSLR SLR60 LibriTTS train-clean-100,unknown,PRESENT,24000,1,float32,5.0,deterministic contiguous 5.000 s,0.0,5.0,,none,,,0.438812255859375,0.438812255859375,,,true
libritts:8797:294123:8797_294123_000035_000004,speech,LibriTTS,speech,8797_294123_000035_000004,libritts:8797:294123:8797_294123_000035_000004,libritts:8797:294123:8797_294123_000035_000004,/home/leiyuxin/soundspaces/source_assets/clsdoa_v1/prepared/speech_libritts_train_clean_100_v1/audio/train/8797_294123_8797_294123_000035_000004.wav,/home/leiyuxin/soundspaces/source_assets/clsdoa_v1/prepared/speech_libritts_train_clean_100_v1/audio/train/8797_294123_8797_294123_000035_000004.wav,/home/leiyuxin/soundspaces/source_assets/clsdoa_v1/prepared/speech_libritts_train_clean_100_v1/audio/train/8797_294123_8797_294123_000035_000004.wav,b010ff3a5e5336d2f2c6ab5aebd8d9738e8998bc3b135f85239ec55fe38b3c19,,,train,clsdoa_source_split_v3_ontology_v2,ACCEPT,CORPUS_STRONG_LABEL,AUTO_PASS,,DATASET_LEVEL_VERIFIED,CC BY 4.0,OpenSLR SLR60 LibriTTS train-clean-100,unknown,PRESENT,24000,1,float32,5.0,deterministic contiguous 5.000 s,0.1,5.1,,none,,,0.8941650390625,0.8941650390625,,,true
libritts:7312:92432:7312_92432_000008_000006,speech,LibriTTS,speech,7312_92432_000008_000006,libritts:7312:92432:7312_92432_000008_000006,libritts:7312:92432:7312_92432_000008_000006,/home/leiyuxin/soundspaces/source_assets/clsdoa_v1/prepared/speech_libritts_train_clean_100_v1/audio/train/7312_92432_7312_92432_000008_000006.wav,/home/leiyuxin/soundspaces/source_assets/clsdoa_v1/prepared/speech_libritts_train_clean_100_v1/audio/train/7312_92432_7312_92432_000008_000006.wav,/home/leiyuxin/soundspaces/source_assets/clsdoa_v1/prepared/speech_libritts_train_clean_100_v1/audio/train/7312_92432_7312_92432_000008_000006.wav,9edc623ffbaf4feaf94b5133e0bee01eac763408faf0bb07e0ccf5fa0746dcf7,,,train,clsdoa_source_split_v3_ontology_v2,ACCEPT,CORPUS_STRONG_LABEL,AUTO_PASS,,DATASET_LEVEL_VERIFIED,CC BY 4.0,OpenSLR SLR60 LibriTTS train-clean-100,unknown,PRESENT,24000,1,float32,5.0,deterministic contiguous 5.000 s,5.0,10.0,,none,,,0.480377197265625,0.480377197265625,,,true
libritts:1355:39947:1355_39947_000010_000000,speech,LibriTTS,speech,1355_39947_000010_000000,libritts:1355:39947:1355_39947_000010_000000,libritts:1355:39947:1355_39947_000010_000000,/home/leiyuxin/soundspaces/source_assets/clsdoa_v1/prepared/speech_libritts_train_clean_100_v1/audio/train/1355_39947_1355_39947_000010_000000.wav,/home/leiyuxin/soundspaces/source_assets/clsdoa_v1/prepared/speech_libritts_train_clean_100_v1/audio/train/1355_39947_1355_39947_000010_000000.wav,/home/leiyuxin/soundspaces/source_assets/clsdoa_v1/prepared/speech_libritts_train_clean_100_v1/audio/train/1355_39947_1355_39947_000010_000000.wav,4e23bb28558d3a3a3db2fa6dfaa8eff9144c3b9b087d711d712c19b6f163c4dd,,,train,clsdoa_source_split_v3_ontology_v2,ACCEPT,CORPUS_STRONG_LABEL,AUTO_PASS,,DATASET_LEVEL_VERIFIED,CC BY 4.0,OpenSLR SLR60 LibriTTS train-clean-100,unknown,PRESENT,24000,1,float32,5.0,deterministic contiguous 5.000 s,0.1,5.1,,none,,,0.630584716796875,0.630584716796875,,,true
libritts:4397:15678:4397_15678_000006_000002,speech,LibriTTS,speech,4397_15678_000006_000002,libritts:4397:15678:4397_15678_000006_000002,libritts:4397:15678:4397_15678_000006_000002,/home/leiyuxin/soundspaces/source_assets/clsdoa_v1/prepared/speech_libritts_train_clean_100_v1/audio/train/4397_15678_4397_15678_000006_000002.wav,/home/leiyuxin/soundspaces/source_assets/clsdoa_v1/prepared/speech_libritts_train_clean_100_v1/audio/train/4397_15678_4397_15678_000006_000002.wav,/home/leiyuxin/soundspaces/source_assets/clsdoa_v1/prepared/speech_libritts_train_clean_100_v1/audio/train/4397_15678_4397_15678_000006_000002.wav,64d1b198ad5f8b768fb2301eaadc2840969f2f1fe854e438f26c3d2d0e3491b5,,,train,clsdoa_source_split_v3_ontology_v2,ACCEPT,CORPUS_STRONG_LABEL,AUTO_PASS,,DATASET_LEVEL_VERIFIED,CC BY 4.0,OpenSLR SLR60 LibriTTS train-clean-100,unknown,PRESENT,24000,1,float32,5.0,deterministic contiguous 5.000 s,3.8,8.8,,none,,,0.480438232421875,0.480438232421875,,,true
libritts:1970:26100:1970_26100_000036_000001,speech,LibriTTS,speech,1970_26100_000036_000001,libritts:1970:26100:1970_26100_000036_000001,libritts:1970:26100:1970_26100_000036_000001,/home/leiyuxin/soundspaces/source_assets/clsdoa_v1/prepared/speech_libritts_train_clean_100_v1/audio/train/1970_26100_1970_26100_000036_000001.wav,/home/leiyuxin/soundspaces/source_assets/clsdoa_v1/prepared/speech_libritts_train_clean_100_v1/audio/train/1970_26100_1970_26100_000036_000001.wav,/home/leiyuxin/soundspaces/source_assets/clsdoa_v1/prepared/speech_libritts_train_clean_100_v1/audio/train/1970_26100_1970_26100_000036_000001.wav,82d42e60f16afb305cefb15139e07b49a96b2d99fb87db29eb96adc434b02d2f,,,train,clsdoa_source_split_v3_ontology_v2,ACCEPT,CORPUS_STRONG_LABEL,AUTO_PASS,,DATASET_LEVEL_VERIFIED,CC BY 4.0,OpenSLR SLR60 LibriTTS train-clean-100,unknown,PRESENT,24000,1,float32,5.0,deterministic contiguous 5.000 s,0.0,5.0,,none,,,0.427520751953125,0.427520751953125,,,true
libritts:2136:5140:2136_5140_000003_000000,speech,LibriTTS,speech,2136_5140_000003_000000,libritts:2136:5140:2136_5140_000003_000000,libritts:2136:5140:2136_5140_000003_000000,/home/leiyuxin/soundspaces/source_assets/clsdoa_v1/prepared/speech_libritts_train_clean_100_v1/audio/train/2136_5140_2136_5140_000003_000000.wav,/home/leiyuxin/soundspaces/source_assets/clsdoa_v1/prepared/speech_libritts_train_clean_100_v1/audio/train/2136_5140_2136_5140_000003_000000.wav,/home/leiyuxin/soundspaces/source_assets/clsdoa_v1/prepared/speech_libritts_train_clean_100_v1/audio/train/2136_5140_2136_5140_000003_000000.wav,85e5efc0e6279f09fd6d6daffd5f8115240cdfb15277c9bf236ac0ccddf8af11,,,train,clsdoa_source_split_v3_ontology_v2,ACCEPT,CORPUS_STRONG_LABEL,AUTO_PASS,,DATASET_LEVEL_VERIFIED,CC BY 4.0,OpenSLR SLR60 LibriTTS train-clean-100,unknown,PRESENT,24000,1,float32,5.0,deterministic contiguous 5.000 s,0.4,5.4,,none,,,0.803680419921875,0.803680419921875,,,true
libritts:8609:283227:8609_283227_000100_000002,speech,LibriTTS,speech,8609_283227_000100_000002,libritts:8609:283227:8609_283227_000100_000002,libritts:8609:283227:8609_283227_000100_000002,/home/leiyuxin/soundspaces/source_assets/clsdoa_v1/prepared/speech_libritts_train_clean_100_v1/audio/train/8609_283227_8609_283227_000100_000002.wav,/home/leiyuxin/soundspaces/source_assets/clsdoa_v1/prepared/speech_libritts_train_clean_100_v1/audio/train/8609_283227_8609_283227_000100_000002.wav,/home/leiyuxin/soundspaces/source_assets/clsdoa_v1/prepared/speech_libritts_train_clean_100_v1/audio/train/8609_283227_8609_283227_000100_000002.wav,114bbd9f17e92b84947c9d121edac07ce557f1ea30c35a8173adb13ac0c877e8,,,train,clsdoa_source_split_v3_ontology_v2,ACCEPT,CORPUS_STRONG_LABEL,AUTO_PASS,,DATASET_LEVEL_VERIFIED,CC BY 4.0,OpenSLR SLR60 LibriTTS train-clean-100,unknown,PRESENT,24000,1,float32,5.0,deterministic contiguous 5.000 s,0.0,5.0,,none,,,0.681121826171875,0.681121826171875,,,true
libritts:4195:17507:4195_17507_000021_000000,speech,LibriTTS,speech,4195_17507_000021_000000,libritts:4195:17507:4195_17507_000021_000000,libritts:4195:17507:4195_17507_000021_000000,/home/leiyuxin/soundspaces/source_assets/clsdoa_v1/prepared/speech_libritts_train_clean_100_v1/audio/train/4195_17507_4195_17507_000021_000000.wav,/home/leiyuxin/soundspaces/source_assets/clsdoa_v1/prepared/speech_libritts_train_clean_100_v1/audio/train/4195_17507_4195_17507_000021_000000.wav,/home/leiyuxin/soundspaces/source_assets/clsdoa_v1/prepared/speech_libritts_train_clean_100_v1/audio/train/4195_17507_4195_17507_000021_000000.wav,998fecdadbc7f999cd8eab7126bab413f2ecf15f3ba38cbcb87249ea4806c041,,,train,clsdoa_source_split_v3_ontology_v2,ACCEPT,CORPUS_STRONG_LABEL,AUTO_PASS,,DATASET_LEVEL_VERIFIED,CC BY 4.0,OpenSLR SLR60 LibriTTS train-clean-100,unknown,PRESENT,24000,1,float32,5.0,deterministic contiguous 5.000 s,1.3,6.3,,none,,,0.484893798828125,0.484893798828125,,,true
libritts:3242:67153:3242_67153_000020_000004,speech,LibriTTS,speech,3242_67153_000020_000004,libritts:3242:67153:3242_67153_000020_000004,libritts:3242:67153:3242_67153_000020_000004,/home/leiyuxin/soundspaces/source_assets/clsdoa_v1/prepared/speech_libritts_train_clean_100_v1/audio/train/3242_67153_3242_67153_000020_000004.wav,/home/leiyuxin/soundspaces/source_assets/clsdoa_v1/prepared/speech_libritts_train_clean_100_v1/audio/train/3242_67153_3242_67153_000020_000004.wav,/home/leiyuxin/soundspaces/source_assets/clsdoa_v1/prepared/speech_libritts_train_clean_100_v1/audio/train/3242_67153_3242_67153_000020_000004.wav,53340c0d1a35c7d78e38902964015dd17135185d61347d160a58f3c71a84e707,,,train,clsdoa_source_split_v3_ontology_v2,ACCEPT,CORPUS_STRONG_LABEL,AUTO_PASS,,DATASET_LEVEL_VERIFIED,CC BY 4.0,OpenSLR SLR60 LibriTTS train-clean-100,unknown,PRESENT,24000,1,float32,5.0,deterministic contiguous 5.000 s,8.6,13.6,,none,,,0.52239990234375,0.52239990234375,,,true
libritts:2910:131096:2910_131096_000036_000002,speech,LibriTTS,speech,2910_131096_000036_000002,libritts:2910:131096:2910_131096_000036_000002,libritts:2910:131096:2910_131096_000036_000002,/home/leiyuxin/soundspaces/source_assets/clsdoa_v1/prepared/speech_libritts_train_clean_100_v1/audio/train/2910_131096_2910_131096_000036_000002.wav,/home/leiyuxin/soundspaces/source_assets/clsdoa_v1/prepared/speech_libritts_train_clean_100_v1/audio/train/2910_131096_2910_131096_000036_000002.wav,/home/leiyuxin/soundspaces/source_assets/clsdoa_v1/prepared/speech_libritts_train_clean_100_v1/audio/train/2910_131096_2910_131096_000036_000002.wav,b7252f1474c1f6fe833eb9e8f5ee698dfdf870127b4ae1c0259fab0172b84082,,,train,clsdoa_source_split_v3_ontology_v2,ACCEPT,CORPUS_STRONG_LABEL,AUTO_PASS,,DATASET_LEVEL_VERIFIED,CC BY 4.0,OpenSLR SLR60 LibriTTS train-clean-100,unknown,PRESENT,24000,1,float32,5.0,deterministic contiguous 5.000 s,0.1,5.1,,none,,,0.60394287109375,0.60394287109375,,,true
libritts:5867:48852:5867_48852_000005_000004,speech,LibriTTS,speech,5867_48852_000005_000004,libritts:5867:48852:5867_48852_000005_000004,libritts:5867:48852:5867_48852_000005_000004,/home/leiyuxin/soundspaces/source_assets/clsdoa_v1/prepared/speech_libritts_train_clean_100_v1/audio/train/5867_48852_5867_48852_000005_000004.wav,/home/leiyuxin/soundspaces/source_assets/clsdoa_v1/prepared/speech_libritts_train_clean_100_v1/audio/train/5867_48852_5867_48852_000005_000004.wav,/home/leiyuxin/soundspaces/source_assets/clsdoa_v1/prepared/speech_libritts_train_clean_100_v1/audio/train/5867_48852_5867_48852_000005_000004.wav,5a91788581037416e30f9f0062c0126b89c65918ffc63125fde88ec180e3b814,,,train,clsdoa_source_split_v3_ontology_v2,ACCEPT,CORPUS_STRONG_LABEL,AUTO_PASS,,DATASET_LEVEL_VERIFIED,CC BY 4.0,OpenSLR SLR60 LibriTTS train-clean-100,unknown,PRESENT,24000,1,float32,5.0,deterministic contiguous 5.000 s,4.2,9.2,,none,,,0.4417724609375,0.4417724609375,,,true
libritts:405:130894:405_130894_000041_000002,speech,LibriTTS,speech,405_130894_000041_000002,libritts:405:130894:405_130894_000041_000002,libritts:405:130894:405_130894_000041_000002,/home/leiyuxin/soundspaces/source_assets/clsdoa_v1/prepared/speech_libritts_train_clean_100_v1/audio/train/405_130894_405_130894_000041_000002.wav,/home/leiyuxin/soundspaces/source_assets/clsdoa_v1/prepared/speech_libritts_train_clean_100_v1/audio/train/405_130894_405_130894_000041_000002.wav,/home/leiyuxin/soundspaces/source_assets/clsdoa_v1/prepared/speech_libritts_train_clean_100_v1/audio/train/405_130894_405_130894_000041_000002.wav,3b78771640c8e6344cfd03bc76d2d5e7a33a3b4ad1f06c55bce94acf8013e916,,,train,clsdoa_source_split_v3_ontology_v2,ACCEPT,CORPUS_STRONG_LABEL,AUTO_PASS,,DATASET_LEVEL_VERIFIED,CC BY 4.0,OpenSLR SLR60 LibriTTS train-clean-100,unknown,PRESENT,24000,1,float32,5.0,deterministic contiguous 5.000 s,11.7,16.7,,none,,,0.504852294921875,0.504852294921875,,,true
libritts:254:145458:254_145458_000013_000001,speech,LibriTTS,speech,254_145458_000013_000001,libritts:254:145458:254_145458_000013_000001,libritts:254:145458:254_145458_000013_000001,/home/leiyuxin/soundspaces/source_assets/clsdoa_v1/prepared/speech_libritts_train_clean_100_v1/audio/train/254_145458_254_145458_000013_000001.wav,/home/leiyuxin/soundspaces/source_assets/clsdoa_v1/prepared/speech_libritts_train_clean_100_v1/audio/train/254_145458_254_145458_000013_000001.wav,/home/leiyuxin/soundspaces/source_assets/clsdoa_v1/prepared/speech_libritts_train_clean_100_v1/audio/train/254_145458_254_145458_000013_000001.wav,bc7361097816cd7b524e956674a7f3dfe9131e2bcd8e77f4a3a8782d96f63aea,,,train,clsdoa_source_split_v3_ontology_v2,ACCEPT,CORPUS_STRONG_LABEL,AUTO_PASS,,DATASET_LEVEL_VERIFIED,CC BY 4.0,OpenSLR SLR60 LibriTTS train-clean-100,unknown,PRESENT,24000,1,float32,5.0,deterministic contiguous 5.000 s,17.0,22.0,,none,,,0.4761962890625,0.4761962890625,,,true
libritts:4362:15663:4362_15663_000034_000001,speech,LibriTTS,speech,4362_15663_000034_000001,libritts:4362:15663:4362_15663_000034_000001,libritts:4362:15663:4362_15663_000034_000001,/home/leiyuxin/soundspaces/source_assets/clsdoa_v1/prepared/speech_libritts_train_clean_100_v1/audio/train/4362_15663_4362_15663_000034_000001.wav,/home/leiyuxin/soundspaces/source_assets/clsdoa_v1/prepared/speech_libritts_train_clean_100_v1/audio/train/4362_15663_4362_15663_000034_000001.wav,/home/leiyuxin/soundspaces/source_assets/clsdoa_v1/prepared/speech_libritts_train_clean_100_v1/audio/train/4362_15663_4362_15663_000034_000001.wav,86e0caf896dc9f60fed5a2b7129340b91586c5df1b45195d454842e6c1ef7f1d,,,train,clsdoa_source_split_v3_ontology_v2,ACCEPT,CORPUS_STRONG_LABEL,AUTO_PASS,,DATASET_LEVEL_VERIFIED,CC BY 4.0,OpenSLR SLR60 LibriTTS train-clean-100,unknown,PRESENT,24000,1,float32,5.0,deterministic contiguous 5.000 s,0.0,5.0,,none,,,0.692230224609375,0.692230224609375,,,true
libritts:7447:91187:7447_91187_000006_000002,speech,LibriTTS,speech,7447_91187_000006_000002,libritts:7447:91187:7447_91187_000006_000002,libritts:7447:91187:7447_91187_000006_000002,/home/leiyuxin/soundspaces/source_assets/clsdoa_v1/prepared/speech_libritts_train_clean_100_v1/audio/train/7447_91187_7447_91187_000006_000002.wav,/home/leiyuxin/soundspaces/source_assets/clsdoa_v1/prepared/speech_libritts_train_clean_100_v1/audio/train/7447_91187_7447_91187_000006_000002.wav,/home/leiyuxin/soundspaces/source_assets/clsdoa_v1/prepared/speech_libritts_train_clean_100_v1/audio/train/7447_91187_7447_91187_000006_000002.wav,3940b018f0498e0e9a6cfff9e3eb970fa29466f74e06bf382cc6b42674fd4a9e,,,train,clsdoa_source_split_v3_ontology_v2,ACCEPT,CORPUS_STRONG_LABEL,AUTO_PASS,,DATASET_LEVEL_VERIFIED,CC BY 4.0,OpenSLR SLR60 LibriTTS train-clean-100,unknown,PRESENT,24000,1,float32,5.0,deterministic contiguous 5.000 s,0.4,5.4,,none,,,0.473785400390625,0.473785400390625,,,true
libritts:87:121553:87_121553_000133_000000,speech,LibriTTS,speech,87_121553_000133_000000,libritts:87:121553:87_121553_000133_000000,libritts:87:121553:87_121553_000133_000000,/home/leiyuxin/soundspaces/source_assets/clsdoa_v1/prepared/speech_libritts_train_clean_100_v1/audio/train/87_121553_87_121553_000133_000000.wav,/home/leiyuxin/soundspaces/source_assets/clsdoa_v1/prepared/speech_libritts_train_clean_100_v1/audio/train/87_121553_87_121553_000133_000000.wav,/home/leiyuxin/soundspaces/source_assets/clsdoa_v1/prepared/speech_libritts_train_clean_100_v1/audio/train/87_121553_87_121553_000133_000000.wav,e2868f3231d2ad05c11bee7b36c7362f3297fcb24316fb8b725a24cc8cc50cf6,,,train,clsdoa_source_split_v3_ontology_v2,ACCEPT,CORPUS_STRONG_LABEL,AUTO_PASS,,DATASET_LEVEL_VERIFIED,CC BY 4.0,OpenSLR SLR60 LibriTTS train-clean-100,unknown,PRESENT,24000,1,float32,5.0,deterministic contiguous 5.000 s,0.1,5.1,,none,,,0.60675048828125,0.60675048828125,,,true
libritts:7264:92310:7264_92310_000018_000000,speech,LibriTTS,speech,7264_92310_000018_000000,libritts:7264:92310:7264_92310_000018_000000,libritts:7264:92310:7264_92310_000018_000000,/home/leiyuxin/soundspaces/source_assets/clsdoa_v1/prepared/speech_libritts_train_clean_100_v1/audio/train/7264_92310_7264_92310_000018_000000.wav,/home/leiyuxin/soundspaces/source_assets/clsdoa_v1/prepared/speech_libritts_train_clean_100_v1/audio/train/7264_92310_7264_92310_000018_000000.wav,/home/leiyuxin/soundspaces/source_assets/clsdoa_v1/prepared/speech_libritts_train_clean_100_v1/audio/train/7264_92310_7264_92310_000018_000000.wav,f1cd7fc9f12b2fb65217d31a2f4400f1d3652c60ab6a359f1dd8a156a77f391b,,,train,clsdoa_source_split_v3_ontology_v2,ACCEPT,CORPUS_STRONG_LABEL,AUTO_PASS,,DATASET_LEVEL_VERIFIED,CC BY 4.0,OpenSLR SLR60 LibriTTS train-clean-100,unknown,PRESENT,24000,1,float32,5.0,deterministic contiguous 5.000 s,0.0,5.0,,none,,,0.480560302734375,0.480560302734375,,,true
libritts:4813:248638:4813_248638_000022_000005,speech,LibriTTS,speech,4813_248638_000022_000005,libritts:4813:248638:4813_248638_000022_000005,libritts:4813:248638:4813_248638_000022_000005,/home/leiyuxin/soundspaces/source_assets/clsdoa_v1/prepared/speech_libritts_train_clean_100_v1/audio/train/4813_248638_4813_248638_000022_000005.wav,/home/leiyuxin/soundspaces/source_assets/clsdoa_v1/prepared/speech_libritts_train_clean_100_v1/audio/train/4813_248638_4813_248638_000022_000005.wav,/home/leiyuxin/soundspaces/source_assets/clsdoa_v1/prepared/speech_libritts_train_clean_100_v1/audio/train/4813_248638_4813_248638_000022_000005.wav,2e5c42a28e8951c228ab9158815d6cb6f428aed8bb764023c51f034d8087e819,,,train,clsdoa_source_split_v3_ontology_v2,ACCEPT,CORPUS_STRONG_LABEL,AUTO_PASS,,DATASET_LEVEL_VERIFIED,CC BY 4.0,OpenSLR SLR60 LibriTTS train-clean-100,unknown,PRESENT,24000,1,float32,5.0,deterministic contiguous 5.000 s,0.0,5.0,,none,,,0.717315673828125,0.717315673828125,,,true
libritts:332:128985:332_128985_000026_000002,speech,LibriTTS,speech,332_128985_000026_000002,libritts:332:128985:332_128985_000026_000002,libritts:332:128985:332_128985_000026_000002,/home/leiyuxin/soundspaces/source_assets/clsdoa_v1/prepared/speech_libritts_train_clean_100_v1/audio/train/332_128985_332_128985_000026_000002.wav,/home/leiyuxin/soundspaces/source_assets/clsdoa_v1/prepared/speech_libritts_train_clean_100_v1/audio/train/332_128985_332_128985_000026_000002.wav,/home/leiyuxin/soundspaces/source_assets/clsdoa_v1/prepared/speech_libritts_train_clean_100_v1/audio/train/332_128985_332_128985_000026_000002.wav,a39c60b2456eea930e537d18b21e23766832e344181354ed72ace995f389d372,,,train,clsdoa_source_split_v3_ontology_v2,ACCEPT,CORPUS_STRONG_LABEL,AUTO_PASS,,DATASET_LEVEL_VERIFIED,CC BY 4.0,OpenSLR SLR60 LibriTTS train-clean-100,unknown,PRESENT,24000,1,float32,5.0,deterministic contiguous 5.000 s,5.1,10.1,,none,,,0.246337890625,0.246337890625,,,true
libritts:8770:295462:8770_295462_000021_000003,speech,LibriTTS,speech,8770_295462_000021_000003,libritts:8770:295462:8770_295462_000021_000003,libritts:8770:295462:8770_295462_000021_000003,/home/leiyuxin/soundspaces/source_assets/clsdoa_v1/prepared/speech_libritts_train_clean_100_v1/audio/train/8770_295462_8770_295462_000021_000003.wav,/home/leiyuxin/soundspaces/source_assets/clsdoa_v1/prepared/speech_libritts_train_clean_100_v1/audio/train/8770_295462_8770_295462_000021_000003.wav,/home/leiyuxin/soundspaces/source_assets/clsdoa_v1/prepared/speech_libritts_train_clean_100_v1/audio/train/8770_295462_8770_295462_000021_000003.wav,e3664c9a4a364b1be8116586234a67d42d04d45a0a02d364073494a22df2c602,,,train,clsdoa_source_split_v3_ontology_v2,ACCEPT,CORPUS_STRONG_LABEL,AUTO_PASS,,DATASET_LEVEL_VERIFIED,CC BY 4.0,OpenSLR SLR60 LibriTTS train-clean-100,unknown,PRESENT,24000,1,float32,5.0,deterministic contiguous 5.000 s,17.0,22.0,,none,,,0.463287353515625,0.463287353515625,,,true
libritts:3436:172171:3436_172171_000007_000000,speech,LibriTTS,speech,3436_172171_000007_000000,libritts:3436:172171:3436_172171_000007_000000,libritts:3436:172171:3436_172171_000007_000000,/home/leiyuxin/soundspaces/source_assets/clsdoa_v1/prepared/speech_libritts_train_clean_100_v1/audio/train/3436_172171_3436_172171_000007_000000.wav,/home/leiyuxin/soundspaces/source_assets/clsdoa_v1/prepared/speech_libritts_train_clean_100_v1/audio/train/3436_172171_3436_172171_000007_000000.wav,/home/leiyuxin/soundspaces/source_assets/clsdoa_v1/prepared/speech_libritts_train_clean_100_v1/audio/train/3436_172171_3436_172171_000007_000000.wav,a1beb1a94276d67d92dae746944fb7387ffd6f327fafae332be36260a1fb7f6e,,,train,clsdoa_source_split_v3_ontology_v2,ACCEPT,CORPUS_STRONG_LABEL,AUTO_PASS,,DATASET_LEVEL_VERIFIED,CC BY 4.0,OpenSLR SLR60 LibriTTS train-clean-100,unknown,PRESENT,24000,1,float32,5.0,deterministic contiguous 5.000 s,1.3,6.3,,none,,,0.385894775390625,0.385894775390625,,,true
libritts:2092:145706:2092_145706_000052_000001,speech,LibriTTS,speech,2092_145706_000052_000001,libritts:2092:145706:2092_145706_000052_000001,libritts:2092:145706:2092_145706_000052_000001,/home/leiyuxin/soundspaces/source_assets/clsdoa_v1/prepared/speech_libritts_train_clean_100_v1/audio/train/2092_145706_2092_145706_000052_000001.wav,/home/leiyuxin/soundspaces/source_assets/clsdoa_v1/prepared/speech_libritts_train_clean_100_v1/audio/train/2092_145706_2092_145706_000052_000001.wav,/home/leiyuxin/soundspaces/source_assets/clsdoa_v1/prepared/speech_libritts_train_clean_100_v1/audio/train/2092_145706_2092_145706_000052_000001.wav,d67c6c4b0680a544ffa407a592ef45db3581911a14b4b31723bde3bae4adb1f0,,,train,clsdoa_source_split_v3_ontology_v2,ACCEPT,CORPUS_STRONG_LABEL,AUTO_PASS,,DATASET_LEVEL_VERIFIED,CC BY 4.0,OpenSLR SLR60 LibriTTS train-clean-100,unknown,PRESENT,24000,1,float32,5.0,deterministic contiguous 5.000 s,1.4,6.4,,none,,,0.292938232421875,0.292938232421875,,,true
libritts:5561:41615:5561_41615_000036_000003,speech,LibriTTS,speech,5561_41615_000036_000003,libritts:5561:41615:5561_41615_000036_000003,libritts:5561:41615:5561_41615_000036_000003,/home/leiyuxin/soundspaces/source_assets/clsdoa_v1/prepared/speech_libritts_train_clean_100_v1/audio/train/5561_41615_5561_41615_000036_000003.wav,/home/leiyuxin/soundspaces/source_assets/clsdoa_v1/prepared/speech_libritts_train_clean_100_v1/audio/train/5561_41615_5561_41615_000036_000003.wav,/home/leiyuxin/soundspaces/source_assets/clsdoa_v1/prepared/speech_libritts_train_clean_100_v1/audio/train/5561_41615_5561_41615_000036_000003.wav,5672bbd94bef8025967c0ef38dfde963e9e952c67b794565290475aae286f033,,,train,clsdoa_source_split_v3_ontology_v2,ACCEPT,CORPUS_STRONG_LABEL,AUTO_PASS,,DATASET_LEVEL_VERIFIED,CC BY 4.0,OpenSLR SLR60 LibriTTS train-clean-100,unknown,PRESENT,24000,1,float32,5.0,deterministic contiguous 5.000 s,4.9,9.9,,none,,,0.330535888671875,0.330535888671875,,,true
libritts:250:142276:250_142276_000015_000003,speech,LibriTTS,speech,250_142276_000015_000003,libritts:250:142276:250_142276_000015_000003,libritts:250:142276:250_142276_000015_000003,/home/leiyuxin/soundspaces/source_assets/clsdoa_v1/prepared/speech_libritts_train_clean_100_v1/audio/train/250_142276_250_142276_000015_000003.wav,/home/leiyuxin/soundspaces/source_assets/clsdoa_v1/prepared/speech_libritts_train_clean_100_v1/audio/train/250_142276_250_142276_000015_000003.wav,/home/leiyuxin/soundspaces/source_assets/clsdoa_v1/prepared/speech_libritts_train_clean_100_v1/audio/train/250_142276_250_142276_000015_000003.wav,9e6df01ffbf59185613f62c0236925bc33663d2389be2f6ddfbe61229f6fdc3f,,,train,clsdoa_source_split_v3_ontology_v2,ACCEPT,CORPUS_STRONG_LABEL,AUTO_PASS,,DATASET_LEVEL_VERIFIED,CC BY 4.0,OpenSLR SLR60 LibriTTS train-clean-100,unknown,PRESENT,24000,1,float32,5.0,deterministic contiguous 5.000 s,14.0,19.0,,none,,,0.43377685546875,0.43377685546875,,,true
libritts:198:126831:198_126831_000050_000000,speech,LibriTTS,speech,198_126831_000050_000000,libritts:198:126831:198_126831_000050_000000,libritts:198:126831:198_126831_000050_000000,/home/leiyuxin/soundspaces/source_assets/clsdoa_v1/prepared/speech_libritts_train_clean_100_v1/audio/val/198_126831_198_126831_000050_000000.wav,/home/leiyuxin/soundspaces/source_assets/clsdoa_v1/prepared/speech_libritts_train_clean_100_v1/audio/val/198_126831_198_126831_000050_000000.wav,/home/leiyuxin/soundspaces/source_assets/clsdoa_v1/prepared/speech_libritts_train_clean_100_v1/audio/val/198_126831_198_126831_000050_000000.wav,e2d1df514be5b88f25a0fcc6e06855f71829ec3b8e4508f4df349cf4808b25cc,,,val,clsdoa_source_split_v3_ontology_v2,ACCEPT,CORPUS_STRONG_LABEL,AUTO_PASS,,DATASET_LEVEL_VERIFIED,CC BY 4.0,OpenSLR SLR60 LibriTTS train-clean-100,unknown,PRESENT,24000,1,float32,5.0,deterministic contiguous 5.000 s,0.0,5.0,,none,,,0.285064697265625,0.285064697265625,,,true
libritts:4297:13009:4297_13009_000021_000000,speech,LibriTTS,speech,4297_13009_000021_000000,libritts:4297:13009:4297_13009_000021_000000,libritts:4297:13009:4297_13009_000021_000000,/home/leiyuxin/soundspaces/source_assets/clsdoa_v1/prepared/speech_libritts_train_clean_100_v1/audio/val/4297_13009_4297_13009_000021_000000.wav,/home/leiyuxin/soundspaces/source_assets/clsdoa_v1/prepared/speech_libritts_train_clean_100_v1/audio/val/4297_13009_4297_13009_000021_000000.wav,/home/leiyuxin/soundspaces/source_assets/clsdoa_v1/prepared/speech_libritts_train_clean_100_v1/audio/val/4297_13009_4297_13009_000021_000000.wav,d6a9dd7fc421364e23230910afdbb885adbe9870cc9497753eaa2ceb44429873,,,val,clsdoa_source_split_v3_ontology_v2,ACCEPT,CORPUS_STRONG_LABEL,AUTO_PASS,,DATASET_LEVEL_VERIFIED,CC BY 4.0,OpenSLR SLR60 LibriTTS train-clean-100,unknown,PRESENT,24000,1,float32,5.0,deterministic contiguous 5.000 s,0.0,5.0,,none,,,0.602386474609375,0.602386474609375,,,true
libritts:2911:7601:2911_7601_000013_000007,speech,LibriTTS,speech,2911_7601_000013_000007,libritts:2911:7601:2911_7601_000013_000007,libritts:2911:7601:2911_7601_000013_000007,/home/leiyuxin/soundspaces/source_assets/clsdoa_v1/prepared/speech_libritts_train_clean_100_v1/audio/val/2911_7601_2911_7601_000013_000007.wav,/home/leiyuxin/soundspaces/source_assets/clsdoa_v1/prepared/speech_libritts_train_clean_100_v1/audio/val/2911_7601_2911_7601_000013_000007.wav,/home/leiyuxin/soundspaces/source_assets/clsdoa_v1/prepared/speech_libritts_train_clean_100_v1/audio/val/2911_7601_2911_7601_000013_000007.wav,5f075bcbf1b1d3d97b10bae842e6668bce4ad686c7f906eda7d310bfbd9a168f,,,val,clsdoa_source_split_v3_ontology_v2,ACCEPT,CORPUS_STRONG_LABEL,AUTO_PASS,,DATASET_LEVEL_VERIFIED,CC BY 4.0,OpenSLR SLR60 LibriTTS train-clean-100,unknown,PRESENT,24000,1,float32,5.0,deterministic contiguous 5.000 s,12.4,17.4,,none,,,0.4603271484375,0.4603271484375,,,true
libritts:5789:57158:5789_57158_000041_000001,speech,LibriTTS,speech,5789_57158_000041_000001,libritts:5789:57158:5789_57158_000041_000001,libritts:5789:57158:5789_57158_000041_000001,/home/leiyuxin/soundspaces/source_assets/clsdoa_v1/prepared/speech_libritts_train_clean_100_v1/audio/val/5789_57158_5789_57158_000041_000001.wav,/home/leiyuxin/soundspaces/source_assets/clsdoa_v1/prepared/speech_libritts_train_clean_100_v1/audio/val/5789_57158_5789_57158_000041_000001.wav,/home/leiyuxin/soundspaces/source_assets/clsdoa_v1/prepared/speech_libritts_train_clean_100_v1/audio/val/5789_57158_5789_57158_000041_000001.wav,92bcdda688078186a3740adc6e98f2ded763203b1b7b4b4f15cae83646bdc5a1,,,val,clsdoa_source_split_v3_ontology_v2,ACCEPT,CORPUS_STRONG_LABEL,AUTO_PASS,,DATASET_LEVEL_VERIFIED,CC BY 4.0,OpenSLR SLR60 LibriTTS train-clean-100,unknown,PRESENT,24000,1,float32,5.0,deterministic contiguous 5.000 s,2.7,7.7,,none,,,0.442291259765625,0.442291259765625,,,true
libritts:2691:156755:2691_156755_000018_000001,speech,LibriTTS,speech,2691_156755_000018_000001,libritts:2691:156755:2691_156755_000018_000001,libritts:2691:156755:2691_156755_000018_000001,/home/leiyuxin/soundspaces/source_assets/clsdoa_v1/prepared/speech_libritts_train_clean_100_v1/audio/val/2691_156755_2691_156755_000018_000001.wav,/home/leiyuxin/soundspaces/source_assets/clsdoa_v1/prepared/speech_libritts_train_clean_100_v1/audio/val/2691_156755_2691_156755_000018_000001.wav,/home/leiyuxin/soundspaces/source_assets/clsdoa_v1/prepared/speech_libritts_train_clean_100_v1/audio/val/2691_156755_2691_156755_000018_000001.wav,f955b1e6e605bf999f9da3ad54c9c50e9ebc30638951813f8a60f1f32e8c3621,,,val,clsdoa_source_split_v3_ontology_v2,ACCEPT,CORPUS_STRONG_LABEL,AUTO_PASS,,DATASET_LEVEL_VERIFIED,CC BY 4.0,OpenSLR SLR60 LibriTTS train-clean-100,unknown,PRESENT,24000,1,float32,5.0,deterministic contiguous 5.000 s,0.8,5.8,,none,,,0.3819580078125,0.3819580078125,,,true
libritts:200:124139:200_124139_000003_000001,speech,LibriTTS,speech,200_124139_000003_000001,libritts:200:124139:200_124139_000003_000001,libritts:200:124139:200_124139_000003_000001,/home/leiyuxin/soundspaces/source_assets/clsdoa_v1/prepared/speech_libritts_train_clean_100_v1/audio/val/200_124139_200_124139_000003_000001.wav,/home/leiyuxin/soundspaces/source_assets/clsdoa_v1/prepared/speech_libritts_train_clean_100_v1/audio/val/200_124139_200_124139_000003_000001.wav,/home/leiyuxin/soundspaces/source_assets/clsdoa_v1/prepared/speech_libritts_train_clean_100_v1/audio/val/200_124139_200_124139_000003_000001.wav,a80d09fc477ea23eabc160bef2d0007d5d5319d2eaa24de2e7c443017fe0dba1,,,val,clsdoa_source_split_v3_ontology_v2,ACCEPT,CORPUS_STRONG_LABEL,AUTO_PASS,,DATASET_LEVEL_VERIFIED,CC BY 4.0,OpenSLR SLR60 LibriTTS train-clean-100,unknown,PRESENT,24000,1,float32,5.0,deterministic contiguous 5.000 s,5.6,10.6,,none,,,0.461700439453125,0.461700439453125,,,true
libritts:5703:47212:5703_47212_000013_000000,speech,LibriTTS,speech,5703_47212_000013_000000,libritts:5703:47212:5703_47212_000013_000000,libritts:5703:47212:5703_47212_000013_000000,/home/leiyuxin/soundspaces/source_assets/clsdoa_v1/prepared/speech_libritts_train_clean_100_v1/audio/val/5703_47212_5703_47212_000013_000000.wav,/home/leiyuxin/soundspaces/source_assets/clsdoa_v1/prepared/speech_libritts_train_clean_100_v1/audio/val/5703_47212_5703_47212_000013_000000.wav,/home/leiyuxin/soundspaces/source_assets/clsdoa_v1/prepared/speech_libritts_train_clean_100_v1/audio/val/5703_47212_5703_47212_000013_000000.wav,fa8e6c9f078f2f2a83220f4d68aee386200384d572bc96434da0825c41f98d4f,,,val,clsdoa_source_split_v3_ontology_v2,ACCEPT,CORPUS_STRONG_LABEL,AUTO_PASS,,DATASET_LEVEL_VERIFIED,CC BY 4.0,OpenSLR SLR60 LibriTTS train-clean-100,unknown,PRESENT,24000,1,float32,5.0,deterministic contiguous 5.000 s,13.5,18.5,,none,,,0.741546630859375,0.741546630859375,,,true
libritts:6147:34607:6147_34607_000007_000003,speech,LibriTTS,speech,6147_34607_000007_000003,libritts:6147:34607:6147_34607_000007_000003,libritts:6147:34607:6147_34607_000007_000003,/home/leiyuxin/soundspaces/source_assets/clsdoa_v1/prepared/speech_libritts_train_clean_100_v1/audio/val/6147_34607_6147_34607_000007_000003.wav,/home/leiyuxin/soundspaces/source_assets/clsdoa_v1/prepared/speech_libritts_train_clean_100_v1/audio/val/6147_34607_6147_34607_000007_000003.wav,/home/leiyuxin/soundspaces/source_assets/clsdoa_v1/prepared/speech_libritts_train_clean_100_v1/audio/val/6147_34607_6147_34607_000007_000003.wav,2b0a83b5e1f82bcf1d4b34bb688c694b47bf1f832d811a54dc0f620ed77d639d,,,val,clsdoa_source_split_v3_ontology_v2,ACCEPT,CORPUS_STRONG_LABEL,AUTO_PASS,,DATASET_LEVEL_VERIFIED,CC BY 4.0,OpenSLR SLR60 LibriTTS train-clean-100,unknown,PRESENT,24000,1,float32,5.0,deterministic contiguous 5.000 s,0.0,5.0,,none,,,0.632171630859375,0.632171630859375,,,true
libritts:233:155990:233_155990_000018_000004,speech,LibriTTS,speech,233_155990_000018_000004,libritts:233:155990:233_155990_000018_000004,libritts:233:155990:233_155990_000018_000004,/home/leiyuxin/soundspaces/source_assets/clsdoa_v1/prepared/speech_libritts_train_clean_100_v1/audio/val/233_155990_233_155990_000018_000004.wav,/home/leiyuxin/soundspaces/source_assets/clsdoa_v1/prepared/speech_libritts_train_clean_100_v1/audio/val/233_155990_233_155990_000018_000004.wav,/home/leiyuxin/soundspaces/source_assets/clsdoa_v1/prepared/speech_libritts_train_clean_100_v1/audio/val/233_155990_233_155990_000018_000004.wav,abe93accfd0dbd2207987aaa9aaaaabeb29a380775924b5333fb2f5e25295db6,,,val,clsdoa_source_split_v3_ontology_v2,ACCEPT,CORPUS_STRONG_LABEL,AUTO_PASS,,DATASET_LEVEL_VERIFIED,CC BY 4.0,OpenSLR SLR60 LibriTTS train-clean-100,unknown,PRESENT,24000,1,float32,5.0,deterministic contiguous 5.000 s,6.5,11.5,,none,,,0.405517578125,0.405517578125,,,true
libritts:6880:216547:6880_216547_000052_000005,speech,LibriTTS,speech,6880_216547_000052_000005,libritts:6880:216547:6880_216547_000052_000005,libritts:6880:216547:6880_216547_000052_000005,/home/leiyuxin/soundspaces/source_assets/clsdoa_v1/prepared/speech_libritts_train_clean_100_v1/audio/val/6880_216547_6880_216547_000052_000005.wav,/home/leiyuxin/soundspaces/source_assets/clsdoa_v1/prepared/speech_libritts_train_clean_100_v1/audio/val/6880_216547_6880_216547_000052_000005.wav,/home/leiyuxin/soundspaces/source_assets/clsdoa_v1/prepared/speech_libritts_train_clean_100_v1/audio/val/6880_216547_6880_216547_000052_000005.wav,0d6158cb472ea1ea90f916d4db28315e387ac9b78635d5c9ae9e9e30ab3029f5,,,val,clsdoa_source_split_v3_ontology_v2,ACCEPT,CORPUS_STRONG_LABEL,AUTO_PASS,,DATASET_LEVEL_VERIFIED,CC BY 4.0,OpenSLR SLR60 LibriTTS train-clean-100,unknown,PRESENT,24000,1,float32,5.0,deterministic contiguous 5.000 s,8.5,13.5,,none,,,0.52520751953125,0.52520751953125,,,true
libritts:446:123502:446_123502_000013_000001,speech,LibriTTS,speech,446_123502_000013_000001,libritts:446:123502:446_123502_000013_000001,libritts:446:123502:446_123502_000013_000001,/home/leiyuxin/soundspaces/source_assets/clsdoa_v1/prepared/speech_libritts_train_clean_100_v1/audio/val/446_123502_446_123502_000013_000001.wav,/home/leiyuxin/soundspaces/source_assets/clsdoa_v1/prepared/speech_libritts_train_clean_100_v1/audio/val/446_123502_446_123502_000013_000001.wav,/home/leiyuxin/soundspaces/source_assets/clsdoa_v1/prepared/speech_libritts_train_clean_100_v1/audio/val/446_123502_446_123502_000013_000001.wav,c065aec67a9d66e9d20435e169dbb61c3da22ea5dc09c58e9e94dae0b3f42a57,,,val,clsdoa_source_split_v3_ontology_v2,ACCEPT,CORPUS_STRONG_LABEL,AUTO_PASS,,DATASET_LEVEL_VERIFIED,CC BY 4.0,OpenSLR SLR60 LibriTTS train-clean-100,unknown,PRESENT,24000,1,float32,5.0,deterministic contiguous 5.000 s,2.6,7.6,,none,,,0.510772705078125,0.510772705078125,,,true
libritts:2289:152253:2289_152253_000009_000001,speech,LibriTTS,speech,2289_152253_000009_000001,libritts:2289:152253:2289_152253_000009_000001,libritts:2289:152253:2289_152253_000009_000001,/home/leiyuxin/soundspaces/source_assets/clsdoa_v1/prepared/speech_libritts_train_clean_100_v1/audio/val/2289_152253_2289_152253_000009_000001.wav,/home/leiyuxin/soundspaces/source_assets/clsdoa_v1/prepared/speech_libritts_train_clean_100_v1/audio/val/2289_152253_2289_152253_000009_000001.wav,/home/leiyuxin/soundspaces/source_assets/clsdoa_v1/prepared/speech_libritts_train_clean_100_v1/audio/val/2289_152253_2289_152253_000009_000001.wav,0c4090e513c5b5455ad75c8c6dd2aed0de433991c7ed6ab0792dc24aa4e9dee7,,,val,clsdoa_source_split_v3_ontology_v2,ACCEPT,CORPUS_STRONG_LABEL,AUTO_PASS,,DATASET_LEVEL_VERIFIED,CC BY 4.0,OpenSLR SLR60 LibriTTS train-clean-100,unknown,PRESENT,24000,1,float32,5.0,deterministic contiguous 5.000 s,0.0,5.0,,none,,,0.891876220703125,0.891876220703125,,,true
libritts:2002:139469:2002_139469_000008_000003,speech,LibriTTS,speech,2002_139469_000008_000003,libritts:2002:139469:2002_139469_000008_000003,libritts:2002:139469:2002_139469_000008_000003,/home/leiyuxin/soundspaces/source_assets/clsdoa_v1/prepared/speech_libritts_train_clean_100_v1/audio/val/2002_139469_2002_139469_000008_000003.wav,/home/leiyuxin/soundspaces/source_assets/clsdoa_v1/prepared/speech_libritts_train_clean_100_v1/audio/val/2002_139469_2002_139469_000008_000003.wav,/home/leiyuxin/soundspaces/source_assets/clsdoa_v1/prepared/speech_libritts_train_clean_100_v1/audio/val/2002_139469_2002_139469_000008_000003.wav,d9f12f26ef035dc2a50edada066df6ed99914e67586843a1bfc80aacc2129b27,,,val,clsdoa_source_split_v3_ontology_v2,ACCEPT,CORPUS_STRONG_LABEL,AUTO_PASS,,DATASET_LEVEL_VERIFIED,CC BY 4.0,OpenSLR SLR60 LibriTTS train-clean-100,unknown,PRESENT,24000,1,float32,5.0,deterministic contiguous 5.000 s,3.8,8.8,,none,,,0.575653076171875,0.575653076171875,,,true
libritts:2518:154826:2518_154826_000038_000002,speech,LibriTTS,speech,2518_154826_000038_000002,libritts:2518:154826:2518_154826_000038_000002,libritts:2518:154826:2518_154826_000038_000002,/home/leiyuxin/soundspaces/source_assets/clsdoa_v1/prepared/speech_libritts_train_clean_100_v1/audio/val/2518_154826_2518_154826_000038_000002.wav,/home/leiyuxin/soundspaces/source_assets/clsdoa_v1/prepared/speech_libritts_train_clean_100_v1/audio/val/2518_154826_2518_154826_000038_000002.wav,/home/leiyuxin/soundspaces/source_assets/clsdoa_v1/prepared/speech_libritts_train_clean_100_v1/audio/val/2518_154826_2518_154826_000038_000002.wav,55c4cc224f7e4ab67ce6c0d9e7dd07f0e7eb222a154ad684b53d492089b1b002,,,val,clsdoa_source_split_v3_ontology_v2,ACCEPT,CORPUS_STRONG_LABEL,AUTO_PASS,,DATASET_LEVEL_VERIFIED,CC BY 4.0,OpenSLR SLR60 LibriTTS train-clean-100,unknown,PRESENT,24000,1,float32,5.0,deterministic contiguous 5.000 s,0.0,5.0,,none,,,0.309478759765625,0.309478759765625,,,true
libritts:1594:135914:1594_135914_000015_000001,speech,LibriTTS,speech,1594_135914_000015_000001,libritts:1594:135914:1594_135914_000015_000001,libritts:1594:135914:1594_135914_000015_000001,/home/leiyuxin/soundspaces/source_assets/clsdoa_v1/prepared/speech_libritts_train_clean_100_v1/audio/val/1594_135914_1594_135914_000015_000001.wav,/home/leiyuxin/soundspaces/source_assets/clsdoa_v1/prepared/speech_libritts_train_clean_100_v1/audio/val/1594_135914_1594_135914_000015_000001.wav,/home/leiyuxin/soundspaces/source_assets/clsdoa_v1/prepared/speech_libritts_train_clean_100_v1/audio/val/1594_135914_1594_135914_000015_000001.wav,957d851a16a35e4e5d5f08965daf3d45f91a921826bfab19f4dec385f8a81e4f,,,val,clsdoa_source_split_v3_ontology_v2,ACCEPT,CORPUS_STRONG_LABEL,AUTO_PASS,,DATASET_LEVEL_VERIFIED,CC BY 4.0,OpenSLR SLR60 LibriTTS train-clean-100,unknown,PRESENT,24000,1,float32,5.0,deterministic contiguous 5.000 s,0.0,5.0,,none,,,0.51898193359375,0.51898193359375,,,true
libritts:4680:16041:4680_16041_000004_000003,speech,LibriTTS,speech,4680_16041_000004_000003,libritts:4680:16041:4680_16041_000004_000003,libritts:4680:16041:4680_16041_000004_000003,/home/leiyuxin/soundspaces/source_assets/clsdoa_v1/prepared/speech_libritts_train_clean_100_v1/audio/val/4680_16041_4680_16041_000004_000003.wav,/home/leiyuxin/soundspaces/source_assets/clsdoa_v1/prepared/speech_libritts_train_clean_100_v1/audio/val/4680_16041_4680_16041_000004_000003.wav,/home/leiyuxin/soundspaces/source_assets/clsdoa_v1/prepared/speech_libritts_train_clean_100_v1/audio/val/4680_16041_4680_16041_000004_000003.wav,5b4b5ce77ad3b03a28d129791264ebcaaed08b7b5cff92e8cfb2970dbbca6f7a,,,val,clsdoa_source_split_v3_ontology_v2,ACCEPT,CORPUS_STRONG_LABEL,AUTO_PASS,,DATASET_LEVEL_VERIFIED,CC BY 4.0,OpenSLR SLR60 LibriTTS train-clean-100,unknown,PRESENT,24000,1,float32,5.0,deterministic contiguous 5.000 s,0.0,5.0,,none,,,0.37835693359375,0.37835693359375,,,true
libritts:1737:142397:1737_142397_000036_000002,speech,LibriTTS,speech,1737_142397_000036_000002,libritts:1737:142397:1737_142397_000036_000002,libritts:1737:142397:1737_142397_000036_000002,/home/leiyuxin/soundspaces/source_assets/clsdoa_v1/prepared/speech_libritts_train_clean_100_v1/audio/val/1737_142397_1737_142397_000036_000002.wav,/home/leiyuxin/soundspaces/source_assets/clsdoa_v1/prepared/speech_libritts_train_clean_100_v1/audio/val/1737_142397_1737_142397_000036_000002.wav,/home/leiyuxin/soundspaces/source_assets/clsdoa_v1/prepared/speech_libritts_train_clean_100_v1/audio/val/1737_142397_1737_142397_000036_000002.wav,3cdea41bd2da44e5d4bf1299c20b110c3aee50f8acb7a48ba65b2cdcc1379f80,,,val,clsdoa_source_split_v3_ontology_v2,ACCEPT,CORPUS_STRONG_LABEL,AUTO_PASS,,DATASET_LEVEL_VERIFIED,CC BY 4.0,OpenSLR SLR60 LibriTTS train-clean-100,unknown,PRESENT,24000,1,float32,5.0,deterministic contiguous 5.000 s,13.6,18.6,,none,,,0.5748291015625,0.5748291015625,,,true
libritts:8098:278252:8098_278252_000005_000001,speech,LibriTTS,speech,8098_278252_000005_000001,libritts:8098:278252:8098_278252_000005_000001,libritts:8098:278252:8098_278252_000005_000001,/home/leiyuxin/soundspaces/source_assets/clsdoa_v1/prepared/speech_libritts_train_clean_100_v1/audio/val/8098_278252_8098_278252_000005_000001.wav,/home/leiyuxin/soundspaces/source_assets/clsdoa_v1/prepared/speech_libritts_train_clean_100_v1/audio/val/8098_278252_8098_278252_000005_000001.wav,/home/leiyuxin/soundspaces/source_assets/clsdoa_v1/prepared/speech_libritts_train_clean_100_v1/audio/val/8098_278252_8098_278252_000005_000001.wav,b3b7695cacaf10204404eb1e8b2d0785d02faf958f84c515571d632051c70e32,,,val,clsdoa_source_split_v3_ontology_v2,ACCEPT,CORPUS_STRONG_LABEL,AUTO_PASS,,DATASET_LEVEL_VERIFIED,CC BY 4.0,OpenSLR SLR60 LibriTTS train-clean-100,unknown,PRESENT,24000,1,float32,5.0,deterministic contiguous 5.000 s,0.6,5.6,,none,,,0.3900146484375,0.3900146484375,,,true
libritts:3857:180923:3857_180923_000025_000000,speech,LibriTTS,speech,3857_180923_000025_000000,libritts:3857:180923:3857_180923_000025_000000,libritts:3857:180923:3857_180923_000025_000000,/home/leiyuxin/soundspaces/source_assets/clsdoa_v1/prepared/speech_libritts_train_clean_100_v1/audio/val/3857_180923_3857_180923_000025_000000.wav,/home/leiyuxin/soundspaces/source_assets/clsdoa_v1/prepared/speech_libritts_train_clean_100_v1/audio/val/3857_180923_3857_180923_000025_000000.wav,/home/leiyuxin/soundspaces/source_assets/clsdoa_v1/prepared/speech_libritts_train_clean_100_v1/audio/val/3857_180923_3857_180923_000025_000000.wav,5da972e4281cb0618647e4eab7fb5cd103bffc2c8fc28939ccbfa176c8f94833,,,val,clsdoa_source_split_v3_ontology_v2,ACCEPT,CORPUS_STRONG_LABEL,AUTO_PASS,,DATASET_LEVEL_VERIFIED,CC BY 4.0,OpenSLR SLR60 LibriTTS train-clean-100,unknown,PRESENT,24000,1,float32,5.0,deterministic contiguous 5.000 s,0.1,5.1,,none,,,0.377227783203125,0.377227783203125,,,true
libritts:4137:11702:4137_11702_000067_000003,speech,LibriTTS,speech,4137_11702_000067_000003,libritts:4137:11702:4137_11702_000067_000003,libritts:4137:11702:4137_11702_000067_000003,/home/leiyuxin/soundspaces/source_assets/clsdoa_v1/prepared/speech_libritts_train_clean_100_v1/audio/val/4137_11702_4137_11702_000067_000003.wav,/home/leiyuxin/soundspaces/source_assets/clsdoa_v1/prepared/speech_libritts_train_clean_100_v1/audio/val/4137_11702_4137_11702_000067_000003.wav,/home/leiyuxin/soundspaces/source_assets/clsdoa_v1/prepared/speech_libritts_train_clean_100_v1/audio/val/4137_11702_4137_11702_000067_000003.wav,795da1d5af69297cc6abe1734f07af4827ede00d516ea41e00053515e7008b95,,,val,clsdoa_source_split_v3_ontology_v2,ACCEPT,CORPUS_STRONG_LABEL,AUTO_PASS,,DATASET_LEVEL_VERIFIED,CC BY 4.0,OpenSLR SLR60 LibriTTS train-clean-100,unknown,PRESENT,24000,1,float32,5.0,deterministic contiguous 5.000 s,3.2,8.2,,none,,,0.511749267578125,0.511749267578125,,,true
libritts:2007:132570:2007_132570_000038_000002,speech,LibriTTS,speech,2007_132570_000038_000002,libritts:2007:132570:2007_132570_000038_000002,libritts:2007:132570:2007_132570_000038_000002,/home/leiyuxin/soundspaces/source_assets/clsdoa_v1/prepared/speech_libritts_train_clean_100_v1/audio/val/2007_132570_2007_132570_000038_000002.wav,/home/leiyuxin/soundspaces/source_assets/clsdoa_v1/prepared/speech_libritts_train_clean_100_v1/audio/val/2007_132570_2007_132570_000038_000002.wav,/home/leiyuxin/soundspaces/source_assets/clsdoa_v1/prepared/speech_libritts_train_clean_100_v1/audio/val/2007_132570_2007_132570_000038_000002.wav,78980d0a6dbb72a986aa70924f2feaded720ab65687a8d875399824696d195b3,,,val,clsdoa_source_split_v3_ontology_v2,ACCEPT,CORPUS_STRONG_LABEL,AUTO_PASS,,DATASET_LEVEL_VERIFIED,CC BY 4.0,OpenSLR SLR60 LibriTTS train-clean-100,unknown,PRESENT,24000,1,float32,5.0,deterministic contiguous 5.000 s,3.0,8.0,,none,,,0.55377197265625,0.55377197265625,,,true
libritts:426:122821:426_122821_000011_000004,speech,LibriTTS,speech,426_122821_000011_000004,libritts:426:122821:426_122821_000011_000004,libritts:426:122821:426_122821_000011_000004,/home/leiyuxin/soundspaces/source_assets/clsdoa_v1/prepared/speech_libritts_train_clean_100_v1/audio/val/426_122821_426_122821_000011_000004.wav,/home/leiyuxin/soundspaces/source_assets/clsdoa_v1/prepared/speech_libritts_train_clean_100_v1/audio/val/426_122821_426_122821_000011_000004.wav,/home/leiyuxin/soundspaces/source_assets/clsdoa_v1/prepared/speech_libritts_train_clean_100_v1/audio/val/426_122821_426_122821_000011_000004.wav,78de63d8712774183195e00c44f079f951946e9b9b222aa663c9eaa913d6b05e,,,val,clsdoa_source_split_v3_ontology_v2,ACCEPT,CORPUS_STRONG_LABEL,AUTO_PASS,,DATASET_LEVEL_VERIFIED,CC BY 4.0,OpenSLR SLR60 LibriTTS train-clean-100,unknown,PRESENT,24000,1,float32,5.0,deterministic contiguous 5.000 s,10.5,15.5,,none,,,0.73291015625,0.73291015625,,,true
libritts:4051:11217:4051_11217_000005_000001,speech,LibriTTS,speech,4051_11217_000005_000001,libritts:4051:11217:4051_11217_000005_000001,libritts:4051:11217:4051_11217_000005_000001,/home/leiyuxin/soundspaces/source_assets/clsdoa_v1/prepared/speech_libritts_train_clean_100_v1/audio/val/4051_11217_4051_11217_000005_000001.wav,/home/leiyuxin/soundspaces/source_assets/clsdoa_v1/prepared/speech_libritts_train_clean_100_v1/audio/val/4051_11217_4051_11217_000005_000001.wav,/home/leiyuxin/soundspaces/source_assets/clsdoa_v1/prepared/speech_libritts_train_clean_100_v1/audio/val/4051_11217_4051_11217_000005_000001.wav,db241ae00797c435c932748b9de91e45257ce13c72b40397c69925461acaacfc,,,val,clsdoa_source_split_v3_ontology_v2,ACCEPT,CORPUS_STRONG_LABEL,AUTO_PASS,,DATASET_LEVEL_VERIFIED,CC BY 4.0,OpenSLR SLR60 LibriTTS train-clean-100,unknown,PRESENT,24000,1,float32,5.0,deterministic contiguous 5.000 s,0.2,5.2,,none,,,0.431884765625,0.431884765625,,,true
libritts:4640:19189:4640_19189_000037_000000,speech,LibriTTS,speech,4640_19189_000037_000000,libritts:4640:19189:4640_19189_000037_000000,libritts:4640:19189:4640_19189_000037_000000,/home/leiyuxin/soundspaces/source_assets/clsdoa_v1/prepared/speech_libritts_train_clean_100_v1/audio/val/4640_19189_4640_19189_000037_000000.wav,/home/leiyuxin/soundspaces/source_assets/clsdoa_v1/prepared/speech_libritts_train_clean_100_v1/audio/val/4640_19189_4640_19189_000037_000000.wav,/home/leiyuxin/soundspaces/source_assets/clsdoa_v1/prepared/speech_libritts_train_clean_100_v1/audio/val/4640_19189_4640_19189_000037_000000.wav,48e379e257b3ead593ed2cb43792e651bb4ec133ea7b29d2347cba71d9ab03a6,,,val,clsdoa_source_split_v3_ontology_v2,ACCEPT,CORPUS_STRONG_LABEL,AUTO_PASS,,DATASET_LEVEL_VERIFIED,CC BY 4.0,OpenSLR SLR60 LibriTTS train-clean-100,unknown,PRESENT,24000,1,float32,5.0,deterministic contiguous 5.000 s,5.1,10.1,,none,,,0.627655029296875,0.627655029296875,,,true
libritts:3526:176653:3526_176653_000080_000004,speech,LibriTTS,speech,3526_176653_000080_000004,libritts:3526:176653:3526_176653_000080_000004,libritts:3526:176653:3526_176653_000080_000004,/home/leiyuxin/soundspaces/source_assets/clsdoa_v1/prepared/speech_libritts_train_clean_100_v1/audio/val/3526_176653_3526_176653_000080_000004.wav,/home/leiyuxin/soundspaces/source_assets/clsdoa_v1/prepared/speech_libritts_train_clean_100_v1/audio/val/3526_176653_3526_176653_000080_000004.wav,/home/leiyuxin/soundspaces/source_assets/clsdoa_v1/prepared/speech_libritts_train_clean_100_v1/audio/val/3526_176653_3526_176653_000080_000004.wav,e55f9d8ef2cdad4a42a6ce0b19c47d4eabd51b0656e0478bec809f95ce94e3d8,,,val,clsdoa_source_split_v3_ontology_v2,ACCEPT,CORPUS_STRONG_LABEL,AUTO_PASS,,DATASET_LEVEL_VERIFIED,CC BY 4.0,OpenSLR SLR60 LibriTTS train-clean-100,unknown,PRESENT,24000,1,float32,5.0,deterministic contiguous 5.000 s,0.0,5.0,,none,,,0.286102294921875,0.286102294921875,,,true
libritts:1553:140048:1553_140048_000016_000001,speech,LibriTTS,speech,1553_140048_000016_000001,libritts:1553:140048:1553_140048_000016_000001,libritts:1553:140048:1553_140048_000016_000001,/home/leiyuxin/soundspaces/source_assets/clsdoa_v1/prepared/speech_libritts_train_clean_100_v1/audio/val/1553_140048_1553_140048_000016_000001.wav,/home/leiyuxin/soundspaces/source_assets/clsdoa_v1/prepared/speech_libritts_train_clean_100_v1/audio/val/1553_140048_1553_140048_000016_000001.wav,/home/leiyuxin/soundspaces/source_assets/clsdoa_v1/prepared/speech_libritts_train_clean_100_v1/audio/val/1553_140048_1553_140048_000016_000001.wav,cf053ce745813a19383233eb109548be75714aa4b99ee5e954b81df07641b954,,,val,clsdoa_source_split_v3_ontology_v2,ACCEPT,CORPUS_STRONG_LABEL,AUTO_PASS,,DATASET_LEVEL_VERIFIED,CC BY 4.0,OpenSLR SLR60 LibriTTS train-clean-100,unknown,PRESENT,24000,1,float32,5.0,deterministic contiguous 5.000 s,0.1,5.1,,none,,,0.43865966796875,0.43865966796875,,,true
libritts:2514:149482:2514_149482_000013_000004,speech,LibriTTS,speech,2514_149482_000013_000004,libritts:2514:149482:2514_149482_000013_000004,libritts:2514:149482:2514_149482_000013_000004,/home/leiyuxin/soundspaces/source_assets/clsdoa_v1/prepared/speech_libritts_train_clean_100_v1/audio/val/2514_149482_2514_149482_000013_000004.wav,/home/leiyuxin/soundspaces/source_assets/clsdoa_v1/prepared/speech_libritts_train_clean_100_v1/audio/val/2514_149482_2514_149482_000013_000004.wav,/home/leiyuxin/soundspaces/source_assets/clsdoa_v1/prepared/speech_libritts_train_clean_100_v1/audio/val/2514_149482_2514_149482_000013_000004.wav,24d9b81cb0acc1477732ee44c8554a0e273d428d9eddd0aba377be5a5cdf38c4,,,val,clsdoa_source_split_v3_ontology_v2,ACCEPT,CORPUS_STRONG_LABEL,AUTO_PASS,,DATASET_LEVEL_VERIFIED,CC BY 4.0,OpenSLR SLR60 LibriTTS train-clean-100,unknown,PRESENT,24000,1,float32,5.0,deterministic contiguous 5.000 s,0.0,5.0,,none,,,0.42547607421875,0.42547607421875,,,true
libritts:4898:20016:4898_20016_000013_000003,speech,LibriTTS,speech,4898_20016_000013_000003,libritts:4898:20016:4898_20016_000013_000003,libritts:4898:20016:4898_20016_000013_000003,/home/leiyuxin/soundspaces/source_assets/clsdoa_v1/prepared/speech_libritts_train_clean_100_v1/audio/val/4898_20016_4898_20016_000013_000003.wav,/home/leiyuxin/soundspaces/source_assets/clsdoa_v1/prepared/speech_libritts_train_clean_100_v1/audio/val/4898_20016_4898_20016_000013_000003.wav,/home/leiyuxin/soundspaces/source_assets/clsdoa_v1/prepared/speech_libritts_train_clean_100_v1/audio/val/4898_20016_4898_20016_000013_000003.wav,63295e15d414e4441860ddd7898bde7dd52e80e7d710d8afa13516e856bfbdbe,,,val,clsdoa_source_split_v3_ontology_v2,ACCEPT,CORPUS_STRONG_LABEL,AUTO_PASS,,DATASET_LEVEL_VERIFIED,CC BY 4.0,OpenSLR SLR60 LibriTTS train-clean-100,unknown,PRESENT,24000,1,float32,5.0,deterministic contiguous 5.000 s,1.6,6.6,,none,,,0.432098388671875,0.432098388671875,,,true
libritts:3259:158083:3259_158083_000035_000000,speech,LibriTTS,speech,3259_158083_000035_000000,libritts:3259:158083:3259_158083_000035_000000,libritts:3259:158083:3259_158083_000035_000000,/home/leiyuxin/soundspaces/source_assets/clsdoa_v1/prepared/speech_libritts_train_clean_100_v1/audio/val/3259_158083_3259_158083_000035_000000.wav,/home/leiyuxin/soundspaces/source_assets/clsdoa_v1/prepared/speech_libritts_train_clean_100_v1/audio/val/3259_158083_3259_158083_000035_000000.wav,/home/leiyuxin/soundspaces/source_assets/clsdoa_v1/prepared/speech_libritts_train_clean_100_v1/audio/val/3259_158083_3259_158083_000035_000000.wav,7604feaf10d898961e2cfce9ace4f24e334cb9442b6f5e3a9f4fabcaa0a940aa,,,val,clsdoa_source_split_v3_ontology_v2,ACCEPT,CORPUS_STRONG_LABEL,AUTO_PASS,,DATASET_LEVEL_VERIFIED,CC BY 4.0,OpenSLR SLR60 LibriTTS train-clean-100,unknown,PRESENT,24000,1,float32,5.0,deterministic contiguous 5.000 s,0.0,5.0,,none,,,0.3675537109375,0.3675537109375,,,true
libritts:8051:119902:8051_119902_000011_000000,speech,LibriTTS,speech,8051_119902_000011_000000,libritts:8051:119902:8051_119902_000011_000000,libritts:8051:119902:8051_119902_000011_000000,/home/leiyuxin/soundspaces/source_assets/clsdoa_v1/prepared/speech_libritts_train_clean_100_v1/audio/test/8051_119902_8051_119902_000011_000000.wav,/home/leiyuxin/soundspaces/source_assets/clsdoa_v1/prepared/speech_libritts_train_clean_100_v1/audio/test/8051_119902_8051_119902_000011_000000.wav,/home/leiyuxin/soundspaces/source_assets/clsdoa_v1/prepared/speech_libritts_train_clean_100_v1/audio/test/8051_119902_8051_119902_000011_000000.wav,477e782a8085d5bc2b781cb37a2ed8e6e389c6da71a0213e60d7ce4f492c39da,,,test,clsdoa_source_split_v3_ontology_v2,ACCEPT,CORPUS_STRONG_LABEL,AUTO_PASS,,DATASET_LEVEL_VERIFIED,CC BY 4.0,OpenSLR SLR60 LibriTTS train-clean-100,unknown,PRESENT,24000,1,float32,5.0,deterministic contiguous 5.000 s,5.2,10.2,,none,,,0.41265869140625,0.41265869140625,,,true
libritts:7178:34645:7178_34645_000035_000019,speech,LibriTTS,speech,7178_34645_000035_000019,libritts:7178:34645:7178_34645_000035_000019,libritts:7178:34645:7178_34645_000035_000019,/home/leiyuxin/soundspaces/source_assets/clsdoa_v1/prepared/speech_libritts_train_clean_100_v1/audio/test/7178_34645_7178_34645_000035_000019.wav,/home/leiyuxin/soundspaces/source_assets/clsdoa_v1/prepared/speech_libritts_train_clean_100_v1/audio/test/7178_34645_7178_34645_000035_000019.wav,/home/leiyuxin/soundspaces/source_assets/clsdoa_v1/prepared/speech_libritts_train_clean_100_v1/audio/test/7178_34645_7178_34645_000035_000019.wav,ae187417af6da717d69711145ff555a9de91dca785e7a54d7af126afe54dbcdd,,,test,clsdoa_source_split_v3_ontology_v2,ACCEPT,CORPUS_STRONG_LABEL,AUTO_PASS,,DATASET_LEVEL_VERIFIED,CC BY 4.0,OpenSLR SLR60 LibriTTS train-clean-100,unknown,PRESENT,24000,1,float32,5.0,deterministic contiguous 5.000 s,0.6,5.6,,none,,,0.427032470703125,0.427032470703125,,,true
libritts:103:1241:103_1241_000014_000003,speech,LibriTTS,speech,103_1241_000014_000003,libritts:103:1241:103_1241_000014_000003,libritts:103:1241:103_1241_000014_000003,/home/leiyuxin/soundspaces/source_assets/clsdoa_v1/prepared/speech_libritts_train_clean_100_v1/audio/test/103_1241_103_1241_000014_000003.wav,/home/leiyuxin/soundspaces/source_assets/clsdoa_v1/prepared/speech_libritts_train_clean_100_v1/audio/test/103_1241_103_1241_000014_000003.wav,/home/leiyuxin/soundspaces/source_assets/clsdoa_v1/prepared/speech_libritts_train_clean_100_v1/audio/test/103_1241_103_1241_000014_000003.wav,4349a5294b4b96d1e76aa7fde4e58f951f98e6376b3b3fbd6fb83a2cbf505296,,,test,clsdoa_source_split_v3_ontology_v2,ACCEPT,CORPUS_STRONG_LABEL,AUTO_PASS,,DATASET_LEVEL_VERIFIED,CC BY 4.0,OpenSLR SLR60 LibriTTS train-clean-100,unknown,PRESENT,24000,1,float32,5.0,deterministic contiguous 5.000 s,4.0,9.0,,none,,,0.265533447265625,0.265533447265625,,,true
libritts:2391:145015:2391_145015_000031_000004,speech,LibriTTS,speech,2391_145015_000031_000004,libritts:2391:145015:2391_145015_000031_000004,libritts:2391:145015:2391_145015_000031_000004,/home/leiyuxin/soundspaces/source_assets/clsdoa_v1/prepared/speech_libritts_train_clean_100_v1/audio/test/2391_145015_2391_145015_000031_000004.wav,/home/leiyuxin/soundspaces/source_assets/clsdoa_v1/prepared/speech_libritts_train_clean_100_v1/audio/test/2391_145015_2391_145015_000031_000004.wav,/home/leiyuxin/soundspaces/source_assets/clsdoa_v1/prepared/speech_libritts_train_clean_100_v1/audio/test/2391_145015_2391_145015_000031_000004.wav,688e8f7960b2dd28c0f7e2b9efc1e86db20dcf4093df4057d17860cd99a156c8,,,test,clsdoa_source_split_v3_ontology_v2,ACCEPT,CORPUS_STRONG_LABEL,AUTO_PASS,,DATASET_LEVEL_VERIFIED,CC BY 4.0,OpenSLR SLR60 LibriTTS train-clean-100,unknown,PRESENT,24000,1,float32,5.0,deterministic contiguous 5.000 s,3.9,8.9,,none,,,0.668914794921875,0.668914794921875,,,true
libritts:2836:5355:2836_5355_000024_000000,speech,LibriTTS,speech,2836_5355_000024_000000,libritts:2836:5355:2836_5355_000024_000000,libritts:2836:5355:2836_5355_000024_000000,/home/leiyuxin/soundspaces/source_assets/clsdoa_v1/prepared/speech_libritts_train_clean_100_v1/audio/test/2836_5355_2836_5355_000024_000000.wav,/home/leiyuxin/soundspaces/source_assets/clsdoa_v1/prepared/speech_libritts_train_clean_100_v1/audio/test/2836_5355_2836_5355_000024_000000.wav,/home/leiyuxin/soundspaces/source_assets/clsdoa_v1/prepared/speech_libritts_train_clean_100_v1/audio/test/2836_5355_2836_5355_000024_000000.wav,0c3d973ad76413a992cf5484d1f25f177b1588024aed323187cc378a2b5e4b93,,,test,clsdoa_source_split_v3_ontology_v2,ACCEPT,CORPUS_STRONG_LABEL,AUTO_PASS,,DATASET_LEVEL_VERIFIED,CC BY 4.0,OpenSLR SLR60 LibriTTS train-clean-100,unknown,PRESENT,24000,1,float32,5.0,deterministic contiguous 5.000 s,0.0,5.0,,none,,,0.42169189453125,0.42169189453125,,,true
libritts:7505:258958:7505_258958_000013_000002,speech,LibriTTS,speech,7505_258958_000013_000002,libritts:7505:258958:7505_258958_000013_000002,libritts:7505:258958:7505_258958_000013_000002,/home/leiyuxin/soundspaces/source_assets/clsdoa_v1/prepared/speech_libritts_train_clean_100_v1/audio/test/7505_258958_7505_258958_000013_000002.wav,/home/leiyuxin/soundspaces/source_assets/clsdoa_v1/prepared/speech_libritts_train_clean_100_v1/audio/test/7505_258958_7505_258958_000013_000002.wav,/home/leiyuxin/soundspaces/source_assets/clsdoa_v1/prepared/speech_libritts_train_clean_100_v1/audio/test/7505_258958_7505_258958_000013_000002.wav,267f66b5cf8aee69ff59ebf325e6590ffadd0e642cc31beb3e658ffd9bec68af,,,test,clsdoa_source_split_v3_ontology_v2,ACCEPT,CORPUS_STRONG_LABEL,AUTO_PASS,,DATASET_LEVEL_VERIFIED,CC BY 4.0,OpenSLR SLR60 LibriTTS train-clean-100,unknown,PRESENT,24000,1,float32,5.0,deterministic contiguous 5.000 s,0.0,5.0,,none,,,0.530059814453125,0.530059814453125,,,true
libritts:7190:90542:7190_90542_000071_000000,speech,LibriTTS,speech,7190_90542_000071_000000,libritts:7190:90542:7190_90542_000071_000000,libritts:7190:90542:7190_90542_000071_000000,/home/leiyuxin/soundspaces/source_assets/clsdoa_v1/prepared/speech_libritts_train_clean_100_v1/audio/test/7190_90542_7190_90542_000071_000000.wav,/home/leiyuxin/soundspaces/source_assets/clsdoa_v1/prepared/speech_libritts_train_clean_100_v1/audio/test/7190_90542_7190_90542_000071_000000.wav,/home/leiyuxin/soundspaces/source_assets/clsdoa_v1/prepared/speech_libritts_train_clean_100_v1/audio/test/7190_90542_7190_90542_000071_000000.wav,ef53aa6445cdc7b41d186efeae6ba48c5b53e65394dfe4072b409b6b2812b39a,,,test,clsdoa_source_split_v3_ontology_v2,ACCEPT,CORPUS_STRONG_LABEL,AUTO_PASS,,DATASET_LEVEL_VERIFIED,CC BY 4.0,OpenSLR SLR60 LibriTTS train-clean-100,unknown,PRESENT,24000,1,float32,5.0,deterministic contiguous 5.000 s,1.5,6.5,,none,,,0.4652099609375,0.4652099609375,,,true
libritts:4267:287369:4267_287369_000016_000000,speech,LibriTTS,speech,4267_287369_000016_000000,libritts:4267:287369:4267_287369_000016_000000,libritts:4267:287369:4267_287369_000016_000000,/home/leiyuxin/soundspaces/source_assets/clsdoa_v1/prepared/speech_libritts_train_clean_100_v1/audio/test/4267_287369_4267_287369_000016_000000.wav,/home/leiyuxin/soundspaces/source_assets/clsdoa_v1/prepared/speech_libritts_train_clean_100_v1/audio/test/4267_287369_4267_287369_000016_000000.wav,/home/leiyuxin/soundspaces/source_assets/clsdoa_v1/prepared/speech_libritts_train_clean_100_v1/audio/test/4267_287369_4267_287369_000016_000000.wav,b9ef000bbfeed4b243f418273c872d4a1b598a1592c7e83064c2b288b38d21bd,,,test,clsdoa_source_split_v3_ontology_v2,ACCEPT,CORPUS_STRONG_LABEL,AUTO_PASS,,DATASET_LEVEL_VERIFIED,CC BY 4.0,OpenSLR SLR60 LibriTTS train-clean-100,unknown,PRESENT,24000,1,float32,5.0,deterministic contiguous 5.000 s,0.0,5.0,,none,,,0.407379150390625,0.407379150390625,,,true
libritts:1502:122615:1502_122615_000014_000000,speech,LibriTTS,speech,1502_122615_000014_000000,libritts:1502:122615:1502_122615_000014_000000,libritts:1502:122615:1502_122615_000014_000000,/home/leiyuxin/soundspaces/source_assets/clsdoa_v1/prepared/speech_libritts_train_clean_100_v1/audio/test/1502_122615_1502_122615_000014_000000.wav,/home/leiyuxin/soundspaces/source_assets/clsdoa_v1/prepared/speech_libritts_train_clean_100_v1/audio/test/1502_122615_1502_122615_000014_000000.wav,/home/leiyuxin/soundspaces/source_assets/clsdoa_v1/prepared/speech_libritts_train_clean_100_v1/audio/test/1502_122615_1502_122615_000014_000000.wav,5643c414927ebbea175e5dfcb3fa2c8e8ef202e66073f3edf4cad00c4d4a1e25,,,test,clsdoa_source_split_v3_ontology_v2,ACCEPT,CORPUS_STRONG_LABEL,AUTO_PASS,,DATASET_LEVEL_VERIFIED,CC BY 4.0,OpenSLR SLR60 LibriTTS train-clean-100,unknown,PRESENT,24000,1,float32,5.0,deterministic contiguous 5.000 s,0.0,5.0,,none,,,0.411529541015625,0.411529541015625,,,true
libritts:7402:59171:7402_59171_000011_000008,speech,LibriTTS,speech,7402_59171_000011_000008,libritts:7402:59171:7402_59171_000011_000008,libritts:7402:59171:7402_59171_000011_000008,/home/leiyuxin/soundspaces/source_assets/clsdoa_v1/prepared/speech_libritts_train_clean_100_v1/audio/test/7402_59171_7402_59171_000011_000008.wav,/home/leiyuxin/soundspaces/source_assets/clsdoa_v1/prepared/speech_libritts_train_clean_100_v1/audio/test/7402_59171_7402_59171_000011_000008.wav,/home/leiyuxin/soundspaces/source_assets/clsdoa_v1/prepared/speech_libritts_train_clean_100_v1/audio/test/7402_59171_7402_59171_000011_000008.wav,7856acd5897bc6ebe7302d0e6a983cd9a299620cc0fe8fdd5e3eed6f7c0df98b,,,test,clsdoa_source_split_v3_ontology_v2,ACCEPT,CORPUS_STRONG_LABEL,AUTO_PASS,,DATASET_LEVEL_VERIFIED,CC BY 4.0,OpenSLR SLR60 LibriTTS train-clean-100,unknown,PRESENT,24000,1,float32,5.0,deterministic contiguous 5.000 s,0.0,5.0,,none,,,0.567626953125,0.567626953125,,,true
libritts:6563:285357:6563_285357_000005_000002,speech,LibriTTS,speech,6563_285357_000005_000002,libritts:6563:285357:6563_285357_000005_000002,libritts:6563:285357:6563_285357_000005_000002,/home/leiyuxin/soundspaces/source_assets/clsdoa_v1/prepared/speech_libritts_train_clean_100_v1/audio/test/6563_285357_6563_285357_000005_000002.wav,/home/leiyuxin/soundspaces/source_assets/clsdoa_v1/prepared/speech_libritts_train_clean_100_v1/audio/test/6563_285357_6563_285357_000005_000002.wav,/home/leiyuxin/soundspaces/source_assets/clsdoa_v1/prepared/speech_libritts_train_clean_100_v1/audio/test/6563_285357_6563_285357_000005_000002.wav,ebafdc5f578126421de9db4a686defa978751ec6ac80f487c610825f142b9889,,,test,clsdoa_source_split_v3_ontology_v2,ACCEPT,CORPUS_STRONG_LABEL,AUTO_PASS,,DATASET_LEVEL_VERIFIED,CC BY 4.0,OpenSLR SLR60 LibriTTS train-clean-100,unknown,PRESENT,24000,1,float32,5.0,deterministic contiguous 5.000 s,7.4,12.4,,none,,,0.693084716796875,0.693084716796875,,,true
libritts:5339:14133:5339_14133_000026_000005,speech,LibriTTS,speech,5339_14133_000026_000005,libritts:5339:14133:5339_14133_000026_000005,libritts:5339:14133:5339_14133_000026_000005,/home/leiyuxin/soundspaces/source_assets/clsdoa_v1/prepared/speech_libritts_train_clean_100_v1/audio/test/5339_14133_5339_14133_000026_000005.wav,/home/leiyuxin/soundspaces/source_assets/clsdoa_v1/prepared/speech_libritts_train_clean_100_v1/audio/test/5339_14133_5339_14133_000026_000005.wav,/home/leiyuxin/soundspaces/source_assets/clsdoa_v1/prepared/speech_libritts_train_clean_100_v1/audio/test/5339_14133_5339_14133_000026_000005.wav,c32d0b124195f8810359e7a3626777056f1bfde99356d26591519cbf0dc3049e,,,test,clsdoa_source_split_v3_ontology_v2,ACCEPT,CORPUS_STRONG_LABEL,AUTO_PASS,,DATASET_LEVEL_VERIFIED,CC BY 4.0,OpenSLR SLR60 LibriTTS train-clean-100,unknown,PRESENT,24000,1,float32,5.0,deterministic contiguous 5.000 s,0.1,5.1,,none,,,0.461944580078125,0.461944580078125,,,true
libritts:2196:170151:2196_170151_000014_000000,speech,LibriTTS,speech,2196_170151_000014_000000,libritts:2196:170151:2196_170151_000014_000000,libritts:2196:170151:2196_170151_000014_000000,/home/leiyuxin/soundspaces/source_assets/clsdoa_v1/prepared/speech_libritts_train_clean_100_v1/audio/test/2196_170151_2196_170151_000014_000000.wav,/home/leiyuxin/soundspaces/source_assets/clsdoa_v1/prepared/speech_libritts_train_clean_100_v1/audio/test/2196_170151_2196_170151_000014_000000.wav,/home/leiyuxin/soundspaces/source_assets/clsdoa_v1/prepared/speech_libritts_train_clean_100_v1/audio/test/2196_170151_2196_170151_000014_000000.wav,9a8ef9c46c862f21f83483d5586376db05ec6c0ef9d267a10cebc794e8864fb0,,,test,clsdoa_source_split_v3_ontology_v2,ACCEPT,CORPUS_STRONG_LABEL,AUTO_PASS,,DATASET_LEVEL_VERIFIED,CC BY 4.0,OpenSLR SLR60 LibriTTS train-clean-100,unknown,PRESENT,24000,1,float32,5.0,deterministic contiguous 5.000 s,0.0,5.0,,none,,,0.3934326171875,0.3934326171875,,,true
libritts:27:123349:27_123349_000009_000002,speech,LibriTTS,speech,27_123349_000009_000002,libritts:27:123349:27_123349_000009_000002,libritts:27:123349:27_123349_000009_000002,/home/leiyuxin/soundspaces/source_assets/clsdoa_v1/prepared/speech_libritts_train_clean_100_v1/audio/test/27_123349_27_123349_000009_000002.wav,/home/leiyuxin/soundspaces/source_assets/clsdoa_v1/prepared/speech_libritts_train_clean_100_v1/audio/test/27_123349_27_123349_000009_000002.wav,/home/leiyuxin/soundspaces/source_assets/clsdoa_v1/prepared/speech_libritts_train_clean_100_v1/audio/test/27_123349_27_123349_000009_000002.wav,a7c35528f8a7bda0b485726fa78d67659b62a917c0dc32d33374bae083fe219f,,,test,clsdoa_source_split_v3_ontology_v2,ACCEPT,CORPUS_STRONG_LABEL,AUTO_PASS,,DATASET_LEVEL_VERIFIED,CC BY 4.0,OpenSLR SLR60 LibriTTS train-clean-100,unknown,PRESENT,24000,1,float32,5.0,deterministic contiguous 5.000 s,2.5,7.5,,none,,,0.2789306640625,0.2789306640625,,,true
libritts:201:127786:201_127786_000023_000002,speech,LibriTTS,speech,201_127786_000023_000002,libritts:201:127786:201_127786_000023_000002,libritts:201:127786:201_127786_000023_000002,/home/leiyuxin/soundspaces/source_assets/clsdoa_v1/prepared/speech_libritts_train_clean_100_v1/audio/test/201_127786_201_127786_000023_000002.wav,/home/leiyuxin/soundspaces/source_assets/clsdoa_v1/prepared/speech_libritts_train_clean_100_v1/audio/test/201_127786_201_127786_000023_000002.wav,/home/leiyuxin/soundspaces/source_assets/clsdoa_v1/prepared/speech_libritts_train_clean_100_v1/audio/test/201_127786_201_127786_000023_000002.wav,2dba0f15d857d296a9693085295fb6c9220e0ed137d13ef5182020e4f03d89aa,,,test,clsdoa_source_split_v3_ontology_v2,ACCEPT,CORPUS_STRONG_LABEL,AUTO_PASS,,DATASET_LEVEL_VERIFIED,CC BY 4.0,OpenSLR SLR60 LibriTTS train-clean-100,unknown,PRESENT,24000,1,float32,5.0,deterministic contiguous 5.000 s,0.9,5.9,,none,,,0.77178955078125,0.77178955078125,,,true
libritts:3830:12530:3830_12530_000032_000001,speech,LibriTTS,speech,3830_12530_000032_000001,libritts:3830:12530:3830_12530_000032_000001,libritts:3830:12530:3830_12530_000032_000001,/home/leiyuxin/soundspaces/source_assets/clsdoa_v1/prepared/speech_libritts_train_clean_100_v1/audio/test/3830_12530_3830_12530_000032_000001.wav,/home/leiyuxin/soundspaces/source_assets/clsdoa_v1/prepared/speech_libritts_train_clean_100_v1/audio/test/3830_12530_3830_12530_000032_000001.wav,/home/leiyuxin/soundspaces/source_assets/clsdoa_v1/prepared/speech_libritts_train_clean_100_v1/audio/test/3830_12530_3830_12530_000032_000001.wav,d811eb0514a9a661ca6d3ae73e499fd46f34d2e36447122840d00acb377eee5b,,,test,clsdoa_source_split_v3_ontology_v2,ACCEPT,CORPUS_STRONG_LABEL,AUTO_PASS,,DATASET_LEVEL_VERIFIED,CC BY 4.0,OpenSLR SLR60 LibriTTS train-clean-100,unknown,PRESENT,24000,1,float32,5.0,deterministic contiguous 5.000 s,4.6,9.6,,none,,,0.55767822265625,0.55767822265625,,,true
libritts:1841:179183:1841_179183_000013_000004,speech,LibriTTS,speech,1841_179183_000013_000004,libritts:1841:179183:1841_179183_000013_000004,libritts:1841:179183:1841_179183_000013_000004,/home/leiyuxin/soundspaces/source_assets/clsdoa_v1/prepared/speech_libritts_train_clean_100_v1/audio/test/1841_179183_1841_179183_000013_000004.wav,/home/leiyuxin/soundspaces/source_assets/clsdoa_v1/prepared/speech_libritts_train_clean_100_v1/audio/test/1841_179183_1841_179183_000013_000004.wav,/home/leiyuxin/soundspaces/source_assets/clsdoa_v1/prepared/speech_libritts_train_clean_100_v1/audio/test/1841_179183_1841_179183_000013_000004.wav,d4243b35dfed4b4c766dd40d73d82c92a8a8605fc46ba63712b47aa55e32df91,,,test,clsdoa_source_split_v3_ontology_v2,ACCEPT,CORPUS_STRONG_LABEL,AUTO_PASS,,DATASET_LEVEL_VERIFIED,CC BY 4.0,OpenSLR SLR60 LibriTTS train-clean-100,unknown,PRESENT,24000,1,float32,5.0,deterministic contiguous 5.000 s,0.1,5.1,,none,,,0.454559326171875,0.454559326171875,,,true
libritts:8108:274318:8108_274318_000012_000003,speech,LibriTTS,speech,8108_274318_000012_000003,libritts:8108:274318:8108_274318_000012_000003,libritts:8108:274318:8108_274318_000012_000003,/home/leiyuxin/soundspaces/source_assets/clsdoa_v1/prepared/speech_libritts_train_clean_100_v1/audio/test/8108_274318_8108_274318_000012_000003.wav,/home/leiyuxin/soundspaces/source_assets/clsdoa_v1/prepared/speech_libritts_train_clean_100_v1/audio/test/8108_274318_8108_274318_000012_000003.wav,/home/leiyuxin/soundspaces/source_assets/clsdoa_v1/prepared/speech_libritts_train_clean_100_v1/audio/test/8108_274318_8108_274318_000012_000003.wav,ab126d1075cf4322b59fd252136f3db6b39264254034113fa4e9e34ee522435b,,,test,clsdoa_source_split_v3_ontology_v2,ACCEPT,CORPUS_STRONG_LABEL,AUTO_PASS,,DATASET_LEVEL_VERIFIED,CC BY 4.0,OpenSLR SLR60 LibriTTS train-clean-100,unknown,PRESENT,24000,1,float32,5.0,deterministic contiguous 5.000 s,10.6,15.6,,none,,,0.92803955078125,0.92803955078125,,,true
libritts:3112:9555:3112_9555_000017_000001,speech,LibriTTS,speech,3112_9555_000017_000001,libritts:3112:9555:3112_9555_000017_000001,libritts:3112:9555:3112_9555_000017_000001,/home/leiyuxin/soundspaces/source_assets/clsdoa_v1/prepared/speech_libritts_train_clean_100_v1/audio/test/3112_9555_3112_9555_000017_000001.wav,/home/leiyuxin/soundspaces/source_assets/clsdoa_v1/prepared/speech_libritts_train_clean_100_v1/audio/test/3112_9555_3112_9555_000017_000001.wav,/home/leiyuxin/soundspaces/source_assets/clsdoa_v1/prepared/speech_libritts_train_clean_100_v1/audio/test/3112_9555_3112_9555_000017_000001.wav,dd71d85506217dd850a18d03b90c8043c58048a2a3128a8cb3b99599621110d8,,,test,clsdoa_source_split_v3_ontology_v2,ACCEPT,CORPUS_STRONG_LABEL,AUTO_PASS,,DATASET_LEVEL_VERIFIED,CC BY 4.0,OpenSLR SLR60 LibriTTS train-clean-100,unknown,PRESENT,24000,1,float32,5.0,deterministic contiguous 5.000 s,6.4,11.4,,none,,,0.558746337890625,0.558746337890625,,,true
libritts:6836:76549:6836_76549_000002_000000,speech,LibriTTS,speech,6836_76549_000002_000000,libritts:6836:76549:6836_76549_000002_000000,libritts:6836:76549:6836_76549_000002_000000,/home/leiyuxin/soundspaces/source_assets/clsdoa_v1/prepared/speech_libritts_train_clean_100_v1/audio/test/6836_76549_6836_76549_000002_000000.wav,/home/leiyuxin/soundspaces/source_assets/clsdoa_v1/prepared/speech_libritts_train_clean_100_v1/audio/test/6836_76549_6836_76549_000002_000000.wav,/home/leiyuxin/soundspaces/source_assets/clsdoa_v1/prepared/speech_libritts_train_clean_100_v1/audio/test/6836_76549_6836_76549_000002_000000.wav,b50cfe0d728090a06aa111343a3cce518231fec08e8b4cd8161cb7ee49369d4e,,,test,clsdoa_source_split_v3_ontology_v2,ACCEPT,CORPUS_STRONG_LABEL,AUTO_PASS,,DATASET_LEVEL_VERIFIED,CC BY 4.0,OpenSLR SLR60 LibriTTS train-clean-100,unknown,PRESENT,24000,1,float32,5.0,deterministic contiguous 5.000 s,0.3,5.3,,none,,,0.419525146484375,0.419525146484375,,,true
libritts:1447:17506:1447_17506_000004_000001,speech,LibriTTS,speech,1447_17506_000004_000001,libritts:1447:17506:1447_17506_000004_000001,libritts:1447:17506:1447_17506_000004_000001,/home/leiyuxin/soundspaces/source_assets/clsdoa_v1/prepared/speech_libritts_train_clean_100_v1/audio/test/1447_17506_1447_17506_000004_000001.wav,/home/leiyuxin/soundspaces/source_assets/clsdoa_v1/prepared/speech_libritts_train_clean_100_v1/audio/test/1447_17506_1447_17506_000004_000001.wav,/home/leiyuxin/soundspaces/source_assets/clsdoa_v1/prepared/speech_libritts_train_clean_100_v1/audio/test/1447_17506_1447_17506_000004_000001.wav,a1ce0b2943ac2994548303b19b239ecc248aa6a95cb9933b9c2ec52809121dee,,,test,clsdoa_source_split_v3_ontology_v2,ACCEPT,CORPUS_STRONG_LABEL,AUTO_PASS,,DATASET_LEVEL_VERIFIED,CC BY 4.0,OpenSLR SLR60 LibriTTS train-clean-100,unknown,PRESENT,24000,1,float32,5.0,deterministic contiguous 5.000 s,0.3,5.3,,none,,,0.503448486328125,0.503448486328125,,,true
libritts:7278:91083:7278_91083_000011_000004,speech,LibriTTS,speech,7278_91083_000011_000004,libritts:7278:91083:7278_91083_000011_000004,libritts:7278:91083:7278_91083_000011_000004,/home/leiyuxin/soundspaces/source_assets/clsdoa_v1/prepared/speech_libritts_train_clean_100_v1/audio/test/7278_91083_7278_91083_000011_000004.wav,/home/leiyuxin/soundspaces/source_assets/clsdoa_v1/prepared/speech_libritts_train_clean_100_v1/audio/test/7278_91083_7278_91083_000011_000004.wav,/home/leiyuxin/soundspaces/source_assets/clsdoa_v1/prepared/speech_libritts_train_clean_100_v1/audio/test/7278_91083_7278_91083_000011_000004.wav,d58ddf0981f999e3d5dd27533374b2bd024d77580dd3634ead69beab7f156bd2,,,test,clsdoa_source_split_v3_ontology_v2,ACCEPT,CORPUS_STRONG_LABEL,AUTO_PASS,,DATASET_LEVEL_VERIFIED,CC BY 4.0,OpenSLR SLR60 LibriTTS train-clean-100,unknown,PRESENT,24000,1,float32,5.0,deterministic contiguous 5.000 s,1.8,6.8,,none,,,0.27203369140625,0.27203369140625,,,true
libritts:6437:66173:6437_66173_000004_000000,speech,LibriTTS,speech,6437_66173_000004_000000,libritts:6437:66173:6437_66173_000004_000000,libritts:6437:66173:6437_66173_000004_000000,/home/leiyuxin/soundspaces/source_assets/clsdoa_v1/prepared/speech_libritts_train_clean_100_v1/audio/test/6437_66173_6437_66173_000004_000000.wav,/home/leiyuxin/soundspaces/source_assets/clsdoa_v1/prepared/speech_libritts_train_clean_100_v1/audio/test/6437_66173_6437_66173_000004_000000.wav,/home/leiyuxin/soundspaces/source_assets/clsdoa_v1/prepared/speech_libritts_train_clean_100_v1/audio/test/6437_66173_6437_66173_000004_000000.wav,69081acb0d33a07aec5746fa2e7cfcc9edb94f59219a75c5bf7f9164bd6d3af5,,,test,clsdoa_source_split_v3_ontology_v2,ACCEPT,CORPUS_STRONG_LABEL,AUTO_PASS,,DATASET_LEVEL_VERIFIED,CC BY 4.0,OpenSLR SLR60 LibriTTS train-clean-100,unknown,PRESENT,24000,1,float32,5.0,deterministic contiguous 5.000 s,0.0,5.0,,none,,,0.669189453125,0.669189453125,,,true
libritts:196:122152:196_122152_000002_000000,speech,LibriTTS,speech,196_122152_000002_000000,libritts:196:122152:196_122152_000002_000000,libritts:196:122152:196_122152_000002_000000,/home/leiyuxin/soundspaces/source_assets/clsdoa_v1/prepared/speech_libritts_train_clean_100_v1/audio/test/196_122152_196_122152_000002_000000.wav,/home/leiyuxin/soundspaces/source_assets/clsdoa_v1/prepared/speech_libritts_train_clean_100_v1/audio/test/196_122152_196_122152_000002_000000.wav,/home/leiyuxin/soundspaces/source_assets/clsdoa_v1/prepared/speech_libritts_train_clean_100_v1/audio/test/196_122152_196_122152_000002_000000.wav,f0238d3c5ab8ab3eb455f5e3153517f5b75d56ea87d24a290d890becb19383f4,,,test,clsdoa_source_split_v3_ontology_v2,ACCEPT,CORPUS_STRONG_LABEL,AUTO_PASS,,DATASET_LEVEL_VERIFIED,CC BY 4.0,OpenSLR SLR60 LibriTTS train-clean-100,unknown,PRESENT,24000,1,float32,5.0,deterministic contiguous 5.000 s,0.0,5.0,,none,,,0.592926025390625,0.592926025390625,,,true
libritts:60:121082:60_121082_000005_000007,speech,LibriTTS,speech,60_121082_000005_000007,libritts:60:121082:60_121082_000005_000007,libritts:60:121082:60_121082_000005_000007,/home/leiyuxin/soundspaces/source_assets/clsdoa_v1/prepared/speech_libritts_train_clean_100_v1/audio/test/60_121082_60_121082_000005_000007.wav,/home/leiyuxin/soundspaces/source_assets/clsdoa_v1/prepared/speech_libritts_train_clean_100_v1/audio/test/60_121082_60_121082_000005_000007.wav,/home/leiyuxin/soundspaces/source_assets/clsdoa_v1/prepared/speech_libritts_train_clean_100_v1/audio/test/60_121082_60_121082_000005_000007.wav,74086312f4ef7c5f8fb83380e3b6745fd77399fe6bf3064c60ce3a960030aff6,,,test,clsdoa_source_split_v3_ontology_v2,ACCEPT,CORPUS_STRONG_LABEL,AUTO_PASS,,DATASET_LEVEL_VERIFIED,CC BY 4.0,OpenSLR SLR60 LibriTTS train-clean-100,unknown,PRESENT,24000,1,float32,5.0,deterministic contiguous 5.000 s,0.5,5.5,,none,,,0.436798095703125,0.436798095703125,,,true
libritts:3235:11599:3235_11599_000009_000001,speech,LibriTTS,speech,3235_11599_000009_000001,libritts:3235:11599:3235_11599_000009_000001,libritts:3235:11599:3235_11599_000009_000001,/home/leiyuxin/soundspaces/source_assets/clsdoa_v1/prepared/speech_libritts_train_clean_100_v1/audio/test/3235_11599_3235_11599_000009_000001.wav,/home/leiyuxin/soundspaces/source_assets/clsdoa_v1/prepared/speech_libritts_train_clean_100_v1/audio/test/3235_11599_3235_11599_000009_000001.wav,/home/leiyuxin/soundspaces/source_assets/clsdoa_v1/prepared/speech_libritts_train_clean_100_v1/audio/test/3235_11599_3235_11599_000009_000001.wav,bd9d7983533e0f3eb1e1c5cc0557e8c4b2e859636957db8d61c346ca93d48325,,,test,clsdoa_source_split_v3_ontology_v2,ACCEPT,CORPUS_STRONG_LABEL,AUTO_PASS,,DATASET_LEVEL_VERIFIED,CC BY 4.0,OpenSLR SLR60 LibriTTS train-clean-100,unknown,PRESENT,24000,1,float32,5.0,deterministic contiguous 5.000 s,6.2,11.2,,none,,,0.29083251953125,0.29083251953125,,,true
libritts:2989:138028:2989_138028_000028_000000,speech,LibriTTS,speech,2989_138028_000028_000000,libritts:2989:138028:2989_138028_000028_000000,libritts:2989:138028:2989_138028_000028_000000,/home/leiyuxin/soundspaces/source_assets/clsdoa_v1/prepared/speech_libritts_train_clean_100_v1/audio/test/2989_138028_2989_138028_000028_000000.wav,/home/leiyuxin/soundspaces/source_assets/clsdoa_v1/prepared/speech_libritts_train_clean_100_v1/audio/test/2989_138028_2989_138028_000028_000000.wav,/home/leiyuxin/soundspaces/source_assets/clsdoa_v1/prepared/speech_libritts_train_clean_100_v1/audio/test/2989_138028_2989_138028_000028_000000.wav,5a8f584b818dea7cc473dad27a4a665ac9df4b3b1bf6bab99f2e8b5675d65aec,,,test,clsdoa_source_split_v3_ontology_v2,ACCEPT,CORPUS_STRONG_LABEL,AUTO_PASS,,DATASET_LEVEL_VERIFIED,CC BY 4.0,OpenSLR SLR60 LibriTTS train-clean-100,unknown,PRESENT,24000,1,float32,5.0,deterministic contiguous 5.000 s,0.0,5.0,,none,,,0.89208984375,0.89208984375,,,true
libritts:4481:17498:4481_17498_000008_000000,speech,LibriTTS,speech,4481_17498_000008_000000,libritts:4481:17498:4481_17498_000008_000000,libritts:4481:17498:4481_17498_000008_000000,/home/leiyuxin/soundspaces/source_assets/clsdoa_v1/prepared/speech_libritts_train_clean_100_v1/audio/test/4481_17498_4481_17498_000008_000000.wav,/home/leiyuxin/soundspaces/source_assets/clsdoa_v1/prepared/speech_libritts_train_clean_100_v1/audio/test/4481_17498_4481_17498_000008_000000.wav,/home/leiyuxin/soundspaces/source_assets/clsdoa_v1/prepared/speech_libritts_train_clean_100_v1/audio/test/4481_17498_4481_17498_000008_000000.wav,40b98f39fc7186276b6e24db18b38cdaecdfbe86bddefb1a0ed2ec7465b1c962,,,test,clsdoa_source_split_v3_ontology_v2,ACCEPT,CORPUS_STRONG_LABEL,AUTO_PASS,,DATASET_LEVEL_VERIFIED,CC BY 4.0,OpenSLR SLR60 LibriTTS train-clean-100,unknown,PRESENT,24000,1,float32,5.0,deterministic contiguous 5.000 s,0.0,5.0,,none,,,0.3519287109375,0.3519287109375,,,true
libritts:6818:68772:6818_68772_000031_000000,speech,LibriTTS,speech,6818_68772_000031_000000,libritts:6818:68772:6818_68772_000031_000000,libritts:6818:68772:6818_68772_000031_000000,/home/leiyuxin/soundspaces/source_assets/clsdoa_v1/prepared/speech_libritts_train_clean_100_v1/audio/test/6818_68772_6818_68772_000031_000000.wav,/home/leiyuxin/soundspaces/source_assets/clsdoa_v1/prepared/speech_libritts_train_clean_100_v1/audio/test/6818_68772_6818_68772_000031_000000.wav,/home/leiyuxin/soundspaces/source_assets/clsdoa_v1/prepared/speech_libritts_train_clean_100_v1/audio/test/6818_68772_6818_68772_000031_000000.wav,ae8b39753bd095dfde49ab9b6580c85a61d9e0d15904e5a4e7963682c313189b,,,test,clsdoa_source_split_v3_ontology_v2,ACCEPT,CORPUS_STRONG_LABEL,AUTO_PASS,,DATASET_LEVEL_VERIFIED,CC BY 4.0,OpenSLR SLR60 LibriTTS train-clean-100,unknown,PRESENT,24000,1,float32,5.0,deterministic contiguous 5.000 s,10.8,15.8,,none,,,0.462646484375,0.462646484375,,,true
libritts:6385:220959:6385_220959_000016_000000,speech,LibriTTS,speech,6385_220959_000016_000000,libritts:6385:220959:6385_220959_000016_000000,libritts:6385:220959:6385_220959_000016_000000,/home/leiyuxin/soundspaces/source_assets/clsdoa_v1/prepared/speech_libritts_train_clean_100_v1/audio/test/6385_220959_6385_220959_000016_000000.wav,/home/leiyuxin/soundspaces/source_assets/clsdoa_v1/prepared/speech_libritts_train_clean_100_v1/audio/test/6385_220959_6385_220959_000016_000000.wav,/home/leiyuxin/soundspaces/source_assets/clsdoa_v1/prepared/speech_libritts_train_clean_100_v1/audio/test/6385_220959_6385_220959_000016_000000.wav,252718007a6ca2fe52df4869dd0a4ed758fef37082194a80a03eb22f7db7dcad,,,test,clsdoa_source_split_v3_ontology_v2,ACCEPT,CORPUS_STRONG_LABEL,AUTO_PASS,,DATASET_LEVEL_VERIFIED,CC BY 4.0,OpenSLR SLR60 LibriTTS train-clean-100,unknown,PRESENT,24000,1,float32,5.0,deterministic contiguous 5.000 s,9.1,14.1,,none,,,0.60235595703125,0.60235595703125,,,true
libritts:6531:61334:6531_61334_000021_000000,speech,LibriTTS,speech,6531_61334_000021_000000,libritts:6531:61334:6531_61334_000021_000000,libritts:6531:61334:6531_61334_000021_000000,/home/leiyuxin/soundspaces/source_assets/clsdoa_v1/prepared/speech_libritts_train_clean_100_v1/audio/test/6531_61334_6531_61334_000021_000000.wav,/home/leiyuxin/soundspaces/source_assets/clsdoa_v1/prepared/speech_libritts_train_clean_100_v1/audio/test/6531_61334_6531_61334_000021_000000.wav,/home/leiyuxin/soundspaces/source_assets/clsdoa_v1/prepared/speech_libritts_train_clean_100_v1/audio/test/6531_61334_6531_61334_000021_000000.wav,418451b9a29bbd2d7f62254ef46b8279d66b89650123511f787574b2b0d465c2,,,test,clsdoa_source_split_v3_ontology_v2,ACCEPT,CORPUS_STRONG_LABEL,AUTO_PASS,,DATASET_LEVEL_VERIFIED,CC BY 4.0,OpenSLR SLR60 LibriTTS train-clean-100,unknown,PRESENT,24000,1,float32,5.0,deterministic contiguous 5.000 s,12.5,17.5,,none,,,0.37469482421875,0.37469482421875,,,true
libritts:909:131044:909_131044_000012_000001,speech,LibriTTS,speech,909_131044_000012_000001,libritts:909:131044:909_131044_000012_000001,libritts:909:131044:909_131044_000012_000001,/home/leiyuxin/soundspaces/source_assets/clsdoa_v1/prepared/speech_libritts_train_clean_100_v1/audio/test/909_131044_909_131044_000012_000001.wav,/home/leiyuxin/soundspaces/source_assets/clsdoa_v1/prepared/speech_libritts_train_clean_100_v1/audio/test/909_131044_909_131044_000012_000001.wav,/home/leiyuxin/soundspaces/source_assets/clsdoa_v1/prepared/speech_libritts_train_clean_100_v1/audio/test/909_131044_909_131044_000012_000001.wav,fb402391e7a8951e814174f8a7fd0c9625f9470a7e5a2b865714abde56d20a2e,,,test,clsdoa_source_split_v3_ontology_v2,ACCEPT,CORPUS_STRONG_LABEL,AUTO_PASS,,DATASET_LEVEL_VERIFIED,CC BY 4.0,OpenSLR SLR60 LibriTTS train-clean-100,unknown,PRESENT,24000,1,float32,5.0,deterministic contiguous 5.000 s,8.4,13.4,,none,,,0.510894775390625,0.510894775390625,,,true
