source_clip_id,canonical_class,source_dataset,source_label,original_id,base_clip_id,identity_key,audio_path,canonical_path,canonical_relpath,canonical_wav_sha256,canonical_pcm_sha256,raw_sha256,split,split_version,manual_decision,mapping_type,auto_qc_status,auto_qc_reasons,license_status,license_raw,provenance_source,pretrain_seen_status,resource_status,canonical_sample_rate_hz,canonical_channels,canonical_dtype,canonical_duration_sec,crop_policy,crop_start_sec,crop_end_sec,source_offset_sec,normalization_method,active_rms_before_dbfs,active_rms_after_dbfs,peak_before,peak_after,gain_db,peak_guard_limited,pilot_eligible
ESC-50:102435,clock_alarm,ESC-50,clock_alarm,102435,esc50:102435,ESC-50:esc50:102435,/home/leiyuxin/soundspaces/source_assets/clsdoa_v1/raw/esc50/ESC-50-master/audio/2-102435-A-37.wav,/home/leiyuxin/soundspaces/source_assets/clsdoa_v1/prepared/source_pool_pilot_001/wav/clock_alarm/esc50__102435.wav,wav/clock_alarm/esc50__102435.wav,fb8d5f805d9c315cc04b9cf53d739fcf32bac2350f85653523b759f3e7000bec,44ca4f3a2d1ebb717678b3e79eb3d589e75159e2275cb6006c3aec53aa1f088b,6917ce398c3cb7cb426c65224f59e63794eeabd732ad2f399c23f5b091bbcd12,train,clsdoa_source_split_v2_stratified,ACCEPT,EXACT,AUTO_PASS,,DATASET_LEVEL_VERIFIED,CC BY-NC 3.0; dataset-level license and attribution file,https://github.com/karolpiczak/ESC-50; meta/esc50.csv; src_file=102435 take=A,unknown,PRESENT,24000,1,float32,5.000000000,preserve_full_short_source,0.000000000,5.000000000,,active_rms_v1,-8.871713667,-24.000000127,1.400993347,0.245483205,-15.128286333,false,true
ESC-50:104475,clock_alarm,ESC-50,clock_alarm,104475,esc50:104475,ESC-50:esc50:104475,/home/leiyuxin/soundspaces/source_assets/clsdoa_v1/raw/esc50/ESC-50-master/audio/2-104475-A-37.wav,/home/leiyuxin/soundspaces/source_assets/clsdoa_v1/prepared/source_pool_pilot_001/wav/clock_alarm/esc50__104475.wav,wav/clock_alarm/esc50__104475.wav,2325ae3a5203090d7d3212777756f972cdc07a7143e3285736b43bfe3d0f2f41,7de2814eaae94cbb3751d6d9831b47a1ed91d450100d94338cf1cc0e5cc1b1d8,3b2f085ba02fd9a1070e28f42ba5c132bde45be96753349258f566bb24172d69,train,clsdoa_source_split_v2_stratified,ACCEPT,EXACT,AUTO_PASS,,DATASET_LEVEL_VERIFIED,CC BY-NC 3.0; dataset-level license and attribution file,https://github.com/karolpiczak/ESC-50; meta/esc50.csv; src_file=104475 take=A,unknown,PRESENT,24000,1,float32,5.000000000,preserve_full_short_source,0.000000000,5.000000000,,active_rms_v1,-26.669474529,-24.000000127,0.087595277,0.119111702,2.669474529,false,true
ESC-50:104476,clock_alarm,ESC-50,clock_alarm,104476,esc50:104476,ESC-50:esc50:104476,/home/leiyuxin/soundspaces/source_assets/clsdoa_v1/raw/esc50/ESC-50-master/audio/2-104476-A-37.wav,/home/leiyuxin/soundspaces/source_assets/clsdoa_v1/prepared/source_pool_pilot_001/wav/clock_alarm/esc50__104476.wav,wav/clock_alarm/esc50__104476.wav,c9e71ff47556bdd7bc0d5b2f4fbb0b03d36f71a91f7e6d0e197578c2ba464131,f19b106f2e096148dfdc9d9ac8ca110e5e1d02daec171e908ea6e715e7eceaf1,eb652724ba0a12a9665073a2b7130c685c67ac69c2d55cd8fd6c5b4593e28548,train,clsdoa_source_split_v2_stratified,ACCEPT,EXACT,AUTO_PASS,,DATASET_LEVEL_VERIFIED,CC BY-NC 3.0; dataset-level license and attribution file,https://github.com/karolpiczak/ESC-50; meta/esc50.csv; src_file=104476 take=A,unknown,PRESENT,24000,1,float32,5.000000000,preserve_full_short_source,0.000000000,5.000000000,,active_rms_v1,-16.644849502,-24.000000127,0.314349413,0.134789214,-7.355150498,false,true
ESC-50:117116,clock_alarm,ESC-50,clock_alarm,117116,esc50:117116,ESC-50:esc50:117116,/home/leiyuxin/soundspaces/source_assets/clsdoa_v1/raw/esc50/ESC-50-master/audio/2-117116-A-37.wav,/home/leiyuxin/soundspaces/source_assets/clsdoa_v1/prepared/source_pool_pilot_001/wav/clock_alarm/esc50__117116.wav,wav/clock_alarm/esc50__117116.wav,1e57a9edf7f19a8cf64442f82efde7f54907c6b2a82491153c0183cd825a5adc,7820756801e5974d69f5fb866f2a73c37e7ea91c42ca4169ae021d62d587454f,c1d8172cb41dd3338c2f48475c13b0bccaa99515c111e24f1a638a76774f0979,val,clsdoa_source_split_v2_stratified,ACCEPT,EXACT,AUTO_PASS,,DATASET_LEVEL_VERIFIED,CC BY-NC 3.0; dataset-level license and attribution file,https://github.com/karolpiczak/ESC-50; meta/esc50.csv; src_file=117116 take=A,unknown,PRESENT,24000,1,float32,5.000000000,preserve_full_short_source,0.000000000,5.000000000,,active_rms_v1,-18.691603515,-24.000000127,0.234873906,0.127472043,-5.308396485,false,true
ESC-50:117883,clock_alarm,ESC-50,clock_alarm,117883,esc50:117883,ESC-50:esc50:117883,/home/leiyuxin/soundspaces/source_assets/clsdoa_v1/raw/esc50/ESC-50-master/audio/3-117883-A-37.wav,/home/leiyuxin/soundspaces/source_assets/clsdoa_v1/prepared/source_pool_pilot_001/wav/clock_alarm/esc50__117883.wav,wav/clock_alarm/esc50__117883.wav,138f765cbb19a9dcd7661744fb19dfe1dfd3d0b4238576274c5f05e365d04cd4,92255be7d844104a569e895a57a5ec0dcf86120480e4826d6f9a88bd09e73ca9,93064c312872ee32c74e893a7b2a7fa2b8fa83170a17ce6267227186178ddcdb,train,clsdoa_source_split_v2_stratified,ACCEPT,EXACT,AUTO_PASS,,DATASET_LEVEL_VERIFIED,CC BY-NC 3.0; dataset-level license and attribution file,https://github.com/karolpiczak/ESC-50; meta/esc50.csv; src_file=117883 take=A,unknown,PRESENT,24000,1,float32,5.000000000,preserve_full_short_source,0.000000000,5.000000000,,active_rms_v1,-21.139465596,-24.000000127,0.247440189,0.178009629,-2.860534404,false,true
ESC-50:120526,clock_alarm,ESC-50,clock_alarm,120526,esc50:120526,ESC-50:esc50:120526,/home/leiyuxin/soundspaces/source_assets/clsdoa_v1/raw/esc50/ESC-50-master/audio/3-120526-A-37.wav,/home/leiyuxin/soundspaces/source_assets/clsdoa_v1/prepared/source_pool_pilot_001/wav/clock_alarm/esc50__120526.wav,wav/clock_alarm/esc50__120526.wav,b24af9d3b0d14284e3b2c4062db48d3ede5f9b43ca609466e1f27248cf31f530,9dff128158724958989a9a4e750646806a60e7c2bb705ed8b8c9c79d5fcb3937,9e45012b982eeb50eeaeb84f1ba27035027f1d5967b593707840306e880e4ab3,test,clsdoa_source_split_v2_stratified,ACCEPT,EXACT,AUTO_PASS,,DATASET_LEVEL_VERIFIED,CC BY-NC 3.0; dataset-level license and attribution file,https://github.com/karolpiczak/ESC-50; meta/esc50.csv; src_file=120526 take=A,unknown,PRESENT,24000,1,float32,5.000000000,preserve_full_short_source,0.000000000,5.000000000,,active_rms_v1,-20.478582486,-23.999999102,0.194754794,0.129842624,-3.521417514,false,true
ESC-50:132340,clock_alarm,ESC-50,clock_alarm,132340,esc50:132340,ESC-50:esc50:132340,/home/leiyuxin/soundspaces/source_assets/clsdoa_v1/raw/esc50/ESC-50-master/audio/3-132340-A-37.wav,/home/leiyuxin/soundspaces/source_assets/clsdoa_v1/prepared/source_pool_pilot_001/wav/clock_alarm/esc50__132340.wav,wav/clock_alarm/esc50__132340.wav,03d4c075879dbd3e6fb6b82ab3d8df2df3d81091b7109923d585433e1147ae49,d01e9dab3f45a06c146cb354a921ad18876c7bfd613caa80823222c08b88aedb,822124583e9e57218af01ea91f97c04d373deea3548d106d822106670486a3c8,train,clsdoa_source_split_v2_stratified,ACCEPT,EXACT,AUTO_PASS,,DATASET_LEVEL_VERIFIED,CC BY-NC 3.0; dataset-level license and attribution file,https://github.com/karolpiczak/ESC-50; meta/esc50.csv; src_file=132340 take=A,unknown,PRESENT,24000,1,float32,5.000000000,preserve_full_short_source,0.000000000,5.000000000,,active_rms_v1,-12.261982954,-24.000000127,0.723522425,0.187305763,-11.738017046,false,true
ESC-50:13613,clock_alarm,ESC-50,clock_alarm,13613,esc50:13613,ESC-50:esc50:13613,/home/leiyuxin/soundspaces/source_assets/clsdoa_v1/raw/esc50/ESC-50-master/audio/1-13613-A-37.wav,/home/leiyuxin/soundspaces/source_assets/clsdoa_v1/prepared/source_pool_pilot_001/wav/clock_alarm/esc50__13613.wav,wav/clock_alarm/esc50__13613.wav,ad93cda4ee8033b9606f2014ab09f6785fe3b55c303533440804f0a2e9e42f64,e05e0c794bf61df85f5f51e54881e06962e18b033fbab41112dc3e772f20e2d2,2e28b25e14611723cdcc0becfa36468a8d0329a0c141e4f1d894bd6bb5773f34,train,clsdoa_source_split_v2_stratified,ACCEPT,EXACT,AUTO_PASS,,DATASET_LEVEL_VERIFIED,CC BY-NC 3.0; dataset-level license and attribution file,https://github.com/karolpiczak/ESC-50; meta/esc50.csv; src_file=13613 take=A,unknown,PRESENT,24000,1,float32,5.000000000,preserve_full_short_source,0.000000000,5.000000000,,active_rms_v1,-14.672390457,-24.000001153,0.817356646,0.279274374,-9.327609543,false,true
ESC-50:139958,clock_alarm,ESC-50,clock_alarm,139958,esc50:139958,ESC-50:esc50:139958,/home/leiyuxin/soundspaces/source_assets/clsdoa_v1/raw/esc50/ESC-50-master/audio/3-139958-A-37.wav,/home/leiyuxin/soundspaces/source_assets/clsdoa_v1/prepared/source_pool_pilot_001/wav/clock_alarm/esc50__139958.wav,wav/clock_alarm/esc50__139958.wav,bc1baa162da9559f27e0f06498f8e73bc0b242e18af57ec14d3c2dabac37d0a9,46c326ffba8b5644df2fa54230607852df9bd449fa0e3427b58b3e653e2dfc7d,b863f4119feb3ca8b754fa25ce918542b8421947823df89ef53948af726a21f3,train,clsdoa_source_split_v2_stratified,ACCEPT,EXACT,AUTO_PASS,,DATASET_LEVEL_VERIFIED,CC BY-NC 3.0; dataset-level license and attribution file,https://github.com/karolpiczak/ESC-50; meta/esc50.csv; src_file=139958 take=A,unknown,PRESENT,24000,1,float32,5.000000000,preserve_full_short_source,0.000000000,5.000000000,,active_rms_v1,-9.423901831,-24.000000127,1.147377014,0.214240342,-14.576098169,false,true
ESC-50:14262,clock_alarm,ESC-50,clock_alarm,14262,esc50:14262,ESC-50:esc50:14262,/home/leiyuxin/soundspaces/source_assets/clsdoa_v1/raw/esc50/ESC-50-master/audio/1-14262-A-37.wav,/home/leiyuxin/soundspaces/source_assets/clsdoa_v1/prepared/source_pool_pilot_001/wav/clock_alarm/esc50__14262.wav,wav/clock_alarm/esc50__14262.wav,7c3b0013cd7d5067d84f86fa1c282c8bbae6786d18f984561e18d5c20069eaa2,99261b63268a922add442266aed0748b99dbb5c6e1372d6a33527e9efdfd7636,220c3d127df2f0d8979a2edde5318aaaa3aed19d8c5d3b4a40d529f979bba453,train,clsdoa_source_split_v2_stratified,ACCEPT,EXACT,AUTO_PASS,,DATASET_LEVEL_VERIFIED,CC BY-NC 3.0; dataset-level license and attribution file,https://github.com/karolpiczak/ESC-50; meta/esc50.csv; src_file=14262 take=A,unknown,PRESENT,24000,1,float32,5.000000000,preserve_full_short_source,0.000000000,5.000000000,,active_rms_v1,-20.517860825,-24.000001153,0.357046634,0.239121139,-3.482139175,false,true
ESC-50:148297,clock_alarm,ESC-50,clock_alarm,148297,esc50:148297,ESC-50:esc50:148297,/home/leiyuxin/soundspaces/source_assets/clsdoa_v1/raw/esc50/ESC-50-master/audio/3-148297-A-37.wav,/home/leiyuxin/soundspaces/source_assets/clsdoa_v1/prepared/source_pool_pilot_001/wav/clock_alarm/esc50__148297.wav,wav/clock_alarm/esc50__148297.wav,9c20c64ab577bd50ccbb10c24f6117ec26cf34fea1d45ff47986de103a5854ba,ea1e4e386d21f349362d5f2efe1b4a2b3b0317f4b457778229065cd2d9fbc386,3e1cd1eb5c9bfe18c841b222af19d3d0fb999a931c4665c9c43385f5f26739ce,train,clsdoa_source_split_v2_stratified,ACCEPT,EXACT,AUTO_PASS,,DATASET_LEVEL_VERIFIED,CC BY-NC 3.0; dataset-level license and attribution file,https://github.com/karolpiczak/ESC-50; meta/esc50.csv; src_file=148297 take=A,unknown,PRESENT,24000,1,float32,5.000000000,preserve_full_short_source,0.000000000,5.000000000,,active_rms_v1,-2.849001972,-24.000000127,1.012073517,0.088646613,-21.150998028,false,true
ESC-50:169508,clock_alarm,ESC-50,clock_alarm,169508,esc50:169508,ESC-50:esc50:169508,/home/leiyuxin/soundspaces/source_assets/clsdoa_v1/raw/esc50/ESC-50-master/audio/4-169508-A-37.wav,/home/leiyuxin/soundspaces/source_assets/clsdoa_v1/prepared/source_pool_pilot_001/wav/clock_alarm/esc50__169508.wav,wav/clock_alarm/esc50__169508.wav,6878891c0e2d917a218ff32fe113748e82ea89a9de8550c53afccd66ca051515,50a2a3512848d20c17f23c819fc0299d38f9199d707d0c5c9d04bcf10c6e56ea,1b78f0e61352c9d8d4c95987ba852cc3f9e84c3d6a4f3be7424e2704057570a2,train,clsdoa_source_split_v2_stratified,ACCEPT,EXACT,AUTO_PASS,,DATASET_LEVEL_VERIFIED,CC BY-NC 3.0; dataset-level license and attribution file,https://github.com/karolpiczak/ESC-50; meta/esc50.csv; src_file=169508 take=A,unknown,PRESENT,24000,1,float32,5.000000000,preserve_full_short_source,0.000000000,5.000000000,,active_rms_v1,-22.289835706,-24.000000127,0.307300985,0.252380461,-1.710164294,false,true
ESC-50:172366,clock_alarm,ESC-50,clock_alarm,172366,esc50:172366,ESC-50:esc50:172366,/home/leiyuxin/soundspaces/source_assets/clsdoa_v1/raw/esc50/ESC-50-master/audio/4-172366-A-37.wav,/home/leiyuxin/soundspaces/source_assets/clsdoa_v1/prepared/source_pool_pilot_001/wav/clock_alarm/esc50__172366.wav,wav/clock_alarm/esc50__172366.wav,b81ee2f6d763e89466386d4a5fccece2867e4f312fa1f1d14ddaac14707e2f90,53c595f69e7001c8aff7745e9c7d15945b0d767327481a63303374509df4702a,b6d260c3b1823bdd45c9d8968b87a9bc6d57c0b99bfef07362cae506ae38b32a,val,clsdoa_source_split_v2_stratified,ACCEPT,EXACT,AUTO_PASS,,DATASET_LEVEL_VERIFIED,CC BY-NC 3.0; dataset-level license and attribution file,https://github.com/karolpiczak/ESC-50; meta/esc50.csv; src_file=172366 take=A,unknown,PRESENT,24000,1,float32,5.000000000,preserve_full_short_source,0.000000000,5.000000000,,active_rms_v1,-30.810805641,-24.000000127,0.064036794,0.140271634,6.810805641,false,true
ESC-50:189332,clock_alarm,ESC-50,clock_alarm,189332,esc50:189332,ESC-50:esc50:189332,/home/leiyuxin/soundspaces/source_assets/clsdoa_v1/raw/esc50/ESC-50-master/audio/4-189332-A-37.wav,/home/leiyuxin/soundspaces/source_assets/clsdoa_v1/prepared/source_pool_pilot_001/wav/clock_alarm/esc50__189332.wav,wav/clock_alarm/esc50__189332.wav,fe4585eccc0d244add74d24026c6e797922f74ee8998ffc5f92633b52604fbc8,c6dbc49ffa891c8ba0293e805aabf860d15ce97f55bfb08ae655a56a825b5370,892a04fea067db4c75b8d8e835a55d852dfd44f96c85c354ee86f5c63ce52721,train,clsdoa_source_split_v2_stratified,ACCEPT,EXACT,AUTO_PASS,,DATASET_LEVEL_VERIFIED,CC BY-NC 3.0; dataset-level license and attribution file,https://github.com/karolpiczak/ESC-50; meta/esc50.csv; src_file=189332 take=A,unknown,PRESENT,24000,1,float32,5.000000000,preserve_full_short_source,0.000000000,5.000000000,,active_rms_v1,-11.339699216,-24.000000127,0.576175630,0.134134308,-12.660300784,false,true
ESC-50:198841,clock_alarm,ESC-50,clock_alarm,198841,esc50:198841,ESC-50:esc50:198841,/home/leiyuxin/soundspaces/source_assets/clsdoa_v1/raw/esc50/ESC-50-master/audio/4-198841-A-37.wav,/home/leiyuxin/soundspaces/source_assets/clsdoa_v1/prepared/source_pool_pilot_001/wav/clock_alarm/esc50__198841.wav,wav/clock_alarm/esc50__198841.wav,86d46a8e7125d1a902768bb8605ad4c8778a34f95ca91d4f90e7d4e32770fa18,567e1c4d0564ab14bcf96e6b0dfc9c8f0bff2ab0b704525c3867195f4888d703,49223fa45a7db4a1ca663d7c0f4c2de3e46a76f7f0e740fa5511f1fd3107062c,train,clsdoa_source_split_v2_stratified,ACCEPT,EXACT,AUTO_PASS,,DATASET_LEVEL_VERIFIED,CC BY-NC 3.0; dataset-level license and attribution file,https://github.com/karolpiczak/ESC-50; meta/esc50.csv; src_file=198841 take=A,unknown,PRESENT,24000,1,float32,5.000000000,preserve_full_short_source,0.000000000,5.000000000,,active_rms_v1,-10.088768564,-24.000001153,1.129040837,0.227587327,-13.911231436,false,true
ESC-50:204684,clock_alarm,ESC-50,clock_alarm,204684,esc50:204684,ESC-50:esc50:204684,/home/leiyuxin/soundspaces/source_assets/clsdoa_v1/raw/esc50/ESC-50-master/audio/4-204684-A-37.wav,/home/leiyuxin/soundspaces/source_assets/clsdoa_v1/prepared/source_pool_pilot_001/wav/clock_alarm/esc50__204684.wav,wav/clock_alarm/esc50__204684.wav,938a2c30dcef69ee387317114d2a0dda21a6d61835446593e28a1bba8f638c9b,bf0ce0d5d393f0ab803ca3500a306fa9016b3212d167373a303441e413b31bf7,2d2ae2240ee02f8208eab138101ff702013bcc018327bae3aeeae53c2716d04b,train,clsdoa_source_split_v2_stratified,ACCEPT,EXACT,AUTO_PASS,,DATASET_LEVEL_VERIFIED,CC BY-NC 3.0; dataset-level license and attribution file,https://github.com/karolpiczak/ESC-50; meta/esc50.csv; src_file=204684 take=A,unknown,PRESENT,24000,1,float32,5.000000000,preserve_full_short_source,0.000000000,5.000000000,,active_rms_v1,-24.706568031,-24.000000127,0.306962460,0.332976550,0.706568031,false,true
ESC-50:209536,clock_alarm,ESC-50,clock_alarm,209536,esc50:209536,ESC-50:esc50:209536,/home/leiyuxin/soundspaces/source_assets/clsdoa_v1/raw/esc50/ESC-50-master/audio/4-209536-A-37.wav,/home/leiyuxin/soundspaces/source_assets/clsdoa_v1/prepared/source_pool_pilot_001/wav/clock_alarm/esc50__209536.wav,wav/clock_alarm/esc50__209536.wav,b7dabc0c2930332c105eca3473cb8eee9a74964d90c00461b134f6a8bb3197e8,9c02aea74a4eaaa0ca646f5e64e61fe0c0b02dcb624a3aa7d6f54cceeb84c6ba,c7d052483af976895f91bc5fc48b32467ac8b3968c47b33daff87c5e93527877,test,clsdoa_source_split_v2_stratified,ACCEPT,EXACT,AUTO_PASS,,DATASET_LEVEL_VERIFIED,CC BY-NC 3.0; dataset-level license and attribution file,https://github.com/karolpiczak/ESC-50; meta/esc50.csv; src_file=209536 take=A,unknown,PRESENT,24000,1,float32,5.000000000,preserve_full_short_source,0.000000000,5.000000000,,active_rms_v1,-14.953849179,-23.999999102,0.590406716,0.208374113,-9.046150821,false,true
ESC-50:209698,clock_alarm,ESC-50,clock_alarm,209698,esc50:209698,ESC-50:esc50:209698,/home/leiyuxin/soundspaces/source_assets/clsdoa_v1/raw/esc50/ESC-50-master/audio/4-209698-A-37.wav,/home/leiyuxin/soundspaces/source_assets/clsdoa_v1/prepared/source_pool_pilot_001/wav/clock_alarm/esc50__209698.wav,wav/clock_alarm/esc50__209698.wav,c456dfb12c168c7e310e5786fbc7bfa85ef619e2c10363ddc7ebf6bbf59ed090,241905b2f3bc0d9ee962c12a692d5f735cff3ffa07dafde731c720dbd9933cde,b8b67daf8895617ba9f2b6b266e6cdc32845ddcc9153b017d06874a95d780945,train,clsdoa_source_split_v2_stratified,ACCEPT,EXACT,AUTO_PASS,,DATASET_LEVEL_VERIFIED,CC BY-NC 3.0; dataset-level license and attribution file,https://github.com/karolpiczak/ESC-50; meta/esc50.csv; src_file=209698 take=A,unknown,PRESENT,24000,1,float32,5.000000000,preserve_full_short_source,0.000000000,5.000000000,,active_rms_v1,-18.168968049,-24.000000127,0.438080788,0.223873451,-5.831031951,false,true
ESC-50:210612,clock_alarm,ESC-50,clock_alarm,210612,esc50:210612,ESC-50:esc50:210612,/home/leiyuxin/soundspaces/source_assets/clsdoa_v1/raw/esc50/ESC-50-master/audio/5-210612-A-37.wav,/home/leiyuxin/soundspaces/source_assets/clsdoa_v1/prepared/source_pool_pilot_001/wav/clock_alarm/esc50__210612.wav,wav/clock_alarm/esc50__210612.wav,39ce5e1f812f12e0f17f2771f7500cb93347ec62120ac5b5c5fea19878330fe2,cd3745fe0bdb531cf9085b9713e35c30b54b0790d5f9c564d8b8c0e88c03cb5e,c08a0615afcfbe6b30ba536eeb3cc555d4bd25580a36f12f8b32330b83228dfb,val,clsdoa_source_split_v2_stratified,ACCEPT,EXACT,AUTO_PASS,,DATASET_LEVEL_VERIFIED,CC BY-NC 3.0; dataset-level license and attribution file,https://github.com/karolpiczak/ESC-50; meta/esc50.csv; src_file=210612 take=A,unknown,PRESENT,24000,1,float32,5.000000000,preserve_full_short_source,0.000000000,5.000000000,,active_rms_v1,-11.493399308,-24.000000127,0.948612928,0.224780694,-12.506600692,false,true
ESC-50:211408,clock_alarm,ESC-50,clock_alarm,211408,esc50:211408,ESC-50:esc50:211408,/home/leiyuxin/soundspaces/source_assets/clsdoa_v1/raw/esc50/ESC-50-master/audio/5-211408-A-37.wav,/home/leiyuxin/soundspaces/source_assets/clsdoa_v1/prepared/source_pool_pilot_001/wav/clock_alarm/esc50__211408.wav,wav/clock_alarm/esc50__211408.wav,d2a5b3398aebdb715bafd4ebab973186d2f091e5e0ea539ae964c90b914fa8c5,f2618af4ac6c3d5bf7966866ad21ce9b3e1d9fc397749cdd4d88a1acd2a096c0,c78db93c244fafc7d835cc32e64959c93ce3fdfc0ffd5b58067cbc99f845a239,train,clsdoa_source_split_v2_stratified,ACCEPT,EXACT,AUTO_PASS,,DATASET_LEVEL_VERIFIED,CC BY-NC 3.0; dataset-level license and attribution file,https://github.com/karolpiczak/ESC-50; meta/esc50.csv; src_file=211408 take=A,unknown,PRESENT,24000,1,float32,5.000000000,preserve_full_short_source,0.000000000,5.000000000,,active_rms_v1,-21.704288955,-24.000001153,0.362501472,0.278307050,-2.295711045,false,true
ESC-50:219242,clock_alarm,ESC-50,clock_alarm,219242,esc50:219242,ESC-50:esc50:219242,/home/leiyuxin/soundspaces/source_assets/clsdoa_v1/raw/esc50/ESC-50-master/audio/5-219242-A-37.wav,/home/leiyuxin/soundspaces/source_assets/clsdoa_v1/prepared/source_pool_pilot_001/wav/clock_alarm/esc50__219242.wav,wav/clock_alarm/esc50__219242.wav,aa48c5d9560abfbe1819a5cfbe0cff69d8a3fe26728223a58b433e09d978a2c3,b54c034c82f3ae90f79254f2aad7b89b83aeda2c60139ed3efd3c9d7305f21f1,1c5a500bc3c9d8546bf57377724aad24957d8a8c67cba7c0f3f2d4a4ed7ba9d1,train,clsdoa_source_split_v2_stratified,ACCEPT,EXACT,AUTO_PASS,,DATASET_LEVEL_VERIFIED,CC BY-NC 3.0; dataset-level license and attribution file,https://github.com/karolpiczak/ESC-50; meta/esc50.csv; src_file=219242 take=A,unknown,PRESENT,24000,1,float32,5.000000000,preserve_full_short_source,0.000000000,5.000000000,,active_rms_v1,-22.189304876,-24.000000127,0.202592373,0.164470628,-1.810695124,false,true
ESC-50:233645,clock_alarm,ESC-50,clock_alarm,233645,esc50:233645,ESC-50:esc50:233645,/home/leiyuxin/soundspaces/source_assets/clsdoa_v1/raw/esc50/ESC-50-master/audio/5-233645-A-37.wav,/home/leiyuxin/soundspaces/source_assets/clsdoa_v1/prepared/source_pool_pilot_001/wav/clock_alarm/esc50__233645.wav,wav/clock_alarm/esc50__233645.wav,1b280271121e1ad07921ee50ce65c1dac309e6f0113fbe4b85ca60f878a753b9,fbfd8b1ed08ba62c1d3892cff855ada0e18b6edb6187078bcfbe309daa4da07a,218a6463e3618d4cb98a725827dc51901682b6ffcf3c15763c73032870f1ac94,train,clsdoa_source_split_v2_stratified,ACCEPT,EXACT,AUTO_PASS,,DATASET_LEVEL_VERIFIED,CC BY-NC 3.0; dataset-level license and attribution file,https://github.com/karolpiczak/ESC-50; meta/esc50.csv; src_file=233645 take=A,unknown,PRESENT,24000,1,float32,5.000000000,preserve_full_short_source,0.000000000,5.000000000,,active_rms_v1,-23.097090679,-24.000000127,0.191278189,0.172393143,-0.902909321,false,true
ESC-50:234247,clock_alarm,ESC-50,clock_alarm,234247,esc50:234247,ESC-50:esc50:234247,/home/leiyuxin/soundspaces/source_assets/clsdoa_v1/raw/esc50/ESC-50-master/audio/5-234247-A-37.wav,/home/leiyuxin/soundspaces/source_assets/clsdoa_v1/prepared/source_pool_pilot_001/wav/clock_alarm/esc50__234247.wav,wav/clock_alarm/esc50__234247.wav,e0dd6329c1d3b2075584a232a188cb921f51882725aa7c96c6218510b6dcad51,757148282f5027191cb2c6bd696e15dfd9807fd0206e3f70b58f95e7a5e90815,0f99cf9aecfa93e37ba0de4c4a80849ded00cd52f80fc11c9315261512f94702,train,clsdoa_source_split_v2_stratified,ACCEPT,EXACT,AUTO_PASS,,DATASET_LEVEL_VERIFIED,CC BY-NC 3.0; dataset-level license and attribution file,https://github.com/karolpiczak/ESC-50; meta/esc50.csv; src_file=234247 take=A,unknown,PRESENT,24000,1,float32,5.000000000,preserve_full_short_source,0.000000000,5.000000000,,active_rms_v1,-18.376880700,-24.000001153,0.302035630,0.158089191,-5.623119300,false,true
ESC-50:34853,clock_alarm,ESC-50,clock_alarm,34853,esc50:34853,ESC-50:esc50:34853,/home/leiyuxin/soundspaces/source_assets/clsdoa_v1/raw/esc50/ESC-50-master/audio/1-34853-A-37.wav,/home/leiyuxin/soundspaces/source_assets/clsdoa_v1/prepared/source_pool_pilot_001/wav/clock_alarm/esc50__34853.wav,wav/clock_alarm/esc50__34853.wav,2b92e4803411a3638bf81522cc37cfafeea59adf94effa8ae97a166cff772749,6c8c1d578c1097f97770c11136aa209b537489ce9de980279e3c4d4e9fb38e12,87c0ead33b915845a8d86437b78755278408aedf8ed19e4880674a3679122cf4,val,clsdoa_source_split_v2_stratified,ACCEPT,EXACT,AUTO_PASS,,DATASET_LEVEL_VERIFIED,CC BY-NC 3.0; dataset-level license and attribution file,https://github.com/karolpiczak/ESC-50; meta/esc50.csv; src_file=34853 take=A,unknown,PRESENT,24000,1,float32,5.000000000,preserve_full_short_source,0.000000000,5.000000000,,active_rms_v1,-14.754975970,-24.000000127,0.506300211,0.174645290,-9.245024030,false,true
ESC-50:67033,clock_alarm,ESC-50,clock_alarm,67033,esc50:67033,ESC-50:esc50:67033,/home/leiyuxin/soundspaces/source_assets/clsdoa_v1/raw/esc50/ESC-50-master/audio/1-67033-A-37.wav,/home/leiyuxin/soundspaces/source_assets/clsdoa_v1/prepared/source_pool_pilot_001/wav/clock_alarm/esc50__67033.wav,wav/clock_alarm/esc50__67033.wav,5663f4e0bff0a77a0ffbeaf00a98525e021b9c5491a35bff58858581aa27d73b,f55e9b9e73722dfde7de53d3acfc1881b94144fcca2ba3d8418aaac7cc3494ed,e00a8c065c7797e35ac9857dfdd8ae4272a22cc1a41af0ed245068774a8b9cea,train,clsdoa_source_split_v2_stratified,ACCEPT,EXACT,AUTO_PASS,,DATASET_LEVEL_VERIFIED,CC BY-NC 3.0; dataset-level license and attribution file,https://github.com/karolpiczak/ESC-50; meta/esc50.csv; src_file=67033 take=A,unknown,PRESENT,24000,1,float32,5.000000000,preserve_full_short_source,0.000000000,5.000000000,,active_rms_v1,-15.943924355,-23.999999102,0.326946467,0.129322141,-8.056075645,false,true
ESC-50:72195,clock_alarm,ESC-50,clock_alarm,72195,esc50:72195,ESC-50:esc50:72195,/home/leiyuxin/soundspaces/source_assets/clsdoa_v1/raw/esc50/ESC-50-master/audio/1-72195-A-37.wav,/home/leiyuxin/soundspaces/source_assets/clsdoa_v1/prepared/source_pool_pilot_001/wav/clock_alarm/esc50__72195.wav,wav/clock_alarm/esc50__72195.wav,a7d4db93847e81a460e65940ec5d1d5d2118b05819086efc14bcdedad9a57d87,f1cd06b2a732625a0a48cbc9900ce2d30fc15962c67cf3abdbdb213f770716c5,d4bf2130de0d593abb7cd7c96867e4f26a3ae266cf07413a3a7804781d221d02,test,clsdoa_source_split_v2_stratified,ACCEPT,EXACT,AUTO_PASS,,DATASET_LEVEL_VERIFIED,CC BY-NC 3.0; dataset-level license and attribution file,https://github.com/karolpiczak/ESC-50; meta/esc50.csv; src_file=72195 take=A,unknown,PRESENT,24000,1,float32,5.000000000,preserve_full_short_source,0.000000000,5.000000000,,active_rms_v1,-3.777932583,-24.000001153,1.079492569,0.105224356,-20.222067417,false,true
ESC-50:78562,clock_alarm,ESC-50,clock_alarm,78562,esc50:78562,ESC-50:esc50:78562,/home/leiyuxin/soundspaces/source_assets/clsdoa_v1/raw/esc50/ESC-50-master/audio/2-78562-A-37.wav,/home/leiyuxin/soundspaces/source_assets/clsdoa_v1/prepared/source_pool_pilot_001/wav/clock_alarm/esc50__78562.wav,wav/clock_alarm/esc50__78562.wav,e00c97023f8e8b10902cb5edb98d8df8a0d83244e1e3e609835b64a6e59b5ab3,ad99eddc6ef89ea84f7894b8e0f02e5c156765c9496ef42eb3e4c0b3ad80751d,e89e5beebe92c819855411884b7294bb32b3f07bcde4671bba66064fc7b40d60,train,clsdoa_source_split_v2_stratified,ACCEPT,EXACT,AUTO_PASS,,DATASET_LEVEL_VERIFIED,CC BY-NC 3.0; dataset-level license and attribution file,https://github.com/karolpiczak/ESC-50; meta/esc50.csv; src_file=78562 take=A,unknown,PRESENT,24000,1,float32,5.000000000,preserve_full_short_source,0.000000000,5.000000000,,active_rms_v1,-8.264840280,-24.000000127,1.170549154,0.191263318,-15.735159720,false,true
ESC-50:89516,clock_alarm,ESC-50,clock_alarm,89516,esc50:89516,ESC-50:esc50:89516,/home/leiyuxin/soundspaces/source_assets/clsdoa_v1/raw/esc50/ESC-50-master/audio/2-89516-A-37.wav,/home/leiyuxin/soundspaces/source_assets/clsdoa_v1/prepared/source_pool_pilot_001/wav/clock_alarm/esc50__89516.wav,wav/clock_alarm/esc50__89516.wav,efc8f812be50924af6f59a6a25d6300a444926f4b5fad61f04e0d56e8e91e3c5,f36faecd73df00ec347d65d62cab0d33869f14e1f1990247989e5d606ffd0818,dc52aabca65500b637d2cc526f7f09a9f5d9ad1951b1c00ad02558002159a039,train,clsdoa_source_split_v2_stratified,ACCEPT,EXACT,AUTO_PASS,,DATASET_LEVEL_VERIFIED,CC BY-NC 3.0; dataset-level license and attribution file,https://github.com/karolpiczak/ESC-50; meta/esc50.csv; src_file=89516 take=A,unknown,PRESENT,24000,1,float32,5.000000000,preserve_full_short_source,0.000000000,5.000000000,,active_rms_v1,-24.495951203,-24.000001153,0.204218253,0.216218129,0.495951203,false,true
ESC-50:96063,clock_alarm,ESC-50,clock_alarm,96063,esc50:96063,ESC-50:esc50:96063,/home/leiyuxin/soundspaces/source_assets/clsdoa_v1/raw/esc50/ESC-50-master/audio/2-96063-A-37.wav,/home/leiyuxin/soundspaces/source_assets/clsdoa_v1/prepared/source_pool_pilot_001/wav/clock_alarm/esc50__96063.wav,wav/clock_alarm/esc50__96063.wav,60fb193830760df2ad980399de0cfddff7150b510fb70a8ff2082f4afa1f7b4e,7447031ad47baf2d430735e8ae1fe6ed2ac5e5282beda506d03e4ac862d98485,d2232652538520fdd06fa275470eb166ab0794705fdf3922ca8aa82c89d78cb8,test,clsdoa_source_split_v2_stratified,ACCEPT,EXACT,AUTO_PASS,,DATASET_LEVEL_VERIFIED,CC BY-NC 3.0; dataset-level license and attribution file,https://github.com/karolpiczak/ESC-50; meta/esc50.csv; src_file=96063 take=A,unknown,PRESENT,24000,1,float32,5.000000000,preserve_full_short_source,0.000000000,5.000000000,,active_rms_v1,-26.979838469,-24.000000127,0.109045476,0.153673708,2.979838469,false,true
ESC-50:96890,clock_alarm,ESC-50,clock_alarm,96890,esc50:96890,ESC-50:esc50:96890,/home/leiyuxin/soundspaces/source_assets/clsdoa_v1/raw/esc50/ESC-50-master/audio/1-96890-A-37.wav,/home/leiyuxin/soundspaces/source_assets/clsdoa_v1/prepared/source_pool_pilot_001/wav/clock_alarm/esc50__96890.wav,wav/clock_alarm/esc50__96890.wav,8e325462d620995334e23b9e309bd60b252c1fbdb0e586329e2de2abf63834c7,16a501d11a8d49a8d96b1d617175647a7b7952e5380e819766c26fc7b04f5881,48e8337f9d0df547ca9784597aea7f00d4ec3984ee5aa5894d21fed0f4f8a399,train,clsdoa_source_split_v2_stratified,ACCEPT,EXACT,AUTO_PASS,,DATASET_LEVEL_VERIFIED,CC BY-NC 3.0; dataset-level license and attribution file,https://github.com/karolpiczak/ESC-50; meta/esc50.csv; src_file=96890 take=A,unknown,PRESENT,24000,1,float32,5.000000000,preserve_full_short_source,0.000000000,5.000000000,,active_rms_v1,-25.180029675,-24.000000127,0.159308374,0.182490423,1.180029675,false,true
ESC-50:131943,clock_alarm,ESC-50,clock_alarm,131943,esc50:131943,ESC-50:esc50:131943,/home/leiyuxin/soundspaces/source_assets/clsdoa_v1/raw/esc50/ESC-50-master/audio/3-131943-A-37.wav,/home/leiyuxin/soundspaces/source_assets/clsdoa_v1/prepared/source_pool_pilot_001/wav/clock_alarm/esc50__131943.wav,wav/clock_alarm/esc50__131943.wav,93bd16799772db44cb9f06d9bd46b348d61acc8b7e84b3b80d126666a82f729a,a133c45d83d9d22ba0d8c74c3deb6ff0b9d0e021507fe5f8e7b43f2a5b745e95,1d12a9f29903f1d8c5ed2cfd86873a768724b818d38f418afd924327c428e539,train,clsdoa_source_split_v2_stratified,ACCEPT,EXACT,AUTO_FLAG,severe_clipping_candidate,DATASET_LEVEL_VERIFIED,CC BY-NC 3.0; dataset-level license and attribution file,https://github.com/karolpiczak/ESC-50; meta/esc50.csv; src_file=131943 take=A,unknown,PRESENT,24000,1,float32,5.000000000,preserve_full_short_source,0.000000000,5.000000000,,active_rms_v1,-2.894916911,-24.000000127,1.445322394,0.127265468,-21.105083089,false,true
ESC-50:151242,clock_alarm,ESC-50,clock_alarm,151242,esc50:151242,ESC-50:esc50:151242,/home/leiyuxin/soundspaces/source_assets/clsdoa_v1/raw/esc50/ESC-50-master/audio/4-151242-A-37.wav,/home/leiyuxin/soundspaces/source_assets/clsdoa_v1/prepared/source_pool_pilot_001/wav/clock_alarm/esc50__151242.wav,wav/clock_alarm/esc50__151242.wav,37399466b5243cad1c278bce8c7b108436a012390bbe4118b519f48b521c6191,398b76db6a7c48505668f801476b07fa66dc23dfae713e4d14fc616d83b95f4d,c83789199d3a2794323f9151cae42fa478b7ae408a624f483399316bd44cf899,val,clsdoa_source_split_v2_stratified,ACCEPT,EXACT,AUTO_FLAG,severe_clipping_candidate,DATASET_LEVEL_VERIFIED,CC BY-NC 3.0; dataset-level license and attribution file,https://github.com/karolpiczak/ESC-50; meta/esc50.csv; src_file=151242 take=A,unknown,PRESENT,24000,1,float32,5.000000000,preserve_full_short_source,0.000000000,5.000000000,,active_rms_v1,-2.408255756,-24.000001153,1.224406362,0.101938523,-21.591744244,false,true
ESC-50:223176,clock_alarm,ESC-50,clock_alarm,223176,esc50:223176,ESC-50:esc50:223176,/home/leiyuxin/soundspaces/source_assets/clsdoa_v1/raw/esc50/ESC-50-master/audio/5-223176-A-37.wav,/home/leiyuxin/soundspaces/source_assets/clsdoa_v1/prepared/source_pool_pilot_001/wav/clock_alarm/esc50__223176.wav,wav/clock_alarm/esc50__223176.wav,8fded2a4fc5a3e5b9e00a9fd5920c2f72879587584c30ecedba5c312cf6447d5,84bcf92dc2b698f149ed069119a0b3fee3f391672cc05171955fa0e6b43dbeb0,5822815ceb1589bc11f05f26b6972e5ebd9dd1a7f12568645140a82852664db8,train,clsdoa_source_split_v2_stratified,ACCEPT,EXACT,AUTO_FLAG,severe_clipping_candidate,DATASET_LEVEL_VERIFIED,CC BY-NC 3.0; dataset-level license and attribution file,https://github.com/karolpiczak/ESC-50; meta/esc50.csv; src_file=223176 take=A,unknown,PRESENT,24000,1,float32,5.000000000,preserve_full_short_source,0.000000000,5.000000000,,active_rms_v1,-3.630053380,-24.000000127,1.180823922,0.113158666,-20.369946620,false,true
ESC-50:250629,clock_alarm,ESC-50,clock_alarm,250629,esc50:250629,ESC-50:esc50:250629,/home/leiyuxin/soundspaces/source_assets/clsdoa_v1/raw/esc50/ESC-50-master/audio/5-250629-A-37.wav,/home/leiyuxin/soundspaces/source_assets/clsdoa_v1/prepared/source_pool_pilot_001/wav/clock_alarm/esc50__250629.wav,wav/clock_alarm/esc50__250629.wav,a47dd7f3a8f08e7f1f986d74a3dadcb3f567a5db3247a5ec3fb0b8b63b57ea0e,057d50866368854940105f9b5b0b26c6b2bd286fa840beaa032757a33a66b268,cd9fd493266fcc36b6a89a8427b88c745feaf0b1315ad7fb14f57cd2c08e343e,test,clsdoa_source_split_v2_stratified,ACCEPT,EXACT,AUTO_FLAG,severe_clipping_candidate,DATASET_LEVEL_VERIFIED,CC BY-NC 3.0; dataset-level license and attribution file,https://github.com/karolpiczak/ESC-50; meta/esc50.csv; src_file=250629 take=A,unknown,PRESENT,24000,1,float32,5.000000000,preserve_full_short_source,0.000000000,5.000000000,,active_rms_v1,-2.258908770,-24.000001153,1.123742819,0.091962837,-21.741091230,false,true
ESC-50:123896,coughing,ESC-50,coughing,123896,esc50:123896,ESC-50:esc50:123896,/home/leiyuxin/soundspaces/source_assets/clsdoa_v1/raw/esc50/ESC-50-master/audio/2-123896-A-24.wav,/home/leiyuxin/soundspaces/source_assets/clsdoa_v1/prepared/source_pool_pilot_001/wav/coughing/esc50__123896.wav,wav/coughing/esc50__123896.wav,d194e03b78e9be00afbdc8feab9fbec26bcab5f8d54777bccefbb0f68115b18f,b852c1a29001777736e7bc07672b496a5f5094f187b7e05a80074b7213f9abc0,4e1720d93a23e4e005b688fdddeed30a6cb3ff04ebf706921de8d01d0d1dfa3e,train,clsdoa_source_split_v2_stratified,ACCEPT,EXACT,AUTO_PASS,,DATASET_LEVEL_VERIFIED,CC BY-NC 3.0; dataset-level license and attribution file,https://github.com/karolpiczak/ESC-50; meta/esc50.csv; src_file=123896 take=A,unknown,PRESENT,24000,1,float32,5.000000000,preserve_full_short_source,0.000000000,5.000000000,,active_rms_v1,-11.536784793,-24.000000127,1.024870753,0.244066581,-12.463215207,false,true
ESC-50:125418,coughing,ESC-50,coughing,125418,esc50:125418,ESC-50:esc50:125418,/home/leiyuxin/soundspaces/source_assets/clsdoa_v1/raw/esc50/ESC-50-master/audio/3-125418-A-24.wav,/home/leiyuxin/soundspaces/source_assets/clsdoa_v1/prepared/source_pool_pilot_001/wav/coughing/esc50__125418.wav,wav/coughing/esc50__125418.wav,cc86d1222df9fea76c5f24b7b1f9ef4eae6b2619d189e3308f3b11e987264dea,b227325a5ad32fdb3af42fe49448cfcd32c5161169f6652feb374fe8687e8e6c,120275342f1cd23c1ace8f4c334dd7673b727821f9bdd9c710baff75c61123b4,train,clsdoa_source_split_v2_stratified,ACCEPT,EXACT,AUTO_PASS,,DATASET_LEVEL_VERIFIED,CC BY-NC 3.0; dataset-level license and attribution file,https://github.com/karolpiczak/ESC-50; meta/esc50.csv; src_file=125418 take=A,unknown,PRESENT,24000,1,float32,5.000000000,preserve_full_short_source,0.000000000,5.000000000,,active_rms_v1,-25.561612301,-23.999999102,0.197138175,0.235967040,1.561612301,false,true
ESC-50:132601,coughing,ESC-50,coughing,132601,esc50:132601,ESC-50:esc50:132601,/home/leiyuxin/soundspaces/source_assets/clsdoa_v1/raw/esc50/ESC-50-master/audio/3-132601-A-24.wav,/home/leiyuxin/soundspaces/source_assets/clsdoa_v1/prepared/source_pool_pilot_001/wav/coughing/esc50__132601.wav,wav/coughing/esc50__132601.wav,c737c32ad41ee73481cf2e42e8db0f2cd3d5644dcf99894a5db7f90f14cb4c9c,3fc61ffdfaa954a6fe19a5d9f27e21f8f7a4a47ada6222281dbb61a6913223af,2a8cac7228cf69c63838c96b7381b807d518a75d60fa0e8b51ac589c35dbe2a7,train,clsdoa_source_split_v2_stratified,ACCEPT,EXACT,AUTO_PASS,,DATASET_LEVEL_VERIFIED,CC BY-NC 3.0; dataset-level license and attribution file,https://github.com/karolpiczak/ESC-50; meta/esc50.csv; src_file=132601 take=A,unknown,PRESENT,24000,1,float32,5.000000000,preserve_full_short_source,0.000000000,5.000000000,,active_rms_v1,-18.944349272,-24.000000127,0.402974337,0.225161880,-5.055650728,false,true
ESC-50:142604,coughing,ESC-50,coughing,142604,esc50:142604,ESC-50:esc50:142604,/home/leiyuxin/soundspaces/source_assets/clsdoa_v1/raw/esc50/ESC-50-master/audio/3-142604-A-24.wav,/home/leiyuxin/soundspaces/source_assets/clsdoa_v1/prepared/source_pool_pilot_001/wav/coughing/esc50__142604.wav,wav/coughing/esc50__142604.wav,52b93e0e4536c43fd75111e27a9f7099f734c7a9bd9fe37a99593b3f71dcf655,61eeb501435af80fae554d6c268341cedc16582ea10fe2f01959c0a59885a78e,6fb3161dd47d2f0807011dd52f807c90e8d0d2ab7de515cdcf2846e735c45c9c,train,clsdoa_source_split_v2_stratified,ACCEPT,EXACT,AUTO_PASS,,DATASET_LEVEL_VERIFIED,CC BY-NC 3.0; dataset-level license and attribution file,https://github.com/karolpiczak/ESC-50; meta/esc50.csv; src_file=142604 take=A,unknown,PRESENT,24000,1,float32,5.000000000,preserve_full_short_source,0.000000000,5.000000000,,active_rms_v1,-14.928823955,-24.000001153,0.722488642,0.254256606,-9.071176045,false,true
ESC-50:145487,coughing,ESC-50,coughing,145487,esc50:145487,ESC-50:esc50:145487,/home/leiyuxin/soundspaces/source_assets/clsdoa_v1/raw/esc50/ESC-50-master/audio/3-145487-A-24.wav,/home/leiyuxin/soundspaces/source_assets/clsdoa_v1/prepared/source_pool_pilot_001/wav/coughing/esc50__145487.wav,wav/coughing/esc50__145487.wav,615fafc96820eb21f2e13b845028759fec94c7840b3ef6b6c459d2107d340b74,1923ef4f29f19805a37470edf6bc92706eb345a322b80797de2e2a522dfea51f,422b999e10eff69ad3fa06c6f05d6bf6e1fe675137c49830452712d9897abe09,train,clsdoa_source_split_v2_stratified,ACCEPT,EXACT,AUTO_PASS,,DATASET_LEVEL_VERIFIED,CC BY-NC 3.0; dataset-level license and attribution file,https://github.com/karolpiczak/ESC-50; meta/esc50.csv; src_file=145487 take=A,unknown,PRESENT,24000,1,float32,5.000000000,preserve_full_short_source,0.000000000,5.000000000,,active_rms_v1,-11.329075440,-24.000000127,0.976655424,0.227088496,-12.670924560,false,true
ESC-50:146873,coughing,ESC-50,coughing,146873,esc50:146873,ESC-50:esc50:146873,/home/leiyuxin/soundspaces/source_assets/clsdoa_v1/raw/esc50/ESC-50-master/audio/3-146873-A-24.wav,/home/leiyuxin/soundspaces/source_assets/clsdoa_v1/prepared/source_pool_pilot_001/wav/coughing/esc50__146873.wav,wav/coughing/esc50__146873.wav,bdc29d5d28040099958567dc908b4fe507be9c974b8e1ee597455aa7a2d26afe,30ed2dca93617b46f53fb4593ccd68fde46d4a815c890d1c502ff21c58b3c6e3,47c4721ef5cbeec84a67c294b06e14aa7c8a3df3be685fa3ec12ae71ddddf3ce,train,clsdoa_source_split_v2_stratified,ACCEPT,EXACT,AUTO_PASS,,DATASET_LEVEL_VERIFIED,CC BY-NC 3.0; dataset-level license and attribution file,https://github.com/karolpiczak/ESC-50; meta/esc50.csv; src_file=146873 take=A,unknown,PRESENT,24000,1,float32,5.000000000,preserve_full_short_source,0.000000000,5.000000000,,active_rms_v1,-14.834440124,-24.000001153,0.740583301,0.257807702,-9.165559876,false,true
ESC-50:149042,coughing,ESC-50,coughing,149042,esc50:149042,ESC-50:esc50:149042,/home/leiyuxin/soundspaces/source_assets/clsdoa_v1/raw/esc50/ESC-50-master/audio/3-149042-A-24.wav,/home/leiyuxin/soundspaces/source_assets/clsdoa_v1/prepared/source_pool_pilot_001/wav/coughing/esc50__149042.wav,wav/coughing/esc50__149042.wav,f06bb654989efc5a37fdfa279fc6300a7fe092fc7ddabe6cefcd45d6bb0e7fb0,f2d044cb5149ad02604bfc5b112dcd988219e48c831e11ddf66c66c6aac450d1,33cb5ea4d5b8a0df92bcdef652df83cdcd3e02875468521d0e029ea63a371adb,test,clsdoa_source_split_v2_stratified,ACCEPT,EXACT,AUTO_PASS,,DATASET_LEVEL_VERIFIED,CC BY-NC 3.0; dataset-level license and attribution file,https://github.com/karolpiczak/ESC-50; meta/esc50.csv; src_file=149042 take=A,unknown,PRESENT,24000,1,float32,5.000000000,preserve_full_short_source,0.000000000,5.000000000,,active_rms_v1,-17.556731104,-24.000000127,0.425311446,0.202555314,-6.443268896,false,true
ESC-50:151212,coughing,ESC-50,coughing,151212,esc50:151212,ESC-50:esc50:151212,/home/leiyuxin/soundspaces/source_assets/clsdoa_v1/raw/esc50/ESC-50-master/audio/3-151212-A-24.wav,/home/leiyuxin/soundspaces/source_assets/clsdoa_v1/prepared/source_pool_pilot_001/wav/coughing/esc50__151212.wav,wav/coughing/esc50__151212.wav,a6d1aab7ed0cc105872422fd2c621ce2ed7f645a196824dbd8b7fc2168513a81,99b75038e6687a3f02553c2b78eadd5d917205affaaa7126b5adb178f197db94,37c3f893f014dafc6d6b5ddcc21ae9dfb9f1302c2960296e9d150c027f779ba7,val,clsdoa_source_split_v2_stratified,ACCEPT,EXACT,AUTO_PASS,,DATASET_LEVEL_VERIFIED,CC BY-NC 3.0; dataset-level license and attribution file,https://github.com/karolpiczak/ESC-50; meta/esc50.csv; src_file=151212 take=A,unknown,PRESENT,24000,1,float32,5.000000000,preserve_full_short_source,0.000000000,5.000000000,,active_rms_v1,-19.371766157,-24.000000127,0.450608641,0.264476955,-4.628233843,false,true
ESC-50:151213,coughing,ESC-50,coughing,151213,esc50:151213,ESC-50:esc50:151213,/home/leiyuxin/soundspaces/source_assets/clsdoa_v1/raw/esc50/ESC-50-master/audio/3-151213-A-24.wav,/home/leiyuxin/soundspaces/source_assets/clsdoa_v1/prepared/source_pool_pilot_001/wav/coughing/esc50__151213.wav,wav/coughing/esc50__151213.wav,e719151d76deba319bc1ef8ed0b2b25030c4eca344bfdbee31e1713c3183faec,159d77b6eecffabdfc4002cfa53c67619d6faf11035953ee5b8f97e4ce4f7d19,36a0a9a4ac42558cf3836d94e834fe376eb21a80d8f74349f98441a6cabfac50,train,clsdoa_source_split_v2_stratified,ACCEPT,EXACT,AUTO_PASS,,DATASET_LEVEL_VERIFIED,CC BY-NC 3.0; dataset-level license and attribution file,https://github.com/karolpiczak/ESC-50; meta/esc50.csv; src_file=151213 take=A,unknown,PRESENT,24000,1,float32,5.000000000,preserve_full_short_source,0.000000000,5.000000000,,active_rms_v1,-11.473965378,-23.999999102,1.028902531,0.243261009,-12.526034622,false,true
ESC-50:152995,coughing,ESC-50,coughing,152995,esc50:152995,ESC-50:esc50:152995,/home/leiyuxin/soundspaces/source_assets/clsdoa_v1/raw/esc50/ESC-50-master/audio/4-152995-A-24.wav,/home/leiyuxin/soundspaces/source_assets/clsdoa_v1/prepared/source_pool_pilot_001/wav/coughing/esc50__152995.wav,wav/coughing/esc50__152995.wav,f75e3d6bdfb29db8574fb5326a03ed06c7993aba73e50b9b072dde5154b20a81,ea63a838d2a9d892ab3f062541b040dbd6af2c32fb61697f57e6a6d98eb6140c,ca9a065e5c3c2427954a9d4fb74dff3891ce63e9bda66878e19448237e194e71,train,clsdoa_source_split_v2_stratified,ACCEPT,EXACT,AUTO_PASS,,DATASET_LEVEL_VERIFIED,CC BY-NC 3.0; dataset-level license and attribution file,https://github.com/karolpiczak/ESC-50; meta/esc50.csv; src_file=152995 take=A,unknown,PRESENT,24000,1,float32,5.000000000,preserve_full_short_source,0.000000000,5.000000000,,active_rms_v1,-16.426128213,-24.000000127,0.701312363,0.293236434,-7.573871787,false,true
ESC-50:154443,coughing,ESC-50,coughing,154443,esc50:154443,ESC-50:esc50:154443,/home/leiyuxin/soundspaces/source_assets/clsdoa_v1/raw/esc50/ESC-50-master/audio/4-154443-A-24.wav,/home/leiyuxin/soundspaces/source_assets/clsdoa_v1/prepared/source_pool_pilot_001/wav/coughing/esc50__154443.wav,wav/coughing/esc50__154443.wav,b947f9ff98d0f257493d7a2e9053baf501bca2c1f5e05819f1e36f42f374387f,5f4a643f436e99bdb63ff536f32fe72a1d979208337fbac387e16e608a206803,a797267e864e22e93777a5822b91f029fe7dd0686003dec30e0fa708afca2e86,val,clsdoa_source_split_v2_stratified,ACCEPT,EXACT,AUTO_PASS,,DATASET_LEVEL_VERIFIED,CC BY-NC 3.0; dataset-level license and attribution file,https://github.com/karolpiczak/ESC-50; meta/esc50.csv; src_file=154443 take=A,unknown,PRESENT,24000,1,float32,5.000000000,preserve_full_short_source,0.000000000,5.000000000,,active_rms_v1,-5.411379681,-24.000000127,1.296114445,0.152479798,-18.588620319,false,true
ESC-50:155650,coughing,ESC-50,coughing,155650,esc50:155650,ESC-50:esc50:155650,/home/leiyuxin/soundspaces/source_assets/clsdoa_v1/raw/esc50/ESC-50-master/audio/4-155650-A-24.wav,/home/leiyuxin/soundspaces/source_assets/clsdoa_v1/prepared/source_pool_pilot_001/wav/coughing/esc50__155650.wav,wav/coughing/esc50__155650.wav,67640ae077380dc5ad33a9dfd54738105060ed46aad2802f5a5471370fddcfd0,2e102b1fdbd929734b81305f4a18316375ae1c2320c1502f05e45a2281891af2,40b7ab01d71f32d21b193d0a90b5f202264e82dff15a45e4b9e95e7d93f2bd64,val,clsdoa_source_split_v2_stratified,ACCEPT,EXACT,AUTO_PASS,,DATASET_LEVEL_VERIFIED,CC BY-NC 3.0; dataset-level license and attribution file,https://github.com/karolpiczak/ESC-50; meta/esc50.csv; src_file=155650 take=A,unknown,PRESENT,24000,1,float32,5.000000000,preserve_full_short_source,0.000000000,5.000000000,,active_rms_v1,-12.302616975,-24.000000127,1.022755027,0.266012758,-11.697383025,false,true
ESC-50:157296,coughing,ESC-50,coughing,157296,esc50:157296,ESC-50:esc50:157296,/home/leiyuxin/soundspaces/source_assets/clsdoa_v1/raw/esc50/ESC-50-master/audio/4-157296-A-24.wav,/home/leiyuxin/soundspaces/source_assets/clsdoa_v1/prepared/source_pool_pilot_001/wav/coughing/esc50__157296.wav,wav/coughing/esc50__157296.wav,41487613b3870d4ffcca015e03fb5aa5fd569ce2346e221af78c39b7ff853ac0,b7d6a29b6ab82020f311bf52e51a68e5376e0f437ec2dd86dbcb5afdc1df589e,918b5180068c452637051ad4037ba51ad5e9d4c422dbbd2b99efe687d9219f42,train,clsdoa_source_split_v2_stratified,ACCEPT,EXACT,AUTO_PASS,,DATASET_LEVEL_VERIFIED,CC BY-NC 3.0; dataset-level license and attribution file,https://github.com/karolpiczak/ESC-50; meta/esc50.csv; src_file=157296 take=A,unknown,PRESENT,24000,1,float32,5.000000000,preserve_full_short_source,0.000000000,5.000000000,,active_rms_v1,-14.930066429,-24.000000127,0.859616101,0.302557468,-9.069933571,false,true
ESC-50:169726,coughing,ESC-50,coughing,169726,esc50:169726,ESC-50:esc50:169726,/home/leiyuxin/soundspaces/source_assets/clsdoa_v1/raw/esc50/ESC-50-master/audio/4-169726-A-24.wav,/home/leiyuxin/soundspaces/source_assets/clsdoa_v1/prepared/source_pool_pilot_001/wav/coughing/esc50__169726.wav,wav/coughing/esc50__169726.wav,160c92d87abcc2d6faba488db377baf423b2b774421660114bb46f2a395ff39b,6d19da551cf7825443dae7656b7ac7bdb863d3aa612eab9aa591cd88a6c182c5,ec8defa24843e95c9448fa7bcd3f619d032856856fbc892cf357e2890b903700,train,clsdoa_source_split_v2_stratified,ACCEPT,EXACT,AUTO_PASS,,DATASET_LEVEL_VERIFIED,CC BY-NC 3.0; dataset-level license and attribution file,https://github.com/karolpiczak/ESC-50; meta/esc50.csv; src_file=169726 take=A,unknown,PRESENT,24000,1,float32,5.000000000,preserve_full_short_source,0.000000000,5.000000000,,active_rms_v1,-9.377020428,-24.000000127,1.087042212,0.201881930,-14.622979572,false,true
ESC-50:171396,coughing,ESC-50,coughing,171396,esc50:171396,ESC-50:esc50:171396,/home/leiyuxin/soundspaces/source_assets/clsdoa_v1/raw/esc50/ESC-50-master/audio/4-171396-A-24.wav,/home/leiyuxin/soundspaces/source_assets/clsdoa_v1/prepared/source_pool_pilot_001/wav/coughing/esc50__171396.wav,wav/coughing/esc50__171396.wav,d2b0dcd2021cd39e0f89451583bab95b57cb01feb78d00411f4d6e08b5cd9b5e,0554376308b5b833726eb470a1c03bf1af8a39b7e37b5fb1f17f765c0801e859,343764265d080bdba2b49a58f86874843865bef82c753adfff866625f9999800,train,clsdoa_source_split_v2_stratified,ACCEPT,EXACT,AUTO_PASS,,DATASET_LEVEL_VERIFIED,CC BY-NC 3.0; dataset-level license and attribution file,https://github.com/karolpiczak/ESC-50; meta/esc50.csv; src_file=171396 take=A,unknown,PRESENT,24000,1,float32,5.000000000,preserve_full_short_source,0.000000000,5.000000000,,active_rms_v1,-14.942303575,-24.000000127,0.809283257,0.285243481,-9.057696425,false,true
ESC-50:177835,coughing,ESC-50,coughing,177835,esc50:177835,ESC-50:esc50:177835,/home/leiyuxin/soundspaces/source_assets/clsdoa_v1/raw/esc50/ESC-50-master/audio/4-177835-A-24.wav,/home/leiyuxin/soundspaces/source_assets/clsdoa_v1/prepared/source_pool_pilot_001/wav/coughing/esc50__177835.wav,wav/coughing/esc50__177835.wav,4284818fc4dc38341cd7641a9a09e43a6298d3d5c5f575f29d5f6a63fbde4d25,e57ac6eb9c3bd7e1ac22f78564fbcdff33a4f5d686bafb63b94509493635129c,107f49aa987e3155662f7713709ebfc7665202f42cd0e4adaefa57eff4b89208,train,clsdoa_source_split_v2_stratified,ACCEPT,EXACT,AUTO_PASS,,DATASET_LEVEL_VERIFIED,CC BY-NC 3.0; dataset-level license and attribution file,https://github.com/karolpiczak/ESC-50; meta/esc50.csv; src_file=177835 take=A,unknown,PRESENT,24000,1,float32,5.000000000,preserve_full_short_source,0.000000000,5.000000000,,active_rms_v1,-15.372551699,-24.000000127,0.595184207,0.220434204,-8.627448301,false,true
ESC-50:178997,coughing,ESC-50,coughing,178997,esc50:178997,ESC-50:esc50:178997,/home/leiyuxin/soundspaces/source_assets/clsdoa_v1/raw/esc50/ESC-50-master/audio/5-178997-A-24.wav,/home/leiyuxin/soundspaces/source_assets/clsdoa_v1/prepared/source_pool_pilot_001/wav/coughing/esc50__178997.wav,wav/coughing/esc50__178997.wav,98b0efbf2499e6414b8310de51276af6647417aa69971a5efe75d2165a2e5965,73e195b4198a719ac28a95f89c7f5790566d8b7e0e96e1ed35ee64e4ee6f0813,c7aba9fe825d201275860a99588bf8ee1cf26c2d6232f9d89eb52e47cab19221,train,clsdoa_source_split_v2_stratified,ACCEPT,EXACT,AUTO_PASS,,DATASET_LEVEL_VERIFIED,CC BY-NC 3.0; dataset-level license and attribution file,https://github.com/karolpiczak/ESC-50; meta/esc50.csv; src_file=178997 take=A,unknown,PRESENT,24000,1,float32,5.000000000,preserve_full_short_source,0.000000000,5.000000000,,active_rms_v1,-13.007008312,-24.000001153,0.993816257,0.280321568,-10.992991688,false,true
ESC-50:184871,coughing,ESC-50,coughing,184871,esc50:184871,ESC-50:esc50:184871,/home/leiyuxin/soundspaces/source_assets/clsdoa_v1/raw/esc50/ESC-50-master/audio/5-184871-A-24.wav,/home/leiyuxin/soundspaces/source_assets/clsdoa_v1/prepared/source_pool_pilot_001/wav/coughing/esc50__184871.wav,wav/coughing/esc50__184871.wav,77b449c5a9f60ce31a629a3863c8c3216e4e78939aec92048af529100af3c134,081741870d991e6adc82e273a19ecc2ffbb76d5c892eb2db2e46640ca02efe60,94215401f4f1c623c0fa515c44cd3d4940205302a69727b5467ad59f56654d74,test,clsdoa_source_split_v2_stratified,ACCEPT,EXACT,AUTO_PASS,,DATASET_LEVEL_VERIFIED,CC BY-NC 3.0; dataset-level license and attribution file,https://github.com/karolpiczak/ESC-50; meta/esc50.csv; src_file=184871 take=A,unknown,PRESENT,24000,1,float32,5.000000000,preserve_full_short_source,0.000000000,5.000000000,,active_rms_v1,-9.171100339,-24.000000127,1.091809511,0.198016733,-14.828899661,false,true
ESC-50:19111,coughing,ESC-50,coughing,19111,esc50:19111,ESC-50:esc50:19111,/home/leiyuxin/soundspaces/source_assets/clsdoa_v1/raw/esc50/ESC-50-master/audio/1-19111-A-24.wav,/home/leiyuxin/soundspaces/source_assets/clsdoa_v1/prepared/source_pool_pilot_001/wav/coughing/esc50__19111.wav,wav/coughing/esc50__19111.wav,6a8c2b20e8321da1aef032c22322f6a91fa73b1955c4a76dd9cc2068082fb4c8,c2558d44606625791688a4da48e082effbb84d2e1b8b449f277bba68b3101825,ab2afe6d0ee0de5edc1f0107448077919c6ac94dcf59243497e6fcb333685438,train,clsdoa_source_split_v2_stratified,ACCEPT,EXACT,AUTO_PASS,,DATASET_LEVEL_VERIFIED,CC BY-NC 3.0; dataset-level license and attribution file,https://github.com/karolpiczak/ESC-50; meta/esc50.csv; src_file=19111 take=A,unknown,PRESENT,24000,1,float32,5.000000000,preserve_full_short_source,0.000000000,5.000000000,,active_rms_v1,-13.021226518,-24.000000127,0.834260941,0.235701993,-10.978773482,false,true
ESC-50:204604,coughing,ESC-50,coughing,204604,esc50:204604,ESC-50:esc50:204604,/home/leiyuxin/soundspaces/source_assets/clsdoa_v1/raw/esc50/ESC-50-master/audio/5-204604-A-24.wav,/home/leiyuxin/soundspaces/source_assets/clsdoa_v1/prepared/source_pool_pilot_001/wav/coughing/esc50__204604.wav,wav/coughing/esc50__204604.wav,95572a9b2744eda67049bc8af35242b4f14a1015cba3dbe5b5fbfb5c6159ccaf,f4a9944e9f4b5cb1fbeea9127da705bef2cd3a7c8f9202edf1305b0f256aab44,a0246cf0d122038d7665c037f3c0f74dd5f4efe8334c4e4ab1b3aa94651c9b1f,val,clsdoa_source_split_v2_stratified,ACCEPT,EXACT,AUTO_PASS,,DATASET_LEVEL_VERIFIED,CC BY-NC 3.0; dataset-level license and attribution file,https://github.com/karolpiczak/ESC-50; meta/esc50.csv; src_file=204604 take=A,unknown,PRESENT,24000,1,float32,5.000000000,preserve_full_short_source,0.000000000,5.000000000,,active_rms_v1,-4.734124901,-24.000000127,1.144523025,0.124546289,-19.265875099,false,true
ESC-50:207681,coughing,ESC-50,coughing,207681,esc50:207681,ESC-50:esc50:207681,/home/leiyuxin/soundspaces/source_assets/clsdoa_v1/raw/esc50/ESC-50-master/audio/5-207681-A-24.wav,/home/leiyuxin/soundspaces/source_assets/clsdoa_v1/prepared/source_pool_pilot_001/wav/coughing/esc50__207681.wav,wav/coughing/esc50__207681.wav,5f9b2e355d1b08126817c6bb34d8890291a7a17fa1dbd4e3559ed5dbf15cf9e1,23e7f7e6006fd63b116dff0f5cc8e07165c5469763f688e9f16ce51cd0fc5c71,be04f11bf1ea8d8f12d4922c37419d9e7369f65bf6def508b4b164d7f8164f28,train,clsdoa_source_split_v2_stratified,ACCEPT,EXACT,AUTO_PASS,,DATASET_LEVEL_VERIFIED,CC BY-NC 3.0; dataset-level license and attribution file,https://github.com/karolpiczak/ESC-50; meta/esc50.csv; src_file=207681 take=A,unknown,PRESENT,24000,1,float32,5.000000000,preserve_full_short_source,0.000000000,5.000000000,,active_rms_v1,-7.706519633,-24.000000127,1.134520054,0.173835367,-16.293480367,false,true
ESC-50:208761,coughing,ESC-50,coughing,208761,esc50:208761,ESC-50:esc50:208761,/home/leiyuxin/soundspaces/source_assets/clsdoa_v1/raw/esc50/ESC-50-master/audio/5-208761-A-24.wav,/home/leiyuxin/soundspaces/source_assets/clsdoa_v1/prepared/source_pool_pilot_001/wav/coughing/esc50__208761.wav,wav/coughing/esc50__208761.wav,19e853058004c0bb1f159078d59f56b2576d0dccbed351a272edc5e988a164d6,032354287745d8cf5d7f761f00607b6952ee71758f5d29c7fbb95220a1c9e915,8cbc33a3752174636694712e59a1c597615c7c8ad44fec7d005c343ffb1ed549,train,clsdoa_source_split_v2_stratified,ACCEPT,EXACT,AUTO_PASS,,DATASET_LEVEL_VERIFIED,CC BY-NC 3.0; dataset-level license and attribution file,https://github.com/karolpiczak/ESC-50; meta/esc50.csv; src_file=208761 take=A,unknown,PRESENT,24000,1,float32,5.000000000,preserve_full_short_source,0.000000000,5.000000000,,active_rms_v1,-27.169152658,-24.000001153,0.214527145,0.308986783,3.169152658,false,true
ESC-50:209719,coughing,ESC-50,coughing,209719,esc50:209719,ESC-50:esc50:209719,/home/leiyuxin/soundspaces/source_assets/clsdoa_v1/raw/esc50/ESC-50-master/audio/5-209719-A-24.wav,/home/leiyuxin/soundspaces/source_assets/clsdoa_v1/prepared/source_pool_pilot_001/wav/coughing/esc50__209719.wav,wav/coughing/esc50__209719.wav,ab067fe28edf1057766f7317ed578bf63f639e961c86e6e95f763af85a30b653,893860259ad79a490d04d1af8ba47df48c6c16d86aeafc59cd86262a73908364,b041042160b4b536fca9d9d0b06a3f820db280a7e8c66526544d2574bc0de744,train,clsdoa_source_split_v2_stratified,ACCEPT,EXACT,AUTO_PASS,,DATASET_LEVEL_VERIFIED,CC BY-NC 3.0; dataset-level license and attribution file,https://github.com/karolpiczak/ESC-50; meta/esc50.csv; src_file=209719 take=A,unknown,PRESENT,24000,1,float32,5.000000000,preserve_full_short_source,0.000000000,5.000000000,,active_rms_v1,-16.677443723,-24.000000127,0.464496195,0.199919134,-7.322556277,false,true
ESC-50:211197,coughing,ESC-50,coughing,211197,esc50:211197,ESC-50:esc50:211197,/home/leiyuxin/soundspaces/source_assets/clsdoa_v1/raw/esc50/ESC-50-master/audio/5-211197-A-24.wav,/home/leiyuxin/soundspaces/source_assets/clsdoa_v1/prepared/source_pool_pilot_001/wav/coughing/esc50__211197.wav,wav/coughing/esc50__211197.wav,3e24bde52699c7e70e4a98217ed915ba6e144d27b8c94b8990db893a712958c1,333e2364cd0b3a8ec6e788dcbbc8607355dd12cba863616951cf99be2fe4c37e,1b714d7c87dd8ce622a5dd59d59ebb15afe7f40994ad0dcbe4a9f8064e5caa79,train,clsdoa_source_split_v2_stratified,ACCEPT,EXACT,AUTO_PASS,,DATASET_LEVEL_VERIFIED,CC BY-NC 3.0; dataset-level license and attribution file,https://github.com/karolpiczak/ESC-50; meta/esc50.csv; src_file=211197 take=A,unknown,PRESENT,24000,1,float32,5.000000000,preserve_full_short_source,0.000000000,5.000000000,,active_rms_v1,-15.944641655,-23.999999102,0.781537890,0.309159160,-8.055358345,false,true
ESC-50:251489,coughing,ESC-50,coughing,251489,esc50:251489,ESC-50:esc50:251489,/home/leiyuxin/soundspaces/source_assets/clsdoa_v1/raw/esc50/ESC-50-master/audio/5-251489-A-24.wav,/home/leiyuxin/soundspaces/source_assets/clsdoa_v1/prepared/source_pool_pilot_001/wav/coughing/esc50__251489.wav,wav/coughing/esc50__251489.wav,d50edafb0b4f4df37998954f6b7deccb041f7324873f271b7caed0206b095020,055866ef1b2f84eda35496e4031790345eebe28d75074df525946f17ea076954,dbb23515f40248ab07e055c714151bc05fb107d12146cb213bc909fb5b20f17e,train,clsdoa_source_split_v2_stratified,ACCEPT,EXACT,AUTO_PASS,,DATASET_LEVEL_VERIFIED,CC BY-NC 3.0; dataset-level license and attribution file,https://github.com/karolpiczak/ESC-50; meta/esc50.csv; src_file=251489 take=A,unknown,PRESENT,24000,1,float32,5.000000000,preserve_full_short_source,0.000000000,5.000000000,,active_rms_v1,-12.127244002,-24.000000127,0.991837442,0.252814919,-11.872755998,false,true
ESC-50:30830,coughing,ESC-50,coughing,30830,esc50:30830,ESC-50:esc50:30830,/home/leiyuxin/soundspaces/source_assets/clsdoa_v1/raw/esc50/ESC-50-master/audio/1-30830-A-24.wav,/home/leiyuxin/soundspaces/source_assets/clsdoa_v1/prepared/source_pool_pilot_001/wav/coughing/esc50__30830.wav,wav/coughing/esc50__30830.wav,283f6afe6c8987dade5b8b0ec23245803e68bdb1ce61adad6d648948d10e577d,943c26b1dbc9893796ccce0c96c699dddccdc46c283cee01d4aa8f2a2f0da838,e0374e3191067ad9a63df3ae9157e0ca44a36f4f1fa7586982609565683f6a13,train,clsdoa_source_split_v2_stratified,ACCEPT,EXACT,AUTO_PASS,,DATASET_LEVEL_VERIFIED,CC BY-NC 3.0; dataset-level license and attribution file,https://github.com/karolpiczak/ESC-50; meta/esc50.csv; src_file=30830 take=A,unknown,PRESENT,24000,1,float32,5.000000000,preserve_full_short_source,0.000000000,5.000000000,,active_rms_v1,-13.889944691,-24.000000127,0.839792728,0.262222141,-10.110055309,false,true
ESC-50:52266,coughing,ESC-50,coughing,52266,esc50:52266,ESC-50:esc50:52266,/home/leiyuxin/soundspaces/source_assets/clsdoa_v1/raw/esc50/ESC-50-master/audio/1-52266-A-24.wav,/home/leiyuxin/soundspaces/source_assets/clsdoa_v1/prepared/source_pool_pilot_001/wav/coughing/esc50__52266.wav,wav/coughing/esc50__52266.wav,a1061ec65d686785a4e5fbe94a367f1f22d76674ae998e64a05b15b421faf4c4,164ad90b6322a84181da5ea4a097d6ba163666996fc3c5b2f0fb64412b948322,dbf47513fb47c7cac8eb44110871b57ac9c51daf874d9185250fea1081e8917f,train,clsdoa_source_split_v2_stratified,ACCEPT,EXACT,AUTO_PASS,,DATASET_LEVEL_VERIFIED,CC BY-NC 3.0; dataset-level license and attribution file,https://github.com/karolpiczak/ESC-50; meta/esc50.csv; src_file=52266 take=A,unknown,PRESENT,24000,1,float32,5.000000000,preserve_full_short_source,0.000000000,5.000000000,,active_rms_v1,-20.205220518,-24.000000127,0.445648968,0.287908137,-3.794779482,false,true
ESC-50:52323,coughing,ESC-50,coughing,52323,esc50:52323,ESC-50:esc50:52323,/home/leiyuxin/soundspaces/source_assets/clsdoa_v1/raw/esc50/ESC-50-master/audio/1-52323-A-24.wav,/home/leiyuxin/soundspaces/source_assets/clsdoa_v1/prepared/source_pool_pilot_001/wav/coughing/esc50__52323.wav,wav/coughing/esc50__52323.wav,5e7520fd057398f7d2d82db1632090541dab2ad192594bb6b1194bca76c3ffd5,98e0d9cb012d8054127434d538b6854c5d7da861da0e5ee9fb0abdacab77856a,74d2b6a06d461e16b869c4ed5d3a83c5af698fe3650f1ac395976de974638d80,test,clsdoa_source_split_v2_stratified,ACCEPT,EXACT,AUTO_PASS,,DATASET_LEVEL_VERIFIED,CC BY-NC 3.0; dataset-level license and attribution file,https://github.com/karolpiczak/ESC-50; meta/esc50.csv; src_file=52323 take=A,unknown,PRESENT,24000,1,float32,5.000000000,preserve_full_short_source,0.000000000,5.000000000,,active_rms_v1,-22.173181993,-24.000001153,0.317656517,0.257404923,-1.826818007,false,true
ESC-50:53663,coughing,ESC-50,coughing,53663,esc50:53663,ESC-50:esc50:53663,/home/leiyuxin/soundspaces/source_assets/clsdoa_v1/raw/esc50/ESC-50-master/audio/1-53663-A-24.wav,/home/leiyuxin/soundspaces/source_assets/clsdoa_v1/prepared/source_pool_pilot_001/wav/coughing/esc50__53663.wav,wav/coughing/esc50__53663.wav,89dece11b47557bffced38cd526257b5e21871d3b6e1193381a5b4275172c974,7c7648b10047ab98795f400e9ac5aea00715e18bf5f98d02d7d1d690b756da6c,325713c6d3370316b849ad7398d9a9c744e3a6a0ce31a7b5360c0d18c7a03b79,val,clsdoa_source_split_v2_stratified,ACCEPT,EXACT,AUTO_PASS,,DATASET_LEVEL_VERIFIED,CC BY-NC 3.0; dataset-level license and attribution file,https://github.com/karolpiczak/ESC-50; meta/esc50.csv; src_file=53663 take=A,unknown,PRESENT,24000,1,float32,5.000000000,preserve_full_short_source,0.000000000,5.000000000,,active_rms_v1,-20.394252404,-24.000001153,0.457874388,0.302314490,-3.605747596,false,true
ESC-50:63679,coughing,ESC-50,coughing,63679,esc50:63679,ESC-50:esc50:63679,/home/leiyuxin/soundspaces/source_assets/clsdoa_v1/raw/esc50/ESC-50-master/audio/1-63679-A-24.wav,/home/leiyuxin/soundspaces/source_assets/clsdoa_v1/prepared/source_pool_pilot_001/wav/coughing/esc50__63679.wav,wav/coughing/esc50__63679.wav,7c273efd80a98a13af7d18177a126eae40eb047595d3be70421e8a32917471f2,1ec2937b6773823d3fc44766a22300dd07e45a86bf23a8243faf5e3e9a47c1e0,d6905ec0b2937aae9bf3a2bcb35950d2d5dec0c7dcd8414af9a45f3116d3272a,test,clsdoa_source_split_v2_stratified,ACCEPT,EXACT,AUTO_PASS,,DATASET_LEVEL_VERIFIED,CC BY-NC 3.0; dataset-level license and attribution file,https://github.com/karolpiczak/ESC-50; meta/esc50.csv; src_file=63679 take=A,unknown,PRESENT,24000,1,float32,5.000000000,preserve_full_short_source,0.000000000,5.000000000,,active_rms_v1,-15.249359457,-24.000000127,0.638934731,0.233305231,-8.750640543,false,true
ESC-50:85292,coughing,ESC-50,coughing,85292,esc50:85292,ESC-50:esc50:85292,/home/leiyuxin/soundspaces/source_assets/clsdoa_v1/raw/esc50/ESC-50-master/audio/2-85292-A-24.wav,/home/leiyuxin/soundspaces/source_assets/clsdoa_v1/prepared/source_pool_pilot_001/wav/coughing/esc50__85292.wav,wav/coughing/esc50__85292.wav,40c95a70f576b4c802331510c80db313a92e84357c109475f3b70719f6dd26b8,9b1daec82398910dd1e35c966df1e5d7aecd446873502698b28cd0fae39b328b,848bf1ca81dd50d22544cb0ec7446a9e34e9c54d80e280295e263a06f4a340f0,train,clsdoa_source_split_v2_stratified,ACCEPT,EXACT,AUTO_PASS,,DATASET_LEVEL_VERIFIED,CC BY-NC 3.0; dataset-level license and attribution file,https://github.com/karolpiczak/ESC-50; meta/esc50.csv; src_file=85292 take=A,unknown,PRESENT,24000,1,float32,5.000000000,preserve_full_short_source,0.000000000,5.000000000,,active_rms_v1,-9.979188717,-24.000000127,1.016950846,0.202422783,-14.020811283,false,true
ESC-50:87412,coughing,ESC-50,coughing,87412,esc50:87412,ESC-50:esc50:87412,/home/leiyuxin/soundspaces/source_assets/clsdoa_v1/raw/esc50/ESC-50-master/audio/2-87412-A-24.wav,/home/leiyuxin/soundspaces/source_assets/clsdoa_v1/prepared/source_pool_pilot_001/wav/coughing/esc50__87412.wav,wav/coughing/esc50__87412.wav,2bf321cb77caee6047edc3b47f40b4305d17eeef7bad0af506869d4073a4ffe7,7f80dba6b2493322c5b7f861fb60a2f7bbc736b0534d74e2fba9dde7cfbf2664,39381ec4b3c6d22ffca0f344200e23e3830acd5fcca6c99c50fbf357deab2d60,val,clsdoa_source_split_v2_stratified,ACCEPT,EXACT,AUTO_PASS,,DATASET_LEVEL_VERIFIED,CC BY-NC 3.0; dataset-level license and attribution file,https://github.com/karolpiczak/ESC-50; meta/esc50.csv; src_file=87412 take=A,unknown,PRESENT,24000,1,float32,5.000000000,preserve_full_short_source,0.000000000,5.000000000,,active_rms_v1,-6.836327675,-24.000000127,1.127499580,0.156290576,-17.163672325,false,true
ESC-50:87794,coughing,ESC-50,coughing,87794,esc50:87794,ESC-50:esc50:87794,/home/leiyuxin/soundspaces/source_assets/clsdoa_v1/raw/esc50/ESC-50-master/audio/2-87794-A-24.wav,/home/leiyuxin/soundspaces/source_assets/clsdoa_v1/prepared/source_pool_pilot_001/wav/coughing/esc50__87794.wav,wav/coughing/esc50__87794.wav,fe010e0e47cef247baf6dc6c4b9a06bbed41dae54066dd38be0e9adadf55f5db,8e8a18445987d691c35ee10c91c5816312b105df2b9f6b54fd2bcb59e6052d45,404e4a1c21eb3296e3b317d27244ac7a5fcff11c88109f60265f973b4b797443,train,clsdoa_source_split_v2_stratified,ACCEPT,EXACT,AUTO_PASS,,DATASET_LEVEL_VERIFIED,CC BY-NC 3.0; dataset-level license and attribution file,https://github.com/karolpiczak/ESC-50; meta/esc50.csv; src_file=87794 take=A,unknown,PRESENT,24000,1,float32,5.000000000,preserve_full_short_source,0.000000000,5.000000000,,active_rms_v1,-6.238255732,-24.000000127,1.067148209,0.138082147,-17.761744268,false,true
ESC-50:108017,coughing,ESC-50,coughing,108017,esc50:108017,ESC-50:esc50:108017,/home/leiyuxin/soundspaces/source_assets/clsdoa_v1/raw/esc50/ESC-50-master/audio/2-108017-A-24.wav,/home/leiyuxin/soundspaces/source_assets/clsdoa_v1/prepared/source_pool_pilot_001/wav/coughing/esc50__108017.wav,wav/coughing/esc50__108017.wav,df7b4b87edc08db10f0fcddfac4cfe5a7ad839c7fc01ecd15a34daf6c56a8f1b,05a4fc36e9878a110446203dcc7275e11b67988fca62c73d6594e2d4a9be8ff0,0835f06693f5560d89f59de280351f1afbb90b839edacde718bb336726a5fa25,train,clsdoa_source_split_v2_stratified,ACCEPT,EXACT,AUTO_FLAG,severe_clipping_candidate,DATASET_LEVEL_VERIFIED,CC BY-NC 3.0; dataset-level license and attribution file,https://github.com/karolpiczak/ESC-50; meta/esc50.csv; src_file=108017 take=A,unknown,PRESENT,24000,1,float32,5.000000000,preserve_full_short_source,0.000000000,5.000000000,,active_rms_v1,-7.168565460,-24.000000127,1.028019071,0.148057163,-16.831434540,false,true
ESC-50:58792,coughing,ESC-50,coughing,58792,esc50:58792,ESC-50:esc50:58792,/home/leiyuxin/soundspaces/source_assets/clsdoa_v1/raw/esc50/ESC-50-master/audio/1-58792-A-24.wav,/home/leiyuxin/soundspaces/source_assets/clsdoa_v1/prepared/source_pool_pilot_001/wav/coughing/esc50__58792.wav,wav/coughing/esc50__58792.wav,fd1329390e8f32c3f312d348914ef97306c105b5cfa68f1ffe2d1918eb9c4dc4,7b83e0d415fd2f00703c3526812c1016447d72b438200da74b624ed9751fb32c,ef5ceff5e8ff5ff73d3d35f7a6bf677b9ac52a89c0ccefe8a891bca52a6c80a9,train,clsdoa_source_split_v2_stratified,ACCEPT,EXACT,AUTO_FLAG,severe_clipping_candidate,DATASET_LEVEL_VERIFIED,CC BY-NC 3.0; dataset-level license and attribution file,https://github.com/karolpiczak/ESC-50; meta/esc50.csv; src_file=58792 take=A,unknown,PRESENT,24000,1,float32,5.000000000,preserve_full_short_source,0.000000000,5.000000000,,active_rms_v1,-4.539478950,-23.999999102,1.070807099,0.113942355,-19.460521050,false,true
ESC-50:87795,coughing,ESC-50,coughing,87795,esc50:87795,ESC-50:esc50:87795,/home/leiyuxin/soundspaces/source_assets/clsdoa_v1/raw/esc50/ESC-50-master/audio/2-87795-A-24.wav,/home/leiyuxin/soundspaces/source_assets/clsdoa_v1/prepared/source_pool_pilot_001/wav/coughing/esc50__87795.wav,wav/coughing/esc50__87795.wav,e125194521122061520c5bdf791e73ddd3b08204c024d38f94eb275a75425813,6ff6b2c497edaa492f3a8c5b6039d86985987e2575871607db461032050283e5,de50b4e44c3f1f88f44e18a74250068b3ef86cf240e5f1f3196dc709b1802330,train,clsdoa_source_split_v2_stratified,ACCEPT,EXACT,AUTO_FLAG,severe_clipping_candidate,DATASET_LEVEL_VERIFIED,CC BY-NC 3.0; dataset-level license and attribution file,https://github.com/karolpiczak/ESC-50; meta/esc50.csv; src_file=87795 take=A,unknown,PRESENT,24000,1,float32,5.000000000,preserve_full_short_source,0.000000000,5.000000000,,active_rms_v1,-6.118587406,-24.000000127,1.052242041,0.134290412,-17.881412594,false,true
ESC-50:87799,coughing,ESC-50,coughing,87799,esc50:87799,ESC-50:esc50:87799,/home/leiyuxin/soundspaces/source_assets/clsdoa_v1/raw/esc50/ESC-50-master/audio/2-87799-A-24.wav,/home/leiyuxin/soundspaces/source_assets/clsdoa_v1/prepared/source_pool_pilot_001/wav/coughing/esc50__87799.wav,wav/coughing/esc50__87799.wav,3b27dea0fb326dbff054feaf0f51ced898797749532072e2fc29ab4dd00ce086,bba8805b3dd0fd888eb84af8111a00dd1b4776f444a76a9d11ef6eaa58fc8b79,8622b38aa1b5d9617257f44061d08b56f0d264e0b2b0e7fff8a435d9e4bd3a96,test,clsdoa_source_split_v2_stratified,ACCEPT,EXACT,AUTO_FLAG,severe_clipping_candidate,DATASET_LEVEL_VERIFIED,CC BY-NC 3.0; dataset-level license and attribution file,https://github.com/karolpiczak/ESC-50; meta/esc50.csv; src_file=87799 take=A,unknown,PRESENT,24000,1,float32,5.000000000,preserve_full_short_source,0.000000000,5.000000000,,active_rms_v1,-6.193147799,-24.000001153,1.030647397,0.132668406,-17.806852201,false,true
PSELD-selected FSD50K:108017,coughing,PSELD-selected FSD50K,Cough,108017,fsd50k:108017,PSELD-selected FSD50K:fsd50k:108017,/home/leiyuxin/soundspaces/source_assets/clsdoa_v1/raw/pseld_fsd50k/extracted_audio/FSD50K.eval_audio/108017.wav,/home/leiyuxin/soundspaces/source_assets/clsdoa_v1/prepared/source_pool_pilot_001/wav/coughing/fsd50k__108017.wav,wav/coughing/fsd50k__108017.wav,6c7cc1c1f25a8fabb8cd8f73104d7b245f20fce8019b913add3c93fdbcb78f4f,3a6193fc88d14a11321745dc88684568120791ff88a09285fe254f1fca172cfe,c382f6d224682d000efd2cd381cfaf9bc367f53ea4ab8d50e8023f0c0b1c19e9,test,clsdoa_source_split_v2_stratified,ACCEPT,SEMANTIC_STRONG,AUTO_PASS,,DATASET_LEVEL_VERIFIED,http://creativecommons.org/licenses/sampling+/1.0/,PSELDNets 170-class crosswalk; SELD-Data-Generator _m_01b_21.tsv; FSD50K clip 108017,likely_yes,PRESENT,24000,1,float32,5.000000000,deterministic_center,0.230657596,5.230657596,,active_rms_v1,-11.488605975,-24.000000127,0.759890318,0.179962158,-12.511394025,false,true
DESED isolated foreground:138050,dishes,DESED isolated foreground,Dishes,138050,desed:train:138050,DESED:138050,/home/leiyuxin/soundspaces/source_assets/clsdoa_v1/raw/desed/extracted/audio/train/soundbank/foreground/Dishes/138050_0.wav,/home/leiyuxin/soundspaces/source_assets/clsdoa_v1/prepared/source_pool_pilot_001/wav/dishes/desed__train__138050.wav,wav/dishes/desed__train__138050.wav,bdf6e985fa9013a7207176f54b3ab3eaa194129223b919261fd1a26d3fb88274,c24f4ae9ec618319fc3d5f78b9515b6a647f3e386717360b272a6de26f95a0bc,8802594f61e3939d562e0a54beb3bc862c57e4af89b9f330e3bd643a050e2dd4,test,clsdoa_source_split_v2_stratified,ACCEPT,EXACT,AUTO_PASS,,PER_RECORDING_METADATA,http://creativecommons.org/publicdomain/zero/1.0/,DESED_synth_soundbank.tar.gz; audio/train/soundbank/foreground/Dishes/138050_0.wav ; official train license TSV,unknown,PRESENT,24000,1,float32,1.096416667,preserve_full_short_source,0.000000000,1.096394558,,active_rms_v1,-8.682176332,-24.000001153,1.204767823,0.206543803,-15.317823668,false,true
DESED isolated foreground:145124,dishes,DESED isolated foreground,Dishes,145124,desed:train:145124,DESED:145124,/home/leiyuxin/soundspaces/source_assets/clsdoa_v1/raw/desed/extracted/audio/train/soundbank/foreground/Dishes/145124_1.wav,/home/leiyuxin/soundspaces/source_assets/clsdoa_v1/prepared/source_pool_pilot_001/wav/dishes/desed__train__145124.wav,wav/dishes/desed__train__145124.wav,c2c57ed90e5e727caaa8c9ea6e83fe2a50d8ae86252da796e6d57d60a47133bf,86a219cad9373cedc4006060cde9e1bb631c422739a1d5ebb3b0f7d398909d8d,707e0ddf2c9affb57feca0675b26abfa8acff47f4031e8381ad1ef0f803e30cd,test,clsdoa_source_split_v2_stratified,ACCEPT,EXACT,AUTO_PASS,,PER_RECORDING_METADATA,http://creativecommons.org/licenses/by/3.0/,DESED_synth_soundbank.tar.gz; audio/train/soundbank/foreground/Dishes/145124_1.wav ; official train license TSV,unknown,PRESENT,24000,1,float32,1.847708333,preserve_full_short_source,0.000000000,1.847687075,,active_rms_v1,-18.313597193,-24.000000127,0.548826218,0.285177141,-5.686402807,false,true
DESED isolated foreground:20079,dishes,DESED isolated foreground,Dishes,20079,desed:eval:20079,DESED:20079,/home/leiyuxin/soundspaces/source_assets/clsdoa_v1/raw/desed/extracted/audio/eval/soundbank/foreground/Dishes/20079_0.wav,/home/leiyuxin/soundspaces/source_assets/clsdoa_v1/prepared/source_pool_pilot_001/wav/dishes/desed__eval__20079.wav,wav/dishes/desed__eval__20079.wav,f126a283d07bf7fb8c900ff7b317234b701af8950805349bbf684ee88abf38a9,a2f3a2fa38dbe090f45ce3b2d728cc760703cf7c5ce11e31cdcecb748a53dd0f,acebad043f03f2693884bafcb157e282e7a1a3ab73cc63344abcd5f88deb7bc5,val,clsdoa_source_split_v2_stratified,ACCEPT,EXACT,AUTO_PASS,,PER_RECORDING_METADATA,http://creativecommons.org/licenses/by/3.0/,DESED_synth_soundbank.tar.gz; audio/eval/soundbank/foreground/Dishes/20079_0.wav ; official eval license TSV,unknown,PRESENT,24000,1,float32,0.801083333,preserve_full_short_source,0.000000000,0.801043084,,active_rms_v1,-16.731932318,-24.000000127,0.595794559,0.258043647,-7.268067682,false,true
DESED isolated foreground:20081,dishes,DESED isolated foreground,Dishes,20081,desed:eval:20081,DESED:20081,/home/leiyuxin/soundspaces/source_assets/clsdoa_v1/raw/desed/extracted/audio/eval/soundbank/foreground/Dishes/20081_1.wav,/home/leiyuxin/soundspaces/source_assets/clsdoa_v1/prepared/source_pool_pilot_001/wav/dishes/desed__eval__20081.wav,wav/dishes/desed__eval__20081.wav,2b117d5a7cd1abcf358f554ed9e074e7b75f44f0f1de36aebd3e62b97a027233,552b5a79cdb3a53af6a0ae8ea384fc5fd71230a5acef1da35b7bdb06ee1d0711,2546b788a441dcdf521c09398b62bc3730b40e0268316a68b120f0b579e2ac1f,train,clsdoa_source_split_v2_stratified,ACCEPT,EXACT,AUTO_PASS,,PER_RECORDING_METADATA,http://creativecommons.org/licenses/by/3.0/,DESED_synth_soundbank.tar.gz; audio/eval/soundbank/foreground/Dishes/20081_1.wav ; official eval license TSV,unknown,PRESENT,24000,1,float32,0.651875000,preserve_full_short_source,0.000000000,0.651836735,,active_rms_v1,-14.995764370,-24.000000127,0.661033630,0.234429225,-9.004235630,false,true
DESED isolated foreground:209002,dishes,DESED isolated foreground,Dishes,209002,desed:train:209002,DESED:209002,/home/leiyuxin/soundspaces/source_assets/clsdoa_v1/raw/desed/extracted/audio/train/soundbank/foreground/Dishes/209002_1.wav,/home/leiyuxin/soundspaces/source_assets/clsdoa_v1/prepared/source_pool_pilot_001/wav/dishes/desed__train__209002.wav,wav/dishes/desed__train__209002.wav,e33263febdad8ad59ef5890235c6d450be35f0b14db54722948c6934274acf2c,2c7e91da04f6d457485a811de7fb9923df2fd8b343906ec2ff73a57b145390d4,e6ab2350fa2c9fbd5ecab79d1b86d7121578f33bfbfb683d87f1a374f1ce967e,train,clsdoa_source_split_v2_stratified,ACCEPT,EXACT,AUTO_PASS,,PER_RECORDING_METADATA,http://creativecommons.org/publicdomain/zero/1.0/,DESED_synth_soundbank.tar.gz; audio/train/soundbank/foreground/Dishes/209002_1.wav ; official train license TSV,unknown,PRESENT,24000,1,float32,1.759500000,preserve_full_short_source,0.000000000,1.759478458,,active_rms_v1,-16.555298823,-24.000000127,0.738006592,0.313202471,-7.444701177,false,true
DESED isolated foreground:209006,dishes,DESED isolated foreground,Dishes,209006,desed:train:209006,DESED:209006,/home/leiyuxin/soundspaces/source_assets/clsdoa_v1/raw/desed/extracted/audio/train/soundbank/foreground/Dishes/209006_1.wav,/home/leiyuxin/soundspaces/source_assets/clsdoa_v1/prepared/source_pool_pilot_001/wav/dishes/desed__train__209006.wav,wav/dishes/desed__train__209006.wav,a07647de5e9d39b627e18735bf355cc4d53e439c11bbac97b7bd11f23c88e971,7ba0cc1236b72b6791abd72df8da24251db8479dfcf7724b2c1e8076b8724399,142102c7b1f47f1740d95a8b5386290e3790bd6dfb8b93eb2bd8ebb8e80076fe,test,clsdoa_source_split_v2_stratified,ACCEPT,EXACT,AUTO_PASS,,PER_RECORDING_METADATA,http://creativecommons.org/publicdomain/zero/1.0/,DESED_synth_soundbank.tar.gz; audio/train/soundbank/foreground/Dishes/209006_1.wav ; official train license TSV,unknown,PRESENT,24000,1,float32,0.927333333,preserve_full_short_source,0.000000000,0.927324263,,active_rms_v1,-26.360277239,-24.000000127,0.175750211,0.230626777,2.360277239,false,true
DESED isolated foreground:237383,dishes,DESED isolated foreground,Dishes,237383,desed:train:237383,DESED:237383,/home/leiyuxin/soundspaces/source_assets/clsdoa_v1/raw/desed/extracted/audio/train/soundbank/foreground/Dishes/237383.wav,/home/leiyuxin/soundspaces/source_assets/clsdoa_v1/prepared/source_pool_pilot_001/wav/dishes/desed__train__237383.wav,wav/dishes/desed__train__237383.wav,749bca72424c2964dfefbb7de960e159c745a16888647278ef1e24cd5a0606d7,2c74997bad638b82a135b71e3136527790c6b74b0bd725c5e36e20d8e50bd3e7,87eefa3afcf077b151248f53c44200af316b2317f8f347d9f5a93e3f3a5a9b9b,train,clsdoa_source_split_v2_stratified,ACCEPT,EXACT,AUTO_PASS,,PER_RECORDING_METADATA,http://creativecommons.org/publicdomain/zero/1.0/,DESED_synth_soundbank.tar.gz; audio/train/soundbank/foreground/Dishes/237383.wav ; official train license TSV,unknown,PRESENT,24000,1,float32,2.733750000,preserve_full_short_source,0.000000000,2.733718821,,active_rms_v1,-24.766198144,-24.000000127,0.285950840,0.312321067,0.766198144,false,true
DESED isolated foreground:29888,dishes,DESED isolated foreground,Dishes,29888,desed:train:29888,DESED:29888,/home/leiyuxin/soundspaces/source_assets/clsdoa_v1/raw/desed/extracted/audio/train/soundbank/foreground/Dishes/29888_3.wav,/home/leiyuxin/soundspaces/source_assets/clsdoa_v1/prepared/source_pool_pilot_001/wav/dishes/desed__train__29888.wav,wav/dishes/desed__train__29888.wav,54986ed3029132c777ed41c9af51360ddb6fef8ec76ccb414a5436a78a47eeb2,232155b894e1453b6373401f033e477d6bbf31b9d66d74da5668d4933f92d0b7,f3404fb8a1f400afb42f77c0da9ca0c08bc185c9b37620d88b2388308904b07e,train,clsdoa_source_split_v2_stratified,ACCEPT,EXACT,AUTO_PASS,,PER_RECORDING_METADATA,http://creativecommons.org/licenses/by/3.0/,DESED_synth_soundbank.tar.gz; audio/train/soundbank/foreground/Dishes/29888_3.wav ; official train license TSV,unknown,PRESENT,24000,1,float32,0.918000000,preserve_full_short_source,0.000000000,0.917981859,,active_rms_v1,-26.448617372,-24.000000127,0.212324649,0.281469464,2.448617372,false,true
DESED isolated foreground:322407,dishes,DESED isolated foreground,Dishes,322407,desed:train:322407,DESED:322407,/home/leiyuxin/soundspaces/source_assets/clsdoa_v1/raw/desed/extracted/audio/train/soundbank/foreground/Dishes/322407_10.wav,/home/leiyuxin/soundspaces/source_assets/clsdoa_v1/prepared/source_pool_pilot_001/wav/dishes/desed__train__322407.wav,wav/dishes/desed__train__322407.wav,7d8a274dd7da3f952cdebac70065393ad2a6d22b803647a7ff9b041b6659ddc0,97584f0e306205e7de0a155d0684e84b6b03c444f7002c9a5ebc11c145a859f5,e558553d343cdbfaae00abe6130e41c71b93956a8af3525c0aef42f77e303dae,train,clsdoa_source_split_v2_stratified,ACCEPT,EXACT,AUTO_PASS,,PER_RECORDING_METADATA,http://creativecommons.org/publicdomain/zero/1.0/,DESED_synth_soundbank.tar.gz; audio/train/soundbank/foreground/Dishes/322407_10.wav ; official train license TSV,unknown,PRESENT,24000,1,float32,0.434500000,preserve_full_short_source,0.000000000,0.434467120,,active_rms_v1,-27.304387743,-24.000000127,0.156749278,0.229311034,3.304387743,false,true
DESED isolated foreground:376854,dishes,DESED isolated foreground,Dishes,376854,desed:train:376854,DESED:376854,/home/leiyuxin/soundspaces/source_assets/clsdoa_v1/raw/desed/extracted/audio/train/soundbank/foreground/Dishes/376854.wav,/home/leiyuxin/soundspaces/source_assets/clsdoa_v1/prepared/source_pool_pilot_001/wav/dishes/desed__train__376854.wav,wav/dishes/desed__train__376854.wav,9149f453a838081fdecb56312b163ac57771cadf979424ea127bd45f95eb82c1,d28ab5ef5e50dcb7462142506d8368794969e3351b2d8377d333a6814b85eb49,cae5fb40458f3211dbcfd38cded367bf77fde148f9f7ee98d7d369dc7aeb1904,train,clsdoa_source_split_v2_stratified,ACCEPT,EXACT,AUTO_PASS,,PER_RECORDING_METADATA,http://creativecommons.org/publicdomain/zero/1.0/,DESED_synth_soundbank.tar.gz; audio/train/soundbank/foreground/Dishes/376854.wav ; official train license TSV,unknown,PRESENT,24000,1,float32,1.029416667,preserve_full_short_source,0.000000000,1.029387755,,active_rms_v1,-19.933693015,-24.000000127,0.460605323,0.288412184,-4.066306985,false,true
DESED isolated foreground:377048,dishes,DESED isolated foreground,Dishes,377048,desed:train:377048,DESED:377048,/home/leiyuxin/soundspaces/source_assets/clsdoa_v1/raw/desed/extracted/audio/train/soundbank/foreground/Dishes/377048.wav,/home/leiyuxin/soundspaces/source_assets/clsdoa_v1/prepared/source_pool_pilot_001/wav/dishes/desed__train__377048.wav,wav/dishes/desed__train__377048.wav,673a9cc483085315e906e681f587971a85c9bd238615eb0b34e675bb033c765c,9bb154f573f8165055250fbdeb961d3229fca6494294c399a49532d1db2bbe9b,63f0e0ba76b6de18c99e2e536324af0c6ab29261d776be0241e7f02bc3df8718,train,clsdoa_source_split_v2_stratified,ACCEPT,EXACT,AUTO_PASS,,PER_RECORDING_METADATA,http://creativecommons.org/publicdomain/zero/1.0/,DESED_synth_soundbank.tar.gz; audio/train/soundbank/foreground/Dishes/377048.wav ; official train license TSV,unknown,PRESENT,24000,1,float32,1.543750000,preserve_full_short_source,0.000000000,1.543718821,,active_rms_v1,-16.035332276,-24.000000127,0.710614502,0.284053862,-7.964667724,false,true
DESED isolated foreground:377982,dishes,DESED isolated foreground,Dishes,377982,desed:eval:377982,DESED:377982,/home/leiyuxin/soundspaces/source_assets/clsdoa_v1/raw/desed/extracted/audio/eval/soundbank/foreground/Dishes/377982.wav,/home/leiyuxin/soundspaces/source_assets/clsdoa_v1/prepared/source_pool_pilot_001/wav/dishes/desed__eval__377982.wav,wav/dishes/desed__eval__377982.wav,2418dc11a0e4e0679c59adcf9749b00d001c99c6b8c3845f97da57a800685917,5082dd033ea0573f3a0550ac7bbd877618aa749965f6d9cbfc60d9325f1fb81b,4d89ebddcf6121ea063738c83142f2fdeb72043eecbdfc056d7ed070a6dde46a,test,clsdoa_source_split_v2_stratified,ACCEPT,EXACT,AUTO_PASS,,PER_RECORDING_METADATA,http://creativecommons.org/publicdomain/zero/1.0/,DESED_synth_soundbank.tar.gz; audio/eval/soundbank/foreground/Dishes/377982.wav ; official eval license TSV,unknown,PRESENT,24000,1,float32,5.000000000,deterministic_center,1.090816327,6.090816327,,active_rms_v1,-16.389823533,-23.999999102,0.815088809,0.339387715,-7.610176467,false,true
DESED isolated foreground:427113,dishes,DESED isolated foreground,Dishes,427113,desed:eval:427113,DESED:427113,/home/leiyuxin/soundspaces/source_assets/clsdoa_v1/raw/desed/extracted/audio/eval/soundbank/foreground/Dishes/427113_1.wav,/home/leiyuxin/soundspaces/source_assets/clsdoa_v1/prepared/source_pool_pilot_001/wav/dishes/desed__eval__427113.wav,wav/dishes/desed__eval__427113.wav,e1f1b91dc90584e30aa306d003aa44009a750d63c0f6ac663a9926e24b4bcd48,be4efa6c1d0555c528525d43d1161d44fe317820fdcb53ab178cc5d353dcbabe,4ed95c7a626b34817cda54af127b175a8826d83c803b5894b88fa652ea0e9c76,train,clsdoa_source_split_v2_stratified,ACCEPT,EXACT,AUTO_PASS,,PER_RECORDING_METADATA,http://creativecommons.org/publicdomain/zero/1.0/,DESED_synth_soundbank.tar.gz; audio/eval/soundbank/foreground/Dishes/427113_1.wav ; official eval license TSV,unknown,PRESENT,24000,1,float32,2.236875000,preserve_full_short_source,0.000000000,2.236848073,,active_rms_v1,-25.788626878,-24.000000127,0.281610996,0.346003860,1.788626878,false,true
DESED isolated foreground:80115,dishes,DESED isolated foreground,Dishes,80115,desed:train:80115,DESED:80115,/home/leiyuxin/soundspaces/source_assets/clsdoa_v1/raw/desed/extracted/audio/train/soundbank/foreground/Dishes/80115.wav,/home/leiyuxin/soundspaces/source_assets/clsdoa_v1/prepared/source_pool_pilot_001/wav/dishes/desed__train__80115.wav,wav/dishes/desed__train__80115.wav,b5599a16d241682478e454844d507561aa161824f97555f7603afb04caf904c2,974ee6f50d9695d25c7b5f7c4b79006d443899eb6ddc1687c1fdc5bce5afcaf8,3f706c327a52e2c8de364fb30a2de7cbecdab102959b8ece3e8cc3865d5425b7,train,clsdoa_source_split_v2_stratified,ACCEPT,EXACT,AUTO_PASS,,PER_RECORDING_METADATA,http://creativecommons.org/licenses/by/3.0/,DESED_synth_soundbank.tar.gz; audio/train/soundbank/foreground/Dishes/80115.wav ; official train license TSV,unknown,PRESENT,24000,1,float32,1.512000000,preserve_full_short_source,0.000000000,1.511995465,,active_rms_v1,-21.755406294,-24.000000127,0.326543540,0.252180457,-2.244593706,false,true
DESED isolated foreground:82048,dishes,DESED isolated foreground,Dishes,82048,desed:train:82048,DESED:82048,/home/leiyuxin/soundspaces/source_assets/clsdoa_v1/raw/desed/extracted/audio/train/soundbank/foreground/Dishes/82048.wav,/home/leiyuxin/soundspaces/source_assets/clsdoa_v1/prepared/source_pool_pilot_001/wav/dishes/desed__train__82048.wav,wav/dishes/desed__train__82048.wav,c9e30e86cd3fd2f749ccbc09927d7196f5e6ff739884ddd93905c30c7b1a20cd,a0ed2ae3bc4be1a389b09d58c968eaae52f28b777ab42e5ac98bfb5b357b0dca,4694d4d5ccb6a716c9037e99bb6457168861e7d6fe06914f8ca512387cd8b016,train,clsdoa_source_split_v2_stratified,ACCEPT,EXACT,AUTO_PASS,,PER_RECORDING_METADATA,http://creativecommons.org/licenses/sampling+/1.0/,DESED_synth_soundbank.tar.gz; audio/train/soundbank/foreground/Dishes/82048.wav ; official train license TSV,unknown,PRESENT,24000,1,float32,1.940208333,preserve_full_short_source,0.000000000,1.940204082,,active_rms_v1,-25.125211197,-24.000000127,0.252875000,0.287850171,1.125211197,false,true
DESED isolated foreground:88839,dishes,DESED isolated foreground,Dishes,88839,desed:train:88839,DESED:88839,/home/leiyuxin/soundspaces/source_assets/clsdoa_v1/raw/desed/extracted/audio/train/soundbank/foreground/Dishes/88839_2.wav,/home/leiyuxin/soundspaces/source_assets/clsdoa_v1/prepared/source_pool_pilot_001/wav/dishes/desed__train__88839.wav,wav/dishes/desed__train__88839.wav,e11f2c98ae1232ee9a2852444c5b54812b94215e8dc2f49dc719b3eec8d1ecf7,7710d1fd70c3e165146d5513696044da4509ebddf0957c0fb3ebb868e80e1f97,4be4e5df600d6e5d347fd59e653840d73133e645d5bd6b8b15ed57adc72030b5,train,clsdoa_source_split_v2_stratified,ACCEPT,EXACT,AUTO_PASS,,PER_RECORDING_METADATA,http://creativecommons.org/licenses/by/3.0/,DESED_synth_soundbank.tar.gz; audio/train/soundbank/foreground/Dishes/88839_2.wav ; official train license TSV,unknown,PRESENT,24000,1,float32,0.957125000,preserve_full_short_source,0.000000000,0.957097506,,active_rms_v1,-24.544153959,-23.999999102,0.243471935,0.259212911,0.544153959,false,true
DESED isolated foreground:12832,dishes,DESED isolated foreground,Dishes,12832,desed:train:12832,DESED:12832,/home/leiyuxin/soundspaces/source_assets/clsdoa_v1/raw/desed/extracted/audio/train/soundbank/foreground/Dishes/12832.wav,/home/leiyuxin/soundspaces/source_assets/clsdoa_v1/prepared/source_pool_pilot_001/wav/dishes/desed__train__12832.wav,wav/dishes/desed__train__12832.wav,62ef35d05668dd4cd40dafe4d239efef9870ab19f7ec70cd925c1b8d326f71c8,295e284ca2d708045e0e21bd05ad10321490dfe0a45f9d54d8986e40fee89137,24217991a01b71470c08f26fda68655383df6ad9c45e8a72a98660d8ccd6f6bc,train,clsdoa_source_split_v2_stratified,ACCEPT,EXACT,AUTO_FLAG,severe_clipping_candidate,PER_RECORDING_METADATA,http://creativecommons.org/licenses/by/3.0/,DESED_synth_soundbank.tar.gz; audio/train/soundbank/foreground/Dishes/12832.wav ; official train license TSV,unknown,PRESENT,24000,1,float32,0.327916667,preserve_full_short_source,0.000000000,0.327891156,,active_rms_v1,-6.958606248,-24.000000127,1.127261162,0.158472836,-17.041393752,false,true
DESED isolated foreground:179174,dishes,DESED isolated foreground,Dishes,179174,desed:train:179174,DESED:179174,/home/leiyuxin/soundspaces/source_assets/clsdoa_v1/raw/desed/extracted/audio/train/soundbank/foreground/Dishes/179174.wav,/home/leiyuxin/soundspaces/source_assets/clsdoa_v1/prepared/source_pool_pilot_001/wav/dishes/desed__train__179174.wav,wav/dishes/desed__train__179174.wav,9324e5475bf97c716aaf3f64371b2bb251e7cf0543e1bc6e67bd4b69f4d48325,1ba81ca0f8581ca94bb94459ebd70e53bef4566c4b11dbb451f9ff36906781b1,dd5802d9f8a601574e16d37e3ca69694100e4d12dd9716c70394e1081bb8691d,test,clsdoa_source_split_v2_stratified,ACCEPT,EXACT,AUTO_FLAG,mostly_silence_or_low_activity,PER_RECORDING_METADATA,http://creativecommons.org/licenses/by/3.0/,DESED_synth_soundbank.tar.gz; audio/train/soundbank/foreground/Dishes/179174.wav ; official train license TSV,unknown,PRESENT,24000,1,float32,0.190000000,preserve_full_short_source,0.000000000,0.190000000,,active_rms_v1,-12.163519222,-23.999999102,0.875140369,0.224002928,-11.836480778,false,true
DESED isolated foreground:20093,dishes,DESED isolated foreground,Dishes,20093,desed:eval:20093,DESED:20093,/home/leiyuxin/soundspaces/source_assets/clsdoa_v1/raw/desed/extracted/audio/eval/soundbank/foreground/Dishes/20093.wav,/home/leiyuxin/soundspaces/source_assets/clsdoa_v1/prepared/source_pool_pilot_001/wav/dishes/desed__eval__20093.wav,wav/dishes/desed__eval__20093.wav,a913da87fc18641e1bbdd6a2ede9613774bf22628ba1e031870fe84efac0159a,2d84526a9eff9837a1717d3741406314639b437fc5de52d7eba829aa3f42ab63,807b6a216760b823ff7e40cd6a59551eda0cfd67e3ac18148c2d9c82df626be2,train,clsdoa_source_split_v2_stratified,ACCEPT,EXACT,AUTO_FLAG,mostly_silence_or_low_activity,PER_RECORDING_METADATA,http://creativecommons.org/licenses/by/3.0/,DESED_synth_soundbank.tar.gz; audio/eval/soundbank/foreground/Dishes/20093.wav ; official eval license TSV,unknown,PRESENT,24000,1,float32,0.479666667,preserve_full_short_source,0.000000000,0.479659864,,active_rms_v1,-22.583363524,-24.000000127,0.273524821,0.232361898,-1.416636476,false,true
DESED isolated foreground:20097,dishes,DESED isolated foreground,Dishes,20097,desed:eval:20097,DESED:20097,/home/leiyuxin/soundspaces/source_assets/clsdoa_v1/raw/desed/extracted/audio/eval/soundbank/foreground/Dishes/20097_0.wav,/home/leiyuxin/soundspaces/source_assets/clsdoa_v1/prepared/source_pool_pilot_001/wav/dishes/desed__eval__20097.wav,wav/dishes/desed__eval__20097.wav,2dbe4b9707cbe02902f87a1600ea44e1dea50821c68853918564df9962c0ba4e,b4487fee79ccd27831fedb2fb772cae0d4d890ca9478da529f0d71613f63b78d,65c30dd17562e4544a7438da375c5af1ad26dbbd9b1cbf9874ae75a3ec3e0594,train,clsdoa_source_split_v2_stratified,ACCEPT,EXACT,AUTO_FLAG,mostly_silence_or_low_activity,PER_RECORDING_METADATA,http://creativecommons.org/licenses/by/3.0/,DESED_synth_soundbank.tar.gz; audio/eval/soundbank/foreground/Dishes/20097_0.wav ; official eval license TSV,unknown,PRESENT,24000,1,float32,0.315041667,preserve_full_short_source,0.000000000,0.315011338,,active_rms_v1,-15.503848007,-24.000000127,0.653472602,0.245708287,-8.496151993,false,true
DESED isolated foreground:205016,dishes,DESED isolated foreground,Dishes,205016,desed:train:205016,DESED:205016,/home/leiyuxin/soundspaces/source_assets/clsdoa_v1/raw/desed/extracted/audio/train/soundbank/foreground/Dishes/205016.wav,/home/leiyuxin/soundspaces/source_assets/clsdoa_v1/prepared/source_pool_pilot_001/wav/dishes/desed__train__205016.wav,wav/dishes/desed__train__205016.wav,b5ba96b6cafd807c95b3999eb57791691d13a0f5991e5bd5ca6e7b20a0caaeff,861953099552f3489b30c43cdc0aa0d3ed25cd3137f60c340de51143a599e5b3,41fe53becd8825e7106947b8956ba52a55267740ad9e3831eaf8a2185331ec22,val,clsdoa_source_split_v2_stratified,ACCEPT,EXACT,AUTO_FLAG,mostly_silence_or_low_activity,PER_RECORDING_METADATA,http://creativecommons.org/licenses/by/3.0/,DESED_synth_soundbank.tar.gz; audio/train/soundbank/foreground/Dishes/205016.wav ; official train license TSV,unknown,PRESENT,24000,1,float32,0.324666667,preserve_full_short_source,0.000000000,0.324648526,,active_rms_v1,-22.885407463,-24.000000127,0.267494440,0.235280067,-1.114592537,false,true
DESED isolated foreground:205040,dishes,DESED isolated foreground,Dishes,205040,desed:train:205040,DESED:205040,/home/leiyuxin/soundspaces/source_assets/clsdoa_v1/raw/desed/extracted/audio/train/soundbank/foreground/Dishes/205040.wav,/home/leiyuxin/soundspaces/source_assets/clsdoa_v1/prepared/source_pool_pilot_001/wav/dishes/desed__train__205040.wav,wav/dishes/desed__train__205040.wav,ac0ddf7d317d49f50d6aa3d532cf4537b80e62e6d1757ce3c48d0329909e6ef5,69eb465b7d56bd70d06163efa641e69704dbd001c0c2932c0fa6710bc2235c2c,65524b3cb6a96a54f2b702286d9e9a1474fb8a9e3d433494d87d67476fade61b,val,clsdoa_source_split_v2_stratified,ACCEPT,EXACT,AUTO_FLAG,mostly_silence_or_low_activity,PER_RECORDING_METADATA,http://creativecommons.org/licenses/by/3.0/,DESED_synth_soundbank.tar.gz; audio/train/soundbank/foreground/Dishes/205040.wav ; official train license TSV,unknown,PRESENT,24000,1,float32,0.256541667,preserve_full_short_source,0.000000000,0.256507937,,active_rms_v1,-27.084518731,-24.000001153,0.183893964,0.262297034,3.084518731,false,true
DESED isolated foreground:208905,dishes,DESED isolated foreground,Dishes,208905,desed:train:208905,DESED:208905,/home/leiyuxin/soundspaces/source_assets/clsdoa_v1/raw/desed/extracted/audio/train/soundbank/foreground/Dishes/208905_0.wav,/home/leiyuxin/soundspaces/source_assets/clsdoa_v1/prepared/source_pool_pilot_001/wav/dishes/desed__train__208905.wav,wav/dishes/desed__train__208905.wav,b8dfaccb493d0f715c7ae611c99973529bfb16d9a5886f5f87b74ef1612fe482,9ac356cc6c5d6e267cc9cd2aeadf9deab59154f7be2f7e6951029262d3db1d83,33e82a2db3821834b1fd75a31fffb72513771fad9e2b2434bc229fa154d108c8,val,clsdoa_source_split_v2_stratified,ACCEPT,EXACT,AUTO_FLAG,mostly_silence_or_low_activity,PER_RECORDING_METADATA,http://creativecommons.org/licenses/by/3.0/,DESED_synth_soundbank.tar.gz; audio/train/soundbank/foreground/Dishes/208905_0.wav ; official train license TSV,unknown,PRESENT,24000,1,float32,0.074666667,preserve_full_short_source,0.000000000,0.074625850,,active_rms_v1,-30.886382145,-24.000000127,0.084051698,0.185722962,6.886382145,false,true
DESED isolated foreground:208919,dishes,DESED isolated foreground,Dishes,208919,desed:train:208919,DESED:208919,/home/leiyuxin/soundspaces/source_assets/clsdoa_v1/raw/desed/extracted/audio/train/soundbank/foreground/Dishes/208919.wav,/home/leiyuxin/soundspaces/source_assets/clsdoa_v1/prepared/source_pool_pilot_001/wav/dishes/desed__train__208919.wav,wav/dishes/desed__train__208919.wav,7f99cf880407e529eff2718c3b520f34824eae5e4340e4f1686769d5c9fe67b7,a2a1c520b5d3d47b41833dd87c885942cf4a3da291bfc5413ba78f5d50711ddc,7ce7866a3a3896861ca1bb8721919d962053937e5e9313d48ec43fe120198d62,train,clsdoa_source_split_v2_stratified,ACCEPT,EXACT,AUTO_FLAG,mostly_silence_or_low_activity,PER_RECORDING_METADATA,http://creativecommons.org/licenses/by/3.0/,DESED_synth_soundbank.tar.gz; audio/train/soundbank/foreground/Dishes/208919.wav ; official train license TSV,unknown,PRESENT,24000,1,float32,0.510875000,preserve_full_short_source,0.000000000,0.510861678,,active_rms_v1,-30.144115633,-24.000001153,0.124846742,0.253269553,6.144115633,false,true
DESED isolated foreground:219550,dishes,DESED isolated foreground,Dishes,219550,desed:train:219550,DESED:219550,/home/leiyuxin/soundspaces/source_assets/clsdoa_v1/raw/desed/extracted/audio/train/soundbank/foreground/Dishes/219550.wav,/home/leiyuxin/soundspaces/source_assets/clsdoa_v1/prepared/source_pool_pilot_001/wav/dishes/desed__train__219550.wav,wav/dishes/desed__train__219550.wav,c7216f6bbc967bbcfe3cf2b9bfd0cd72de087f71af7ba94eaffe1af976869fb3,e432f76830ba985b27ea5b4f030447a1e48e197709230035e5862f411ac85c99,6e0e0c112b4c06fad5b5b399ccd5d2728a342072b90ff693f71a22848b17de32,train,clsdoa_source_split_v2_stratified,ACCEPT,EXACT,AUTO_FLAG,mostly_silence_or_low_activity,PER_RECORDING_METADATA,http://creativecommons.org/licenses/by/3.0/,DESED_synth_soundbank.tar.gz; audio/train/soundbank/foreground/Dishes/219550.wav ; official train license TSV,unknown,PRESENT,24000,1,float32,0.424541667,preserve_full_short_source,0.000000000,0.424535147,,active_rms_v1,-17.648323377,-24.000000127,0.610465348,0.293817192,-6.351676623,false,true
DESED isolated foreground:221791,dishes,DESED isolated foreground,Dishes,221791,desed:train:221791,DESED:221791,/home/leiyuxin/soundspaces/source_assets/clsdoa_v1/raw/desed/extracted/audio/train/soundbank/foreground/Dishes/221791.wav,/home/leiyuxin/soundspaces/source_assets/clsdoa_v1/prepared/source_pool_pilot_001/wav/dishes/desed__train__221791.wav,wav/dishes/desed__train__221791.wav,8a02fe4e73bc0e25fa0181d3ba9609eb69ff518a0963b3769f28f9944d8eb5ec,3f4514577865a91b17c8557ffa3dd705a7888e298c9bf21778612ec028a89acd,f6b341295248ba73cf77c8b3a83ed681e360a40e7072b91863142bc1bf1d0eb9,train,clsdoa_source_split_v2_stratified,ACCEPT,EXACT,AUTO_FLAG,mostly_silence_or_low_activity,PER_RECORDING_METADATA,http://creativecommons.org/licenses/by/3.0/,DESED_synth_soundbank.tar.gz; audio/train/soundbank/foreground/Dishes/221791.wav ; official train license TSV,unknown,PRESENT,24000,1,float32,0.260291667,preserve_full_short_source,0.000000000,0.260272109,,active_rms_v1,-17.995449212,-24.000000127,0.506778896,0.253858060,-6.004550788,false,true
DESED isolated foreground:234588,dishes,DESED isolated foreground,Dishes,234588,desed:train:234588,DESED:234588,/home/leiyuxin/soundspaces/source_assets/clsdoa_v1/raw/desed/extracted/audio/train/soundbank/foreground/Dishes/234588.wav,/home/leiyuxin/soundspaces/source_assets/clsdoa_v1/prepared/source_pool_pilot_001/wav/dishes/desed__train__234588.wav,wav/dishes/desed__train__234588.wav,3d8d92c99dcba665a9901f4bd2696d67bd763ec9362b3503f1400d0061721867,b427aa0d175e36558ea79a6b40531bbc980858f2fb35dddcdf74745e8f7059be,9464d95f84eab819008f525a6cb52f44d8b4b482a8ce8b78db8a50166782efe1,train,clsdoa_source_split_v2_stratified,ACCEPT,EXACT,AUTO_FLAG,mostly_silence_or_low_activity,PER_RECORDING_METADATA,http://creativecommons.org/licenses/by/3.0/,DESED_synth_soundbank.tar.gz; audio/train/soundbank/foreground/Dishes/234588.wav ; official train license TSV,unknown,PRESENT,24000,1,float32,0.436000000,preserve_full_short_source,0.000000000,0.435963719,,active_rms_v1,-10.051497418,-24.000000127,0.929270506,0.186516404,-13.948502582,false,true
DESED isolated foreground:240785,dishes,DESED isolated foreground,Dishes,240785,desed:train:240785,DESED:240785,/home/leiyuxin/soundspaces/source_assets/clsdoa_v1/raw/desed/extracted/audio/train/soundbank/foreground/Dishes/240785.wav,/home/leiyuxin/soundspaces/source_assets/clsdoa_v1/prepared/source_pool_pilot_001/wav/dishes/desed__train__240785.wav,wav/dishes/desed__train__240785.wav,20e5eee3240af93b2a1f43d1c2d0bc10605e219fbd1069560884858b566f64f5,d5ce8c09e89a735ae9f963701c9f9a90e580cca1e393f85ebe6b726d3e175297,7dc980acab3d45fb96b49ac7646b40fddb719a31f1fa36a3eb27cc8a47aa536c,train,clsdoa_source_split_v2_stratified,ACCEPT,EXACT,AUTO_FLAG,mostly_silence_or_low_activity,PER_RECORDING_METADATA,http://creativecommons.org/licenses/by/3.0/,DESED_synth_soundbank.tar.gz; audio/train/soundbank/foreground/Dishes/240785.wav ; official train license TSV,unknown,PRESENT,24000,1,float32,0.071166667,preserve_full_short_source,0.000000000,0.071156463,,active_rms_v1,-13.404067779,-23.999999102,0.677352786,0.199994624,-10.595932221,false,true
DESED isolated foreground:263608,dishes,DESED isolated foreground,Dishes,263608,desed:train:263608,DESED:263608,/home/leiyuxin/soundspaces/source_assets/clsdoa_v1/raw/desed/extracted/audio/train/soundbank/foreground/Dishes/263608_0.wav,/home/leiyuxin/soundspaces/source_assets/clsdoa_v1/prepared/source_pool_pilot_001/wav/dishes/desed__train__263608.wav,wav/dishes/desed__train__263608.wav,d9f150c579ec29519748a788abca9969720ba1fa4f96579beb21421ea6b9cbeb,2ca372f68df64ba3ed122c933176201f6fd281a8beda2ca520c26f2c15577ef3,d7220b1a9497501e14c9262b189b6fc9d28384a2dc1a3469287b0a52b8286c39,val,clsdoa_source_split_v2_stratified,ACCEPT,EXACT,AUTO_FLAG,mostly_silence_or_low_activity,PER_RECORDING_METADATA,http://creativecommons.org/licenses/by/3.0/,DESED_synth_soundbank.tar.gz; audio/train/soundbank/foreground/Dishes/263608_0.wav ; official train license TSV,unknown,PRESENT,24000,1,float32,0.748333333,preserve_full_short_source,0.000000000,0.748321995,,active_rms_v1,-17.433089732,-24.000000127,0.609271407,0.286065370,-6.566910268,false,true
DESED isolated foreground:266989,dishes,DESED isolated foreground,Dishes,266989,desed:train:266989,DESED:266989,/home/leiyuxin/soundspaces/source_assets/clsdoa_v1/raw/desed/extracted/audio/train/soundbank/foreground/Dishes/266989.wav,/home/leiyuxin/soundspaces/source_assets/clsdoa_v1/prepared/source_pool_pilot_001/wav/dishes/desed__train__266989.wav,wav/dishes/desed__train__266989.wav,734f4e623f6bae1d06a957f58afc9855fb6d18044fecfc14e073945ad469ca90,bc815dfc75fe4d5b1949d1727f670c751c17889c90a4a726abb3bbc6b55dcc41,f9e0bd76fab16046264a02d82cf38de1761386b344c58e81549cf2ac044cbad0,train,clsdoa_source_split_v2_stratified,ACCEPT,EXACT,AUTO_FLAG,mostly_silence_or_low_activity,PER_RECORDING_METADATA,http://creativecommons.org/licenses/by/3.0/,DESED_synth_soundbank.tar.gz; audio/train/soundbank/foreground/Dishes/266989.wav ; official train license TSV,unknown,PRESENT,24000,1,float32,0.601333333,preserve_full_short_source,0.000000000,0.601315193,,active_rms_v1,-23.960852790,-24.000001153,0.299109310,0.297764242,-0.039147210,false,true
DESED isolated foreground:174467,frying,DESED isolated foreground,Frying,174467,desed:train:174467,DESED:174467,/home/leiyuxin/soundspaces/source_assets/clsdoa_v1/raw/desed/extracted/audio/train/soundbank/foreground/Frying/174467.wav,/home/leiyuxin/soundspaces/source_assets/clsdoa_v1/prepared/source_pool_pilot_001/wav/frying/desed__train__174467.wav,wav/frying/desed__train__174467.wav,c53a827d1055b150a31e2f3566a4c1b1aad4e38bad5bb0639db3fc05bac0eb0d,a92e31e60e643d328a2185c202fed559d406ded548ee623ce78c5751927f0080,9594a1032a89dd0fdd8ce3d99e4e5ac78576d9dc01cad368af904670625f71fd,train,clsdoa_source_split_v2_stratified,ACCEPT,EXACT,AUTO_PASS,,PER_RECORDING_METADATA,http://creativecommons.org/licenses/by/3.0/,DESED_synth_soundbank.tar.gz; audio/train/soundbank/foreground/Frying/174467.wav ; official train license TSV,unknown,PRESENT,24000,1,float32,5.000000000,deterministic_center,3.795804989,8.795804989,,active_rms_v1,-22.116740760,-24.000000127,0.514382899,0.414117485,-1.883259240,false,true
DESED isolated foreground:274499,frying,DESED isolated foreground,Frying,274499,desed:train:274499,DESED:274499,/home/leiyuxin/soundspaces/source_assets/clsdoa_v1/raw/desed/extracted/audio/train/soundbank/foreground/Frying/274499.wav,/home/leiyuxin/soundspaces/source_assets/clsdoa_v1/prepared/source_pool_pilot_001/wav/frying/desed__train__274499.wav,wav/frying/desed__train__274499.wav,bd6cf702fb1493218f3ee41b91c5fa19ccb211d6916ff9ad57509d4fabc05a63,9c1cea53fcfcc6d5f2bd0752cf4326615cb1f9e83f7c3c91a223530c3efc5334,85287e7cd727388c0f6c9f6372dc02008ff86bbff9f6eecc53bb1d6c078b561b,train,clsdoa_source_split_v2_stratified,ACCEPT,EXACT,AUTO_PASS,,PER_RECORDING_METADATA,http://creativecommons.org/publicdomain/zero/1.0/,DESED_synth_soundbank.tar.gz; audio/train/soundbank/foreground/Frying/274499.wav ; official train license TSV,unknown,PRESENT,24000,1,float32,3.636791667,preserve_full_short_source,0.000000000,3.636780045,,active_rms_v1,-14.607307830,-24.000000127,0.777534068,0.263684630,-9.392692170,false,true
DESED isolated foreground:347708,frying,DESED isolated foreground,Frying,347708,desed:eval:347708,DESED:347708,/home/leiyuxin/soundspaces/source_assets/clsdoa_v1/raw/desed/extracted/audio/eval/soundbank/foreground/Frying/347708.wav,/home/leiyuxin/soundspaces/source_assets/clsdoa_v1/prepared/source_pool_pilot_001/wav/frying/desed__eval__347708.wav,wav/frying/desed__eval__347708.wav,9cabfdbb8edc683c484e524812a8ecf15c7c314c6c8d2ee02beadf86417df7a8,f219aa07f9246d5302cffb5f9d80dd1c6ca3d97f14d4402077fe61f89e692dfb,ae38edc3ce156e90f235e3b5d5f4c8be2e3f73dc5cbc6dc7b2d9da20c7045bd2,test,clsdoa_source_split_v2_stratified,ACCEPT,EXACT,AUTO_PASS,,PER_RECORDING_METADATA,http://creativecommons.org/licenses/by/3.0/,DESED_synth_soundbank.tar.gz; audio/eval/soundbank/foreground/Frying/347708.wav ; official eval license TSV,unknown,PRESENT,24000,1,float32,5.000000000,deterministic_center,8.029297052,13.029297052,,active_rms_v1,-28.423804664,-24.000000127,0.215194359,0.358113855,4.423804664,false,true
DESED isolated foreground:351406,frying,DESED isolated foreground,Frying,351406,desed:train:351406,DESED:351406,/home/leiyuxin/soundspaces/source_assets/clsdoa_v1/raw/desed/extracted/audio/train/soundbank/foreground/Frying/351406.wav,/home/leiyuxin/soundspaces/source_assets/clsdoa_v1/prepared/source_pool_pilot_001/wav/frying/desed__train__351406.wav,wav/frying/desed__train__351406.wav,f9dc3212527796d8b1eab58db29c7dd39c5e76ee643bf420ed0127aacbb9e364,6beaec0bae1c7d98f0bf8b76acfdaea42f94e2b24525d4e9c07fd8b02a6b3d6e,964e03b02d4b1c29ff1eabf61dbc5082d4f21caf03f2cce9e61edf554d5c8eef,train,clsdoa_source_split_v2_stratified,ACCEPT,EXACT,AUTO_PASS,,PER_RECORDING_METADATA,http://creativecommons.org/publicdomain/zero/1.0/,DESED_synth_soundbank.tar.gz; audio/train/soundbank/foreground/Frying/351406.wav ; official train license TSV,unknown,PRESENT,24000,1,float32,5.000000000,deterministic_center,5.874331066,10.874331066,,active_rms_v1,-30.535977314,-24.000000127,0.138301551,0.293512017,6.535977314,false,true
DESED isolated foreground:403333,frying,DESED isolated foreground,Frying,403333,desed:train:403333,DESED:403333,/home/leiyuxin/soundspaces/source_assets/clsdoa_v1/raw/desed/extracted/audio/train/soundbank/foreground/Frying/403333.wav,/home/leiyuxin/soundspaces/source_assets/clsdoa_v1/prepared/source_pool_pilot_001/wav/frying/desed__train__403333.wav,wav/frying/desed__train__403333.wav,b57699ff0840a278a58a6b9d6877a7410e5118ca503336f6d45c0272b400bd9c,4bbd75146fbebf0f0a59454f569d2a368fcc194159946b79b88e3acc18902383,b532c5a3215dc648caf1d783ff9824e851fb4120e8e32386c6333a297267aa1c,train,clsdoa_source_split_v2_stratified,ACCEPT,EXACT,AUTO_PASS,,PER_RECORDING_METADATA,http://creativecommons.org/licenses/by/3.0/,DESED_synth_soundbank.tar.gz; audio/train/soundbank/foreground/Frying/403333.wav ; official train license TSV,unknown,PRESENT,24000,1,float32,5.000000000,deterministic_center,15.247981859,20.247981859,,active_rms_v1,-30.186958249,-24.000000127,0.106820680,0.217772603,6.186958249,false,true
DESED isolated foreground:417995,frying,DESED isolated foreground,Frying,417995,desed:eval:417995,DESED:417995,/home/leiyuxin/soundspaces/source_assets/clsdoa_v1/raw/desed/extracted/audio/eval/soundbank/foreground/Frying/417995.wav,/home/leiyuxin/soundspaces/source_assets/clsdoa_v1/prepared/source_pool_pilot_001/wav/frying/desed__eval__417995.wav,wav/frying/desed__eval__417995.wav,344b52d4168832fcb1f5494ecb5ff358e4f291d29fd4a91f53dc634712768e69,780f5cbac51d2ee8b527d152ba99c6d743048cd82844f4e8c5bedff74354fb6a,05742e2d57c3c7c8ef3d634b30a2501a70e823e5509624a422f646cca421e0d2,train,clsdoa_source_split_v2_stratified,ACCEPT,EXACT,AUTO_PASS,,PER_RECORDING_METADATA,http://creativecommons.org/publicdomain/zero/1.0/,DESED_synth_soundbank.tar.gz; audio/eval/soundbank/foreground/Frying/417995.wav ; official eval license TSV,unknown,PRESENT,24000,1,float32,5.000000000,deterministic_center,2.365600907,7.365600907,,active_rms_v1,-22.864870147,-24.000000127,0.436676294,0.383180231,-1.135129853,false,true
DESED isolated foreground:121582,frying,DESED isolated foreground,Frying,121582,desed:train:121582,DESED:121582,/home/leiyuxin/soundspaces/source_assets/clsdoa_v1/raw/desed/extracted/audio/train/soundbank/foreground/Frying/121582.wav,/home/leiyuxin/soundspaces/source_assets/clsdoa_v1/prepared/source_pool_pilot_001/wav/frying/desed__train__121582.wav,wav/frying/desed__train__121582.wav,8e1d809e9cd4b1af89d1701d35dee38c35762907159d9a8472c6340c888132dc,c53d50282787a775fd52b06ee8569a9406ba612c3e7e73e98deae8c51ad0ed4e,bf393f9b23b12068a400eb0a7e5c232b5ed41df992dd6a0dcd252ff21cc8475b,train,clsdoa_source_split_v2_stratified,ACCEPT,EXACT,AUTO_FLAG,mostly_silence_or_low_activity,PER_RECORDING_METADATA,http://creativecommons.org/licenses/by/3.0/,DESED_synth_soundbank.tar.gz; audio/train/soundbank/foreground/Frying/121582.wav ; official train license TSV,unknown,PRESENT,24000,1,float32,5.000000000,deterministic_center,6.106553288,11.106553288,,active_rms_v1,-16.981461196,-24.000000127,0.602626443,0.268609434,-7.018538804,false,true
DESED isolated foreground:137258,frying,DESED isolated foreground,Frying,137258,desed:train:137258,DESED:137258,/home/leiyuxin/soundspaces/source_assets/clsdoa_v1/raw/desed/extracted/audio/train/soundbank/foreground/Frying/137258.wav,/home/leiyuxin/soundspaces/source_assets/clsdoa_v1/prepared/source_pool_pilot_001/wav/frying/desed__train__137258.wav,wav/frying/desed__train__137258.wav,168ee91653700ed76d82097be3dbc88721342777cf8e3e4f78b0bd8f6d5793fb,293a20943eff8f95789b8664964a6792eb79e11b0fa928b12bed5d346f1db8fa,5c254c3e82c1c191f650fe8376a72656e1fe065e45de2d9260b72452c65a22b1,train,clsdoa_source_split_v2_stratified,ACCEPT,EXACT,AUTO_FLAG,mostly_silence_or_low_activity,PER_RECORDING_METADATA,http://creativecommons.org/publicdomain/zero/1.0/,DESED_synth_soundbank.tar.gz; audio/train/soundbank/foreground/Frying/137258.wav ; official train license TSV,unknown,PRESENT,24000,1,float32,5.000000000,deterministic_center,10.981269841,15.981269841,,active_rms_v1,-22.739481884,-23.999999102,0.378246337,0.327151418,-1.260518116,false,true
DESED isolated foreground:179675,frying,DESED isolated foreground,Frying,179675,desed:train:179675,DESED:179675,/home/leiyuxin/soundspaces/source_assets/clsdoa_v1/raw/desed/extracted/audio/train/soundbank/foreground/Frying/179675.wav,/home/leiyuxin/soundspaces/source_assets/clsdoa_v1/prepared/source_pool_pilot_001/wav/frying/desed__train__179675.wav,wav/frying/desed__train__179675.wav,f9a60e2cdd42858b7f1b65f4e2e3cc7e056c289c11d6ed4887654f945f700928,f9489712b66e289b79059dec6d55e8aa248b03d868a522d9416c6ad0a1998867,aab977a44c7aa9143a015308bf7d88b223dd0b35633b0aac2f12cf7b206fb673,train,clsdoa_source_split_v2_stratified,ACCEPT,EXACT,AUTO_FLAG,mostly_silence_or_low_activity,PER_RECORDING_METADATA,http://creativecommons.org/licenses/by/3.0/,DESED_synth_soundbank.tar.gz; audio/train/soundbank/foreground/Frying/179675.wav ; official train license TSV,unknown,PRESENT,24000,1,float32,5.000000000,deterministic_center,0.402403628,5.402403628,,active_rms_v1,-23.248392729,-24.000000127,0.295453399,0.270962149,-0.751607271,false,true
DESED isolated foreground:3203,frying,DESED isolated foreground,Frying,3203,desed:train:3203,DESED:3203,/home/leiyuxin/soundspaces/source_assets/clsdoa_v1/raw/desed/extracted/audio/train/soundbank/foreground/Frying/3203.wav,/home/leiyuxin/soundspaces/source_assets/clsdoa_v1/prepared/source_pool_pilot_001/wav/frying/desed__train__3203.wav,wav/frying/desed__train__3203.wav,c8a3128001062e7bbf8b2efa222ebe1bbdf8f0861669e2e6f50ca788ae953ecc,4175cb601548136d9d9e0b75371f780bbdf699a8148cc20cd235001f252e7117,3206af9fb52bd82b6a76e09d84542c49ef81826f4c2cb393f3cbfb7bd5c256fb,train,clsdoa_source_split_v2_stratified,ACCEPT,EXACT,AUTO_FLAG,mostly_silence_or_low_activity,PER_RECORDING_METADATA,http://creativecommons.org/licenses/by/3.0/,DESED_synth_soundbank.tar.gz; audio/train/soundbank/foreground/Frying/3203.wav ; official train license TSV,unknown,PRESENT,24000,1,float32,5.000000000,deterministic_center,0.541814059,5.541814059,,active_rms_v1,-13.944012894,-24.000000127,0.699797571,0.219873592,-10.055987106,false,true
DESED isolated foreground:388092,frying,DESED isolated foreground,Frying,388092,desed:train:388092,DESED:388092,/home/leiyuxin/soundspaces/source_assets/clsdoa_v1/raw/desed/extracted/audio/train/soundbank/foreground/Frying/388092.wav,/home/leiyuxin/soundspaces/source_assets/clsdoa_v1/prepared/source_pool_pilot_001/wav/frying/desed__train__388092.wav,wav/frying/desed__train__388092.wav,040932e58dc34995b033617f1ca2619599a67abc88294e313e1d64e837d34b6f,430fdf08efcc240c9f390fbbc05e47dbe0cf6049594fd0feb2008e88903b0fa5,613b3173468c87542658d89ba7adad41e88263fb2310a1dd2b75e505ee5df9e7,train,clsdoa_source_split_v2_stratified,ACCEPT,EXACT,AUTO_FLAG,mostly_silence_or_low_activity,PER_RECORDING_METADATA,http://creativecommons.org/licenses/by/3.0/,DESED_synth_soundbank.tar.gz; audio/train/soundbank/foreground/Frying/388092.wav ; official train license TSV,unknown,PRESENT,24000,1,float32,5.000000000,deterministic_center,8.965578231,13.965578231,,active_rms_v1,-36.864696813,-24.000000127,0.071272798,0.313443065,12.864696813,false,true
DESED isolated foreground:403531,frying,DESED isolated foreground,Frying,403531,desed:train:403531,DESED:403531,/home/leiyuxin/soundspaces/source_assets/clsdoa_v1/raw/desed/extracted/audio/train/soundbank/foreground/Frying/403531.wav,/home/leiyuxin/soundspaces/source_assets/clsdoa_v1/prepared/source_pool_pilot_001/wav/frying/desed__train__403531.wav,wav/frying/desed__train__403531.wav,a5dacd9dda91344aecb7478777e944632ad7087fd4349c35f573e1de79b8e24a,fd0223f2d35eabd4292b4f0060133135506f00f6880845cf74f533b878a49f92,78082d301d0ba90a4f636d06a9993c96f8b160c69a1408300c9e049cb382dbae,val,clsdoa_source_split_v2_stratified,ACCEPT,EXACT,AUTO_FLAG,mostly_silence_or_low_activity,PER_RECORDING_METADATA,http://creativecommons.org/publicdomain/zero/1.0/,DESED_synth_soundbank.tar.gz; audio/train/soundbank/foreground/Frying/403531.wav ; official train license TSV,unknown,PRESENT,24000,1,float32,5.000000000,deterministic_center,11.194149660,16.194149660,,active_rms_v1,-20.380483655,-24.000000127,0.485817760,0.320256233,-3.619516345,false,true
PSELD-selected FSD50K:111132,frying,PSELD-selected FSD50K,Frying (food),111132,fsd50k:111132,PSELD-selected FSD50K:fsd50k:111132,/home/leiyuxin/soundspaces/source_assets/clsdoa_v1/raw/pseld_fsd50k/extracted_audio/FSD50K.dev_audio/111132.wav,/home/leiyuxin/soundspaces/source_assets/clsdoa_v1/prepared/source_pool_pilot_001/wav/frying/fsd50k__111132.wav,wav/frying/fsd50k__111132.wav,99ea864808894d19b9ac765adb6978bd9288368c471ac9c4e982138a88c681a5,8fdc0267edbd3de943732cf87e9271e87035f1b2929657135c111766e1b8159b,5657cef4ca86c4d823cd2475aab31fb1e5aa5835aa24886aa3b9e9472928b434,train,clsdoa_source_split_v2_stratified,ACCEPT,EXACT,AUTO_PASS,,DATASET_LEVEL_VERIFIED,http://creativecommons.org/licenses/by/3.0/,PSELDNets 170-class crosswalk; SELD-Data-Generator _m_0dxrf.tsv; FSD50K clip 111132,likely_yes,PRESENT,24000,1,float32,5.000000000,deterministic_center,11.305714286,16.305714286,,active_rms_v1,-18.777246262,-24.000001153,0.588663638,0.322648406,-5.222753738,false,true
PSELD-selected FSD50K:119116,frying,PSELD-selected FSD50K,Frying (food),119116,fsd50k:119116,PSELD-selected FSD50K:fsd50k:119116,/home/leiyuxin/soundspaces/source_assets/clsdoa_v1/raw/pseld_fsd50k/extracted_audio/FSD50K.eval_audio/119116.wav,/home/leiyuxin/soundspaces/source_assets/clsdoa_v1/prepared/source_pool_pilot_001/wav/frying/fsd50k__119116.wav,wav/frying/fsd50k__119116.wav,57c91641cf9a1a836d494d81b80e5c9c5bc3b0e028998ab962f2d4fb817bb101,435159d8576630e544e835948952f514e64696dba4f800fcbf87407f27a4d792,b56e1867637938f94b901b013b9da01ca6b02b09c2e23905218aa04e81a1483c,test,clsdoa_source_split_v2_stratified,ACCEPT,EXACT,AUTO_PASS,,DATASET_LEVEL_VERIFIED,http://creativecommons.org/publicdomain/zero/1.0/,PSELDNets 170-class crosswalk; SELD-Data-Generator _m_0dxrf.tsv; FSD50K clip 119116,likely_yes,PRESENT,24000,1,float32,5.000000000,deterministic_center,1.608276644,6.608276644,,active_rms_v1,-40.618067754,-24.000000127,0.040677797,0.275588304,16.618067754,false,true
PSELD-selected FSD50K:132472,frying,PSELD-selected FSD50K,Frying (food),132472,fsd50k:132472,PSELD-selected FSD50K:fsd50k:132472,/home/leiyuxin/soundspaces/source_assets/clsdoa_v1/raw/pseld_fsd50k/extracted_audio/FSD50K.eval_audio/132472.wav,/home/leiyuxin/soundspaces/source_assets/clsdoa_v1/prepared/source_pool_pilot_001/wav/frying/fsd50k__132472.wav,wav/frying/fsd50k__132472.wav,9d715cb68cf34d8f2f270cb5e43cb4fd5e2c29d621e20335b96ed9aa94f00a62,4ce404f67e42e53d4c93a90e56a3390160ca60ee575b2b331bdfddc4c186dbe6,ae79662adca6b3e426a55bb722a053478b16bf2c7306f6ed1324b2a10080e92a,train,clsdoa_source_split_v2_stratified,ACCEPT,EXACT,AUTO_PASS,,DATASET_LEVEL_VERIFIED,http://creativecommons.org/publicdomain/zero/1.0/,PSELDNets 170-class crosswalk; SELD-Data-Generator _m_0dxrf.tsv; FSD50K clip 132472,likely_yes,PRESENT,24000,1,float32,5.000000000,deterministic_center,5.780816327,10.780816327,,active_rms_v1,-15.220274472,-24.000000127,0.920744002,0.335083157,-8.779725528,false,true
PSELD-selected FSD50K:133448,frying,PSELD-selected FSD50K,Frying (food),133448,fsd50k:133448,PSELD-selected FSD50K:fsd50k:133448,/home/leiyuxin/soundspaces/source_assets/clsdoa_v1/raw/pseld_fsd50k/extracted_audio/FSD50K.dev_audio/133448.wav,/home/leiyuxin/soundspaces/source_assets/clsdoa_v1/prepared/source_pool_pilot_001/wav/frying/fsd50k__133448.wav,wav/frying/fsd50k__133448.wav,636d3774465fc157f40b128744dd08f7ffab7e94c109ba82cddb910853aee7b6,a495e9963617a33006e9259685e333890adae4aa65faa481a84e22b30b89dd9c,6c88bd4bebc9b798e727e123eaafffe57fe99f39beef8d32010965f7fc4db4e6,train,clsdoa_source_split_v2_stratified,ACCEPT,EXACT,AUTO_PASS,,DATASET_LEVEL_VERIFIED,http://creativecommons.org/publicdomain/zero/1.0/,PSELDNets 170-class crosswalk; SELD-Data-Generator _m_0dxrf.tsv; FSD50K clip 133448,likely_yes,PRESENT,24000,1,float32,1.822791667,preserve_full_short_source,0.000000000,1.822766440,,active_rms_v1,-32.738956900,-24.000000127,0.090362296,0.247135475,8.738956900,false,true
PSELD-selected FSD50K:140454,frying,PSELD-selected FSD50K,Frying (food),140454,fsd50k:140454,PSELD-selected FSD50K:fsd50k:140454,/home/leiyuxin/soundspaces/source_assets/clsdoa_v1/raw/pseld_fsd50k/extracted_audio/FSD50K.eval_audio/140454.wav,/home/leiyuxin/soundspaces/source_assets/clsdoa_v1/prepared/source_pool_pilot_001/wav/frying/fsd50k__140454.wav,wav/frying/fsd50k__140454.wav,a83a297d6c21606c9fc230972b30b5fb39e62c701de3609795b79296ae81ec77,6c3c8ab89e9c16c86921a1e0897477e2892c9e23bb6487ca6e1e39569b219d2a,5612d8f835c0d9b0bf503fab6a75cef8ade6b74fbe141531beda165d4329848c,val,clsdoa_source_split_v2_stratified,ACCEPT,EXACT,AUTO_PASS,,DATASET_LEVEL_VERIFIED,http://creativecommons.org/licenses/by/3.0/,PSELDNets 170-class crosswalk; SELD-Data-Generator _m_0dxrf.tsv; FSD50K clip 140454,likely_yes,PRESENT,24000,1,float32,5.000000000,deterministic_center,5.571972789,10.571972789,,active_rms_v1,-18.390039056,-24.000000127,0.569015980,0.298281580,-5.609960944,false,true
PSELD-selected FSD50K:166021,frying,PSELD-selected FSD50K,Frying (food),166021,fsd50k:166021,PSELD-selected FSD50K:fsd50k:166021,/home/leiyuxin/soundspaces/source_assets/clsdoa_v1/raw/pseld_fsd50k/extracted_audio/FSD50K.dev_audio/166021.wav,/home/leiyuxin/soundspaces/source_assets/clsdoa_v1/prepared/source_pool_pilot_001/wav/frying/fsd50k__166021.wav,wav/frying/fsd50k__166021.wav,76cfd612184421667594e3d32364d4224897d58234502a6224ae06a5bda43e45,a515b965ee7a99fc7bf806cb7790b5c542d369fad425d3c5e5b6f231544d5dd6,fb18d5f9692408cd00e4e0217dfb1ea5a17bc7967b768e6b4b06a0ecbf198814,train,clsdoa_source_split_v2_stratified,ACCEPT,EXACT,AUTO_PASS,,DATASET_LEVEL_VERIFIED,http://creativecommons.org/licenses/by/3.0/,PSELDNets 170-class crosswalk; SELD-Data-Generator _m_0dxrf.tsv; FSD50K clip 166021,likely_yes,PRESENT,24000,1,float32,5.000000000,deterministic_center,6.084739229,11.084739229,,active_rms_v1,-21.761627222,-24.000000127,0.409890831,0.316774040,-2.238372778,false,true
PSELD-selected FSD50K:166022,frying,PSELD-selected FSD50K,Frying (food),166022,fsd50k:166022,PSELD-selected FSD50K:fsd50k:166022,/home/leiyuxin/soundspaces/source_assets/clsdoa_v1/raw/pseld_fsd50k/extracted_audio/FSD50K.dev_audio/166022.wav,/home/leiyuxin/soundspaces/source_assets/clsdoa_v1/prepared/source_pool_pilot_001/wav/frying/fsd50k__166022.wav,wav/frying/fsd50k__166022.wav,8756d6c35033076b53667f11f2551ee9edd243dfb37034b6e7406e1061c22a77,4264d5a8d65c6ed424409bfbf0f2b6f92293d2357c4b8400ca4d843e6bde7bb6,4370e8a69c835da2e348c13d882957145c929fc32cced42c6ceb894877f3b910,test,clsdoa_source_split_v2_stratified,ACCEPT,EXACT,AUTO_PASS,,DATASET_LEVEL_VERIFIED,http://creativecommons.org/licenses/by/3.0/,PSELDNets 170-class crosswalk; SELD-Data-Generator _m_0dxrf.tsv; FSD50K clip 166022,likely_yes,PRESENT,24000,1,float32,5.000000000,deterministic_center,9.436916100,14.436916100,,active_rms_v1,-26.556246453,-24.000000127,0.265734196,0.356664389,2.556246453,false,true
PSELD-selected FSD50K:167505,frying,PSELD-selected FSD50K,Frying (food),167505,fsd50k:167505,PSELD-selected FSD50K:fsd50k:167505,/home/leiyuxin/soundspaces/source_assets/clsdoa_v1/raw/pseld_fsd50k/extracted_audio/FSD50K.eval_audio/167505.wav,/home/leiyuxin/soundspaces/source_assets/clsdoa_v1/prepared/source_pool_pilot_001/wav/frying/fsd50k__167505.wav,wav/frying/fsd50k__167505.wav,0e3467390e76ae3a376b7a2e01e786f73c6c00d70155c5e8b0600d28a799832f,76653fdcc4588611956d93a79e91c2f7712cd4ba80cd6a5837cc694a4f476dc6,1c491ebdbe5317da96ec88a7ea5719ba353785a2c353214eae4c24794080a964,train,clsdoa_source_split_v2_stratified,ACCEPT,EXACT,AUTO_PASS,,DATASET_LEVEL_VERIFIED,http://creativecommons.org/licenses/by/3.0/,PSELDNets 170-class crosswalk; SELD-Data-Generator _m_0dxrf.tsv; FSD50K clip 167505,likely_yes,PRESENT,24000,1,float32,5.000000000,deterministic_center,8.006303855,13.006303855,,active_rms_v1,-17.360620049,-24.000000127,0.841880977,0.391996056,-6.639379951,false,true
PSELD-selected FSD50K:16754,frying,PSELD-selected FSD50K,Frying (food),16754,fsd50k:16754,PSELD-selected FSD50K:fsd50k:16754,/home/leiyuxin/soundspaces/source_assets/clsdoa_v1/raw/pseld_fsd50k/extracted_audio/FSD50K.eval_audio/16754.wav,/home/leiyuxin/soundspaces/source_assets/clsdoa_v1/prepared/source_pool_pilot_001/wav/frying/fsd50k__16754.wav,wav/frying/fsd50k__16754.wav,3507e7678c40169367691f411ddb6d26ca84e370c077e375a96601a3a8541124,048e66a34c31009ab07d89399becf28ab12d3d3d89e85a2c411665b5193468be,53e4ccccd8d0928f500ce73a4cf0d68d982529401d4241bf5b4a99571a29a2b5,test,clsdoa_source_split_v2_stratified,ACCEPT,EXACT,AUTO_PASS,,DATASET_LEVEL_VERIFIED,http://creativecommons.org/licenses/by/3.0/,PSELDNets 170-class crosswalk; SELD-Data-Generator _m_0dxrf.tsv; FSD50K clip 16754,likely_yes,PRESENT,24000,1,float32,5.000000000,deterministic_center,1.754671202,6.754671202,,active_rms_v1,-21.552957398,-24.000001153,0.433761954,0.327264816,-2.447042602,false,true
PSELD-selected FSD50K:169073,frying,PSELD-selected FSD50K,Frying (food),169073,fsd50k:169073,PSELD-selected FSD50K:fsd50k:169073,/home/leiyuxin/soundspaces/source_assets/clsdoa_v1/raw/pseld_fsd50k/extracted_audio/FSD50K.dev_audio/169073.wav,/home/leiyuxin/soundspaces/source_assets/clsdoa_v1/prepared/source_pool_pilot_001/wav/frying/fsd50k__169073.wav,wav/frying/fsd50k__169073.wav,e476e50db5b7333e7df7a8bec7f08ebbff9a51bf10a96c01f073b88693875a45,946b7dd75cd87a373bff8096edca22d7f6290cfefbf7fb4070b09ecaf6ec7b2d,607577be54a217078816ba8e678918d5f4ecdd1e8d23555c693021250bcab94f,train,clsdoa_source_split_v2_stratified,ACCEPT,EXACT,AUTO_PASS,,DATASET_LEVEL_VERIFIED,http://creativecommons.org/licenses/by/3.0/,PSELDNets 170-class crosswalk; SELD-Data-Generator _m_0dxrf.tsv; FSD50K clip 169073,likely_yes,PRESENT,24000,1,float32,5.000000000,deterministic_center,3.477664399,8.477664399,,active_rms_v1,-22.107475161,-24.000000127,0.379267812,0.305013984,-1.892524839,false,true
PSELD-selected FSD50K:169074,frying,PSELD-selected FSD50K,Frying (food),169074,fsd50k:169074,PSELD-selected FSD50K:fsd50k:169074,/home/leiyuxin/soundspaces/source_assets/clsdoa_v1/raw/pseld_fsd50k/extracted_audio/FSD50K.dev_audio/169074.wav,/home/leiyuxin/soundspaces/source_assets/clsdoa_v1/prepared/source_pool_pilot_001/wav/frying/fsd50k__169074.wav,wav/frying/fsd50k__169074.wav,5ca32e38d8528750bb46c0f48c4d66c471564479a605c96faf1ee8d367f9fa9a,ada6f4887f394492e82dcf9344a64aed3f9734640179832068aac48eebd6b048,40ed433a43fe68563169e95c94cd54de97158c98081976ff900b26fa926cf0f9,val,clsdoa_source_split_v2_stratified,ACCEPT,EXACT,AUTO_PASS,,DATASET_LEVEL_VERIFIED,http://creativecommons.org/licenses/by/3.0/,PSELDNets 170-class crosswalk; SELD-Data-Generator _m_0dxrf.tsv; FSD50K clip 169074,likely_yes,PRESENT,24000,1,float32,5.000000000,deterministic_center,3.296666667,8.296666667,,active_rms_v1,-20.627991919,-24.000001153,0.562583804,0.381581068,-3.372008081,false,true
PSELD-selected FSD50K:174467,frying,PSELD-selected FSD50K,Frying (food),174467,fsd50k:174467,PSELD-selected FSD50K:fsd50k:174467,/home/leiyuxin/soundspaces/source_assets/clsdoa_v1/raw/pseld_fsd50k/extracted_audio/FSD50K.eval_audio/174467.wav,/home/leiyuxin/soundspaces/source_assets/clsdoa_v1/prepared/source_pool_pilot_001/wav/frying/fsd50k__174467.wav,wav/frying/fsd50k__174467.wav,00b9865a7a10ffe70a8be0c29bc79c58660c1a61481524ec92d5aa1e8e5f36d7,042b530e29bfccf7a3a8fe18a16345da2b293a66ed0a73095e633bb7cf9f616d,e9bd21cf74635dcf68fd1663e83bb0b704368a815eb5e23b9a24c072bc56631d,train,clsdoa_source_split_v2_stratified,ACCEPT,EXACT,AUTO_PASS,,DATASET_LEVEL_VERIFIED,http://creativecommons.org/licenses/by/3.0/,PSELDNets 170-class crosswalk; SELD-Data-Generator _m_0dxrf.tsv; FSD50K clip 174467,likely_yes,PRESENT,24000,1,float32,5.000000000,deterministic_center,3.795804989,8.795804989,,active_rms_v1,-22.117330356,-24.000000127,0.514369249,0.414134622,-1.882669644,false,true
PSELD-selected FSD50K:174871,frying,PSELD-selected FSD50K,Frying (food),174871,fsd50k:174871,PSELD-selected FSD50K:fsd50k:174871,/home/leiyuxin/soundspaces/source_assets/clsdoa_v1/raw/pseld_fsd50k/extracted_audio/FSD50K.dev_audio/174871.wav,/home/leiyuxin/soundspaces/source_assets/clsdoa_v1/prepared/source_pool_pilot_001/wav/frying/fsd50k__174871.wav,wav/frying/fsd50k__174871.wav,0f260fa2d1095990c6165a5c86ac660eaced056193da540fe6b5924afc966a44,4a65d70261a163f62a46698b22ff423b3ba13a3f1eb865853d8412e2ac7585ff,6d7179314206e4e85538325e2ced3e14379b88a1e18a871c7c9e3635737fa657,train,clsdoa_source_split_v2_stratified,ACCEPT,EXACT,AUTO_PASS,,DATASET_LEVEL_VERIFIED,http://creativecommons.org/licenses/by/3.0/,PSELDNets 170-class crosswalk; SELD-Data-Generator _m_0dxrf.tsv; FSD50K clip 174871,likely_yes,PRESENT,24000,1,float32,5.000000000,deterministic_center,12.476666667,17.476666667,,active_rms_v1,-9.204205694,-24.000000127,1.208173394,0.219957888,-14.795794306,false,true
PSELD-selected FSD50K:188234,frying,PSELD-selected FSD50K,Frying (food),188234,fsd50k:188234,PSELD-selected FSD50K:fsd50k:188234,/home/leiyuxin/soundspaces/source_assets/clsdoa_v1/raw/pseld_fsd50k/extracted_audio/FSD50K.dev_audio/188234.wav,/home/leiyuxin/soundspaces/source_assets/clsdoa_v1/prepared/source_pool_pilot_001/wav/frying/fsd50k__188234.wav,wav/frying/fsd50k__188234.wav,67e47f6cdfb496bf377e1aa6784a84fa6de8f20f81998c1b89dee6f2ca07c74a,6824e3a6d84150bdb7407945d2c82d62f368bfbbbf8355ebc9ae3ed023528f8f,b615cc4af7e41b22991c3da9eb5c3c1994f45ba0ecfbeeef79645dd5ad5c31d3,test,clsdoa_source_split_v2_stratified,ACCEPT,EXACT,AUTO_PASS,,DATASET_LEVEL_VERIFIED,http://creativecommons.org/publicdomain/zero/1.0/,PSELDNets 170-class crosswalk; SELD-Data-Generator _m_0dxrf.tsv; FSD50K clip 188234,likely_yes,PRESENT,24000,1,float32,5.000000000,deterministic_center,7.298820862,12.298820862,,active_rms_v1,-23.467593082,-23.999999102,0.390846491,0.367608756,-0.532406918,false,true
PSELD-selected FSD50K:194806,frying,PSELD-selected FSD50K,Frying (food),194806,fsd50k:194806,PSELD-selected FSD50K:fsd50k:194806,/home/leiyuxin/soundspaces/source_assets/clsdoa_v1/raw/pseld_fsd50k/extracted_audio/FSD50K.eval_audio/194806.wav,/home/leiyuxin/soundspaces/source_assets/clsdoa_v1/prepared/source_pool_pilot_001/wav/frying/fsd50k__194806.wav,wav/frying/fsd50k__194806.wav,8c0ce8c12e9c5b45e19df9d11ed10de034392488abb49603341ada1b0a8a44d3,fb0af36eb5086122b51fa1b60dffc9b9dc113e82e3067e07f30fded9b218a8c3,9c5475bd71523633986dca83505a956434b5d8fc11a7b0c370fbde0ba793adce,train,clsdoa_source_split_v2_stratified,ACCEPT,EXACT,AUTO_PASS,,DATASET_LEVEL_VERIFIED,http://creativecommons.org/publicdomain/zero/1.0/,PSELDNets 170-class crosswalk; SELD-Data-Generator _m_0dxrf.tsv; FSD50K clip 194806,likely_yes,PRESENT,24000,1,float32,5.000000000,deterministic_center,6.371315193,11.371315193,,active_rms_v1,-19.516688088,-24.000001153,0.627502501,0.374498308,-4.483311912,false,true
PSELD-selected FSD50K:201936,frying,PSELD-selected FSD50K,Frying (food),201936,fsd50k:201936,PSELD-selected FSD50K:fsd50k:201936,/home/leiyuxin/soundspaces/source_assets/clsdoa_v1/raw/pseld_fsd50k/extracted_audio/FSD50K.eval_audio/201936.wav,/home/leiyuxin/soundspaces/source_assets/clsdoa_v1/prepared/source_pool_pilot_001/wav/frying/fsd50k__201936.wav,wav/frying/fsd50k__201936.wav,649d113431f6eabbba8b182dceb7fa6a18644cb224a2dbc4a963bea7f92d1782,83b726d909693831327738ac6bbf72235bc687adbd5061bb42f38fa3c38c5579,466387ad183da79c17fc84cbeb4414d5fbecfb4f216a1812a0e2f8046f048252,train,clsdoa_source_split_v2_stratified,ACCEPT,EXACT,AUTO_PASS,,DATASET_LEVEL_VERIFIED,http://creativecommons.org/publicdomain/zero/1.0/,PSELDNets 170-class crosswalk; SELD-Data-Generator _m_0dxrf.tsv; FSD50K clip 201936,likely_yes,PRESENT,24000,1,float32,5.000000000,deterministic_center,2.570839002,7.570839002,,active_rms_v1,-32.736513980,-24.000000127,0.133761495,0.365726829,8.736513980,false,true
PSELD-selected FSD50K:232696,frying,PSELD-selected FSD50K,Frying (food),232696,fsd50k:232696,PSELD-selected FSD50K:fsd50k:232696,/home/leiyuxin/soundspaces/source_assets/clsdoa_v1/raw/pseld_fsd50k/extracted_audio/FSD50K.dev_audio/232696.wav,/home/leiyuxin/soundspaces/source_assets/clsdoa_v1/prepared/source_pool_pilot_001/wav/frying/fsd50k__232696.wav,wav/frying/fsd50k__232696.wav,5e4c84ad48809861bcdbb2410e0ab3f22d2968f94e7d99a2411273b90f3352d8,3bac512771b5d9fce59964af28d57f39689138052349a4e049399b6fa9a19653,77f3cc0c3394c91b3169c53f8f4137064613ed0d8e6f7c76593444dfaf814872,train,clsdoa_source_split_v2_stratified,ACCEPT,EXACT,AUTO_PASS,,DATASET_LEVEL_VERIFIED,http://creativecommons.org/publicdomain/zero/1.0/,PSELDNets 170-class crosswalk; SELD-Data-Generator _m_0dxrf.tsv; FSD50K clip 232696,likely_yes,PRESENT,24000,1,float32,5.000000000,deterministic_center,8.444104308,13.444104308,,active_rms_v1,-22.947276043,-24.000000127,0.446274102,0.395335197,-1.052723957,false,true
PSELD-selected FSD50K:233296,frying,PSELD-selected FSD50K,Frying (food),233296,fsd50k:233296,PSELD-selected FSD50K:fsd50k:233296,/home/leiyuxin/soundspaces/source_assets/clsdoa_v1/raw/pseld_fsd50k/extracted_audio/FSD50K.dev_audio/233296.wav,/home/leiyuxin/soundspaces/source_assets/clsdoa_v1/prepared/source_pool_pilot_001/wav/frying/fsd50k__233296.wav,wav/frying/fsd50k__233296.wav,a456a2fce4ccd112f13aa68a646d4e179f915e75bfdbe1640d90614ab33bfb4e,f1591a91e9f8d48b646063361dcb285c871dceb0ef3c9306c9c52e143977e15e,c1d0225ff15bdcc856ac6bac5d6e71735c39b70db56405e2c185dc2d88cc6905,train,clsdoa_source_split_v2_stratified,ACCEPT,EXACT,AUTO_PASS,,DATASET_LEVEL_VERIFIED,http://creativecommons.org/publicdomain/zero/1.0/,PSELDNets 170-class crosswalk; SELD-Data-Generator _m_0dxrf.tsv; FSD50K clip 233296,likely_yes,PRESENT,24000,1,float32,5.000000000,deterministic_center,2.716507937,7.716507937,,active_rms_v1,-16.269819566,-24.000000127,0.675796390,0.277528018,-7.730180434,false,true
PSELD-selected FSD50K:234469,frying,PSELD-selected FSD50K,Frying (food),234469,fsd50k:234469,PSELD-selected FSD50K:fsd50k:234469,/home/leiyuxin/soundspaces/source_assets/clsdoa_v1/raw/pseld_fsd50k/extracted_audio/FSD50K.dev_audio/234469.wav,/home/leiyuxin/soundspaces/source_assets/clsdoa_v1/prepared/source_pool_pilot_001/wav/frying/fsd50k__234469.wav,wav/frying/fsd50k__234469.wav,92d87ecbd922486966dcd719428ae3483275193412b17340e81a03b31667db01,85ae35721973b914c45742c93ce24a60af8b0d242f255838f640407defb93718,bce097047ac59a832820de5be509f8d418cf1a2385a508f90972344356d0df3f,train,clsdoa_source_split_v2_stratified,ACCEPT,EXACT,AUTO_PASS,,DATASET_LEVEL_VERIFIED,http://creativecommons.org/publicdomain/zero/1.0/,PSELDNets 170-class crosswalk; SELD-Data-Generator _m_0dxrf.tsv; FSD50K clip 234469,likely_yes,PRESENT,24000,1,float32,5.000000000,deterministic_center,1.324489796,6.324489796,,active_rms_v1,-22.156349027,-24.000000127,0.436703861,0.353186816,-1.843650973,false,true
PSELD-selected FSD50K:235537,frying,PSELD-selected FSD50K,Frying (food),235537,fsd50k:235537,PSELD-selected FSD50K:fsd50k:235537,/home/leiyuxin/soundspaces/source_assets/clsdoa_v1/raw/pseld_fsd50k/extracted_audio/FSD50K.eval_audio/235537.wav,/home/leiyuxin/soundspaces/source_assets/clsdoa_v1/prepared/source_pool_pilot_001/wav/frying/fsd50k__235537.wav,wav/frying/fsd50k__235537.wav,4f94ae11bc86a06f648a9c53cc3529655bbc8a88e23835974c2550998e750a14,6cfe76232cd6ffb208c16e8d939fad29c0872af03c6e13f1e6d2c881c6590052,ce9de3fa924554a39988d7f68bd3f79694e4f92bfc2826ec299eb04a26d93538,train,clsdoa_source_split_v2_stratified,ACCEPT,EXACT,AUTO_PASS,,DATASET_LEVEL_VERIFIED,http://creativecommons.org/publicdomain/zero/1.0/,PSELDNets 170-class crosswalk; SELD-Data-Generator _m_0dxrf.tsv; FSD50K clip 235537,likely_yes,PRESENT,24000,1,float32,5.000000000,deterministic_center,4.828707483,9.828707483,,active_rms_v1,-22.930791691,-24.000001153,0.450271070,0.398119658,-1.069208309,false,true
PSELD-selected FSD50K:240540,frying,PSELD-selected FSD50K,Frying (food),240540,fsd50k:240540,PSELD-selected FSD50K:fsd50k:240540,/home/leiyuxin/soundspaces/source_assets/clsdoa_v1/raw/pseld_fsd50k/extracted_audio/FSD50K.dev_audio/240540.wav,/home/leiyuxin/soundspaces/source_assets/clsdoa_v1/prepared/source_pool_pilot_001/wav/frying/fsd50k__240540.wav,wav/frying/fsd50k__240540.wav,6a34ecf21faa854505747e337304bb7d8ccc3c13bded40a99cc3c6d5eabddbaa,8c7439ccc6a0a22571334d24f1a4f04df8ada5460b7c68eb85cb83909c3e6f73,693ead28546ca84c8a65efa7ec3082e87e3e25004d54b3b5a1f2a23aad4c9c80,val,clsdoa_source_split_v2_stratified,ACCEPT,EXACT,AUTO_PASS,,DATASET_LEVEL_VERIFIED,http://creativecommons.org/licenses/by/3.0/,PSELDNets 170-class crosswalk; SELD-Data-Generator _m_0dxrf.tsv; FSD50K clip 240540,likely_yes,PRESENT,24000,1,float32,5.000000000,deterministic_center,1.478662132,6.478662132,,active_rms_v1,-21.769178985,-24.000000127,0.578082979,0.447145790,-2.230821015,false,true
PSELD-selected FSD50K:245027,frying,PSELD-selected FSD50K,Frying (food),245027,fsd50k:245027,PSELD-selected FSD50K:fsd50k:245027,/home/leiyuxin/soundspaces/source_assets/clsdoa_v1/raw/pseld_fsd50k/extracted_audio/FSD50K.dev_audio/245027.wav,/home/leiyuxin/soundspaces/source_assets/clsdoa_v1/prepared/source_pool_pilot_001/wav/frying/fsd50k__245027.wav,wav/frying/fsd50k__245027.wav,b49f08a587602a558c970d2509c951e159a7eb60954ecbbd0518c6fbe79b9eff,ad7119c9c54e12e3a7b34e37528e756022d3507e5ecae13e221ef512ed3c99e9,7b4ec6361a520c0380c6a7c8fab16c5a9b0ea99f137b5b3759b6104344ebfbb9,val,clsdoa_source_split_v2_stratified,ACCEPT,EXACT,AUTO_PASS,,DATASET_LEVEL_VERIFIED,http://creativecommons.org/licenses/by/3.0/,PSELDNets 170-class crosswalk; SELD-Data-Generator _m_0dxrf.tsv; FSD50K clip 245027,likely_yes,PRESENT,24000,1,float32,5.000000000,deterministic_center,2.746984127,7.746984127,,active_rms_v1,-14.968162477,-23.999999102,0.957215488,0.338390261,-9.031837523,false,true
PSELD-selected FSD50K:274499,frying,PSELD-selected FSD50K,Frying (food),274499,fsd50k:274499,PSELD-selected FSD50K:fsd50k:274499,/home/leiyuxin/soundspaces/source_assets/clsdoa_v1/raw/pseld_fsd50k/extracted_audio/FSD50K.eval_audio/274499.wav,/home/leiyuxin/soundspaces/source_assets/clsdoa_v1/prepared/source_pool_pilot_001/wav/frying/fsd50k__274499.wav,wav/frying/fsd50k__274499.wav,8f96811781a213cb0aeb23dd3a9acc912dbbdfa0e64923762a341a1c8f863caf,75646d0fad336dd53fce44f9b26bb6e7b5ad4ce0a75e165945332acc7e854f32,2e7a767bc7f07c9ae7d1aab2f37c01aa138a2f194ec32ce7f73edd02ea3f9330,train,clsdoa_source_split_v2_stratified,ACCEPT,EXACT,AUTO_PASS,,DATASET_LEVEL_VERIFIED,http://creativecommons.org/publicdomain/zero/1.0/,PSELDNets 170-class crosswalk; SELD-Data-Generator _m_0dxrf.tsv; FSD50K clip 274499,likely_yes,PRESENT,24000,1,float32,3.636791667,preserve_full_short_source,0.000000000,3.636780045,,active_rms_v1,-14.607619494,-24.000000127,0.777544498,0.263697624,-9.392380506,false,true
PSELD-selected FSD50K:320772,frying,PSELD-selected FSD50K,Frying (food),320772,fsd50k:320772,PSELD-selected FSD50K:fsd50k:320772,/home/leiyuxin/soundspaces/source_assets/clsdoa_v1/raw/pseld_fsd50k/extracted_audio/FSD50K.eval_audio/320772.wav,/home/leiyuxin/soundspaces/source_assets/clsdoa_v1/prepared/source_pool_pilot_001/wav/frying/fsd50k__320772.wav,wav/frying/fsd50k__320772.wav,d36d841b72ea19261ec91956ea8c767602dff6c872228f6e2861ea34d35572ea,ee959206eff22aa89ed2f623d181602dff8bf9b4bb22602d569d5acec18d8a54,28f1155a5fcf911064c7611e97dbd634829eea97195ad4a3ad756da17a8322a6,val,clsdoa_source_split_v2_stratified,ACCEPT,EXACT,AUTO_PASS,,DATASET_LEVEL_VERIFIED,http://creativecommons.org/publicdomain/zero/1.0/,PSELDNets 170-class crosswalk; SELD-Data-Generator _m_0dxrf.tsv; FSD50K clip 320772,likely_yes,PRESENT,24000,1,float32,3.833333333,preserve_full_short_source,0.000000000,3.833333333,,active_rms_v1,-31.662645999,-24.000000127,0.150803372,0.364370614,7.662645999,false,true
PSELD-selected FSD50K:341937,frying,PSELD-selected FSD50K,Frying (food),341937,fsd50k:341937,PSELD-selected FSD50K:fsd50k:341937,/home/leiyuxin/soundspaces/source_assets/clsdoa_v1/raw/pseld_fsd50k/extracted_audio/FSD50K.dev_audio/341937.wav,/home/leiyuxin/soundspaces/source_assets/clsdoa_v1/prepared/source_pool_pilot_001/wav/frying/fsd50k__341937.wav,wav/frying/fsd50k__341937.wav,408b19a2af05ab4cddb9fc7af0796fd94e4a94a93a9a9dd69e7c693af385abd1,735ab5a636dd07fcfd999e38efa4be3b527cf1ad0ebcbdb56b12150dd915fa67,15c6bf200dbc43b6dd4052729512891fb2d2c0bddfa4ba7b6814058e8963f7ae,test,clsdoa_source_split_v2_stratified,ACCEPT,EXACT,AUTO_PASS,,DATASET_LEVEL_VERIFIED,http://creativecommons.org/publicdomain/zero/1.0/,PSELDNets 170-class crosswalk; SELD-Data-Generator _m_0dxrf.tsv; FSD50K clip 341937,likely_yes,PRESENT,24000,1,float32,5.000000000,deterministic_center,2.299727891,7.299727891,,active_rms_v1,-12.546085896,-23.999999102,1.151613593,0.308042824,-11.453914104,false,true
ESC-50:109316,keyboard_typing,ESC-50,keyboard_typing,109316,esc50:109316,ESC-50:esc50:109316,/home/leiyuxin/soundspaces/source_assets/clsdoa_v1/raw/esc50/ESC-50-master/audio/2-109316-A-32.wav,/home/leiyuxin/soundspaces/source_assets/clsdoa_v1/prepared/source_pool_pilot_001/wav/keyboard_typing/esc50__109316.wav,wav/keyboard_typing/esc50__109316.wav,a3af95d567f6814666897446310e107c8236b054ce26bb322ca605b332db64e3,0b9605822095d2b4bc3fb55897da8814f226dca403e1390f51f3ed45f1679955,29b85ff0c4551fff8893f1b70faee79f0de8edf383f15877cfdeedb4b9aeabce,train,clsdoa_source_split_v2_stratified,ACCEPT,EXACT,AUTO_PASS,,DATASET_LEVEL_VERIFIED,CC BY-NC 3.0; dataset-level license and attribution file,https://github.com/karolpiczak/ESC-50; meta/esc50.csv; src_file=109316 take=A,unknown,PRESENT,24000,1,float32,5.000000000,preserve_full_short_source,0.000000000,5.000000000,,active_rms_v1,-19.891972145,-24.000000127,0.516487181,0.321853459,-4.108027855,false,true
ESC-50:118459,keyboard_typing,ESC-50,keyboard_typing,118459,esc50:118459,ESC-50:esc50:118459,/home/leiyuxin/soundspaces/source_assets/clsdoa_v1/raw/esc50/ESC-50-master/audio/2-118459-A-32.wav,/home/leiyuxin/soundspaces/source_assets/clsdoa_v1/prepared/source_pool_pilot_001/wav/keyboard_typing/esc50__118459.wav,wav/keyboard_typing/esc50__118459.wav,9977d4ee6e95bb890fead3094bbc7d3c09b790208ab33d1b63e9a69df9a7ffba,9804804cf729a56cc1cedfed4fcee750144053467afb0e133aacb988798cae70,3e144910a7444c162120ff2067726788fc886aaf4b28be55ca0b6d3347e35a28,train,clsdoa_source_split_v2_stratified,ACCEPT,EXACT,AUTO_PASS,,DATASET_LEVEL_VERIFIED,CC BY-NC 3.0; dataset-level license and attribution file,https://github.com/karolpiczak/ESC-50; meta/esc50.csv; src_file=118459 take=A,unknown,PRESENT,24000,1,float32,5.000000000,preserve_full_short_source,0.000000000,5.000000000,,active_rms_v1,-15.703174887,-24.000000127,0.918804228,0.353493750,-8.296825113,false,true
ESC-50:118817,keyboard_typing,ESC-50,keyboard_typing,118817,esc50:118817,ESC-50:esc50:118817,/home/leiyuxin/soundspaces/source_assets/clsdoa_v1/raw/esc50/ESC-50-master/audio/2-118817-A-32.wav,/home/leiyuxin/soundspaces/source_assets/clsdoa_v1/prepared/source_pool_pilot_001/wav/keyboard_typing/esc50__118817.wav,wav/keyboard_typing/esc50__118817.wav,120614ce53fb09e1281517f93347c644ba8ef72266e84bc5539ec1dd6fb47140,8b2d346ad3235adfd383166ef8694de7a5da0288fbe72b15b4aef93026fcc217,5f4f048fde966a014079f5a42a0d5658df58b2db9802d577b206a32f0d9a2042,test,clsdoa_source_split_v2_stratified,ACCEPT,EXACT,AUTO_PASS,,DATASET_LEVEL_VERIFIED,CC BY-NC 3.0; dataset-level license and attribution file,https://github.com/karolpiczak/ESC-50; meta/esc50.csv; src_file=118817 take=A,unknown,PRESENT,24000,1,float32,5.000000000,preserve_full_short_source,0.000000000,5.000000000,,active_rms_v1,-28.516470380,-24.000000127,0.266562879,0.448356211,4.516470380,false,true
ESC-50:120333,keyboard_typing,ESC-50,keyboard_typing,120333,esc50:120333,ESC-50:esc50:120333,/home/leiyuxin/soundspaces/source_assets/clsdoa_v1/raw/esc50/ESC-50-master/audio/2-120333-A-32.wav,/home/leiyuxin/soundspaces/source_assets/clsdoa_v1/prepared/source_pool_pilot_001/wav/keyboard_typing/esc50__120333.wav,wav/keyboard_typing/esc50__120333.wav,c2d366a6f8fb6be6f6ccae93ee45c132eb9abec769ec19c3ead8e2900d33abb1,e1211edd697901135d1f8b9b312e7f05e3a191bca390d78c5fb8a62d48031c38,0221aef890f7252c3774518946c6bec589eeaab5a6d56fc593a488b7c51f95fc,train,clsdoa_source_split_v2_stratified,ACCEPT,EXACT,AUTO_PASS,,DATASET_LEVEL_VERIFIED,CC BY-NC 3.0; dataset-level license and attribution file,https://github.com/karolpiczak/ESC-50; meta/esc50.csv; src_file=120333 take=A,unknown,PRESENT,24000,1,float32,5.000000000,preserve_full_short_source,0.000000000,5.000000000,,active_rms_v1,-13.073975899,-24.000001153,1.247355700,0.354559481,-10.926024101,false,true
ESC-50:144106,keyboard_typing,ESC-50,keyboard_typing,144106,esc50:144106,ESC-50:esc50:144106,/home/leiyuxin/soundspaces/source_assets/clsdoa_v1/raw/esc50/ESC-50-master/audio/3-144106-A-32.wav,/home/leiyuxin/soundspaces/source_assets/clsdoa_v1/prepared/source_pool_pilot_001/wav/keyboard_typing/esc50__144106.wav,wav/keyboard_typing/esc50__144106.wav,d84644c3f900ff4feb656dc7e0f80175db732aaea9b55b98d6d2e9441c0056af,630b95a557f86fb8dc631b0c4563a4e260985330709222421eceaed20e4b44d2,e47881c1bcc652c7e07492c7c1325dba436ddf99cef422f2972b35fa87ad680d,train,clsdoa_source_split_v2_stratified,ACCEPT,EXACT,AUTO_PASS,,DATASET_LEVEL_VERIFIED,CC BY-NC 3.0; dataset-level license and attribution file,https://github.com/karolpiczak/ESC-50; meta/esc50.csv; src_file=144106 take=A,unknown,PRESENT,24000,1,float32,5.000000000,preserve_full_short_source,0.000000000,5.000000000,,active_rms_v1,-11.354412588,-24.000001153,1.178175092,0.274745435,-12.645587412,false,true
ESC-50:155568,keyboard_typing,ESC-50,keyboard_typing,155568,esc50:155568,ESC-50:esc50:155568,/home/leiyuxin/soundspaces/source_assets/clsdoa_v1/raw/esc50/ESC-50-master/audio/3-155568-A-32.wav,/home/leiyuxin/soundspaces/source_assets/clsdoa_v1/prepared/source_pool_pilot_001/wav/keyboard_typing/esc50__155568.wav,wav/keyboard_typing/esc50__155568.wav,4c3c9eaa262cf39674f9c606a202e0287efd6e2fd4bd52fdd92252604a77b399,e814b108f25013a6637cdfed7e58d8f2abbf7fffea3f27497bb377d83fba8f6b,e7204b94b2ba3beebf31d92c3e9a27fde8129644669644746df9b76fda63d01f,train,clsdoa_source_split_v2_stratified,ACCEPT,EXACT,AUTO_PASS,,DATASET_LEVEL_VERIFIED,CC BY-NC 3.0; dataset-level license and attribution file,https://github.com/karolpiczak/ESC-50; meta/esc50.csv; src_file=155568 take=A,unknown,PRESENT,24000,1,float32,5.000000000,preserve_full_short_source,0.000000000,5.000000000,,active_rms_v1,-31.484144731,-24.000000127,0.163408101,0.386794984,7.484144731,false,true
ESC-50:155570,keyboard_typing,ESC-50,keyboard_typing,155570,esc50:155570,ESC-50:esc50:155570,/home/leiyuxin/soundspaces/source_assets/clsdoa_v1/raw/esc50/ESC-50-master/audio/3-155570-A-32.wav,/home/leiyuxin/soundspaces/source_assets/clsdoa_v1/prepared/source_pool_pilot_001/wav/keyboard_typing/esc50__155570.wav,wav/keyboard_typing/esc50__155570.wav,5dcc5425003c6b4e03a7698a0303db4256c3254d0a00ec7561a0c6df771c31c3,750208301b2dcf6c371de1238d673a3a3fa058f624820a1ecc7c6ac30d445849,d9a50c67926f09ea4f9b1530182634ebf958f4cb17508ab1c2d3e89d93a73b37,train,clsdoa_source_split_v2_stratified,ACCEPT,EXACT,AUTO_PASS,,DATASET_LEVEL_VERIFIED,CC BY-NC 3.0; dataset-level license and attribution file,https://github.com/karolpiczak/ESC-50; meta/esc50.csv; src_file=155570 take=A,unknown,PRESENT,24000,1,float32,5.000000000,preserve_full_short_source,0.000000000,5.000000000,,active_rms_v1,-25.081080841,-24.000000127,0.277158827,0.313893825,1.081080841,false,true
ESC-50:167155,keyboard_typing,ESC-50,keyboard_typing,167155,esc50:167155,ESC-50:esc50:167155,/home/leiyuxin/soundspaces/source_assets/clsdoa_v1/raw/esc50/ESC-50-master/audio/4-167155-A-32.wav,/home/leiyuxin/soundspaces/source_assets/clsdoa_v1/prepared/source_pool_pilot_001/wav/keyboard_typing/esc50__167155.wav,wav/keyboard_typing/esc50__167155.wav,6eef7744e3a26a61669456dcc800944734cee7ba899b4822e9eb398e363c2776,48b84dd918c840e7c475d823c16fd1b15de5f9b32abd7d4a958cd156c886f039,c95a4bcca8a2113cb7a20bd59d404919eb88f10dc23401815369a449a7f59344,train,clsdoa_source_split_v2_stratified,ACCEPT,EXACT,AUTO_PASS,,DATASET_LEVEL_VERIFIED,CC BY-NC 3.0; dataset-level license and attribution file,https://github.com/karolpiczak/ESC-50; meta/esc50.csv; src_file=167155 take=A,unknown,PRESENT,24000,1,float32,5.000000000,preserve_full_short_source,0.000000000,5.000000000,,active_rms_v1,-29.156164999,-24.000000127,0.181487322,0.328590155,5.156164999,false,true
ESC-50:172180,keyboard_typing,ESC-50,keyboard_typing,172180,esc50:172180,ESC-50:esc50:172180,/home/leiyuxin/soundspaces/source_assets/clsdoa_v1/raw/esc50/ESC-50-master/audio/4-172180-A-32.wav,/home/leiyuxin/soundspaces/source_assets/clsdoa_v1/prepared/source_pool_pilot_001/wav/keyboard_typing/esc50__172180.wav,wav/keyboard_typing/esc50__172180.wav,e50ee25753e3de7fface7daa7350010fadeabe6a28d9881da9ea5554229df425,2e0a84ab3f17322ea167a394ee80426a055f199293a21a0aafac36ef7dc99b70,38cb4fdd3c362dddfec350f850a246b3289ae59f9d41ad7ddcd23a069232353c,train,clsdoa_source_split_v2_stratified,ACCEPT,EXACT,AUTO_PASS,,DATASET_LEVEL_VERIFIED,CC BY-NC 3.0; dataset-level license and attribution file,https://github.com/karolpiczak/ESC-50; meta/esc50.csv; src_file=172180 take=A,unknown,PRESENT,24000,1,float32,5.000000000,preserve_full_short_source,0.000000000,5.000000000,,active_rms_v1,-20.126763080,-23.999999102,0.528163612,0.338147849,-3.873236920,false,true
ESC-50:177243,keyboard_typing,ESC-50,keyboard_typing,177243,esc50:177243,ESC-50:esc50:177243,/home/leiyuxin/soundspaces/source_assets/clsdoa_v1/raw/esc50/ESC-50-master/audio/4-177243-A-32.wav,/home/leiyuxin/soundspaces/source_assets/clsdoa_v1/prepared/source_pool_pilot_001/wav/keyboard_typing/esc50__177243.wav,wav/keyboard_typing/esc50__177243.wav,9dd27bab5d77ea5e79f522382f84ba7ccf7708c7c1a01de528872974897c7a1a,dcf26dfa3a9a42014d1c6b461ab292d8e3a7229e46c680514baf73251f2863b5,e2163c61a24be93d31a3e6b1c87191f87eb0d7cebda85b110b7f2a115f0b86fa,train,clsdoa_source_split_v2_stratified,ACCEPT,EXACT,AUTO_PASS,,DATASET_LEVEL_VERIFIED,CC BY-NC 3.0; dataset-level license and attribution file,https://github.com/karolpiczak/ESC-50; meta/esc50.csv; src_file=177243 take=A,unknown,PRESENT,24000,1,float32,5.000000000,preserve_full_short_source,0.000000000,5.000000000,,active_rms_v1,-27.310757271,-24.000000127,0.210423499,0.308057725,3.310757271,false,true
ESC-50:205090,keyboard_typing,ESC-50,keyboard_typing,205090,esc50:205090,ESC-50:esc50:205090,/home/leiyuxin/soundspaces/source_assets/clsdoa_v1/raw/esc50/ESC-50-master/audio/5-205090-A-32.wav,/home/leiyuxin/soundspaces/source_assets/clsdoa_v1/prepared/source_pool_pilot_001/wav/keyboard_typing/esc50__205090.wav,wav/keyboard_typing/esc50__205090.wav,259b49ad444e609cfe53614c931d85212b3b177d03d21aa738f5a52f068ab6da,3bf5b8a0ae5c9e6a8139ef50756921b222f1075e4ee696c6a75645d562b0ecd1,5a8f193f14fa649248b1d645ce6dae97f5c105015b3351ffaf86406e998c36d3,test,clsdoa_source_split_v2_stratified,ACCEPT,EXACT,AUTO_PASS,,DATASET_LEVEL_VERIFIED,CC BY-NC 3.0; dataset-level license and attribution file,https://github.com/karolpiczak/ESC-50; meta/esc50.csv; src_file=205090 take=A,unknown,PRESENT,24000,1,float32,5.000000000,preserve_full_short_source,0.000000000,5.000000000,,active_rms_v1,-31.470551235,-24.000001153,0.099604063,0.235398993,7.470551235,false,true
ESC-50:222894,keyboard_typing,ESC-50,keyboard_typing,222894,esc50:222894,ESC-50:esc50:222894,/home/leiyuxin/soundspaces/source_assets/clsdoa_v1/raw/esc50/ESC-50-master/audio/5-222894-A-32.wav,/home/leiyuxin/soundspaces/source_assets/clsdoa_v1/prepared/source_pool_pilot_001/wav/keyboard_typing/esc50__222894.wav,wav/keyboard_typing/esc50__222894.wav,d15120e2fe0b3778d1c2279abef9e8add1994a5d224fcd59bb218a4158ef9bc3,0c608bb42cbe04f6c01ded857cf457a5063bb16de30d9b85988fb0f304379d41,10352ae357018a1123532e2875b0358dc3954e15b5845a312c7ff846623e56a7,train,clsdoa_source_split_v2_stratified,ACCEPT,EXACT,AUTO_PASS,,DATASET_LEVEL_VERIFIED,CC BY-NC 3.0; dataset-level license and attribution file,https://github.com/karolpiczak/ESC-50; meta/esc50.csv; src_file=222894 take=A,unknown,PRESENT,24000,1,float32,5.000000000,preserve_full_short_source,0.000000000,5.000000000,,active_rms_v1,-14.761421698,-24.000000127,0.845730245,0.291946292,-9.238578302,false,true
ESC-50:223099,keyboard_typing,ESC-50,keyboard_typing,223099,esc50:223099,ESC-50:esc50:223099,/home/leiyuxin/soundspaces/source_assets/clsdoa_v1/raw/esc50/ESC-50-master/audio/5-223099-A-32.wav,/home/leiyuxin/soundspaces/source_assets/clsdoa_v1/prepared/source_pool_pilot_001/wav/keyboard_typing/esc50__223099.wav,wav/keyboard_typing/esc50__223099.wav,9037a2fa7c5d4246ee697c9e1c706a6b04bd015d7cb11bc842ff59083e42fe7e,60063032247cc30b1565229ebfd135e5145722d1b920bc3c89a0df12797b1300,d4189f4b4acc489e7bb8314685ebff687ccf8cdf7925d73a3aab1f30c40f44c4,train,clsdoa_source_split_v2_stratified,ACCEPT,EXACT,AUTO_PASS,,DATASET_LEVEL_VERIFIED,CC BY-NC 3.0; dataset-level license and attribution file,https://github.com/karolpiczak/ESC-50; meta/esc50.csv; src_file=223099 take=A,unknown,PRESENT,24000,1,float32,5.000000000,preserve_full_short_source,0.000000000,5.000000000,,active_rms_v1,-10.145271957,-24.000000127,1.102535486,0.223694950,-13.854728043,false,true
ESC-50:234923,keyboard_typing,ESC-50,keyboard_typing,234923,esc50:234923,ESC-50:esc50:234923,/home/leiyuxin/soundspaces/source_assets/clsdoa_v1/raw/esc50/ESC-50-master/audio/5-234923-A-32.wav,/home/leiyuxin/soundspaces/source_assets/clsdoa_v1/prepared/source_pool_pilot_001/wav/keyboard_typing/esc50__234923.wav,wav/keyboard_typing/esc50__234923.wav,7c58e49c237cd02000f00c8bf25c5ee2e2b89b68397822d089a95cf180ece81b,103bb1d64b7ae830203257c12a2c340a644c4c8e194e29c78f38a76f105f73ee,074d29a97388008bb7ca266b786f1b22552fc7bcac5d901625640b925aa8a101,train,clsdoa_source_split_v2_stratified,ACCEPT,EXACT,AUTO_PASS,,DATASET_LEVEL_VERIFIED,CC BY-NC 3.0; dataset-level license and attribution file,https://github.com/karolpiczak/ESC-50; meta/esc50.csv; src_file=234923 take=A,unknown,PRESENT,24000,1,float32,5.000000000,preserve_full_short_source,0.000000000,5.000000000,,active_rms_v1,-17.955817407,-24.000000127,0.840564489,0.419142723,-6.044182593,false,true
ESC-50:62594,keyboard_typing,ESC-50,keyboard_typing,62594,esc50:62594,ESC-50:esc50:62594,/home/leiyuxin/soundspaces/source_assets/clsdoa_v1/raw/esc50/ESC-50-master/audio/1-62594-A-32.wav,/home/leiyuxin/soundspaces/source_assets/clsdoa_v1/prepared/source_pool_pilot_001/wav/keyboard_typing/esc50__62594.wav,wav/keyboard_typing/esc50__62594.wav,0dc398dc9dde48db485012be53825d225dee2de281778a12f94d012e4171bd7a,347c97622a217bc6c7248d774c4cd75a295cbaf15e6a40ea0616b55b1b51c72e,a8adb317bb75afae3395204f0d0e19fb0230539d0a2cd02d6e2cc424cb3efe05,test,clsdoa_source_split_v2_stratified,ACCEPT,EXACT,AUTO_PASS,,DATASET_LEVEL_VERIFIED,CC BY-NC 3.0; dataset-level license and attribution file,https://github.com/karolpiczak/ESC-50; meta/esc50.csv; src_file=62594 take=A,unknown,PRESENT,24000,1,float32,5.000000000,preserve_full_short_source,0.000000000,5.000000000,,active_rms_v1,-10.662382178,-24.000000127,1.099012017,0.236658186,-13.337617822,false,true
ESC-50:84393,keyboard_typing,ESC-50,keyboard_typing,84393,esc50:84393,ESC-50:esc50:84393,/home/leiyuxin/soundspaces/source_assets/clsdoa_v1/raw/esc50/ESC-50-master/audio/1-84393-A-32.wav,/home/leiyuxin/soundspaces/source_assets/clsdoa_v1/prepared/source_pool_pilot_001/wav/keyboard_typing/esc50__84393.wav,wav/keyboard_typing/esc50__84393.wav,f9e66b1305b9e54e7a87ad232cf62a1d920652e9712a1a3e95966d00c232a7b6,5e911b22bb91884c9cce25854c488843f2e0a31ebf3c0e93cb6562ab4fbbf3bc,48f3964c939192128456567e9b8150638194650fb5241d02dda6b970774325fb,test,clsdoa_source_split_v2_stratified,ACCEPT,EXACT,AUTO_PASS,,DATASET_LEVEL_VERIFIED,CC BY-NC 3.0; dataset-level license and attribution file,https://github.com/karolpiczak/ESC-50; meta/esc50.csv; src_file=84393 take=A,unknown,PRESENT,24000,1,float32,5.000000000,preserve_full_short_source,0.000000000,5.000000000,,active_rms_v1,-10.533071983,-23.999999102,1.000823975,0.212329969,-13.466928017,false,true
ESC-50:99795,keyboard_typing,ESC-50,keyboard_typing,99795,esc50:99795,ESC-50:esc50:99795,/home/leiyuxin/soundspaces/source_assets/clsdoa_v1/raw/esc50/ESC-50-master/audio/2-99795-A-32.wav,/home/leiyuxin/soundspaces/source_assets/clsdoa_v1/prepared/source_pool_pilot_001/wav/keyboard_typing/esc50__99795.wav,wav/keyboard_typing/esc50__99795.wav,44ca892b39226cf503f063ffcf84b3d73034489882d6041ae6a32909fc31f7ba,71583ff2ddc3262155e3c160571586b5337b53526a4bdbd19699a002851d6cf4,d73b231a5965c385dab9ff28652ea38f4d49e8f018e0623e9dfb499c82cfed0f,val,clsdoa_source_split_v2_stratified,ACCEPT,EXACT,AUTO_PASS,,DATASET_LEVEL_VERIFIED,CC BY-NC 3.0; dataset-level license and attribution file,https://github.com/karolpiczak/ESC-50; meta/esc50.csv; src_file=99795 take=A,unknown,PRESENT,24000,1,float32,5.000000000,preserve_full_short_source,0.000000000,5.000000000,,active_rms_v1,-16.338361869,-24.000001153,0.751326680,0.310990334,-7.661638131,false,true
ESC-50:104168,keyboard_typing,ESC-50,keyboard_typing,104168,esc50:104168,ESC-50:esc50:104168,/home/leiyuxin/soundspaces/source_assets/clsdoa_v1/raw/esc50/ESC-50-master/audio/2-104168-A-32.wav,/home/leiyuxin/soundspaces/source_assets/clsdoa_v1/prepared/source_pool_pilot_001/wav/keyboard_typing/esc50__104168.wav,wav/keyboard_typing/esc50__104168.wav,993b415a81231eaec6836650da18fcdff188540bd892f9eeac959e31b0d8db2d,5f341574230d2cea54b216836c5ea42d3e91dd6fd34d96b2c5288094ac97b2dc,62f9d3cd5d576e5dd6f956fe11d5c50fb04f054c38e32597a16e19021536943d,train,clsdoa_source_split_v2_stratified,ACCEPT,EXACT,AUTO_FLAG,mostly_silence_or_low_activity,DATASET_LEVEL_VERIFIED,CC BY-NC 3.0; dataset-level license and attribution file,https://github.com/karolpiczak/ESC-50; meta/esc50.csv; src_file=104168 take=A,unknown,PRESENT,24000,1,float32,5.000000000,preserve_full_short_source,0.000000000,5.000000000,,active_rms_v1,-17.495710913,-23.999999102,0.681486368,0.322286963,-6.504289087,false,true
ESC-50:125548,keyboard_typing,ESC-50,keyboard_typing,125548,esc50:125548,ESC-50:esc50:125548,/home/leiyuxin/soundspaces/source_assets/clsdoa_v1/raw/esc50/ESC-50-master/audio/3-125548-A-32.wav,/home/leiyuxin/soundspaces/source_assets/clsdoa_v1/prepared/source_pool_pilot_001/wav/keyboard_typing/esc50__125548.wav,wav/keyboard_typing/esc50__125548.wav,8ab8f074c27c770b9dadab28f5f93ce7e82e4afaf7c8003ea7749a8b1f60a9d6,1b71ab1b4997b38cba88f3028e4a4aa5e432596df9dbda209f4c8c5944f604d2,786c0ab915c44c716dd70971fc8f80f0cc501164423095e3e5c97929b3796f7d,train,clsdoa_source_split_v2_stratified,ACCEPT,EXACT,AUTO_FLAG,mostly_silence_or_low_activity,DATASET_LEVEL_VERIFIED,CC BY-NC 3.0; dataset-level license and attribution file,https://github.com/karolpiczak/ESC-50; meta/esc50.csv; src_file=125548 take=A,unknown,PRESENT,24000,1,float32,5.000000000,preserve_full_short_source,0.000000000,5.000000000,,active_rms_v1,-26.856687120,-24.000000127,0.250949860,0.348675400,2.856687120,false,true
ESC-50:132830,keyboard_typing,ESC-50,keyboard_typing,132830,esc50:132830,ESC-50:esc50:132830,/home/leiyuxin/soundspaces/source_assets/clsdoa_v1/raw/esc50/ESC-50-master/audio/3-132830-A-32.wav,/home/leiyuxin/soundspaces/source_assets/clsdoa_v1/prepared/source_pool_pilot_001/wav/keyboard_typing/esc50__132830.wav,wav/keyboard_typing/esc50__132830.wav,0f02dc87412aa7398848a275ce5278eba924c22000e51b9a1bc8732c3c90e5b8,396891167b0219bd3ff60d82caa4093a47872158c11edddcc1c1f3a57f04e320,d75fa250788f499ec7faa1c5ba8ee38eff4e66460f9b2a0b7f8aa26dc2f73e3a,val,clsdoa_source_split_v2_stratified,ACCEPT,EXACT,AUTO_FLAG,mostly_silence_or_low_activity,DATASET_LEVEL_VERIFIED,CC BY-NC 3.0; dataset-level license and attribution file,https://github.com/karolpiczak/ESC-50; meta/esc50.csv; src_file=132830 take=A,unknown,PRESENT,24000,1,float32,5.000000000,preserve_full_short_source,0.000000000,5.000000000,,active_rms_v1,-28.462404460,-24.000000127,0.182594404,0.305216283,4.462404460,false,true
ESC-50:137,keyboard_typing,ESC-50,keyboard_typing,137,esc50:137,ESC-50:esc50:137,/home/leiyuxin/soundspaces/source_assets/clsdoa_v1/raw/esc50/ESC-50-master/audio/1-137-A-32.wav,/home/leiyuxin/soundspaces/source_assets/clsdoa_v1/prepared/source_pool_pilot_001/wav/keyboard_typing/esc50__137.wav,wav/keyboard_typing/esc50__137.wav,cb4af6b4d6232b7459e35104473a91f99630124851cf617b8dd370af1fe76314,f7fa9d2db25cbe84f95415e905475c262a4887109d544107c7885715666ba636,d68e4716f74f073be8f78f5fe8e45daf7c09b0ec0575b21f57989d803536abb3,train,clsdoa_source_split_v2_stratified,ACCEPT,EXACT,AUTO_FLAG,mostly_silence_or_low_activity,DATASET_LEVEL_VERIFIED,CC BY-NC 3.0; dataset-level license and attribution file,https://github.com/karolpiczak/ESC-50; meta/esc50.csv; src_file=137 take=A,unknown,PRESENT,24000,1,float32,5.000000000,preserve_full_short_source,0.000000000,5.000000000,,active_rms_v1,-20.303848314,-24.000000127,0.501322746,0.327574283,-3.696151686,false,true
ESC-50:144120,keyboard_typing,ESC-50,keyboard_typing,144120,esc50:144120,ESC-50:esc50:144120,/home/leiyuxin/soundspaces/source_assets/clsdoa_v1/raw/esc50/ESC-50-master/audio/3-144120-A-32.wav,/home/leiyuxin/soundspaces/source_assets/clsdoa_v1/prepared/source_pool_pilot_001/wav/keyboard_typing/esc50__144120.wav,wav/keyboard_typing/esc50__144120.wav,31c23fa3afec815d6389a95ff537fcacd30db0913c311fc34e5f69c2612f1a0c,91194bbfbc4d636383f6f46ea85b9c75de8bb2401582a3feab13f26a0f697f49,bbc3a875b5add54169100adeaf253ed6120715bcd6ac3b55442b3e2d2863ed5c,val,clsdoa_source_split_v2_stratified,ACCEPT,EXACT,AUTO_FLAG,mostly_silence_or_low_activity,DATASET_LEVEL_VERIFIED,CC BY-NC 3.0; dataset-level license and attribution file,https://github.com/karolpiczak/ESC-50; meta/esc50.csv; src_file=144120 take=A,unknown,PRESENT,24000,1,float32,5.000000000,preserve_full_short_source,0.000000000,5.000000000,,active_rms_v1,-20.150518802,-24.000000127,0.454904169,0.292042345,-3.849481198,false,true
ESC-50:153444,keyboard_typing,ESC-50,keyboard_typing,153444,esc50:153444,ESC-50:esc50:153444,/home/leiyuxin/soundspaces/source_assets/clsdoa_v1/raw/esc50/ESC-50-master/audio/3-153444-A-32.wav,/home/leiyuxin/soundspaces/source_assets/clsdoa_v1/prepared/source_pool_pilot_001/wav/keyboard_typing/esc50__153444.wav,wav/keyboard_typing/esc50__153444.wav,b90c25c3a9af99e83d50a240318578b0865ba833f839d2e6e6eb3a70889f8f26,b75e33ee5e94363340305a7cc9e8db106a5ae8d31c5740b2e7f284a120741c02,ca3cd2deab66200c838c5395cf6221c95d309bec310456cf194bc316af410393,train,clsdoa_source_split_v2_stratified,ACCEPT,EXACT,AUTO_FLAG,mostly_silence_or_low_activity,DATASET_LEVEL_VERIFIED,CC BY-NC 3.0; dataset-level license and attribution file,https://github.com/karolpiczak/ESC-50; meta/esc50.csv; src_file=153444 take=A,unknown,PRESENT,24000,1,float32,5.000000000,preserve_full_short_source,0.000000000,5.000000000,,active_rms_v1,-30.653506023,-24.000000127,0.133666173,0.287539035,6.653506023,false,true
ESC-50:154781,keyboard_typing,ESC-50,keyboard_typing,154781,esc50:154781,ESC-50:esc50:154781,/home/leiyuxin/soundspaces/source_assets/clsdoa_v1/raw/esc50/ESC-50-master/audio/3-154781-A-32.wav,/home/leiyuxin/soundspaces/source_assets/clsdoa_v1/prepared/source_pool_pilot_001/wav/keyboard_typing/esc50__154781.wav,wav/keyboard_typing/esc50__154781.wav,6ac098944dddaec10c14a9682a493c956f8228690780782e0b5261acfe168e3b,8c92c64d35e2f2569f88dd98f1dd36e692b6f702877d106ff7ec929b549d3961,b65a1cd87e450898f9d40e96ee329d9b06887151cdd782cc21bdfa49cfb17cb9,val,clsdoa_source_split_v2_stratified,ACCEPT,EXACT,AUTO_FLAG,mostly_silence_or_low_activity,DATASET_LEVEL_VERIFIED,CC BY-NC 3.0; dataset-level license and attribution file,https://github.com/karolpiczak/ESC-50; meta/esc50.csv; src_file=154781 take=A,unknown,PRESENT,24000,1,float32,5.000000000,preserve_full_short_source,0.000000000,5.000000000,,active_rms_v1,-34.231047617,-24.000000127,0.105731957,0.343367070,10.231047617,false,true
ESC-50:158653,keyboard_typing,ESC-50,keyboard_typing,158653,esc50:158653,ESC-50:esc50:158653,/home/leiyuxin/soundspaces/source_assets/clsdoa_v1/raw/esc50/ESC-50-master/audio/4-158653-A-32.wav,/home/leiyuxin/soundspaces/source_assets/clsdoa_v1/prepared/source_pool_pilot_001/wav/keyboard_typing/esc50__158653.wav,wav/keyboard_typing/esc50__158653.wav,7f831e94195108e8dc379757a4a241981ab6fbf42864c3ba8692d0431101f36b,7cfb23ff6f6bfe900a67fd45e7e3aef6dc7b5ff547a4c3a6088a085d74a5a520,125691734898f9db80100600cb63a65203ac0948b4a234e136f0e369bffe3b6b,train,clsdoa_source_split_v2_stratified,ACCEPT,EXACT,AUTO_FLAG,mostly_silence_or_low_activity,DATASET_LEVEL_VERIFIED,CC BY-NC 3.0; dataset-level license and attribution file,https://github.com/karolpiczak/ESC-50; meta/esc50.csv; src_file=158653 take=A,unknown,PRESENT,24000,1,float32,5.000000000,preserve_full_short_source,0.000000000,5.000000000,,active_rms_v1,-12.096709115,-24.000000127,1.049363732,0.266539454,-11.903290885,false,true
ESC-50:172742,keyboard_typing,ESC-50,keyboard_typing,172742,esc50:172742,ESC-50:esc50:172742,/home/leiyuxin/soundspaces/source_assets/clsdoa_v1/raw/esc50/ESC-50-master/audio/4-172742-A-32.wav,/home/leiyuxin/soundspaces/source_assets/clsdoa_v1/prepared/source_pool_pilot_001/wav/keyboard_typing/esc50__172742.wav,wav/keyboard_typing/esc50__172742.wav,ba86ca5c4031cb65a9c11c325599546e2177ba99b1e365dd914021961ccfedf8,005a3fc0a086ada7f4540d7cb41b1934ab03c5bceb66f4d0f07af586d1daeed5,6107e92023ebe6a8cc7514ed3a4721a10a319f8162a8a6be255cf46c4851ac8e,train,clsdoa_source_split_v2_stratified,ACCEPT,EXACT,AUTO_FLAG,mostly_silence_or_low_activity,DATASET_LEVEL_VERIFIED,CC BY-NC 3.0; dataset-level license and attribution file,https://github.com/karolpiczak/ESC-50; meta/esc50.csv; src_file=172742 take=A,unknown,PRESENT,24000,1,float32,5.000000000,preserve_full_short_source,0.000000000,5.000000000,,active_rms_v1,-19.686353050,-24.000000127,0.562342107,0.342230141,-4.313646950,false,true
ESC-50:181707,keyboard_typing,ESC-50,keyboard_typing,181707,esc50:181707,ESC-50:esc50:181707,/home/leiyuxin/soundspaces/source_assets/clsdoa_v1/raw/esc50/ESC-50-master/audio/4-181707-A-32.wav,/home/leiyuxin/soundspaces/source_assets/clsdoa_v1/prepared/source_pool_pilot_001/wav/keyboard_typing/esc50__181707.wav,wav/keyboard_typing/esc50__181707.wav,390a11c8f70eb3f56a06689c1e5829c8144c64e375b8d68772918195bc5e8893,f22f58af4c3d2eddc251e9b2fb2ebaeb307fc2bf1ab5311b52ea659f8ab7c9ff,62448717b3d141a1151db037583848723200c14b253297b8205d01d6c04fb23a,test,clsdoa_source_split_v2_stratified,ACCEPT,EXACT,AUTO_FLAG,mostly_silence_or_low_activity,DATASET_LEVEL_VERIFIED,CC BY-NC 3.0; dataset-level license and attribution file,https://github.com/karolpiczak/ESC-50; meta/esc50.csv; src_file=181707 take=A,unknown,PRESENT,24000,1,float32,5.000000000,preserve_full_short_source,0.000000000,5.000000000,,active_rms_v1,-20.580613982,-24.000001153,0.439390570,0.296402186,-3.419386018,false,true
ESC-50:181708,keyboard_typing,ESC-50,keyboard_typing,181708,esc50:181708,ESC-50:esc50:181708,/home/leiyuxin/soundspaces/source_assets/clsdoa_v1/raw/esc50/ESC-50-master/audio/4-181708-A-32.wav,/home/leiyuxin/soundspaces/source_assets/clsdoa_v1/prepared/source_pool_pilot_001/wav/keyboard_typing/esc50__181708.wav,wav/keyboard_typing/esc50__181708.wav,0997cb6c848551c7c650c8f5c6b76194d4e200b2fb0f013e67a2101c2858b47a,d0070f06cbc0eb29b15cf52541413a91e36b9e2ad42918c3b9b0ff013468dac8,d136197cac1ecfea55c9d3faaad31f6b740132ba9f0e05b435ee33daa2eef3ff,train,clsdoa_source_split_v2_stratified,ACCEPT,EXACT,AUTO_FLAG,mostly_silence_or_low_activity,DATASET_LEVEL_VERIFIED,CC BY-NC 3.0; dataset-level license and attribution file,https://github.com/karolpiczak/ESC-50; meta/esc50.csv; src_file=181708 take=A,unknown,PRESENT,24000,1,float32,5.000000000,preserve_full_short_source,0.000000000,5.000000000,,active_rms_v1,-17.424864569,-24.000000127,0.696021438,0.326486945,-6.575135431,false,true
ESC-50:185613,keyboard_typing,ESC-50,keyboard_typing,185613,esc50:185613,ESC-50:esc50:185613,/home/leiyuxin/soundspaces/source_assets/clsdoa_v1/raw/esc50/ESC-50-master/audio/4-185613-A-32.wav,/home/leiyuxin/soundspaces/source_assets/clsdoa_v1/prepared/source_pool_pilot_001/wav/keyboard_typing/esc50__185613.wav,wav/keyboard_typing/esc50__185613.wav,2c63bb63ecc188a7e3a868b6a942e41adcdb217318d23d1d1e72f22900c24fb8,a28daa0efa260074f7ee5be1be200f1abf40e6bd3e835938223a9421ad1bdc16,e7c612cbd5ed3fa812dc1dcfc30af74670a6f9d4265a0d3e512396624a6eb7d6,train,clsdoa_source_split_v2_stratified,ACCEPT,EXACT,AUTO_FLAG,mostly_silence_or_low_activity,DATASET_LEVEL_VERIFIED,CC BY-NC 3.0; dataset-level license and attribution file,https://github.com/karolpiczak/ESC-50; meta/esc50.csv; src_file=185613 take=A,unknown,PRESENT,24000,1,float32,5.000000000,preserve_full_short_source,0.000000000,5.000000000,,active_rms_v1,-13.921982871,-24.000000127,0.953042269,0.298683554,-10.078017129,false,true
ESC-50:215005,keyboard_typing,ESC-50,keyboard_typing,215005,esc50:215005,ESC-50:esc50:215005,/home/leiyuxin/soundspaces/source_assets/clsdoa_v1/raw/esc50/ESC-50-master/audio/5-215005-A-32.wav,/home/leiyuxin/soundspaces/source_assets/clsdoa_v1/prepared/source_pool_pilot_001/wav/keyboard_typing/esc50__215005.wav,wav/keyboard_typing/esc50__215005.wav,5daa5ce145a68b2ec2e818b6dad129b99eab84b137baa4cb8beecf422e8939f2,0e4e80ca8bbb1655b6a7f784bb36b9a4eb1bab556ac9f6ace7fb160d71fb96d0,b8c6b7a28f1523c4aa0a0261ed45dee934c5a8f2558893312d9d981bf1f92067,val,clsdoa_source_split_v2_stratified,ACCEPT,EXACT,AUTO_FLAG,mostly_silence_or_low_activity,DATASET_LEVEL_VERIFIED,CC BY-NC 3.0; dataset-level license and attribution file,https://github.com/karolpiczak/ESC-50; meta/esc50.csv; src_file=215005 take=A,unknown,PRESENT,24000,1,float32,5.000000000,preserve_full_short_source,0.000000000,5.000000000,,active_rms_v1,-32.306373360,-24.000000127,0.118219435,0.307615042,8.306373360,false,true
ESC-50:216131,keyboard_typing,ESC-50,keyboard_typing,216131,esc50:216131,ESC-50:esc50:216131,/home/leiyuxin/soundspaces/source_assets/clsdoa_v1/raw/esc50/ESC-50-master/audio/5-216131-A-32.wav,/home/leiyuxin/soundspaces/source_assets/clsdoa_v1/prepared/source_pool_pilot_001/wav/keyboard_typing/esc50__216131.wav,wav/keyboard_typing/esc50__216131.wav,2059bf822d6e666863bf5829725147fbab2e4695e6638bd2442dc433eb50ccdb,f2d6c068fcc61dec9ba2cb1d398ee5c46fb8c6f4245ff1da35cd35efa544d458,096ac1b0324a6c59c96f974f006f8ec35ffa362790c58327438c7f5c67744b9a,val,clsdoa_source_split_v2_stratified,ACCEPT,EXACT,AUTO_FLAG,mostly_silence_or_low_activity,DATASET_LEVEL_VERIFIED,CC BY-NC 3.0; dataset-level license and attribution file,https://github.com/karolpiczak/ESC-50; meta/esc50.csv; src_file=216131 take=A,unknown,PRESENT,24000,1,float32,5.000000000,preserve_full_short_source,0.000000000,5.000000000,,active_rms_v1,-21.245689355,-24.000001153,0.404274821,0.294415832,-2.754310645,false,true
ESC-50:244178,keyboard_typing,ESC-50,keyboard_typing,244178,esc50:244178,ESC-50:esc50:244178,/home/leiyuxin/soundspaces/source_assets/clsdoa_v1/raw/esc50/ESC-50-master/audio/5-244178-A-32.wav,/home/leiyuxin/soundspaces/source_assets/clsdoa_v1/prepared/source_pool_pilot_001/wav/keyboard_typing/esc50__244178.wav,wav/keyboard_typing/esc50__244178.wav,f83c5e9d0cfa3d39bff9a6b84d2b1b06d9118370ea1f4bebe539094e7579b514,2ed78b1c3e17309df68e16d67f960438400ad8d6497b34d367b77c9fdbc55e90,c0e6aa625241929b173a1003bbf175e1c0910b1f10c68be91aab8fdcc3e78cb2,train,clsdoa_source_split_v2_stratified,ACCEPT,EXACT,AUTO_FLAG,mostly_silence_or_low_activity,DATASET_LEVEL_VERIFIED,CC BY-NC 3.0; dataset-level license and attribution file,https://github.com/karolpiczak/ESC-50; meta/esc50.csv; src_file=244178 take=A,unknown,PRESENT,24000,1,float32,5.000000000,preserve_full_short_source,0.000000000,5.000000000,,active_rms_v1,-22.384602981,-24.000000127,0.282919228,0.234905198,-1.615397019,false,true
ESC-50:53501,keyboard_typing,ESC-50,keyboard_typing,53501,esc50:53501,ESC-50:esc50:53501,/home/leiyuxin/soundspaces/source_assets/clsdoa_v1/raw/esc50/ESC-50-master/audio/1-53501-A-32.wav,/home/leiyuxin/soundspaces/source_assets/clsdoa_v1/prepared/source_pool_pilot_001/wav/keyboard_typing/esc50__53501.wav,wav/keyboard_typing/esc50__53501.wav,3d004d6ec1677d4ed9c4f2fbfc9bcf01fa599adbe60cd3f7b187298e314904fd,6ba8a0d0f85eeb6f070d48ccd358e047d2880dab2e911e0a566351f5218c378e,7edf3a6b856987de4fc2da27906d70abb00c40fba3352275eec840917daf2e50,train,clsdoa_source_split_v2_stratified,ACCEPT,EXACT,AUTO_FLAG,mostly_silence_or_low_activity,DATASET_LEVEL_VERIFIED,CC BY-NC 3.0; dataset-level license and attribution file,https://github.com/karolpiczak/ESC-50; meta/esc50.csv; src_file=53501 take=A,unknown,PRESENT,24000,1,float32,5.000000000,preserve_full_short_source,0.000000000,5.000000000,,active_rms_v1,-27.653998080,-24.000000127,0.183313817,0.279186934,3.653998080,false,true
ESC-50:61212,keyboard_typing,ESC-50,keyboard_typing,61212,esc50:61212,ESC-50:esc50:61212,/home/leiyuxin/soundspaces/source_assets/clsdoa_v1/raw/esc50/ESC-50-master/audio/1-61212-A-32.wav,/home/leiyuxin/soundspaces/source_assets/clsdoa_v1/prepared/source_pool_pilot_001/wav/keyboard_typing/esc50__61212.wav,wav/keyboard_typing/esc50__61212.wav,c1a45e57ca3eefc6abd908860da8c01556309a22925ce383444a4c28322f0302,a1ebe1074cd6ca5545ce09baa70334f4fa3e5c73a1d623e8e4e07ff78013011c,655cc6c53397673f39fb8f125124e65fafc87480e1d18cc53f78f4404464826d,train,clsdoa_source_split_v2_stratified,ACCEPT,EXACT,AUTO_FLAG,mostly_silence_or_low_activity,DATASET_LEVEL_VERIFIED,CC BY-NC 3.0; dataset-level license and attribution file,https://github.com/karolpiczak/ESC-50; meta/esc50.csv; src_file=61212 take=A,unknown,PRESENT,24000,1,float32,5.000000000,preserve_full_short_source,0.000000000,5.000000000,,active_rms_v1,-18.097291406,-24.000000127,0.618569374,0.313511163,-5.902708594,false,true
ESC-50:79711,keyboard_typing,ESC-50,keyboard_typing,79711,esc50:79711,ESC-50:esc50:79711,/home/leiyuxin/soundspaces/source_assets/clsdoa_v1/raw/esc50/ESC-50-master/audio/1-79711-A-32.wav,/home/leiyuxin/soundspaces/source_assets/clsdoa_v1/prepared/source_pool_pilot_001/wav/keyboard_typing/esc50__79711.wav,wav/keyboard_typing/esc50__79711.wav,67eea6b9088947803c19b60f9ce714c3720825e83fa3296f61b2b94d11ee45b3,5cde9edd0e899c68db69500d68e22ee92d8943cf7a7a36d523d0eaf0acdbef8b,f3fd05d3bfed74942257ef036a83c7775c00a4213fd471c5ad6868e9487db525,train,clsdoa_source_split_v2_stratified,ACCEPT,EXACT,AUTO_FLAG,mostly_silence_or_low_activity,DATASET_LEVEL_VERIFIED,CC BY-NC 3.0; dataset-level license and attribution file,https://github.com/karolpiczak/ESC-50; meta/esc50.csv; src_file=79711 take=A,unknown,PRESENT,24000,1,float32,5.000000000,preserve_full_short_source,0.000000000,5.000000000,,active_rms_v1,-12.758435354,-24.000000127,1.167796612,0.320102423,-11.241564646,false,true
ESC-50:94231,keyboard_typing,ESC-50,keyboard_typing,94231,esc50:94231,ESC-50:esc50:94231,/home/leiyuxin/soundspaces/source_assets/clsdoa_v1/raw/esc50/ESC-50-master/audio/1-94231-A-32.wav,/home/leiyuxin/soundspaces/source_assets/clsdoa_v1/prepared/source_pool_pilot_001/wav/keyboard_typing/esc50__94231.wav,wav/keyboard_typing/esc50__94231.wav,0bbcb3a71254de72a6c9fdf0883fc59f3395aa9c43c4b5a095e57b8e58a9b17b,7579817fd3c17776c2903f57bd9ae8696125b755cb09aa5e3d2201a3f739abce,ba393d3cdb1cf2186477e289d101a56a80d8d47b7a2a4fbfadfd8b7a1b3f511f,test,clsdoa_source_split_v2_stratified,ACCEPT,EXACT,AUTO_FLAG,mostly_silence_or_low_activity,DATASET_LEVEL_VERIFIED,CC BY-NC 3.0; dataset-level license and attribution file,https://github.com/karolpiczak/ESC-50; meta/esc50.csv; src_file=94231 take=A,unknown,PRESENT,24000,1,float32,5.000000000,preserve_full_short_source,0.000000000,5.000000000,,active_rms_v1,-32.089538156,-24.000000127,0.121445954,0.308219403,8.089538156,false,true
ESC-50:99796,keyboard_typing,ESC-50,keyboard_typing,99796,esc50:99796,ESC-50:esc50:99796,/home/leiyuxin/soundspaces/source_assets/clsdoa_v1/raw/esc50/ESC-50-master/audio/2-99796-A-32.wav,/home/leiyuxin/soundspaces/source_assets/clsdoa_v1/prepared/source_pool_pilot_001/wav/keyboard_typing/esc50__99796.wav,wav/keyboard_typing/esc50__99796.wav,86e6979a84438761ff0b1328fc4931cf995e0045822819c49499f4cdbc81a01e,2172358b3cbaf67ec0df4e99e676f42fc853c0156adc56082c62e8fe44800654,31bdd426e490ee983bb2643cf5b02cb36aaa194eb0acced143671ea16c30934e,train,clsdoa_source_split_v2_stratified,ACCEPT,EXACT,AUTO_FLAG,mostly_silence_or_low_activity,DATASET_LEVEL_VERIFIED,CC BY-NC 3.0; dataset-level license and attribution file,https://github.com/karolpiczak/ESC-50; meta/esc50.csv; src_file=99796 take=A,unknown,PRESENT,24000,1,float32,5.000000000,preserve_full_short_source,0.000000000,5.000000000,,active_rms_v1,-21.645789639,-23.999999102,0.393700570,0.300230980,-2.354210361,false,true
PSELD-selected FSD50K:113689,keyboard_typing,PSELD-selected FSD50K,Typing,113689,fsd50k:113689,PSELD-selected FSD50K:fsd50k:113689,/home/leiyuxin/soundspaces/source_assets/clsdoa_v1/raw/pseld_fsd50k/extracted_audio/FSD50K.dev_audio/113689.wav,/home/leiyuxin/soundspaces/source_assets/clsdoa_v1/prepared/source_pool_pilot_001/wav/keyboard_typing/fsd50k__113689.wav,wav/keyboard_typing/fsd50k__113689.wav,14bf86e342c0075ced233ad171d50cbd9a731e9ddba8d48009508d5c9d9fd42e,728d5425024bf5ab4da2e2d556139053df2bd95933500e120da8162285af2539,2eadd724a083f21b66d84c712a70f52ea43e71b7f09be8ae50f5d984599c0840,train,clsdoa_source_split_v2_stratified,ACCEPT,SEMANTIC_STRONG,AUTO_PASS,,DATASET_LEVEL_VERIFIED,http://creativecommons.org/licenses/sampling+/1.0/,PSELDNets 170-class crosswalk; SELD-Data-Generator _m_0316dw.tsv; FSD50K clip 113689,likely_yes,PRESENT,24000,1,float32,5.000000000,deterministic_center,5.507981859,10.507981859,,active_rms_v1,-33.350131175,-24.000000127,0.125481859,0.368203133,9.350131175,false,true
PSELD-selected FSD50K:119135,keyboard_typing,PSELD-selected FSD50K,Typing,119135,fsd50k:119135,PSELD-selected FSD50K:fsd50k:119135,/home/leiyuxin/soundspaces/source_assets/clsdoa_v1/raw/pseld_fsd50k/extracted_audio/FSD50K.dev_audio/119135.wav,/home/leiyuxin/soundspaces/source_assets/clsdoa_v1/prepared/source_pool_pilot_001/wav/keyboard_typing/fsd50k__119135.wav,wav/keyboard_typing/fsd50k__119135.wav,a35d4bf4d1f3e998a6dfd83ecb6d90f62b2a4e5f5cf7c01b1ceca8c2279cc8a0,a19ed190d104c1ea966e7936b26ad2e67493d5c740f00df91ef8515070641f66,01ebb57ac7e7c886d5319d6e0405e2f7117c17c2c6e330111ec04e2ec0ab7221,train,clsdoa_source_split_v2_stratified,ACCEPT,SEMANTIC_STRONG,AUTO_PASS,,DATASET_LEVEL_VERIFIED,http://creativecommons.org/publicdomain/zero/1.0/,PSELDNets 170-class crosswalk; SELD-Data-Generator _m_0316dw.tsv; FSD50K clip 119135,likely_yes,PRESENT,24000,1,float32,5.000000000,deterministic_center,1.111836735,6.111836735,,active_rms_v1,-17.286837690,-24.000000127,0.493865937,0.228008464,-6.713162310,false,true
ESC-50:107123,laughing,ESC-50,laughing,107123,esc50:107123,ESC-50:esc50:107123,/home/leiyuxin/soundspaces/source_assets/clsdoa_v1/raw/esc50/ESC-50-master/audio/3-107123-A-26.wav,/home/leiyuxin/soundspaces/source_assets/clsdoa_v1/prepared/source_pool_pilot_001/wav/laughing/esc50__107123.wav,wav/laughing/esc50__107123.wav,760db5cf4b5459efeacd4848288eb7d5347d202393095f36ff1779f89fc442c9,c007babf09d47e27640cb54589e83d9cb3207a2bc8342b862d160f5262b17399,9b6a405f45bad8af59b0c17aacbda14dc6162b434345353adaf28cd182334d0d,train,clsdoa_source_split_v2_stratified,ACCEPT,EXACT,AUTO_PASS,,DATASET_LEVEL_VERIFIED,CC BY-NC 3.0; dataset-level license and attribution file,https://github.com/karolpiczak/ESC-50; meta/esc50.csv; src_file=107123 take=A,unknown,PRESENT,24000,1,float32,5.000000000,preserve_full_short_source,0.000000000,5.000000000,,active_rms_v1,-15.993256436,-24.000000127,0.747980177,0.297545165,-8.006743564,false,true
ESC-50:109759,laughing,ESC-50,laughing,109759,esc50:109759,ESC-50:esc50:109759,/home/leiyuxin/soundspaces/source_assets/clsdoa_v1/raw/esc50/ESC-50-master/audio/2-109759-A-26.wav,/home/leiyuxin/soundspaces/source_assets/clsdoa_v1/prepared/source_pool_pilot_001/wav/laughing/esc50__109759.wav,wav/laughing/esc50__109759.wav,6b2a2eafeee3d4b9986d78b948c3e16f12b5b2863155f0e8317a78ce6865575c,00d055ac655a404412b65fa4d061d52d64eef8a276053d951fae3226949ca2a4,a254709bbf039a760772033127d7ddd1b1296827c1c4bf91397c4eed47630415,test,clsdoa_source_split_v2_stratified,ACCEPT,EXACT,AUTO_PASS,,DATASET_LEVEL_VERIFIED,CC BY-NC 3.0; dataset-level license and attribution file,https://github.com/karolpiczak/ESC-50; meta/esc50.csv; src_file=109759 take=A,unknown,PRESENT,24000,1,float32,5.000000000,preserve_full_short_source,0.000000000,5.000000000,,active_rms_v1,-9.486593893,-24.000000127,1.049937844,0.197466448,-14.513406107,false,true
ESC-50:110536,laughing,ESC-50,laughing,110536,esc50:110536,ESC-50:esc50:110536,/home/leiyuxin/soundspaces/source_assets/clsdoa_v1/raw/esc50/ESC-50-master/audio/3-110536-A-26.wav,/home/leiyuxin/soundspaces/source_assets/clsdoa_v1/prepared/source_pool_pilot_001/wav/laughing/esc50__110536.wav,wav/laughing/esc50__110536.wav,6b63df331bdbbec76c7e64e0f083d1b9939443d9aa19fdfc0bba4fa47a28c03e,e60aa3ada692094f61841b7e921b1e9ae2e99101f9d5318b834e06b9258e3bcb,b3e784756507d4b37c8bc019d0d951c1a3981728a9af466dc7574584423b352e,test,clsdoa_source_split_v2_stratified,ACCEPT,EXACT,AUTO_PASS,,DATASET_LEVEL_VERIFIED,CC BY-NC 3.0; dataset-level license and attribution file,https://github.com/karolpiczak/ESC-50; meta/esc50.csv; src_file=110536 take=A,unknown,PRESENT,24000,1,float32,5.000000000,preserve_full_short_source,0.000000000,5.000000000,,active_rms_v1,-19.261952672,-24.000000127,0.300515205,0.174166277,-4.738047328,false,true
ESC-50:118487,laughing,ESC-50,laughing,118487,esc50:118487,ESC-50:esc50:118487,/home/leiyuxin/soundspaces/source_assets/clsdoa_v1/raw/esc50/ESC-50-master/audio/3-118487-A-26.wav,/home/leiyuxin/soundspaces/source_assets/clsdoa_v1/prepared/source_pool_pilot_001/wav/laughing/esc50__118487.wav,wav/laughing/esc50__118487.wav,634b7cdc90bf55cf9cfe5ca560304607cf7276dc76f753f229bffc6cc431425a,1df768279127c002736ecdd5a89561d66d9e1bdc3941625b41587dc894bb1c40,252276ae67705b907d8346888c1d71ca4aa9cb20dde6a9b6ea15f4e2ff921f49,val,clsdoa_source_split_v2_stratified,ACCEPT,EXACT,AUTO_PASS,,DATASET_LEVEL_VERIFIED,CC BY-NC 3.0; dataset-level license and attribution file,https://github.com/karolpiczak/ESC-50; meta/esc50.csv; src_file=118487 take=A,unknown,PRESENT,24000,1,float32,5.000000000,preserve_full_short_source,0.000000000,5.000000000,,active_rms_v1,-8.587555973,-24.000000127,1.018168092,0.172662199,-15.412444027,false,true
ESC-50:119459,laughing,ESC-50,laughing,119459,esc50:119459,ESC-50:esc50:119459,/home/leiyuxin/soundspaces/source_assets/clsdoa_v1/raw/esc50/ESC-50-master/audio/3-119459-A-26.wav,/home/leiyuxin/soundspaces/source_assets/clsdoa_v1/prepared/source_pool_pilot_001/wav/laughing/esc50__119459.wav,wav/laughing/esc50__119459.wav,fc31be5b7cdc9360a8e462ff313ca0e52d243a8f032da86914f08bfda6daa1f9,b1553e4a0cfe8d40d5f4045938e6727580510fa6f830399d576a8a06743e4cd0,157dc3eb648f0422b60fdfd02960ce9b61948d76338addab30981bb0755ee016,train,clsdoa_source_split_v2_stratified,ACCEPT,EXACT,AUTO_PASS,,DATASET_LEVEL_VERIFIED,CC BY-NC 3.0; dataset-level license and attribution file,https://github.com/karolpiczak/ESC-50; meta/esc50.csv; src_file=119459 take=A,unknown,PRESENT,24000,1,float32,5.000000000,preserve_full_short_source,0.000000000,5.000000000,,active_rms_v1,-26.402363572,-23.999999102,0.100471005,0.132482633,2.402363572,false,true
ESC-50:132747,laughing,ESC-50,laughing,132747,esc50:132747,ESC-50:esc50:132747,/home/leiyuxin/soundspaces/source_assets/clsdoa_v1/raw/esc50/ESC-50-master/audio/3-132747-A-26.wav,/home/leiyuxin/soundspaces/source_assets/clsdoa_v1/prepared/source_pool_pilot_001/wav/laughing/esc50__132747.wav,wav/laughing/esc50__132747.wav,cb1a948de70e163b569b0e7fa4ce76bd04bef5c611e68f6f3a0b8b19aa5a726c,d0e7c8ab96abd445de3ba282f95f5c932701044a648f3013b0ae41bb42bf8f75,ac22151d27e63ba67a9108638c824a43c17a3bafd4549063bb765a1653707968,train,clsdoa_source_split_v2_stratified,ACCEPT,EXACT,AUTO_PASS,,DATASET_LEVEL_VERIFIED,CC BY-NC 3.0; dataset-level license and attribution file,https://github.com/karolpiczak/ESC-50; meta/esc50.csv; src_file=132747 take=A,unknown,PRESENT,24000,1,float32,5.000000000,preserve_full_short_source,0.000000000,5.000000000,,active_rms_v1,-7.217936884,-24.000001153,1.067243934,0.154582575,-16.782063116,false,true
ESC-50:132803,laughing,ESC-50,laughing,132803,esc50:132803,ESC-50:esc50:132803,/home/leiyuxin/soundspaces/source_assets/clsdoa_v1/raw/esc50/ESC-50-master/audio/4-132803-A-26.wav,/home/leiyuxin/soundspaces/source_assets/clsdoa_v1/prepared/source_pool_pilot_001/wav/laughing/esc50__132803.wav,wav/laughing/esc50__132803.wav,47788a3d04c3eaf9b309e3cc53aab90b6706ef06c2dc1b21d74eb19f299f804b,c5ccc72c64d10204e728e58dda1e17cfda687d94752debbc657e8600ac3c9dfa,de5e596027c88e0e27334e4dfeb024238bc0b6028dba0f96c764017e534e8233,train,clsdoa_source_split_v2_stratified,ACCEPT,EXACT,AUTO_PASS,,DATASET_LEVEL_VERIFIED,CC BY-NC 3.0; dataset-level license and attribution file,https://github.com/karolpiczak/ESC-50; meta/esc50.csv; src_file=132803 take=A,unknown,PRESENT,24000,1,float32,5.000000000,preserve_full_short_source,0.000000000,5.000000000,,active_rms_v1,-9.076729822,-24.000000127,1.060888410,0.190329537,-14.923270178,false,true
ESC-50:132810,laughing,ESC-50,laughing,132810,esc50:132810,ESC-50:esc50:132810,/home/leiyuxin/soundspaces/source_assets/clsdoa_v1/raw/esc50/ESC-50-master/audio/4-132810-A-26.wav,/home/leiyuxin/soundspaces/source_assets/clsdoa_v1/prepared/source_pool_pilot_001/wav/laughing/esc50__132810.wav,wav/laughing/esc50__132810.wav,9dd8c235aa5a5e443dc5e188d6faf685206c3a088a5690fd434843f83a2bfb01,08cccdc5b4a901dc092d56838ab866864dd1375c668c9141a42af5d2bdb587ef,c7f7466fe1fa3d585fbf7a1fe9692e1890f0b05d6910b81504e808b4fb885bb8,train,clsdoa_source_split_v2_stratified,ACCEPT,EXACT,AUTO_PASS,,DATASET_LEVEL_VERIFIED,CC BY-NC 3.0; dataset-level license and attribution file,https://github.com/karolpiczak/ESC-50; meta/esc50.csv; src_file=132810 take=A,unknown,PRESENT,24000,1,float32,5.000000000,preserve_full_short_source,0.000000000,5.000000000,,active_rms_v1,-11.662766316,-24.000001153,1.015383601,0.245340064,-12.337233684,false,true
ESC-50:132816,laughing,ESC-50,laughing,132816,esc50:132816,ESC-50:esc50:132816,/home/leiyuxin/soundspaces/source_assets/clsdoa_v1/raw/esc50/ESC-50-master/audio/4-132816-A-26.wav,/home/leiyuxin/soundspaces/source_assets/clsdoa_v1/prepared/source_pool_pilot_001/wav/laughing/esc50__132816.wav,wav/laughing/esc50__132816.wav,d078b681d6cfec06a0fa8258e485e41e0533952082586e22f238473c9fcd1582,aba29416ee452187ce987eb4f920214be6ebdbdbf0f123a15f5f8b573fb15933,b2d5c158cb461eae5001862bfdbbdbfb1367d6e80e3e187dc52ebbba869a8b85,val,clsdoa_source_split_v2_stratified,ACCEPT,EXACT,AUTO_PASS,,DATASET_LEVEL_VERIFIED,CC BY-NC 3.0; dataset-level license and attribution file,https://github.com/karolpiczak/ESC-50; meta/esc50.csv; src_file=132816 take=A,unknown,PRESENT,24000,1,float32,5.000000000,preserve_full_short_source,0.000000000,5.000000000,,active_rms_v1,-9.380507722,-24.000000127,1.037241220,0.192710400,-14.619492278,false,true
ESC-50:152912,laughing,ESC-50,laughing,152912,esc50:152912,ESC-50:esc50:152912,/home/leiyuxin/soundspaces/source_assets/clsdoa_v1/raw/esc50/ESC-50-master/audio/3-152912-A-26.wav,/home/leiyuxin/soundspaces/source_assets/clsdoa_v1/prepared/source_pool_pilot_001/wav/laughing/esc50__152912.wav,wav/laughing/esc50__152912.wav,1f1eb4e0890c1d9ce73b57232461ac57d129d5f1f6ba07e2940d3167a4a1c855,be09905a5d876f2434b516d4de3b8c8ed52dd4a851cd9bfb5693bede3ec9a5cc,64e6f858d87c27697ec95eb37e3137a71ad8b4ab4402ee98a33095a42003e1d0,val,clsdoa_source_split_v2_stratified,ACCEPT,EXACT,AUTO_PASS,,DATASET_LEVEL_VERIFIED,CC BY-NC 3.0; dataset-level license and attribution file,https://github.com/karolpiczak/ESC-50; meta/esc50.csv; src_file=152912 take=A,unknown,PRESENT,24000,1,float32,5.000000000,preserve_full_short_source,0.000000000,5.000000000,,active_rms_v1,-7.971602968,-24.000000127,1.038080454,0.163987651,-16.028397032,false,true
ESC-50:155670,laughing,ESC-50,laughing,155670,esc50:155670,ESC-50:esc50:155670,/home/leiyuxin/soundspaces/source_assets/clsdoa_v1/raw/esc50/ESC-50-master/audio/4-155670-A-26.wav,/home/leiyuxin/soundspaces/source_assets/clsdoa_v1/prepared/source_pool_pilot_001/wav/laughing/esc50__155670.wav,wav/laughing/esc50__155670.wav,fb09f6460477c8a0b8a45c6ab6cf00333ec3756e39cc4151634af88a1d78bd97,4d4e7983b88f4cebcfd19daf26ca47c48fd0ed48a2cb8d5519747d117e065fef,9368b7604caf4337cb81e95bb2461fa80a90011c94fdfffef10e0ab819d9842e,val,clsdoa_source_split_v2_stratified,ACCEPT,EXACT,AUTO_PASS,,DATASET_LEVEL_VERIFIED,CC BY-NC 3.0; dataset-level license and attribution file,https://github.com/karolpiczak/ESC-50; meta/esc50.csv; src_file=155670 take=A,unknown,PRESENT,24000,1,float32,5.000000000,preserve_full_short_source,0.000000000,5.000000000,,active_rms_v1,-26.063520398,-24.000000127,0.213805437,0.271140724,2.063520398,false,true
ESC-50:164243,laughing,ESC-50,laughing,164243,esc50:164243,ESC-50:esc50:164243,/home/leiyuxin/soundspaces/source_assets/clsdoa_v1/raw/esc50/ESC-50-master/audio/4-164243-A-26.wav,/home/leiyuxin/soundspaces/source_assets/clsdoa_v1/prepared/source_pool_pilot_001/wav/laughing/esc50__164243.wav,wav/laughing/esc50__164243.wav,5aa692c3152f661656fa023109f31a49952cf04b6272a5c605a75872608b0c31,4c74691a4521a8e5447bca84efcc8a5d69f0e3bbf56b2693f73e21b10d61777e,558345f57ac5e2ec558fcf6011bdd1381df3eab7b6315463908856fa4b7a9db2,train,clsdoa_source_split_v2_stratified,ACCEPT,EXACT,AUTO_PASS,,DATASET_LEVEL_VERIFIED,CC BY-NC 3.0; dataset-level license and attribution file,https://github.com/karolpiczak/ESC-50; meta/esc50.csv; src_file=164243 take=A,unknown,PRESENT,24000,1,float32,5.000000000,preserve_full_short_source,0.000000000,5.000000000,,active_rms_v1,-11.144538488,-24.000000127,1.013754368,0.230759531,-12.855461512,false,true
ESC-50:167571,laughing,ESC-50,laughing,167571,esc50:167571,ESC-50:esc50:167571,/home/leiyuxin/soundspaces/source_assets/clsdoa_v1/raw/esc50/ESC-50-master/audio/4-167571-A-26.wav,/home/leiyuxin/soundspaces/source_assets/clsdoa_v1/prepared/source_pool_pilot_001/wav/laughing/esc50__167571.wav,wav/laughing/esc50__167571.wav,fc8bf13250846601bfbf027d89193cfc9b28c5e38d56710695b7e08f80585dbe,fd5fabd2459d9467f567ee43d28764d9a7ee4b96d4daad6b153ff6204f7e1424,0384583066e8dd028d98ca571e55a99ef2a3ee158be227e241e167b577bb2955,train,clsdoa_source_split_v2_stratified,ACCEPT,EXACT,AUTO_PASS,,DATASET_LEVEL_VERIFIED,CC BY-NC 3.0; dataset-level license and attribution file,https://github.com/karolpiczak/ESC-50; meta/esc50.csv; src_file=167571 take=A,unknown,PRESENT,24000,1,float32,5.000000000,preserve_full_short_source,0.000000000,5.000000000,,active_rms_v1,-14.567741731,-24.000000127,0.734550536,0.247975498,-9.432258269,false,true
ESC-50:1791,laughing,ESC-50,laughing,1791,esc50:1791,ESC-50:esc50:1791,/home/leiyuxin/soundspaces/source_assets/clsdoa_v1/raw/esc50/ESC-50-master/audio/1-1791-A-26.wav,/home/leiyuxin/soundspaces/source_assets/clsdoa_v1/prepared/source_pool_pilot_001/wav/laughing/esc50__1791.wav,wav/laughing/esc50__1791.wav,c34f39e46507ae7758743a3fc07dbc7aed22862df2efcbbb83ebb89239ee9356,c1afd4aa9d6afdc2584948b0e5223cbadd79ffcf2b07bc0a142804b1e82fbc6a,dc6cd665f3d20eed6089d9593a2b776104d8671c57ce6c48e6be030c75a53643,train,clsdoa_source_split_v2_stratified,ACCEPT,EXACT,AUTO_PASS,,DATASET_LEVEL_VERIFIED,CC BY-NC 3.0; dataset-level license and attribution file,https://github.com/karolpiczak/ESC-50; meta/esc50.csv; src_file=1791 take=A,unknown,PRESENT,24000,1,float32,5.000000000,preserve_full_short_source,0.000000000,5.000000000,,active_rms_v1,-17.567366796,-24.000001153,0.535571158,0.255379200,-6.432633204,false,true
ESC-50:181599,laughing,ESC-50,laughing,181599,esc50:181599,ESC-50:esc50:181599,/home/leiyuxin/soundspaces/source_assets/clsdoa_v1/raw/esc50/ESC-50-master/audio/4-181599-A-26.wav,/home/leiyuxin/soundspaces/source_assets/clsdoa_v1/prepared/source_pool_pilot_001/wav/laughing/esc50__181599.wav,wav/laughing/esc50__181599.wav,d15ad34f8b792d442ae5edf647201a6bfefb9e712526646df042e6024088aff1,5593568e991c8ae52ff525d8cb680426fabf0689dbf0d0699f4f6e56c9bb91eb,e414fc3ba7dea88437d0be3c0dd1101177cfcc0052e2a2b2cb8973cad984e178,train,clsdoa_source_split_v2_stratified,ACCEPT,EXACT,AUTO_PASS,,DATASET_LEVEL_VERIFIED,CC BY-NC 3.0; dataset-level license and attribution file,https://github.com/karolpiczak/ESC-50; meta/esc50.csv; src_file=181599 take=A,unknown,PRESENT,24000,1,float32,5.000000000,preserve_full_short_source,0.000000000,5.000000000,,active_rms_v1,-15.294540986,-24.000001153,1.026875734,0.376916319,-8.705459014,false,true
ESC-50:242932,laughing,ESC-50,laughing,242932,esc50:242932,ESC-50:esc50:242932,/home/leiyuxin/soundspaces/source_assets/clsdoa_v1/raw/esc50/ESC-50-master/audio/5-242932-A-26.wav,/home/leiyuxin/soundspaces/source_assets/clsdoa_v1/prepared/source_pool_pilot_001/wav/laughing/esc50__242932.wav,wav/laughing/esc50__242932.wav,c8ba976be410e9bc4c6e458283db24dd45d309c92d07500510f067af0e8ab18c,65a20d0ce2862e4b34d1ac479935ea399a77f729342186d348f20a3c00403273,9c2021684ccd03cbb5606565178197bc1251de351c65e2e10c068e0da0499a87,train,clsdoa_source_split_v2_stratified,ACCEPT,EXACT,AUTO_PASS,,DATASET_LEVEL_VERIFIED,CC BY-NC 3.0; dataset-level license and attribution file,https://github.com/karolpiczak/ESC-50; meta/esc50.csv; src_file=242932 take=A,unknown,PRESENT,24000,1,float32,5.000000000,preserve_full_short_source,0.000000000,5.000000000,,active_rms_v1,-10.723175465,-24.000001153,0.974568665,0.211334899,-13.276824535,false,true
ESC-50:244526,laughing,ESC-50,laughing,244526,esc50:244526,ESC-50:esc50:244526,/home/leiyuxin/soundspaces/source_assets/clsdoa_v1/raw/esc50/ESC-50-master/audio/5-244526-A-26.wav,/home/leiyuxin/soundspaces/source_assets/clsdoa_v1/prepared/source_pool_pilot_001/wav/laughing/esc50__244526.wav,wav/laughing/esc50__244526.wav,07f7f5f857edc8a4130529fe1846897a51a8d04c178b3a62b249a5b61b9e5d39,6f03ea76071c9792254adbdb318c2f86615b6a064aa0f0e7837a22f925372bce,d3165c0292b08ca116b10f3fcfe24978eefef40dcacb751723c13cf8816ffbd0,train,clsdoa_source_split_v2_stratified,ACCEPT,EXACT,AUTO_PASS,,DATASET_LEVEL_VERIFIED,CC BY-NC 3.0; dataset-level license and attribution file,https://github.com/karolpiczak/ESC-50; meta/esc50.csv; src_file=244526 take=A,unknown,PRESENT,24000,1,float32,5.000000000,preserve_full_short_source,0.000000000,5.000000000,,active_rms_v1,-7.200557338,-23.999999102,1.150031924,0.166240856,-16.799442662,false,true
ESC-50:253534,laughing,ESC-50,laughing,253534,esc50:253534,ESC-50:esc50:253534,/home/leiyuxin/soundspaces/source_assets/clsdoa_v1/raw/esc50/ESC-50-master/audio/5-253534-A-26.wav,/home/leiyuxin/soundspaces/source_assets/clsdoa_v1/prepared/source_pool_pilot_001/wav/laughing/esc50__253534.wav,wav/laughing/esc50__253534.wav,d05eba149c3dee715c4bf97b33c69f79dda16f563fc83bb1a95f9767a1abb4ee,fb9ab034964bda908aaff2a48e5b8a3b2f228ac5f3223c162781af508bced8ba,251c084088b365d60f5509569e97cbf6d10259926470a53f004c4adec97fcfba,train,clsdoa_source_split_v2_stratified,ACCEPT,EXACT,AUTO_PASS,,DATASET_LEVEL_VERIFIED,CC BY-NC 3.0; dataset-level license and attribution file,https://github.com/karolpiczak/ESC-50; meta/esc50.csv; src_file=253534 take=A,unknown,PRESENT,24000,1,float32,5.000000000,preserve_full_short_source,0.000000000,5.000000000,,active_rms_v1,-11.919099571,-24.000000127,0.979164004,0.243674681,-12.080900429,false,true
ESC-50:259514,laughing,ESC-50,laughing,259514,esc50:259514,ESC-50:esc50:259514,/home/leiyuxin/soundspaces/source_assets/clsdoa_v1/raw/esc50/ESC-50-master/audio/5-259514-A-26.wav,/home/leiyuxin/soundspaces/source_assets/clsdoa_v1/prepared/source_pool_pilot_001/wav/laughing/esc50__259514.wav,wav/laughing/esc50__259514.wav,d857324c240c5d4d8803f09301cdd31bd438d7fc985c96f5102beacb36e55f4b,560a0a69ecfecc61559bc0d3353d7e483358d1b5af34d16a5c7a0ff64298ebed,bff4fba03e6137cd08b1f0eeb5512e238a047fbcd49d7de923d6d9262ad25296,val,clsdoa_source_split_v2_stratified,ACCEPT,EXACT,AUTO_PASS,,DATASET_LEVEL_VERIFIED,CC BY-NC 3.0; dataset-level license and attribution file,https://github.com/karolpiczak/ESC-50; meta/esc50.csv; src_file=259514 take=A,unknown,PRESENT,24000,1,float32,5.000000000,preserve_full_short_source,0.000000000,5.000000000,,active_rms_v1,-14.077414152,-24.000000127,1.041222692,0.332211226,-9.922585848,false,true
ESC-50:263775,laughing,ESC-50,laughing,263775,esc50:263775,ESC-50:esc50:263775,/home/leiyuxin/soundspaces/source_assets/clsdoa_v1/raw/esc50/ESC-50-master/audio/5-263775-A-26.wav,/home/leiyuxin/soundspaces/source_assets/clsdoa_v1/prepared/source_pool_pilot_001/wav/laughing/esc50__263775.wav,wav/laughing/esc50__263775.wav,90bd9fc8a28a106a1c6c42c0f46cbe268380bedc5ccd05b2405145c7b2f26e5b,ce91e1e361732d219ce317c870ca7bab8bcd43834fc836f2dbad345474cd70ae,3da4f9803fcd4044d76160ac5a4bcdbfc167f8422c6ca089e957be938d8b1dfe,train,clsdoa_source_split_v2_stratified,ACCEPT,EXACT,AUTO_PASS,,DATASET_LEVEL_VERIFIED,CC BY-NC 3.0; dataset-level license and attribution file,https://github.com/karolpiczak/ESC-50; meta/esc50.csv; src_file=263775 take=A,unknown,PRESENT,24000,1,float32,5.000000000,preserve_full_short_source,0.000000000,5.000000000,,active_rms_v1,-15.329622783,-24.000000127,0.599913895,0.221090496,-8.670377217,false,true
ESC-50:33658,laughing,ESC-50,laughing,33658,esc50:33658,ESC-50:esc50:33658,/home/leiyuxin/soundspaces/source_assets/clsdoa_v1/raw/esc50/ESC-50-master/audio/1-33658-A-26.wav,/home/leiyuxin/soundspaces/source_assets/clsdoa_v1/prepared/source_pool_pilot_001/wav/laughing/esc50__33658.wav,wav/laughing/esc50__33658.wav,08d0b59ffca805ca77921eb7f59de70d1c7031ff56d25fe84306570dcfa6fa2b,9b181bfe8e97e3e56a357dc9dd1332d5c5c83bd27be19865a6b73257005673ef,372c161a4c9720a4ff4f14499dcfe763de12b6ab428c430dbed22bb46d1e1528,train,clsdoa_source_split_v2_stratified,ACCEPT,EXACT,AUTO_PASS,,DATASET_LEVEL_VERIFIED,CC BY-NC 3.0; dataset-level license and attribution file,https://github.com/karolpiczak/ESC-50; meta/esc50.csv; src_file=33658 take=A,unknown,PRESENT,24000,1,float32,5.000000000,preserve_full_short_source,0.000000000,5.000000000,,active_rms_v1,-13.332494990,-24.000000127,0.939500093,0.275119632,-10.667505010,false,true
ESC-50:36164,laughing,ESC-50,laughing,36164,esc50:36164,ESC-50:esc50:36164,/home/leiyuxin/soundspaces/source_assets/clsdoa_v1/raw/esc50/ESC-50-master/audio/1-36164-A-26.wav,/home/leiyuxin/soundspaces/source_assets/clsdoa_v1/prepared/source_pool_pilot_001/wav/laughing/esc50__36164.wav,wav/laughing/esc50__36164.wav,5442943962c62da42ef9db259c08026cdd99d717a6adf24b9e81ec2fe967e203,b8b414661ccfd6329673021cb078fe3f7f32c4346a604e680db88ba6a766f70c,1e458a12c75bae2b27e719449f4a8036e315da58c4c1871318f39170039bc193,train,clsdoa_source_split_v2_stratified,ACCEPT,EXACT,AUTO_PASS,,DATASET_LEVEL_VERIFIED,CC BY-NC 3.0; dataset-level license and attribution file,https://github.com/karolpiczak/ESC-50; meta/esc50.csv; src_file=36164 take=A,unknown,PRESENT,24000,1,float32,5.000000000,preserve_full_short_source,0.000000000,5.000000000,,active_rms_v1,-29.541499591,-23.999999102,0.119019911,0.225265458,5.541499591,false,true
ESC-50:60794,laughing,ESC-50,laughing,60794,esc50:60794,ESC-50:esc50:60794,/home/leiyuxin/soundspaces/source_assets/clsdoa_v1/raw/esc50/ESC-50-master/audio/2-60794-A-26.wav,/home/leiyuxin/soundspaces/source_assets/clsdoa_v1/prepared/source_pool_pilot_001/wav/laughing/esc50__60794.wav,wav/laughing/esc50__60794.wav,251f4a7b42d72db622baa5bcf7cccab8d4153cd2c869c51384130410e9b33bc7,95d8ff89c60f2586fea941193ad7eddf639d5bf6a393e9e56ffb4ce1dcd6b582,4e108347a69a7e5079b18a08626bbc7e5cd7f26896535e62f3c883b131b24d09,train,clsdoa_source_split_v2_stratified,ACCEPT,EXACT,AUTO_PASS,,DATASET_LEVEL_VERIFIED,CC BY-NC 3.0; dataset-level license and attribution file,https://github.com/karolpiczak/ESC-50; meta/esc50.csv; src_file=60794 take=A,unknown,PRESENT,24000,1,float32,5.000000000,preserve_full_short_source,0.000000000,5.000000000,,active_rms_v1,-9.089443894,-24.000000127,1.021696687,0.183566824,-14.910556106,false,true
ESC-50:60795,laughing,ESC-50,laughing,60795,esc50:60795,ESC-50:esc50:60795,/home/leiyuxin/soundspaces/source_assets/clsdoa_v1/raw/esc50/ESC-50-master/audio/2-60795-A-26.wav,/home/leiyuxin/soundspaces/source_assets/clsdoa_v1/prepared/source_pool_pilot_001/wav/laughing/esc50__60795.wav,wav/laughing/esc50__60795.wav,6da0cb45d9b986240308c93926cc91dfa6eb60b0bdabaeb6585f3df49c222fc4,0bfa62d409547b77f94127ebb3b80fb29d03f62f32f884183a0d48fb7c2ae535,160104c769dc88fa6958c3e6207cd646bb5d77950f9ba7ed23dd3ef0a2e8c3f7,train,clsdoa_source_split_v2_stratified,ACCEPT,EXACT,AUTO_PASS,,DATASET_LEVEL_VERIFIED,CC BY-NC 3.0; dataset-level license and attribution file,https://github.com/karolpiczak/ESC-50; meta/esc50.csv; src_file=60795 take=A,unknown,PRESENT,24000,1,float32,5.000000000,preserve_full_short_source,0.000000000,5.000000000,,active_rms_v1,-13.153688170,-24.000000127,0.929612041,0.266677380,-10.846311830,false,true
ESC-50:62226,laughing,ESC-50,laughing,62226,esc50:62226,ESC-50:esc50:62226,/home/leiyuxin/soundspaces/source_assets/clsdoa_v1/raw/esc50/ESC-50-master/audio/2-62226-A-26.wav,/home/leiyuxin/soundspaces/source_assets/clsdoa_v1/prepared/source_pool_pilot_001/wav/laughing/esc50__62226.wav,wav/laughing/esc50__62226.wav,d7d0358f2969779e84268c204460cc95b35bc0a532e6a1559bb6a744b51e5545,0c0376ca0a3f6c02410be8baa2ef35a16559c128f297778d2eba34b885e752ab,c24516dab6222edf2357eab0339ab50f51d255b33ac447178d05c9f651ea8742,train,clsdoa_source_split_v2_stratified,ACCEPT,EXACT,AUTO_PASS,,DATASET_LEVEL_VERIFIED,CC BY-NC 3.0; dataset-level license and attribution file,https://github.com/karolpiczak/ESC-50; meta/esc50.csv; src_file=62226 take=A,unknown,PRESENT,24000,1,float32,5.000000000,preserve_full_short_source,0.000000000,5.000000000,,active_rms_v1,-14.994358260,-24.000000127,0.794348776,0.281662554,-9.005641740,false,true
ESC-50:72695,laughing,ESC-50,laughing,72695,esc50:72695,ESC-50:esc50:72695,/home/leiyuxin/soundspaces/source_assets/clsdoa_v1/raw/esc50/ESC-50-master/audio/1-72695-A-26.wav,/home/leiyuxin/soundspaces/source_assets/clsdoa_v1/prepared/source_pool_pilot_001/wav/laughing/esc50__72695.wav,wav/laughing/esc50__72695.wav,62911f3934e7f7c09dfe760e563b4f6a17875a1342eda9f1b3a4426c941ff84f,49bdfffdc0010280e5642622bba3a7c93604d6daa18f7364da77cb3d211252ce,00e40dabc61f55f7b41edb89a6690f1dc12c69321eb14c7272fb57d286f97e9a,train,clsdoa_source_split_v2_stratified,ACCEPT,EXACT,AUTO_PASS,,DATASET_LEVEL_VERIFIED,CC BY-NC 3.0; dataset-level license and attribution file,https://github.com/karolpiczak/ESC-50; meta/esc50.csv; src_file=72695 take=A,unknown,PRESENT,24000,1,float32,5.000000000,preserve_full_short_source,0.000000000,5.000000000,,active_rms_v1,-14.383379143,-24.000000127,0.949391901,0.313772231,-9.616620857,false,true
ESC-50:73123,laughing,ESC-50,laughing,73123,esc50:73123,ESC-50:esc50:73123,/home/leiyuxin/soundspaces/source_assets/clsdoa_v1/raw/esc50/ESC-50-master/audio/1-73123-A-26.wav,/home/leiyuxin/soundspaces/source_assets/clsdoa_v1/prepared/source_pool_pilot_001/wav/laughing/esc50__73123.wav,wav/laughing/esc50__73123.wav,96eeb1f0dbdb7bacf7b343980ad702d5c39364eed3f4d139bd3e14bb9a7e643e,dbfd9a9b8e7677fc3ae209cf3b9757985111c84d9b598a73d5e57de26131d70e,8057fd399edeefc25205d97ef8577693154507e9be4fcd7c4663eb14a6ee59f7,test,clsdoa_source_split_v2_stratified,ACCEPT,EXACT,AUTO_PASS,,DATASET_LEVEL_VERIFIED,CC BY-NC 3.0; dataset-level license and attribution file,https://github.com/karolpiczak/ESC-50; meta/esc50.csv; src_file=73123 take=A,unknown,PRESENT,24000,1,float32,5.000000000,preserve_full_short_source,0.000000000,5.000000000,,active_rms_v1,-10.694759163,-23.999999102,1.030194521,0.222667694,-13.305240837,false,true
ESC-50:79769,laughing,ESC-50,laughing,79769,esc50:79769,ESC-50:esc50:79769,/home/leiyuxin/soundspaces/source_assets/clsdoa_v1/raw/esc50/ESC-50-master/audio/2-79769-A-26.wav,/home/leiyuxin/soundspaces/source_assets/clsdoa_v1/prepared/source_pool_pilot_001/wav/laughing/esc50__79769.wav,wav/laughing/esc50__79769.wav,b987bbfa82c31a1f4d3f0334e18a46adfc83cdc4d3bdf5da43fc2f12edd4e3f2,c880f6f3b91666ee35931a069c9ab713fca335035d3472689fb05c3043c7114c,ad612364637a6a7f546b1e4c0fb3eaaa516bead72ebc60ada09081017770abf1,train,clsdoa_source_split_v2_stratified,ACCEPT,EXACT,AUTO_PASS,,DATASET_LEVEL_VERIFIED,CC BY-NC 3.0; dataset-level license and attribution file,https://github.com/karolpiczak/ESC-50; meta/esc50.csv; src_file=79769 take=A,unknown,PRESENT,24000,1,float32,5.000000000,preserve_full_short_source,0.000000000,5.000000000,,active_rms_v1,-10.315031719,-24.000000127,1.025537610,0.212179378,-13.684968281,false,true
ESC-50:79775,laughing,ESC-50,laughing,79775,esc50:79775,ESC-50:esc50:79775,/home/leiyuxin/soundspaces/source_assets/clsdoa_v1/raw/esc50/ESC-50-master/audio/2-79775-A-26.wav,/home/leiyuxin/soundspaces/source_assets/clsdoa_v1/prepared/source_pool_pilot_001/wav/laughing/esc50__79775.wav,wav/laughing/esc50__79775.wav,344ae7aa173c99b02d7794804503f14525d42cb75a6f2d57190fe990d6b0dd70,8497c50e99f4ccd6c9a9bd38b0d5424c24790ca2863447e0bb9023bc32ace314,8ed1db1744128556b36925ec2e5fa2b85284304db5b7b015d72f6e94b1f9fc9b,test,clsdoa_source_split_v2_stratified,ACCEPT,EXACT,AUTO_PASS,,DATASET_LEVEL_VERIFIED,CC BY-NC 3.0; dataset-level license and attribution file,https://github.com/karolpiczak/ESC-50; meta/esc50.csv; src_file=79775 take=A,unknown,PRESENT,24000,1,float32,5.000000000,preserve_full_short_source,0.000000000,5.000000000,,active_rms_v1,-8.984522012,-24.000001153,0.972620785,0.172651216,-15.015477988,false,true
PSELD-selected FSD50K:101673,laughing,PSELD-selected FSD50K,Laughter,101673,fsd50k:101673,PSELD-selected FSD50K:fsd50k:101673,/home/leiyuxin/soundspaces/source_assets/clsdoa_v1/raw/pseld_fsd50k/extracted_audio/FSD50K.dev_audio/101673.wav,/home/leiyuxin/soundspaces/source_assets/clsdoa_v1/prepared/source_pool_pilot_001/wav/laughing/fsd50k__101673.wav,wav/laughing/fsd50k__101673.wav,ff658cc3dbda53a67fb6e2904da4bd6be7ad3a31e512b20dc741b510815dd08a,a656d608c1377070006f5602cc3400d8a8333579015a5817ea203a95b44d58c6,2696ed13053ae883b15cd80513660e4e9913462fe96dc3a60b18304b50b668d8,train,clsdoa_source_split_v2_stratified,ACCEPT,SEMANTIC_STRONG,AUTO_PASS,,DATASET_LEVEL_VERIFIED,http://creativecommons.org/licenses/sampling+/1.0/,PSELDNets 170-class crosswalk; SELD-Data-Generator _m_01j3sz.tsv; FSD50K clip 101673,likely_yes,PRESENT,24000,1,float32,1.436750000,preserve_full_short_source,0.000000000,1.436734694,,active_rms_v1,-9.377494361,-24.000000127,1.004511833,0.186564833,-14.622505639,false,true
PSELD-selected FSD50K:102839,laughing,PSELD-selected FSD50K,Laughter,102839,fsd50k:102839,PSELD-selected FSD50K:fsd50k:102839,/home/leiyuxin/soundspaces/source_assets/clsdoa_v1/raw/pseld_fsd50k/extracted_audio/FSD50K.dev_audio/102839.wav,/home/leiyuxin/soundspaces/source_assets/clsdoa_v1/prepared/source_pool_pilot_001/wav/laughing/fsd50k__102839.wav,wav/laughing/fsd50k__102839.wav,47cef4cfbaab39ac0ead3dd1126922dde7f7a9dd592d067f6b7c5f8695e97767,7f1627202a9015b88d8fc5287536b40f59b5dfc2123254d35380450eba871505,c98f4a6e16362fe6df85757f24f1f5ad9a0808d124136ce1fc3ef58683816965,train,clsdoa_source_split_v2_stratified,ACCEPT,SEMANTIC_STRONG,AUTO_PASS,,DATASET_LEVEL_VERIFIED,http://creativecommons.org/licenses/by/3.0/,PSELDNets 170-class crosswalk; SELD-Data-Generator _m_01j3sz.tsv; FSD50K clip 102839,likely_yes,PRESENT,24000,1,float32,5.000000000,deterministic_center,2.698866213,7.698866213,,active_rms_v1,-13.999146199,-24.000000127,0.792473614,0.250577539,-10.000853801,false,true
PSELD-selected FSD50K:103028,laughing,PSELD-selected FSD50K,Laughter,103028,fsd50k:103028,PSELD-selected FSD50K:fsd50k:103028,/home/leiyuxin/soundspaces/source_assets/clsdoa_v1/raw/pseld_fsd50k/extracted_audio/FSD50K.eval_audio/103028.wav,/home/leiyuxin/soundspaces/source_assets/clsdoa_v1/prepared/source_pool_pilot_001/wav/laughing/fsd50k__103028.wav,wav/laughing/fsd50k__103028.wav,6ca357b18287dd920638f15b3a3c9de395328826d629418ef3cf9fb36727d61e,20c7a667b9d5d983a8dee549af2f16844fd79a58fcd201675ac484b4cc431b86,6df58058b5cfafa0b9c86823be0e99a9df5044b165d4b56a6c34c7122ade92f9,test,clsdoa_source_split_v2_stratified,ACCEPT,SEMANTIC_STRONG,AUTO_PASS,,DATASET_LEVEL_VERIFIED,http://creativecommons.org/licenses/by-nc/3.0/,PSELDNets 170-class crosswalk; SELD-Data-Generator _m_01j3sz.tsv; FSD50K clip 103028,likely_yes,PRESENT,24000,1,float32,3.160833333,preserve_full_short_source,0.000000000,3.160816327,,active_rms_v1,-19.563183088,-24.000000127,0.425487459,0.255297124,-4.436816912,false,true
PSELD-selected FSD50K:103592,laughing,PSELD-selected FSD50K,Laughter,103592,fsd50k:103592,PSELD-selected FSD50K:fsd50k:103592,/home/leiyuxin/soundspaces/source_assets/clsdoa_v1/raw/pseld_fsd50k/extracted_audio/FSD50K.dev_audio/103592.wav,/home/leiyuxin/soundspaces/source_assets/clsdoa_v1/prepared/source_pool_pilot_001/wav/laughing/fsd50k__103592.wav,wav/laughing/fsd50k__103592.wav,b4fab193e53a9b190376aff1769019b0d193041daa31cf30465ba0e1feee917e,73e2a45b2bb64efe75571970e092f1a9e2d5dc41ffebe7fef3c293c638d8d9f0,721e8651951de72e7257a93078f4bea3cefa38bb8901e32d298bf9f25199d94f,train,clsdoa_source_split_v2_stratified,ACCEPT,SEMANTIC_STRONG,AUTO_PASS,,DATASET_LEVEL_VERIFIED,http://creativecommons.org/licenses/by-nc/3.0/,PSELDNets 170-class crosswalk; SELD-Data-Generator _m_01j3sz.tsv; FSD50K clip 103592,likely_yes,PRESENT,24000,1,float32,4.487541667,preserve_full_short_source,0.000000000,4.487505669,,active_rms_v1,-15.557017658,-24.000000127,0.818639696,0.309701771,-8.442982342,false,true
PSELD-selected FSD50K:384022,mechanical_fan,PSELD-selected FSD50K,Mechanical fan,384022,fsd50k:384022,PSELD-selected FSD50K:fsd50k:384022,/home/leiyuxin/soundspaces/source_assets/clsdoa_v1/raw/pseld_fsd50k/extracted_audio/FSD50K.dev_audio/384022.wav,/home/leiyuxin/soundspaces/source_assets/clsdoa_v1/prepared/source_pool_pilot_001/wav/mechanical_fan/fsd50k__384022.wav,wav/mechanical_fan/fsd50k__384022.wav,671f46178ccab84d41f0e43f925455c6b9c61fd2b9a3de5abe2fd9d344b4c6eb,568c3876946bb0c1e01aca056b89a3982ad1a91b3b44d37ae939d5953c948a44,0b6ff13126f90fd11bee91122a6f5d78139f1749f63ea30b85475dc245f6ea56,train,clsdoa_source_split_v2_stratified,ACCEPT,EXACT,AUTO_PASS,,DATASET_LEVEL_VERIFIED,http://creativecommons.org/licenses/by/3.0/,PSELDNets 170-class crosswalk; SELD-Data-Generator _m_02x984l.tsv; FSD50K clip 384022,likely_yes,PRESENT,24000,1,float32,5.000000000,deterministic_center,10.881428571,15.881428571,,active_rms_v1,-32.376134090,-24.000000127,0.057402920,0.150570780,8.376134090,false,true
PSELD-selected FSD50K:241701,mechanical_fan,PSELD-selected FSD50K,Mechanical fan,241701,fsd50k:241701,PSELD-selected FSD50K:fsd50k:241701,/home/leiyuxin/soundspaces/source_assets/clsdoa_v1/raw/pseld_fsd50k/extracted_audio/FSD50K.dev_audio/241701.wav,/home/leiyuxin/soundspaces/source_assets/clsdoa_v1/prepared/source_pool_pilot_001/wav/mechanical_fan/fsd50k__241701.wav,wav/mechanical_fan/fsd50k__241701.wav,f8ef26b4ab1dc53ed0a319342a0472f6673e3592705516506104ae1e0903ff63,25fae54cefcdf1d5d18ba06e3aa5e502d66d634d02b89e534d009e4e014f7c63,21a1acb337d023d8af77e2249bddce6931081d06152a7cf56d56a48eb603192a,train,clsdoa_source_split_v2_stratified,ACCEPT,EXACT,AUTO_PASS,,DATASET_LEVEL_VERIFIED,http://creativecommons.org/publicdomain/zero/1.0/,PSELDNets 170-class crosswalk; SELD-Data-Generator _m_02x984l.tsv; FSD50K clip 241701,likely_yes,PRESENT,24000,1,float32,5.000000000,deterministic_center,12.060000000,17.060000000,,active_rms_v1,-20.277878509,-24.000000127,0.306517154,0.199686497,-3.722121491,false,true
PSELD-selected FSD50K:384020,mechanical_fan,PSELD-selected FSD50K,Mechanical fan,384020,fsd50k:384020,PSELD-selected FSD50K:fsd50k:384020,/home/leiyuxin/soundspaces/source_assets/clsdoa_v1/raw/pseld_fsd50k/extracted_audio/FSD50K.dev_audio/384020.wav,/home/leiyuxin/soundspaces/source_assets/clsdoa_v1/prepared/source_pool_pilot_001/wav/mechanical_fan/fsd50k__384020.wav,wav/mechanical_fan/fsd50k__384020.wav,60b9a85503c01233e5b0fc7c4c679684768ac1b1d3d6806531c8e8a2f0114d6c,277e7f0f335bc8123e86e41f76fe5cd29a7a8efc9ba3e2c8a57318d3facc6558,b439a18c976a0de64434fb70883a40f4673bea4204eb83d1f04d5cf92003f89e,train,clsdoa_source_split_v2_stratified,ACCEPT,EXACT,AUTO_PASS,,DATASET_LEVEL_VERIFIED,http://creativecommons.org/licenses/by/3.0/,PSELDNets 170-class crosswalk; SELD-Data-Generator _m_02x984l.tsv; FSD50K clip 384020,likely_yes,PRESENT,24000,1,float32,5.000000000,deterministic_center,9.419591837,14.419591837,,active_rms_v1,-23.764670537,-24.000000127,0.183871910,0.178957090,-0.235329463,false,true
PSELD-selected FSD50K:219491,mechanical_fan,PSELD-selected FSD50K,Mechanical fan,219491,fsd50k:219491,PSELD-selected FSD50K:fsd50k:219491,/home/leiyuxin/soundspaces/source_assets/clsdoa_v1/raw/pseld_fsd50k/extracted_audio/FSD50K.dev_audio/219491.wav,/home/leiyuxin/soundspaces/source_assets/clsdoa_v1/prepared/source_pool_pilot_001/wav/mechanical_fan/fsd50k__219491.wav,wav/mechanical_fan/fsd50k__219491.wav,4fdb29b1a097d3099de30ac9fda503addc276c018476971b6f70a8842f2bea53,9bddf3e6817464bb6aac69e0ea5275ee46095bddb3712075ad6bda2baf10ee6d,700703b621a3814916cdbddcbaed309b3e372824395c8facee7ad3f712bc840f,test,clsdoa_source_split_v2_stratified,ACCEPT,EXACT,AUTO_PASS,,DATASET_LEVEL_VERIFIED,http://creativecommons.org/publicdomain/zero/1.0/,PSELDNets 170-class crosswalk; SELD-Data-Generator _m_02x984l.tsv; FSD50K clip 219491,likely_yes,PRESENT,24000,1,float32,5.000000000,deterministic_center,10.551451247,15.551451247,,active_rms_v1,-16.580535588,-24.000000127,0.363683611,0.154792711,-7.419464412,false,true
PSELD-selected FSD50K:56236,mechanical_fan,PSELD-selected FSD50K,Mechanical fan,56236,fsd50k:56236,PSELD-selected FSD50K:fsd50k:56236,/home/leiyuxin/soundspaces/source_assets/clsdoa_v1/raw/pseld_fsd50k/extracted_audio/FSD50K.eval_audio/56236.wav,/home/leiyuxin/soundspaces/source_assets/clsdoa_v1/prepared/source_pool_pilot_001/wav/mechanical_fan/fsd50k__56236.wav,wav/mechanical_fan/fsd50k__56236.wav,e36533e0d81ff0d879fe6ae20c8e520ca2bf8859ff5cb892b04f0e9ac99e5288,c11e678385c1940667a8c69e6e3220ff059a97a572d5f0d47a13606a9614c529,22ee4a5cae5755cf7e21a4ab4d5004c59537f56e3968d9419864be777df3893e,test,clsdoa_source_split_v2_stratified,ACCEPT,EXACT,AUTO_PASS,,DATASET_LEVEL_VERIFIED,http://creativecommons.org/publicdomain/zero/1.0/,PSELDNets 170-class crosswalk; SELD-Data-Generator _m_02x984l.tsv; FSD50K clip 56236,likely_yes,PRESENT,24000,1,float32,5.000000000,deterministic_center,12.319274376,17.319274376,,active_rms_v1,-25.846265947,-24.000000127,0.175050929,0.216509894,1.846265947,false,true
PSELD-selected FSD50K:384033,mechanical_fan,PSELD-selected FSD50K,Mechanical fan,384033,fsd50k:384033,PSELD-selected FSD50K:fsd50k:384033,/home/leiyuxin/soundspaces/source_assets/clsdoa_v1/raw/pseld_fsd50k/extracted_audio/FSD50K.dev_audio/384033.wav,/home/leiyuxin/soundspaces/source_assets/clsdoa_v1/prepared/source_pool_pilot_001/wav/mechanical_fan/fsd50k__384033.wav,wav/mechanical_fan/fsd50k__384033.wav,283981c91e7579fe737ba97043c6c2663b68e6cbf291693d74e129b3b954c91f,a7579dc916d6b558be7288f504d35b4bffff1f08c0fa865b75c161439eab4164,89698e8450508fe2e86f4d24621a4c8bab3910d5172e04428a6b7f0b9f9d5a33,train,clsdoa_source_split_v2_stratified,ACCEPT,EXACT,AUTO_PASS,,DATASET_LEVEL_VERIFIED,http://creativecommons.org/licenses/by/3.0/,PSELDNets 170-class crosswalk; SELD-Data-Generator _m_02x984l.tsv; FSD50K clip 384033,likely_yes,PRESENT,24000,1,float32,5.000000000,deterministic_center,8.270113379,13.270113379,,active_rms_v1,-24.875242519,-24.000001153,0.161719620,0.178864777,0.875242519,false,true
PSELD-selected FSD50K:330265,mechanical_fan,PSELD-selected FSD50K,Mechanical fan,330265,fsd50k:330265,PSELD-selected FSD50K:fsd50k:330265,/home/leiyuxin/soundspaces/source_assets/clsdoa_v1/raw/pseld_fsd50k/extracted_audio/FSD50K.dev_audio/330265.wav,/home/leiyuxin/soundspaces/source_assets/clsdoa_v1/prepared/source_pool_pilot_001/wav/mechanical_fan/fsd50k__330265.wav,wav/mechanical_fan/fsd50k__330265.wav,aee80997ae409a025e9af71c083aef42b44006a8e28b639620e7eb5ea64f0f14,4aa6e3a76841f83536ad462d3307504cae9ab051de6d631b9ab7f53c619af8e0,ef41919cd8cd4bcb3dbcaac52950f5c35bb153632df0e61a9bd208705034cc55,train,clsdoa_source_split_v2_stratified,ACCEPT,EXACT,AUTO_PASS,,DATASET_LEVEL_VERIFIED,http://creativecommons.org/publicdomain/zero/1.0/,PSELDNets 170-class crosswalk; SELD-Data-Generator _m_02x984l.tsv; FSD50K clip 330265,likely_yes,PRESENT,24000,1,float32,5.000000000,deterministic_center,12.130839002,17.130839002,,active_rms_v1,-23.435480379,-23.999999102,0.255655438,0.239568144,-0.564519621,false,true
PSELD-selected FSD50K:384016,mechanical_fan,PSELD-selected FSD50K,Mechanical fan,384016,fsd50k:384016,PSELD-selected FSD50K:fsd50k:384016,/home/leiyuxin/soundspaces/source_assets/clsdoa_v1/raw/pseld_fsd50k/extracted_audio/FSD50K.dev_audio/384016.wav,/home/leiyuxin/soundspaces/source_assets/clsdoa_v1/prepared/source_pool_pilot_001/wav/mechanical_fan/fsd50k__384016.wav,wav/mechanical_fan/fsd50k__384016.wav,25511e983a0be78605c0b032b0080eb53188d004fac53f287b811280162fdabd,674561f7c9e2d46bc5505ed204e2a684a92dc0425061b5e1d5c75bd714c2a22f,801aea585962c3c1bad7b42ead986bfca60a8971273a4913431112034deff904,train,clsdoa_source_split_v2_stratified,ACCEPT,EXACT,AUTO_PASS,,DATASET_LEVEL_VERIFIED,http://creativecommons.org/licenses/by/3.0/,PSELDNets 170-class crosswalk; SELD-Data-Generator _m_02x984l.tsv; FSD50K clip 384016,likely_yes,PRESENT,24000,1,float32,5.000000000,deterministic_center,6.745804989,11.745804989,,active_rms_v1,-25.953045812,-24.000000127,0.107501298,0.134606495,1.953045812,false,true
PSELD-selected FSD50K:406448,mechanical_fan,PSELD-selected FSD50K,Mechanical fan,406448,fsd50k:406448,PSELD-selected FSD50K:fsd50k:406448,/home/leiyuxin/soundspaces/source_assets/clsdoa_v1/raw/pseld_fsd50k/extracted_audio/FSD50K.dev_audio/406448.wav,/home/leiyuxin/soundspaces/source_assets/clsdoa_v1/prepared/source_pool_pilot_001/wav/mechanical_fan/fsd50k__406448.wav,wav/mechanical_fan/fsd50k__406448.wav,fe54a00b4cdebef3ab7c6dbbbdddd6062f16ee86a93108e26b21631689af2500,e37ec445482e36076f5162989ff08241c2688e41444690da8ce8889ccaed4eb3,1fc5b1992c3a5acbeb04272a62e79e699846f5554412f343d74b6503c1899f98,train,clsdoa_source_split_v2_stratified,ACCEPT,EXACT,AUTO_PASS,,DATASET_LEVEL_VERIFIED,http://creativecommons.org/publicdomain/zero/1.0/,PSELDNets 170-class crosswalk; SELD-Data-Generator _m_02x984l.tsv; FSD50K clip 406448,likely_yes,PRESENT,24000,1,float32,5.000000000,deterministic_center,10.500000000,15.500000000,,active_rms_v1,-40.150942861,-24.000001153,0.036988907,0.237475395,16.150942861,false,true
PSELD-selected FSD50K:70083,mechanical_fan,PSELD-selected FSD50K,Mechanical fan,70083,fsd50k:70083,PSELD-selected FSD50K:fsd50k:70083,/home/leiyuxin/soundspaces/source_assets/clsdoa_v1/raw/pseld_fsd50k/extracted_audio/FSD50K.eval_audio/70083.wav,/home/leiyuxin/soundspaces/source_assets/clsdoa_v1/prepared/source_pool_pilot_001/wav/mechanical_fan/fsd50k__70083.wav,wav/mechanical_fan/fsd50k__70083.wav,8750112a602cd0e7ed6eccdefe629f265ac26c798b52b99aa3bf1b8adfdb0a5e,427967a181cd2bb22b77e5c0b86a507457582d56cc20fb77bd469c8c7e5f83f0,2ae7f4446a5c49bd551f68da1b0040eff5ecb3c489a92369541901de00c62583,train,clsdoa_source_split_v2_stratified,ACCEPT,EXACT,AUTO_PASS,,DATASET_LEVEL_VERIFIED,http://creativecommons.org/licenses/by-nc/3.0/,PSELDNets 170-class crosswalk; SELD-Data-Generator _m_02x984l.tsv; FSD50K clip 70083,likely_yes,PRESENT,24000,1,float32,5.000000000,deterministic_center,10.009795918,15.009795918,,active_rms_v1,-13.140033631,-24.000000127,0.798387110,0.228673175,-10.859966369,false,true
PSELD-selected FSD50K:407435,mechanical_fan,PSELD-selected FSD50K,Mechanical fan,407435,fsd50k:407435,PSELD-selected FSD50K:fsd50k:407435,/home/leiyuxin/soundspaces/source_assets/clsdoa_v1/raw/pseld_fsd50k/extracted_audio/FSD50K.dev_audio/407435.wav,/home/leiyuxin/soundspaces/source_assets/clsdoa_v1/prepared/source_pool_pilot_001/wav/mechanical_fan/fsd50k__407435.wav,wav/mechanical_fan/fsd50k__407435.wav,3c170411c4ffac0294568ac6285eb8c93634a70e31600b0094e20182364a9a54,699d0c0a2cf40fbaf9a87531c80e4c0d8e8533361044f8aca154f65a6e92ecf9,bd6043588429631d48423ecaaced9dcf2a0c0fd8e8914b3e989b21d91c26b961,val,clsdoa_source_split_v2_stratified,ACCEPT,EXACT,AUTO_PASS,,DATASET_LEVEL_VERIFIED,http://creativecommons.org/licenses/by-nc/3.0/,PSELDNets 170-class crosswalk; SELD-Data-Generator _m_02x984l.tsv; FSD50K clip 407435,likely_yes,PRESENT,24000,1,float32,5.000000000,deterministic_center,12.250000000,17.250000000,,active_rms_v1,-19.770312618,-24.000000127,0.202974468,0.124726020,-4.229687382,false,true
PSELD-selected FSD50K:275135,mechanical_fan,PSELD-selected FSD50K,Mechanical fan,275135,fsd50k:275135,PSELD-selected FSD50K:fsd50k:275135,/home/leiyuxin/soundspaces/source_assets/clsdoa_v1/raw/pseld_fsd50k/extracted_audio/FSD50K.eval_audio/275135.wav,/home/leiyuxin/soundspaces/source_assets/clsdoa_v1/prepared/source_pool_pilot_001/wav/mechanical_fan/fsd50k__275135.wav,wav/mechanical_fan/fsd50k__275135.wav,0d655aad75869bafa06943c707fa07887fcbf7ced8ced0988f3e071444814276,c4d87f8b0e0a3817186a39e6a54dce236eb7ce295204b62086da24a5b04d5f8f,316b47731f98076c99a6d67f1ea46e42318d1c0c4316be9d1936518d5f789849,train,clsdoa_source_split_v2_stratified,ACCEPT,EXACT,AUTO_PASS,,DATASET_LEVEL_VERIFIED,http://creativecommons.org/licenses/by/3.0/,PSELDNets 170-class crosswalk; SELD-Data-Generator _m_02x984l.tsv; FSD50K clip 275135,likely_yes,PRESENT,24000,1,float32,5.000000000,deterministic_center,10.169387755,15.169387755,,active_rms_v1,-15.215488284,-24.000000127,0.601037681,0.218613058,-8.784511716,false,true
PSELD-selected FSD50K:39834,mechanical_fan,PSELD-selected FSD50K,Mechanical fan,39834,fsd50k:39834,PSELD-selected FSD50K:fsd50k:39834,/home/leiyuxin/soundspaces/source_assets/clsdoa_v1/raw/pseld_fsd50k/extracted_audio/FSD50K.eval_audio/39834.wav,/home/leiyuxin/soundspaces/source_assets/clsdoa_v1/prepared/source_pool_pilot_001/wav/mechanical_fan/fsd50k__39834.wav,wav/mechanical_fan/fsd50k__39834.wav,50078c39d15ed9933616872db8d70b6ebfc4d3ab259a770c2b151bbf1490819e,eabe4664e6f715bdc3ab756c6320eb38f6bc7ab3e7ea8103dd1ff2a401cb27de,962c23db34aff79feb31992bd34e9b9835afe20b81c52acd522d9bee89217d6e,train,clsdoa_source_split_v2_stratified,ACCEPT,EXACT,AUTO_PASS,,DATASET_LEVEL_VERIFIED,http://creativecommons.org/licenses/by/3.0/,PSELDNets 170-class crosswalk; SELD-Data-Generator _m_02x984l.tsv; FSD50K clip 39834,likely_yes,PRESENT,24000,1,float32,5.000000000,deterministic_center,9.157369615,14.157369615,,active_rms_v1,-20.588615188,-24.000000127,0.287321568,0.193998784,-3.411384812,false,true
PSELD-selected FSD50K:384034,mechanical_fan,PSELD-selected FSD50K,Mechanical fan,384034,fsd50k:384034,PSELD-selected FSD50K:fsd50k:384034,/home/leiyuxin/soundspaces/source_assets/clsdoa_v1/raw/pseld_fsd50k/extracted_audio/FSD50K.dev_audio/384034.wav,/home/leiyuxin/soundspaces/source_assets/clsdoa_v1/prepared/source_pool_pilot_001/wav/mechanical_fan/fsd50k__384034.wav,wav/mechanical_fan/fsd50k__384034.wav,8f95f7f32c96a8401b62118e85ad7c4b5614e215119d6738b3592e58c7955cb2,95f264fb22bd1e0df6bf7dc4ccee9d3e9474de1aeb42d2720b66afb4d60b7447,0f37a6cafe2635cba6306a29ecb551c910d1a0278b20c221f947cde5c8a5f740,train,clsdoa_source_split_v2_stratified,ACCEPT,EXACT,AUTO_PASS,,DATASET_LEVEL_VERIFIED,http://creativecommons.org/licenses/by/3.0/,PSELDNets 170-class crosswalk; SELD-Data-Generator _m_02x984l.tsv; FSD50K clip 384034,likely_yes,PRESENT,24000,1,float32,5.000000000,deterministic_center,8.207641723,13.207641723,,active_rms_v1,-27.636521896,-24.000000127,0.139809176,0.212501392,3.636521896,false,true
PSELD-selected FSD50K:392983,mechanical_fan,PSELD-selected FSD50K,Mechanical fan,392983,fsd50k:392983,PSELD-selected FSD50K:fsd50k:392983,/home/leiyuxin/soundspaces/source_assets/clsdoa_v1/raw/pseld_fsd50k/extracted_audio/FSD50K.eval_audio/392983.wav,/home/leiyuxin/soundspaces/source_assets/clsdoa_v1/prepared/source_pool_pilot_001/wav/mechanical_fan/fsd50k__392983.wav,wav/mechanical_fan/fsd50k__392983.wav,06eeb3ddbe431abbcdc1db67a609079664d181b4ad7e8150d8cebf04d577d936,c5e4eb84b4dd4072c64fa4dc6b934e575c7b70052216476da31c4c4de998b2b3,302702dd2f4c7ea0bd53311492cc7695019977a72f5ee1de39c200aff5db049a,train,clsdoa_source_split_v2_stratified,ACCEPT,EXACT,AUTO_PASS,,DATASET_LEVEL_VERIFIED,http://creativecommons.org/publicdomain/zero/1.0/,PSELDNets 170-class crosswalk; SELD-Data-Generator _m_02x984l.tsv; FSD50K clip 392983,likely_yes,PRESENT,24000,1,float32,5.000000000,deterministic_center,7.901655329,12.901655329,,active_rms_v1,-19.195518668,-24.000001153,0.230711177,0.132691935,-4.804481332,false,true
PSELD-selected FSD50K:35627,mechanical_fan,PSELD-selected FSD50K,Mechanical fan,35627,fsd50k:35627,PSELD-selected FSD50K:fsd50k:35627,/home/leiyuxin/soundspaces/source_assets/clsdoa_v1/raw/pseld_fsd50k/extracted_audio/FSD50K.eval_audio/35627.wav,/home/leiyuxin/soundspaces/source_assets/clsdoa_v1/prepared/source_pool_pilot_001/wav/mechanical_fan/fsd50k__35627.wav,wav/mechanical_fan/fsd50k__35627.wav,0b764e1f6e27db6394d71d88552b82eba7cb3f980258aa850cf9307182dcd241,289618c507bb1fc2eaf352c85ed6f7a23dde6bda18db5a35068a564b64e15ae1,96fd9b78fe8d5b99be718e2e0c10ca1487c0044e228ce1610d080e4e0cac34e9,train,clsdoa_source_split_v2_stratified,ACCEPT,EXACT,AUTO_PASS,,DATASET_LEVEL_VERIFIED,http://creativecommons.org/licenses/by/3.0/,PSELDNets 170-class crosswalk; SELD-Data-Generator _m_02x984l.tsv; FSD50K clip 35627,likely_yes,PRESENT,24000,1,float32,5.000000000,deterministic_center,4.931859410,9.931859410,,active_rms_v1,-17.087158395,-24.000000127,0.260834724,0.117685601,-6.912841605,false,true
PSELD-selected FSD50K:433874,mechanical_fan,PSELD-selected FSD50K,Mechanical fan,433874,fsd50k:433874,PSELD-selected FSD50K:fsd50k:433874,/home/leiyuxin/soundspaces/source_assets/clsdoa_v1/raw/pseld_fsd50k/extracted_audio/FSD50K.dev_audio/433874.wav,/home/leiyuxin/soundspaces/source_assets/clsdoa_v1/prepared/source_pool_pilot_001/wav/mechanical_fan/fsd50k__433874.wav,wav/mechanical_fan/fsd50k__433874.wav,ff464400cdb72821104fc53ce224fc0d3dbcea244df1be4487caec660e5e2c78,603708d613bac8685cd3ed6db6a5415c92097e8772cf580bcd18fea98c48ecc2,3bb03ddd581a4c622b2b3457c8465ff6d84909f28836c679dfc5b0fd1230719e,train,clsdoa_source_split_v2_stratified,ACCEPT,EXACT,AUTO_PASS,,DATASET_LEVEL_VERIFIED,http://creativecommons.org/publicdomain/zero/1.0/,PSELDNets 170-class crosswalk; SELD-Data-Generator _m_02x984l.tsv; FSD50K clip 433874,likely_yes,PRESENT,24000,1,float32,5.000000000,deterministic_center,11.824671202,16.824671202,,active_rms_v1,-50.373778145,-24.000000127,0.009251066,0.192699537,26.373778145,false,true
PSELD-selected FSD50K:371510,mechanical_fan,PSELD-selected FSD50K,Mechanical fan,371510,fsd50k:371510,PSELD-selected FSD50K:fsd50k:371510,/home/leiyuxin/soundspaces/source_assets/clsdoa_v1/raw/pseld_fsd50k/extracted_audio/FSD50K.eval_audio/371510.wav,/home/leiyuxin/soundspaces/source_assets/clsdoa_v1/prepared/source_pool_pilot_001/wav/mechanical_fan/fsd50k__371510.wav,wav/mechanical_fan/fsd50k__371510.wav,d2b03066b7bb12b9dc9da10908e758231b3cdefdae7078838d6833431a8043fe,6ab776cb2bab9ab6088d502f2adca8d0f3d867ce59865bb8198fe13e633d85e9,e47205a44a9262bd91625af7893c646b15408e2882b82088f724b663e7359e9d,val,clsdoa_source_split_v2_stratified,ACCEPT,EXACT,AUTO_PASS,,DATASET_LEVEL_VERIFIED,http://creativecommons.org/publicdomain/zero/1.0/,PSELDNets 170-class crosswalk; SELD-Data-Generator _m_02x984l.tsv; FSD50K clip 371510,likely_yes,PRESENT,24000,1,float32,5.000000000,deterministic_center,8.241315193,13.241315193,,active_rms_v1,-36.240173975,-24.000000127,0.061664503,0.252373606,12.240173975,false,true
PSELD-selected FSD50K:48353,mechanical_fan,PSELD-selected FSD50K,Mechanical fan,48353,fsd50k:48353,PSELD-selected FSD50K:fsd50k:48353,/home/leiyuxin/soundspaces/source_assets/clsdoa_v1/raw/pseld_fsd50k/extracted_audio/FSD50K.eval_audio/48353.wav,/home/leiyuxin/soundspaces/source_assets/clsdoa_v1/prepared/source_pool_pilot_001/wav/mechanical_fan/fsd50k__48353.wav,wav/mechanical_fan/fsd50k__48353.wav,396e6025f20b609e521b1b2bd4d93cf7eac07c0df439bdb0192a0289ca314340,0afc6a08d11018e78cdaeb03c031a19f523eb694dbbc7b758e84c04222d60983,4ff773401cce789cc568e241fbc05b4382694045d84043cc5b36b3e389392958,train,clsdoa_source_split_v2_stratified,ACCEPT,EXACT,AUTO_PASS,,DATASET_LEVEL_VERIFIED,http://creativecommons.org/licenses/by/3.0/,PSELDNets 170-class crosswalk; SELD-Data-Generator _m_02x984l.tsv; FSD50K clip 48353,likely_yes,PRESENT,24000,1,float32,5.000000000,deterministic_center,8.793333333,13.793333333,,active_rms_v1,-13.740548512,-24.000000127,0.888970315,0.272844166,-10.259451488,false,true
PSELD-selected FSD50K:104017,mechanical_fan,PSELD-selected FSD50K,Mechanical fan,104017,fsd50k:104017,PSELD-selected FSD50K:fsd50k:104017,/home/leiyuxin/soundspaces/source_assets/clsdoa_v1/raw/pseld_fsd50k/extracted_audio/FSD50K.dev_audio/104017.wav,/home/leiyuxin/soundspaces/source_assets/clsdoa_v1/prepared/source_pool_pilot_001/wav/mechanical_fan/fsd50k__104017.wav,wav/mechanical_fan/fsd50k__104017.wav,c08b898ae73d6eaf8e94edc24684a092198308e301c4902d0cb91f0e15ab12a0,d745a8a803054b2098005230df9869c72e770bae4590222ffd6a35cdad425532,f0a8880ded930e7436110f9c09848189b6c18908f9d4b006387d473fc7a2f13d,val,clsdoa_source_split_v2_stratified,ACCEPT,EXACT,AUTO_PASS,,DATASET_LEVEL_VERIFIED,http://creativecommons.org/publicdomain/zero/1.0/,PSELDNets 170-class crosswalk; SELD-Data-Generator _m_02x984l.tsv; FSD50K clip 104017,likely_yes,PRESENT,24000,1,float32,5.000000000,deterministic_center,10.500000000,15.500000000,,active_rms_v1,-17.459626177,-24.000000127,0.606941700,0.285843492,-6.540373823,false,true
PSELD-selected FSD50K:52758,mechanical_fan,PSELD-selected FSD50K,Mechanical fan,52758,fsd50k:52758,PSELD-selected FSD50K:fsd50k:52758,/home/leiyuxin/soundspaces/source_assets/clsdoa_v1/raw/pseld_fsd50k/extracted_audio/FSD50K.eval_audio/52758.wav,/home/leiyuxin/soundspaces/source_assets/clsdoa_v1/prepared/source_pool_pilot_001/wav/mechanical_fan/fsd50k__52758.wav,wav/mechanical_fan/fsd50k__52758.wav,fb798a7e5c2ea8cd8ccc918a807e47b7c468a4db9c52cc467b203236f048f812,d49190f10598461d51ec4d21bb55a8e3aaa3bff239bf6d040dea9a6f684c8f97,496ac2f8da980bb9480e923fb7d3bcce7d7a51ea173b537155724324762b95a6,train,clsdoa_source_split_v2_stratified,ACCEPT,EXACT,AUTO_PASS,,DATASET_LEVEL_VERIFIED,http://creativecommons.org/licenses/by/3.0/,PSELDNets 170-class crosswalk; SELD-Data-Generator _m_02x984l.tsv; FSD50K clip 52758,likely_yes,PRESENT,24000,1,float32,5.000000000,deterministic_center,6.549659864,11.549659864,,active_rms_v1,-15.058693510,-24.000000127,0.538694203,0.192431852,-8.941306490,false,true
PSELD-selected FSD50K:384025,mechanical_fan,PSELD-selected FSD50K,Mechanical fan,384025,fsd50k:384025,PSELD-selected FSD50K:fsd50k:384025,/home/leiyuxin/soundspaces/source_assets/clsdoa_v1/raw/pseld_fsd50k/extracted_audio/FSD50K.dev_audio/384025.wav,/home/leiyuxin/soundspaces/source_assets/clsdoa_v1/prepared/source_pool_pilot_001/wav/mechanical_fan/fsd50k__384025.wav,wav/mechanical_fan/fsd50k__384025.wav,ef71669a7274248ace9b1922400784eecde71969e0133e1c7aaced128d7f1662,6e833874199c3a66e6c582983cb5367dfa6334209ab3fcb89a328bb2df621706,d69faacb8f475d09a7635b0f91be382dad59ad16fa62142ba752928204d72f1f,train,clsdoa_source_split_v2_stratified,ACCEPT,EXACT,AUTO_PASS,,DATASET_LEVEL_VERIFIED,http://creativecommons.org/licenses/by/3.0/,PSELDNets 170-class crosswalk; SELD-Data-Generator _m_02x984l.tsv; FSD50K clip 384025,likely_yes,PRESENT,24000,1,float32,5.000000000,deterministic_center,3.784648526,8.784648526,,active_rms_v1,-22.452576251,-24.000000127,0.198705271,0.166279301,-1.547423749,false,true
PSELD-selected FSD50K:332438,mechanical_fan,PSELD-selected FSD50K,Mechanical fan,332438,fsd50k:332438,PSELD-selected FSD50K:fsd50k:332438,/home/leiyuxin/soundspaces/source_assets/clsdoa_v1/raw/pseld_fsd50k/extracted_audio/FSD50K.dev_audio/332438.wav,/home/leiyuxin/soundspaces/source_assets/clsdoa_v1/prepared/source_pool_pilot_001/wav/mechanical_fan/fsd50k__332438.wav,wav/mechanical_fan/fsd50k__332438.wav,ed196c0999ab9d994a8c36b6bb31cb6a4f07d93a5958f43a4005760a053e2f70,055f521f10c4b0cd6bff2b1f6ea2533e4b83a66c886252d1c2cff5e6eb186159,d49c62a0c5d51476242437d778df13bb11751998df3f46eb7add1ee4076fb813,train,clsdoa_source_split_v2_stratified,ACCEPT,EXACT,AUTO_PASS,,DATASET_LEVEL_VERIFIED,http://creativecommons.org/publicdomain/zero/1.0/,PSELDNets 170-class crosswalk; SELD-Data-Generator _m_02x984l.tsv; FSD50K clip 332438,likely_yes,PRESENT,24000,1,float32,5.000000000,deterministic_center,3.887913832,8.887913832,,active_rms_v1,-15.145158723,-24.000000127,0.524687469,0.189303502,-8.854841277,false,true
PSELD-selected FSD50K:404070,mechanical_fan,PSELD-selected FSD50K,Mechanical fan,404070,fsd50k:404070,PSELD-selected FSD50K:fsd50k:404070,/home/leiyuxin/soundspaces/source_assets/clsdoa_v1/raw/pseld_fsd50k/extracted_audio/FSD50K.dev_audio/404070.wav,/home/leiyuxin/soundspaces/source_assets/clsdoa_v1/prepared/source_pool_pilot_001/wav/mechanical_fan/fsd50k__404070.wav,wav/mechanical_fan/fsd50k__404070.wav,a0aa237b698e95e9ff4dc0d8aafe8ae3995af15cf0fa9566a97266fa5e1c8bea,55d83a82ff87cb35b89e8f8fe277fed1db26a7f41fd2efd15374e9fab77ab2ad,8a475c903e3177c58bbf196b47d780a95e47b3fedfd8e662945315d6de3e8603,test,clsdoa_source_split_v2_stratified,ACCEPT,EXACT,AUTO_PASS,,DATASET_LEVEL_VERIFIED,http://creativecommons.org/licenses/by/3.0/,PSELDNets 170-class crosswalk; SELD-Data-Generator _m_02x984l.tsv; FSD50K clip 404070,likely_yes,PRESENT,24000,1,float32,5.000000000,deterministic_center,4.905396825,9.905396825,,active_rms_v1,-5.801082441,-24.000001153,0.708970904,0.087233350,-18.198917559,false,true
PSELD-selected FSD50K:48936,mechanical_fan,PSELD-selected FSD50K,Mechanical fan,48936,fsd50k:48936,PSELD-selected FSD50K:fsd50k:48936,/home/leiyuxin/soundspaces/source_assets/clsdoa_v1/raw/pseld_fsd50k/extracted_audio/FSD50K.dev_audio/48936.wav,/home/leiyuxin/soundspaces/source_assets/clsdoa_v1/prepared/source_pool_pilot_001/wav/mechanical_fan/fsd50k__48936.wav,wav/mechanical_fan/fsd50k__48936.wav,a19b4f6c173259b4096a89f7d6e8fbf48bfd1e7d8bb1808ab29a0e9447ffb52f,0b5363206497d9602491bf979878ae04e62ce58773c87b7fe4fa4e292b0a1f52,083a4b0ac75775262eaec5f43956862a3397e2ad4a2114e44d2c9b2e75953cd1,val,clsdoa_source_split_v2_stratified,ACCEPT,EXACT,AUTO_PASS,,DATASET_LEVEL_VERIFIED,http://creativecommons.org/licenses/by/3.0/,PSELDNets 170-class crosswalk; SELD-Data-Generator _m_02x984l.tsv; FSD50K clip 48936,likely_yes,PRESENT,24000,1,float32,5.000000000,deterministic_center,5.161156463,10.161156463,,active_rms_v1,-19.967604531,-24.000001153,0.333038539,0.209350839,-4.032395469,false,true
PSELD-selected FSD50K:23756,mechanical_fan,PSELD-selected FSD50K,Mechanical fan,23756,fsd50k:23756,PSELD-selected FSD50K:fsd50k:23756,/home/leiyuxin/soundspaces/source_assets/clsdoa_v1/raw/pseld_fsd50k/extracted_audio/FSD50K.dev_audio/23756.wav,/home/leiyuxin/soundspaces/source_assets/clsdoa_v1/prepared/source_pool_pilot_001/wav/mechanical_fan/fsd50k__23756.wav,wav/mechanical_fan/fsd50k__23756.wav,61bb4b53d55b51466e3aacb41cfab95bcf5d6709713cc88a94100f28ffe4c58c,71906e242cabf3d267e7ca5d9d25649385ceb2cb632bbdb512e93d140184d3d8,d5d95127ec3fdc5dc1a3cecabdaec517723ad63a1bdfa76a3388529add244499,test,clsdoa_source_split_v2_stratified,ACCEPT,EXACT,AUTO_PASS,,DATASET_LEVEL_VERIFIED,http://creativecommons.org/licenses/by-nc/3.0/,PSELDNets 170-class crosswalk; SELD-Data-Generator _m_02x984l.tsv; FSD50K clip 23756,likely_yes,PRESENT,24000,1,float32,5.000000000,deterministic_center,5.018321995,10.018321995,,active_rms_v1,-18.364799369,-24.000000127,0.404583633,0.211469769,-5.635200631,false,true
PSELD-selected FSD50K:366353,mechanical_fan,PSELD-selected FSD50K,Mechanical fan,366353,fsd50k:366353,PSELD-selected FSD50K:fsd50k:366353,/home/leiyuxin/soundspaces/source_assets/clsdoa_v1/raw/pseld_fsd50k/extracted_audio/FSD50K.dev_audio/366353.wav,/home/leiyuxin/soundspaces/source_assets/clsdoa_v1/prepared/source_pool_pilot_001/wav/mechanical_fan/fsd50k__366353.wav,wav/mechanical_fan/fsd50k__366353.wav,14a56c8dc617ea2c9201ba566a14fd6b18388d768c1dcaf9919e8c761e409679,c0173d4cafb7d1c92b9748193dc0178038bacc483c1e952aa328d43a779ce32a,a067c2614a46cf33af2cf303e9cb1455b1aacf2faa9354574c8af6763d1f521a,train,clsdoa_source_split_v2_stratified,ACCEPT,EXACT,AUTO_PASS,,DATASET_LEVEL_VERIFIED,http://creativecommons.org/licenses/by-nc/3.0/,PSELDNets 170-class crosswalk; SELD-Data-Generator _m_02x984l.tsv; FSD50K clip 366353,likely_yes,PRESENT,24000,1,float32,5.000000000,deterministic_center,10.084784580,15.084784580,,active_rms_v1,-28.081331926,-24.000000127,0.151045457,0.241643026,4.081331926,false,true
PSELD-selected FSD50K:17437,mechanical_fan,PSELD-selected FSD50K,Mechanical fan,17437,fsd50k:17437,PSELD-selected FSD50K:fsd50k:17437,/home/leiyuxin/soundspaces/source_assets/clsdoa_v1/raw/pseld_fsd50k/extracted_audio/FSD50K.dev_audio/17437.wav,/home/leiyuxin/soundspaces/source_assets/clsdoa_v1/prepared/source_pool_pilot_001/wav/mechanical_fan/fsd50k__17437.wav,wav/mechanical_fan/fsd50k__17437.wav,dd6b5ab4b74a72640dee818745c0b41ffa8360150c24b05bb87dc3c09ec44782,10214422f56ec6b98ad7791a01583652446470d3faa4e0d3067484325455c5b7,cf81eb969a9b302ea11a2af92a66279b798a9504f869c753c98f7aa69e04d418,test,clsdoa_source_split_v2_stratified,ACCEPT,EXACT,AUTO_PASS,,DATASET_LEVEL_VERIFIED,http://creativecommons.org/licenses/sampling+/1.0/,PSELDNets 170-class crosswalk; SELD-Data-Generator _m_02x984l.tsv; FSD50K clip 17437,likely_yes,PRESENT,24000,1,float32,5.000000000,deterministic_center,4.093333333,9.093333333,,active_rms_v1,-17.934997080,-24.000000127,0.444188327,0.220961690,-6.065002920,false,true
PSELD-selected FSD50K:132562,mechanical_fan,PSELD-selected FSD50K,Mechanical fan,132562,fsd50k:132562,PSELD-selected FSD50K:fsd50k:132562,/home/leiyuxin/soundspaces/source_assets/clsdoa_v1/raw/pseld_fsd50k/extracted_audio/FSD50K.eval_audio/132562.wav,/home/leiyuxin/soundspaces/source_assets/clsdoa_v1/prepared/source_pool_pilot_001/wav/mechanical_fan/fsd50k__132562.wav,wav/mechanical_fan/fsd50k__132562.wav,326a6fc5c931b369a8b3ae804b7ca045bedd25cf05bf356fb5cdce25a3c0f368,c75615c425cfc3f3d097e63f5689a27f19c0163fd611cee182eab2d75d4b1def,0cd79867f71137e86cbc6be5a451135ac8375095b5268b33fc6030f318593cfa,train,clsdoa_source_split_v2_stratified,ACCEPT,EXACT,AUTO_PASS,,DATASET_LEVEL_VERIFIED,http://creativecommons.org/publicdomain/zero/1.0/,PSELDNets 170-class crosswalk; SELD-Data-Generator _m_02x984l.tsv; FSD50K clip 132562,likely_yes,PRESENT,24000,1,float32,5.000000000,deterministic_center,4.648208617,9.648208617,,active_rms_v1,-24.062343598,-24.000001153,0.223427087,0.225036502,0.062343598,false,true
PSELD-selected FSD50K:17436,mechanical_fan,PSELD-selected FSD50K,Mechanical fan,17436,fsd50k:17436,PSELD-selected FSD50K:fsd50k:17436,/home/leiyuxin/soundspaces/source_assets/clsdoa_v1/raw/pseld_fsd50k/extracted_audio/FSD50K.dev_audio/17436.wav,/home/leiyuxin/soundspaces/source_assets/clsdoa_v1/prepared/source_pool_pilot_001/wav/mechanical_fan/fsd50k__17436.wav,wav/mechanical_fan/fsd50k__17436.wav,f5b33772068dddf3bd22357f065f07f25ca66592e4b0b390a2cb7cac7d27ffb8,7429d3a557ec2ea00c3ff9f2350bf1404670f22b0f61695639b5f6bb16e5c992,99dae55f54f3a9b143b4a8c91557273d50e59a3e60bae7f858e65d1b3cf2f47f,train,clsdoa_source_split_v2_stratified,ACCEPT,EXACT,AUTO_PASS,,DATASET_LEVEL_VERIFIED,http://creativecommons.org/licenses/sampling+/1.0/,PSELDNets 170-class crosswalk; SELD-Data-Generator _m_02x984l.tsv; FSD50K clip 17436,likely_yes,PRESENT,24000,1,float32,5.000000000,deterministic_center,4.093333333,9.093333333,,active_rms_v1,-22.767571531,-24.000000127,0.252289176,0.218915835,-1.232428469,false,true
PSELD-selected FSD50K:17442,mechanical_fan,PSELD-selected FSD50K,Mechanical fan,17442,fsd50k:17442,PSELD-selected FSD50K:fsd50k:17442,/home/leiyuxin/soundspaces/source_assets/clsdoa_v1/raw/pseld_fsd50k/extracted_audio/FSD50K.dev_audio/17442.wav,/home/leiyuxin/soundspaces/source_assets/clsdoa_v1/prepared/source_pool_pilot_001/wav/mechanical_fan/fsd50k__17442.wav,wav/mechanical_fan/fsd50k__17442.wav,4960ae7f8d5245ef2516f93460b3f88da93967df7e3802190a016d561db09d29,60027be7f95f878a85624cc9e96f865eaad10720173a7801fadf00d31235d8a9,28a750ee4f9fee18ae85c2d45125b903c6026618f12130f6a2d0bed377ea0a8a,train,clsdoa_source_split_v2_stratified,ACCEPT,EXACT,AUTO_PASS,,DATASET_LEVEL_VERIFIED,http://creativecommons.org/licenses/sampling+/1.0/,PSELDNets 170-class crosswalk; SELD-Data-Generator _m_02x984l.tsv; FSD50K clip 17442,likely_yes,PRESENT,24000,1,float32,5.000000000,deterministic_center,3.433333333,8.433333333,,active_rms_v1,-25.696378630,-24.000000127,0.150098935,0.182472125,1.696378630,false,true
PSELD-selected FSD50K:417421,mechanical_fan,PSELD-selected FSD50K,Mechanical fan,417421,fsd50k:417421,PSELD-selected FSD50K:fsd50k:417421,/home/leiyuxin/soundspaces/source_assets/clsdoa_v1/raw/pseld_fsd50k/extracted_audio/FSD50K.dev_audio/417421.wav,/home/leiyuxin/soundspaces/source_assets/clsdoa_v1/prepared/source_pool_pilot_001/wav/mechanical_fan/fsd50k__417421.wav,wav/mechanical_fan/fsd50k__417421.wav,e7f8b9577698190091de03985916700f2afa2b94609c79495a9d238d86b64d69,806f540779822cb63db0a1c1128f76bcfd372d3853ceecc9e8a4469da9552d9f,4048994a0c1e65927bdc62daced55a72f57a7c083e33021ecde916e3727f905e,train,clsdoa_source_split_v2_stratified,ACCEPT,EXACT,AUTO_PASS,,DATASET_LEVEL_VERIFIED,http://creativecommons.org/licenses/by/3.0/,PSELDNets 170-class crosswalk; SELD-Data-Generator _m_02x984l.tsv; FSD50K clip 417421,likely_yes,PRESENT,24000,1,float32,5.000000000,deterministic_center,5.015487528,10.015487528,,active_rms_v1,-16.384958899,-24.000000127,0.597800016,0.248773351,-7.615041101,false,true
PSELD-selected FSD50K:219247,mechanical_fan,PSELD-selected FSD50K,Mechanical fan,219247,fsd50k:219247,PSELD-selected FSD50K:fsd50k:219247,/home/leiyuxin/soundspaces/source_assets/clsdoa_v1/raw/pseld_fsd50k/extracted_audio/FSD50K.eval_audio/219247.wav,/home/leiyuxin/soundspaces/source_assets/clsdoa_v1/prepared/source_pool_pilot_001/wav/mechanical_fan/fsd50k__219247.wav,wav/mechanical_fan/fsd50k__219247.wav,da8d71000d726d46452fe373cca9e961957a9783eaa83de3a7f0da438017b8f5,6615e981ae63df2ce6158ae4231e5edef035be15842b577c379d05eda67bd68a,530f12a64c706e58ae6550e14ce71adba3a3de099b52be7e06bede882c26137d,train,clsdoa_source_split_v2_stratified,ACCEPT,EXACT,AUTO_PASS,,DATASET_LEVEL_VERIFIED,http://creativecommons.org/publicdomain/zero/1.0/,PSELDNets 170-class crosswalk; SELD-Data-Generator _m_02x984l.tsv; FSD50K clip 219247,likely_yes,PRESENT,24000,1,float32,5.000000000,deterministic_center,5.584331066,10.584331066,,active_rms_v1,-30.375315192,-24.000001153,0.119549111,0.249064654,6.375315192,false,true
PSELD-selected FSD50K:179245,mechanical_fan,PSELD-selected FSD50K,Mechanical fan,179245,fsd50k:179245,PSELD-selected FSD50K:fsd50k:179245,/home/leiyuxin/soundspaces/source_assets/clsdoa_v1/raw/pseld_fsd50k/extracted_audio/FSD50K.dev_audio/179245.wav,/home/leiyuxin/soundspaces/source_assets/clsdoa_v1/prepared/source_pool_pilot_001/wav/mechanical_fan/fsd50k__179245.wav,wav/mechanical_fan/fsd50k__179245.wav,739969b432af5b8320d4973bd475b55cdfb3557d8caec6d9e00785f74d4ad4d7,c93c4ab5d8337cdef9bd078d054a8d64627c54fe420ac97e334b400df7ec7b3c,b1b77683f503b978d15180738679886053645b8cf0eb41a0ac39b1b0d243b14c,train,clsdoa_source_split_v2_stratified,ACCEPT,EXACT,AUTO_PASS,,DATASET_LEVEL_VERIFIED,http://creativecommons.org/licenses/by/3.0/,PSELDNets 170-class crosswalk; SELD-Data-Generator _m_02x984l.tsv; FSD50K clip 179245,likely_yes,PRESENT,24000,1,float32,5.000000000,deterministic_center,7.973877551,12.973877551,,active_rms_v1,-26.747058711,-24.000000127,0.143623486,0.197050884,2.747058711,false,true
PSELD-selected FSD50K:17444,mechanical_fan,PSELD-selected FSD50K,Mechanical fan,17444,fsd50k:17444,PSELD-selected FSD50K:fsd50k:17444,/home/leiyuxin/soundspaces/source_assets/clsdoa_v1/raw/pseld_fsd50k/extracted_audio/FSD50K.dev_audio/17444.wav,/home/leiyuxin/soundspaces/source_assets/clsdoa_v1/prepared/source_pool_pilot_001/wav/mechanical_fan/fsd50k__17444.wav,wav/mechanical_fan/fsd50k__17444.wav,17bb1001736249e9bbad55892e1df82b18006b48cedb1b138140e7cf5e475370,e80c657a42533f8848324e566eba17dde5285268f1b4f561363c5d94dcdd4e5d,f90cd5daa59f9c0a32878f501bc4ea197d6b3fdeaa23e50f20c36e8a0e418e17,val,clsdoa_source_split_v2_stratified,ACCEPT,EXACT,AUTO_PASS,,DATASET_LEVEL_VERIFIED,http://creativecommons.org/licenses/sampling+/1.0/,PSELDNets 170-class crosswalk; SELD-Data-Generator _m_02x984l.tsv; FSD50K clip 17444,likely_yes,PRESENT,24000,1,float32,5.000000000,deterministic_center,3.763333333,8.763333333,,active_rms_v1,-30.011440578,-24.000000127,0.100773640,0.201334864,6.011440578,false,true
PSELD-selected FSD50K:118767,mechanical_fan,PSELD-selected FSD50K,Mechanical fan,118767,fsd50k:118767,PSELD-selected FSD50K:fsd50k:118767,/home/leiyuxin/soundspaces/source_assets/clsdoa_v1/raw/pseld_fsd50k/extracted_audio/FSD50K.eval_audio/118767.wav,/home/leiyuxin/soundspaces/source_assets/clsdoa_v1/prepared/source_pool_pilot_001/wav/mechanical_fan/fsd50k__118767.wav,wav/mechanical_fan/fsd50k__118767.wav,1e915b2c1749fc444b9039c7f7012b64cfb9f401336f62d64f47f7073278f245,9abd830fa0607008377c5eaeab3dbc68f8af36ffbc16b1a8878f3be505a83c71,7bd4b867d725e17103f7d4e0f1faeccf59da6be0ff7c5e57e6573b4c986ed9b3,train,clsdoa_source_split_v2_stratified,ACCEPT,EXACT,AUTO_PASS,,DATASET_LEVEL_VERIFIED,http://creativecommons.org/publicdomain/zero/1.0/,PSELDNets 170-class crosswalk; SELD-Data-Generator _m_02x984l.tsv; FSD50K clip 118767,likely_yes,PRESENT,24000,1,float32,5.000000000,deterministic_center,4.635056689,9.635056689,,active_rms_v1,-21.227250424,-24.000000127,0.309933454,0.225232467,-2.772749576,false,true
PSELD-selected FSD50K:197130,microwave_oven,PSELD-selected FSD50K,Microwave oven,197130,fsd50k:197130,PSELD-selected FSD50K:fsd50k:197130,/home/leiyuxin/soundspaces/source_assets/clsdoa_v1/raw/pseld_fsd50k/extracted_audio/FSD50K.eval_audio/197130.wav,/home/leiyuxin/soundspaces/source_assets/clsdoa_v1/prepared/source_pool_pilot_001/wav/microwave_oven/fsd50k__197130.wav,wav/microwave_oven/fsd50k__197130.wav,7443abe0e31ae7d86f9e0a405b6ed7c8abc15550fc887d2e4760336c7f79f88c,fe324b11dfce22ecadb3eeb956cee8b8b0d87e7b0bdaabad3e9a06c7b8d37403,042fef15c92c55b45639c25142f0ecb22cf52431fa1ae6056d34cbbd71c079cd,train,clsdoa_source_split_v2_stratified,ACCEPT,EXACT,AUTO_PASS,,DATASET_LEVEL_VERIFIED,http://creativecommons.org/licenses/by/3.0/,PSELDNets 170-class crosswalk; SELD-Data-Generator _m_0fx9l.tsv; FSD50K clip 197130,likely_yes,PRESENT,24000,1,float32,5.000000000,deterministic_center,11.485578231,16.485578231,,active_rms_v1,-10.362376172,-23.999999102,0.598691285,0.124543697,-13.637623828,false,true
PSELD-selected FSD50K:128724,microwave_oven,PSELD-selected FSD50K,Microwave oven,128724,fsd50k:128724,PSELD-selected FSD50K:fsd50k:128724,/home/leiyuxin/soundspaces/source_assets/clsdoa_v1/raw/pseld_fsd50k/extracted_audio/FSD50K.dev_audio/128724.wav,/home/leiyuxin/soundspaces/source_assets/clsdoa_v1/prepared/source_pool_pilot_001/wav/microwave_oven/fsd50k__128724.wav,wav/microwave_oven/fsd50k__128724.wav,d478b003ba7ada79713ba632f5899a375d3fefc0cb7eae578e749d9e8a9c1b76,1052671bc0d02951806729fd6a6407bbc4da3dcd90e9866c5dd0be7b8c2eebe9,1dbd38dabafe58fe6012d39f088eef81a0ee5d6cca8197a05d54a71e6c73f050,test,clsdoa_source_split_v2_stratified,ACCEPT,EXACT,AUTO_PASS,,DATASET_LEVEL_VERIFIED,http://creativecommons.org/licenses/by/3.0/,PSELDNets 170-class crosswalk; SELD-Data-Generator _m_0fx9l.tsv; FSD50K clip 128724,likely_yes,PRESENT,24000,1,float32,5.000000000,deterministic_center,11.614104308,16.614104308,,active_rms_v1,-26.650354842,-24.000000127,0.152433991,0.206823349,2.650354842,false,true
PSELD-selected FSD50K:94213,microwave_oven,PSELD-selected FSD50K,Microwave oven,94213,fsd50k:94213,PSELD-selected FSD50K:fsd50k:94213,/home/leiyuxin/soundspaces/source_assets/clsdoa_v1/raw/pseld_fsd50k/extracted_audio/FSD50K.eval_audio/94213.wav,/home/leiyuxin/soundspaces/source_assets/clsdoa_v1/prepared/source_pool_pilot_001/wav/microwave_oven/fsd50k__94213.wav,wav/microwave_oven/fsd50k__94213.wav,f34395f1d33c1af587f029f14f7bc2c4d1569ae2ef814201c3182597b7fdd037,1297faf9f5a8fe0582c3759211d989743f08eb7420fd37d176d6fa01680fb8bd,31d4c6ec83bc1eebc956f870a27ad6113c16edb4f65a916679ecb3b79bc1924a,train,clsdoa_source_split_v2_stratified,ACCEPT,EXACT,AUTO_PASS,,DATASET_LEVEL_VERIFIED,http://creativecommons.org/publicdomain/zero/1.0/,PSELDNets 170-class crosswalk; SELD-Data-Generator _m_0fx9l.tsv; FSD50K clip 94213,likely_yes,PRESENT,24000,1,float32,5.000000000,deterministic_center,8.925782313,13.925782313,,active_rms_v1,-13.206227568,-24.000000127,0.611981094,0.176623866,-10.793772432,false,true
PSELD-selected FSD50K:326193,microwave_oven,PSELD-selected FSD50K,Microwave oven,326193,fsd50k:326193,PSELD-selected FSD50K:fsd50k:326193,/home/leiyuxin/soundspaces/source_assets/clsdoa_v1/raw/pseld_fsd50k/extracted_audio/FSD50K.dev_audio/326193.wav,/home/leiyuxin/soundspaces/source_assets/clsdoa_v1/prepared/source_pool_pilot_001/wav/microwave_oven/fsd50k__326193.wav,wav/microwave_oven/fsd50k__326193.wav,699caeac17a87c8faa95e5d4d333ac87785226e9f9fc6d63a19fae0fa6fa0063,a16a6b1df535e30ee0e2b09ae24f102eaaef8d9087af18143d621cc108404019,9f4e49b5f459df06f89f7f5fea6f821c400b21db914c73f48db00a85f214c09b,val,clsdoa_source_split_v2_stratified,ACCEPT,EXACT,AUTO_PASS,,DATASET_LEVEL_VERIFIED,http://creativecommons.org/licenses/by-nc/3.0/,PSELDNets 170-class crosswalk; SELD-Data-Generator _m_0fx9l.tsv; FSD50K clip 326193,likely_yes,PRESENT,24000,1,float32,5.000000000,deterministic_center,11.591133787,16.591133787,,active_rms_v1,-36.758173411,-24.000000127,0.036033001,0.156534150,12.758173411,false,true
PSELD-selected FSD50K:235551,microwave_oven,PSELD-selected FSD50K,Microwave oven,235551,fsd50k:235551,PSELD-selected FSD50K:fsd50k:235551,/home/leiyuxin/soundspaces/source_assets/clsdoa_v1/raw/pseld_fsd50k/extracted_audio/FSD50K.eval_audio/235551.wav,/home/leiyuxin/soundspaces/source_assets/clsdoa_v1/prepared/source_pool_pilot_001/wav/microwave_oven/fsd50k__235551.wav,wav/microwave_oven/fsd50k__235551.wav,d896cef420c957acde19cf079044e9db605c297e44fb7112e709daf677ff6c98,dc5d07b96af76b983f8ba0344b31ba86a57b4b4d658428de900be78762935b3b,02ceea1ada0034a30476afd286d487edd115d83e899f0fb81a0300b54448de6b,val,clsdoa_source_split_v2_stratified,ACCEPT,EXACT,AUTO_PASS,,DATASET_LEVEL_VERIFIED,http://creativecommons.org/publicdomain/zero/1.0/,PSELDNets 170-class crosswalk; SELD-Data-Generator _m_0fx9l.tsv; FSD50K clip 235551,likely_yes,PRESENT,24000,1,float32,5.000000000,deterministic_center,10.333673469,15.333673469,,active_rms_v1,-31.137532074,-24.000000127,0.085251771,0.193900973,7.137532074,false,true
PSELD-selected FSD50K:116346,microwave_oven,PSELD-selected FSD50K,Microwave oven,116346,fsd50k:116346,PSELD-selected FSD50K:fsd50k:116346,/home/leiyuxin/soundspaces/source_assets/clsdoa_v1/raw/pseld_fsd50k/extracted_audio/FSD50K.dev_audio/116346.wav,/home/leiyuxin/soundspaces/source_assets/clsdoa_v1/prepared/source_pool_pilot_001/wav/microwave_oven/fsd50k__116346.wav,wav/microwave_oven/fsd50k__116346.wav,032b98717104266f019897089c85ff0be1197ae3ed5ed603012d1daa19a3016c,d7a4290498b1e9f2d224443caf33986a95cc51fdc38dde8a866e872f7059c856,a4ec034a0de775fc92fc496cfb2a81034f4dbd119a415d13496bd89f1cc5f9a0,train,clsdoa_source_split_v2_stratified,ACCEPT,EXACT,AUTO_PASS,,DATASET_LEVEL_VERIFIED,http://creativecommons.org/licenses/by/3.0/,PSELDNets 170-class crosswalk; SELD-Data-Generator _m_0fx9l.tsv; FSD50K clip 116346,likely_yes,PRESENT,24000,1,float32,5.000000000,deterministic_center,10.250000000,15.250000000,,active_rms_v1,-34.281033376,-24.000001153,0.065066598,0.212524876,10.281033376,false,true
PSELD-selected FSD50K:144178,microwave_oven,PSELD-selected FSD50K,Microwave oven,144178,fsd50k:144178,PSELD-selected FSD50K:fsd50k:144178,/home/leiyuxin/soundspaces/source_assets/clsdoa_v1/raw/pseld_fsd50k/extracted_audio/FSD50K.eval_audio/144178.wav,/home/leiyuxin/soundspaces/source_assets/clsdoa_v1/prepared/source_pool_pilot_001/wav/microwave_oven/fsd50k__144178.wav,wav/microwave_oven/fsd50k__144178.wav,b9e824936648b6b2c9f2a9721809b90b7a81849f8c98afa9f5f3317f78bbf151,0567eeaf2eb82f73e0ddb5c76e1b799cc7803a47ad93554fac20526f3ac72b22,5f30e75c1ff0e8b2889bb7f8bce91b4d2fd3b1d7179292390e813113810fd61a,train,clsdoa_source_split_v2_stratified,ACCEPT,EXACT,AUTO_PASS,,DATASET_LEVEL_VERIFIED,http://creativecommons.org/publicdomain/zero/1.0/,PSELDNets 170-class crosswalk; SELD-Data-Generator _m_0fx9l.tsv; FSD50K clip 144178,likely_yes,PRESENT,24000,1,float32,5.000000000,deterministic_center,6.230702948,11.230702948,,active_rms_v1,-35.632671933,-24.000000127,0.056343343,0.215018690,11.632671933,false,true
PSELD-selected FSD50K:340920,microwave_oven,PSELD-selected FSD50K,Microwave oven,340920,fsd50k:340920,PSELD-selected FSD50K:fsd50k:340920,/home/leiyuxin/soundspaces/source_assets/clsdoa_v1/raw/pseld_fsd50k/extracted_audio/FSD50K.eval_audio/340920.wav,/home/leiyuxin/soundspaces/source_assets/clsdoa_v1/prepared/source_pool_pilot_001/wav/microwave_oven/fsd50k__340920.wav,wav/microwave_oven/fsd50k__340920.wav,0991e7f84506b92460a5a6ee0576b958e411c1343083ef1a053e8ab82e383beb,d65700cfc0abe7a29e86ac0b50acac6f09eb76f26d7b9a9b9c06c8260908c720,1b5c3de06a88c92986b105448d3432f94eb1094734ed60076151088602428ffb,train,clsdoa_source_split_v2_stratified,ACCEPT,EXACT,AUTO_PASS,,DATASET_LEVEL_VERIFIED,http://creativecommons.org/licenses/by/3.0/,PSELDNets 170-class crosswalk; SELD-Data-Generator _m_0fx9l.tsv; FSD50K clip 340920,likely_yes,PRESENT,24000,1,float32,5.000000000,deterministic_center,5.673424036,10.673424036,,active_rms_v1,-33.848323281,-24.000000127,0.067168102,0.208727300,9.848323281,false,true
PSELD-selected FSD50K:268525,microwave_oven,PSELD-selected FSD50K,Microwave oven,268525,fsd50k:268525,PSELD-selected FSD50K:fsd50k:268525,/home/leiyuxin/soundspaces/source_assets/clsdoa_v1/raw/pseld_fsd50k/extracted_audio/FSD50K.dev_audio/268525.wav,/home/leiyuxin/soundspaces/source_assets/clsdoa_v1/prepared/source_pool_pilot_001/wav/microwave_oven/fsd50k__268525.wav,wav/microwave_oven/fsd50k__268525.wav,d894de647e3dd6e66b372745b2c1466c84372f2e855e35839b06d4fe7890e554,12ffcd22b1cf42c93bb8e262b95181006952fe4e0d722393ad60fe95a598253b,1db4cfa28e737f7fbc3160e30f3f3a743ae17c6cced3c86a40e6c96c6b859d10,train,clsdoa_source_split_v2_stratified,ACCEPT,EXACT,AUTO_PASS,,DATASET_LEVEL_VERIFIED,http://creativecommons.org/publicdomain/zero/1.0/,PSELDNets 170-class crosswalk; SELD-Data-Generator _m_0fx9l.tsv; FSD50K clip 268525,likely_yes,PRESENT,24000,1,float32,5.000000000,deterministic_center,8.500000000,13.500000000,,active_rms_v1,-13.790295295,-24.000000127,0.625902116,0.193206266,-10.209704705,false,true
PSELD-selected FSD50K:50749,microwave_oven,PSELD-selected FSD50K,Microwave oven,50749,fsd50k:50749,PSELD-selected FSD50K:fsd50k:50749,/home/leiyuxin/soundspaces/source_assets/clsdoa_v1/raw/pseld_fsd50k/extracted_audio/FSD50K.dev_audio/50749.wav,/home/leiyuxin/soundspaces/source_assets/clsdoa_v1/prepared/source_pool_pilot_001/wav/microwave_oven/fsd50k__50749.wav,wav/microwave_oven/fsd50k__50749.wav,b7915fe75ed275da42e34df9380fd9ce0a80c17957fc8ddc1b7aa8c272908d86,de84ea2a6c3b0b71b70a41422458799a661b2b538c98ccaa8d02a9dbc539e1c3,e85a33805fdd07851ff8653fd42e14d0b263cb74e5893733ff9987649c0132b1,train,clsdoa_source_split_v2_stratified,ACCEPT,EXACT,AUTO_PASS,,DATASET_LEVEL_VERIFIED,http://creativecommons.org/publicdomain/zero/1.0/,PSELDNets 170-class crosswalk; SELD-Data-Generator _m_0fx9l.tsv; FSD50K clip 50749,likely_yes,PRESENT,24000,1,float32,5.000000000,deterministic_center,9.494467120,14.494467120,,active_rms_v1,-15.178078656,-23.999999102,0.527275026,0.190959454,-8.821921344,false,true
PSELD-selected FSD50K:83703,microwave_oven,PSELD-selected FSD50K,Microwave oven,83703,fsd50k:83703,PSELD-selected FSD50K:fsd50k:83703,/home/leiyuxin/soundspaces/source_assets/clsdoa_v1/raw/pseld_fsd50k/extracted_audio/FSD50K.dev_audio/83703.wav,/home/leiyuxin/soundspaces/source_assets/clsdoa_v1/prepared/source_pool_pilot_001/wav/microwave_oven/fsd50k__83703.wav,wav/microwave_oven/fsd50k__83703.wav,7ee9c0c0712d7ac88af63d9917c5bf98550b91427aa6081d6dcf9d6c33b1f2e8,a85af5ad6969d101e9a0263752c83e3366a83e188fae0e18a960442f76476dfd,36de8c8790c86f7be1ed550d49c2ccf2e15de4ec128b46c1825e1582190229f6,train,clsdoa_source_split_v2_stratified,ACCEPT,EXACT,AUTO_PASS,,DATASET_LEVEL_VERIFIED,http://creativecommons.org/publicdomain/zero/1.0/,PSELDNets 170-class crosswalk; SELD-Data-Generator _m_0fx9l.tsv; FSD50K clip 83703,likely_yes,PRESENT,24000,1,float32,5.000000000,deterministic_center,7.554240363,12.554240363,,active_rms_v1,-41.671402529,-24.000000127,0.015216500,0.116381757,17.671402529,false,true
PSELD-selected FSD50K:353650,microwave_oven,PSELD-selected FSD50K,Microwave oven,353650,fsd50k:353650,PSELD-selected FSD50K:fsd50k:353650,/home/leiyuxin/soundspaces/source_assets/clsdoa_v1/raw/pseld_fsd50k/extracted_audio/FSD50K.dev_audio/353650.wav,/home/leiyuxin/soundspaces/source_assets/clsdoa_v1/prepared/source_pool_pilot_001/wav/microwave_oven/fsd50k__353650.wav,wav/microwave_oven/fsd50k__353650.wav,481d3a52034fe12907026dbd8a8d793a5dc2d200158acf7d1fae4a5f37e35cf2,c2b5c375bd0500b512c768a0120a8c808c05726ec164878375ac3d020d213b7a,8838d44221e151318ff0e38e0666abdbde6505083c0b412dbfeec5566078a1c8,train,clsdoa_source_split_v2_stratified,ACCEPT,EXACT,AUTO_PASS,,DATASET_LEVEL_VERIFIED,http://creativecommons.org/publicdomain/zero/1.0/,PSELDNets 170-class crosswalk; SELD-Data-Generator _m_0fx9l.tsv; FSD50K clip 353650,likely_yes,PRESENT,24000,1,float32,5.000000000,deterministic_center,6.555487528,11.555487528,,active_rms_v1,-32.102032634,-24.000000127,0.074243359,0.188694492,8.102032634,false,true
PSELD-selected FSD50K:111124,microwave_oven,PSELD-selected FSD50K,Microwave oven,111124,fsd50k:111124,PSELD-selected FSD50K:fsd50k:111124,/home/leiyuxin/soundspaces/source_assets/clsdoa_v1/raw/pseld_fsd50k/extracted_audio/FSD50K.dev_audio/111124.wav,/home/leiyuxin/soundspaces/source_assets/clsdoa_v1/prepared/source_pool_pilot_001/wav/microwave_oven/fsd50k__111124.wav,wav/microwave_oven/fsd50k__111124.wav,e85bf38015167795e90fc5e382e94a21c7724c01437576870831526151ff6029,7cf6ff301c5b11216f28107ae0d297680d80ef5adc36e5be0f4bd6ed961e601f,bfe52455c4ea4e460530443de20ebb79125889b48e0e6281d275811159c7e857,train,clsdoa_source_split_v2_stratified,ACCEPT,EXACT,AUTO_PASS,,DATASET_LEVEL_VERIFIED,http://creativecommons.org/licenses/by/3.0/,PSELDNets 170-class crosswalk; SELD-Data-Generator _m_0fx9l.tsv; FSD50K clip 111124,likely_yes,PRESENT,24000,1,float32,5.000000000,deterministic_center,5.750000000,10.750000000,,active_rms_v1,-7.410399615,-24.000000127,1.056364775,0.156434983,-16.589600385,false,true
PSELD-selected FSD50K:156603,microwave_oven,PSELD-selected FSD50K,Microwave oven,156603,fsd50k:156603,PSELD-selected FSD50K:fsd50k:156603,/home/leiyuxin/soundspaces/source_assets/clsdoa_v1/raw/pseld_fsd50k/extracted_audio/FSD50K.dev_audio/156603.wav,/home/leiyuxin/soundspaces/source_assets/clsdoa_v1/prepared/source_pool_pilot_001/wav/microwave_oven/fsd50k__156603.wav,wav/microwave_oven/fsd50k__156603.wav,ebaaf6abc806de17411072f4a1fcc55f32cadf3be73622b9a29584313946d027,502e619a131024430216b59ac541df592d9e0c95cb63f7b780d05a13e5d81f55,4ce596d28d35b5214fc5f050015a36bef72ca40be7755b494c0c5c8132b10849,train,clsdoa_source_split_v2_stratified,ACCEPT,EXACT,AUTO_PASS,,DATASET_LEVEL_VERIFIED,http://creativecommons.org/publicdomain/zero/1.0/,PSELDNets 170-class crosswalk; SELD-Data-Generator _m_0fx9l.tsv; FSD50K clip 156603,likely_yes,PRESENT,24000,1,float32,5.000000000,deterministic_center,5.648027211,10.648027211,,active_rms_v1,-38.409016125,-23.999999102,0.041678008,0.218956470,14.409016125,false,true
PSELD-selected FSD50K:371620,microwave_oven,PSELD-selected FSD50K,Microwave oven,371620,fsd50k:371620,PSELD-selected FSD50K:fsd50k:371620,/home/leiyuxin/soundspaces/source_assets/clsdoa_v1/raw/pseld_fsd50k/extracted_audio/FSD50K.dev_audio/371620.wav,/home/leiyuxin/soundspaces/source_assets/clsdoa_v1/prepared/source_pool_pilot_001/wav/microwave_oven/fsd50k__371620.wav,wav/microwave_oven/fsd50k__371620.wav,8666546360c7efaf545928bc1dfa801ed0fe708a2805d9f1c0c2c3f5a714ceeb,84e600642af47272393bc43c3cd485e275993d44f29e35eef5508801df246512,6234b189012a153c4fd1959657439641957e07e7b254abc32c2f17b54cece83f,train,clsdoa_source_split_v2_stratified,ACCEPT,EXACT,AUTO_PASS,,DATASET_LEVEL_VERIFIED,http://creativecommons.org/licenses/by/3.0/,PSELDNets 170-class crosswalk; SELD-Data-Generator _m_0fx9l.tsv; FSD50K clip 371620,likely_yes,PRESENT,24000,1,float32,5.000000000,deterministic_center,8.354331066,13.354331066,,active_rms_v1,-32.433905644,-24.000000127,0.095423296,0.251970500,8.433905644,false,true
PSELD-selected FSD50K:389664,microwave_oven,PSELD-selected FSD50K,Microwave oven,389664,fsd50k:389664,PSELD-selected FSD50K:fsd50k:389664,/home/leiyuxin/soundspaces/source_assets/clsdoa_v1/raw/pseld_fsd50k/extracted_audio/FSD50K.dev_audio/389664.wav,/home/leiyuxin/soundspaces/source_assets/clsdoa_v1/prepared/source_pool_pilot_001/wav/microwave_oven/fsd50k__389664.wav,wav/microwave_oven/fsd50k__389664.wav,4c2ecd5cdf2cf852ec3202b2db86ac58d0f876315ae9b3f1409efe96af8152cc,98f85fd08d68f54ba01cb5806bdb43ae81c548bdf834e52296cf82df8ce365ca,844434ac2b3370672e4ef2c0187aa012863c9b523772f169721e86f98e7a172d,test,clsdoa_source_split_v2_stratified,ACCEPT,EXACT,AUTO_PASS,,DATASET_LEVEL_VERIFIED,http://creativecommons.org/publicdomain/zero/1.0/,PSELDNets 170-class crosswalk; SELD-Data-Generator _m_0fx9l.tsv; FSD50K clip 389664,likely_yes,PRESENT,24000,1,float32,5.000000000,deterministic_center,5.100090703,10.100090703,,active_rms_v1,-32.986390797,-24.000000127,0.059390713,0.167123720,8.986390797,false,true
PSELD-selected FSD50K:327057,microwave_oven,PSELD-selected FSD50K,Microwave oven,327057,fsd50k:327057,PSELD-selected FSD50K:fsd50k:327057,/home/leiyuxin/soundspaces/source_assets/clsdoa_v1/raw/pseld_fsd50k/extracted_audio/FSD50K.eval_audio/327057.wav,/home/leiyuxin/soundspaces/source_assets/clsdoa_v1/prepared/source_pool_pilot_001/wav/microwave_oven/fsd50k__327057.wav,wav/microwave_oven/fsd50k__327057.wav,b0fa0b3ceb8887e074ea714b44d248a922fb0f5a67bbe9f7d9fcec4082b3d47f,7e2e2598d99e44ba92fa63e4a1ef2c8cf9a6c00831b126be7d329cc573a32576,f902330226b8a58c0620f06ef23bf67d16df5a149189e2b2d48ce2f9f484b426,train,clsdoa_source_split_v2_stratified,ACCEPT,EXACT,AUTO_PASS,,DATASET_LEVEL_VERIFIED,http://creativecommons.org/licenses/by-nc/3.0/,PSELDNets 170-class crosswalk; SELD-Data-Generator _m_0fx9l.tsv; FSD50K clip 327057,likely_yes,PRESENT,24000,1,float32,5.000000000,deterministic_center,4.810634921,9.810634921,,active_rms_v1,-39.538326180,-24.000000127,0.031982884,0.191352412,15.538326180,false,true
PSELD-selected FSD50K:254814,microwave_oven,PSELD-selected FSD50K,Microwave oven,254814,fsd50k:254814,PSELD-selected FSD50K:fsd50k:254814,/home/leiyuxin/soundspaces/source_assets/clsdoa_v1/raw/pseld_fsd50k/extracted_audio/FSD50K.dev_audio/254814.wav,/home/leiyuxin/soundspaces/source_assets/clsdoa_v1/prepared/source_pool_pilot_001/wav/microwave_oven/fsd50k__254814.wav,wav/microwave_oven/fsd50k__254814.wav,53174dbf92ccd66f18f2774c546881a5106568321623514858ee39c9045c1c04,ab64004997e63a86760b9b6a80960f7fbff3cd01b37c95b2a9cc9f8ee4246f40,15de2232a971d9b680a0a4fa6d8840a3e7128af833deb2d6b15f15e2cec236d3,train,clsdoa_source_split_v2_stratified,ACCEPT,EXACT,AUTO_PASS,,DATASET_LEVEL_VERIFIED,http://creativecommons.org/licenses/by/3.0/,PSELDNets 170-class crosswalk; SELD-Data-Generator _m_0fx9l.tsv; FSD50K clip 254814,likely_yes,PRESENT,24000,1,float32,5.000000000,deterministic_center,5.814331066,10.814331066,,active_rms_v1,-26.493600908,-23.999999102,0.159987032,0.213189006,2.493600908,false,true
PSELD-selected FSD50K:267320,microwave_oven,PSELD-selected FSD50K,Microwave oven,267320,fsd50k:267320,PSELD-selected FSD50K:fsd50k:267320,/home/leiyuxin/soundspaces/source_assets/clsdoa_v1/raw/pseld_fsd50k/extracted_audio/FSD50K.dev_audio/267320.wav,/home/leiyuxin/soundspaces/source_assets/clsdoa_v1/prepared/source_pool_pilot_001/wav/microwave_oven/fsd50k__267320.wav,wav/microwave_oven/fsd50k__267320.wav,85b0052b2305084eea216fe16498de3164c0056338a61f5d674e9f12f53f6daf,4f103eae473278b31ad5082be9b8463eb49b9ba5dd4778e709a7e34424d34f82,097dbf05bbb5a6989edf577d3f4394b09a45d925b8977a480ab5fdf00c795356,val,clsdoa_source_split_v2_stratified,ACCEPT,EXACT,AUTO_PASS,,DATASET_LEVEL_VERIFIED,http://creativecommons.org/licenses/by/3.0/,PSELDNets 170-class crosswalk; SELD-Data-Generator _m_0fx9l.tsv; FSD50K clip 267320,likely_yes,PRESENT,24000,1,float32,5.000000000,deterministic_center,3.304988662,8.304988662,,active_rms_v1,-20.262116244,-24.000000127,0.294815302,0.191714883,-3.737883756,false,true
PSELD-selected FSD50K:169592,microwave_oven,PSELD-selected FSD50K,Microwave oven,169592,fsd50k:169592,PSELD-selected FSD50K:fsd50k:169592,/home/leiyuxin/soundspaces/source_assets/clsdoa_v1/raw/pseld_fsd50k/extracted_audio/FSD50K.dev_audio/169592.wav,/home/leiyuxin/soundspaces/source_assets/clsdoa_v1/prepared/source_pool_pilot_001/wav/microwave_oven/fsd50k__169592.wav,wav/microwave_oven/fsd50k__169592.wav,a7783ee0e41dd8ab82208dbb4dbe5d8197d65e1ecb3b17f9a1250c89643ec3c7,19ed7638fcaad1f3daafa2698180aefefa644110ec2f8b025a59726d88371c55,9476b150f61cd6ea67c88b9c906e7d6608c2ed0b95b74ba20cc4ebb26bb7e7b9,test,clsdoa_source_split_v2_stratified,ACCEPT,EXACT,AUTO_PASS,,DATASET_LEVEL_VERIFIED,http://creativecommons.org/licenses/by/3.0/,PSELDNets 170-class crosswalk; SELD-Data-Generator _m_0fx9l.tsv; FSD50K clip 169592,likely_yes,PRESENT,24000,1,float32,5.000000000,deterministic_center,2.672244898,7.672244898,,active_rms_v1,-23.627093404,-24.000001153,0.209785625,0.200969622,-0.372906596,false,true
PSELD-selected FSD50K:84925,microwave_oven,PSELD-selected FSD50K,Microwave oven,84925,fsd50k:84925,PSELD-selected FSD50K:fsd50k:84925,/home/leiyuxin/soundspaces/source_assets/clsdoa_v1/raw/pseld_fsd50k/extracted_audio/FSD50K.eval_audio/84925.wav,/home/leiyuxin/soundspaces/source_assets/clsdoa_v1/prepared/source_pool_pilot_001/wav/microwave_oven/fsd50k__84925.wav,wav/microwave_oven/fsd50k__84925.wav,f40c4f8a92e5c8e7ecf6f9e343936b69d59b7851109b64452da6da5149b4794a,a172bc38081189d882998aaa6f3d28a3e6b2f4cc6a47a0869efb5b8e1c99e0e5,1c29b25b5f3f1edc636fe3f5dcf173b87045700841a7b6a01a0919fde1edbcb0,train,clsdoa_source_split_v2_stratified,ACCEPT,EXACT,AUTO_PASS,,DATASET_LEVEL_VERIFIED,http://creativecommons.org/licenses/sampling+/1.0/,PSELDNets 170-class crosswalk; SELD-Data-Generator _m_0fx9l.tsv; FSD50K clip 84925,likely_yes,PRESENT,24000,1,float32,5.000000000,deterministic_center,6.714988662,11.714988662,,active_rms_v1,-42.499863284,-24.000000127,0.024057886,0.202418700,18.499863284,false,true
PSELD-selected FSD50K:394381,microwave_oven,PSELD-selected FSD50K,Microwave oven,394381,fsd50k:394381,PSELD-selected FSD50K:fsd50k:394381,/home/leiyuxin/soundspaces/source_assets/clsdoa_v1/raw/pseld_fsd50k/extracted_audio/FSD50K.dev_audio/394381.wav,/home/leiyuxin/soundspaces/source_assets/clsdoa_v1/prepared/source_pool_pilot_001/wav/microwave_oven/fsd50k__394381.wav,wav/microwave_oven/fsd50k__394381.wav,f4f5c6e73b6b5e07e054542eb255db004b467a57f2c43b7841d54df69f760f7c,4154c08631b3f5ff7c397f9bc651bfe4761434c22bc0fb523a75dc2384c1c86a,ffc37e19af209ebe3235b8eba9b86447fef4f87eb4698a15b404b319ae5a06ef,test,clsdoa_source_split_v2_stratified,ACCEPT,EXACT,AUTO_PASS,,DATASET_LEVEL_VERIFIED,http://creativecommons.org/publicdomain/zero/1.0/,PSELDNets 170-class crosswalk; SELD-Data-Generator _m_0fx9l.tsv; FSD50K clip 394381,likely_yes,PRESENT,24000,1,float32,5.000000000,deterministic_center,5.481859410,10.481859410,,active_rms_v1,-30.754842454,-24.000000127,0.093534455,0.203569993,6.754842454,false,true
PSELD-selected FSD50K:257436,microwave_oven,PSELD-selected FSD50K,Microwave oven,257436,fsd50k:257436,PSELD-selected FSD50K:fsd50k:257436,/home/leiyuxin/soundspaces/source_assets/clsdoa_v1/raw/pseld_fsd50k/extracted_audio/FSD50K.eval_audio/257436.wav,/home/leiyuxin/soundspaces/source_assets/clsdoa_v1/prepared/source_pool_pilot_001/wav/microwave_oven/fsd50k__257436.wav,wav/microwave_oven/fsd50k__257436.wav,81783a93660c7e98e0627b42cebbf10052bc6585948d3dfeff328049adb57701,29d0866f4f6ccafc0210cc5eb9043d283e08fcfdd405e33fb5f23892644d5d45,945d50f8b29dd9cf937e0c23589b105ebc9c4f69946d82a3297a65e11180997e,val,clsdoa_source_split_v2_stratified,ACCEPT,EXACT,AUTO_PASS,,DATASET_LEVEL_VERIFIED,http://creativecommons.org/publicdomain/zero/1.0/,PSELDNets 170-class crosswalk; SELD-Data-Generator _m_0fx9l.tsv; FSD50K clip 257436,likely_yes,PRESENT,24000,1,float32,5.000000000,deterministic_center,7.046281179,12.046281179,,active_rms_v1,-14.921814992,-24.000000127,0.475758970,0.167292982,-9.078185008,false,true
PSELD-selected FSD50K:377514,microwave_oven,PSELD-selected FSD50K,Microwave oven,377514,fsd50k:377514,PSELD-selected FSD50K:fsd50k:377514,/home/leiyuxin/soundspaces/source_assets/clsdoa_v1/raw/pseld_fsd50k/extracted_audio/FSD50K.dev_audio/377514.wav,/home/leiyuxin/soundspaces/source_assets/clsdoa_v1/prepared/source_pool_pilot_001/wav/microwave_oven/fsd50k__377514.wav,wav/microwave_oven/fsd50k__377514.wav,6da801cd360e0d908fb56ee4a80212f88d921be8493b530d4c948d89d4f29df3,cf82ee38d4706f864a319f2935bcf054efebde5cfa06912bd2f341df5a90817c,4513b5270b055832de34688ccad97c0473adcb75f3643726ec435a11645def89,test,clsdoa_source_split_v2_stratified,ACCEPT,EXACT,AUTO_PASS,,DATASET_LEVEL_VERIFIED,http://creativecommons.org/publicdomain/zero/1.0/,PSELDNets 170-class crosswalk; SELD-Data-Generator _m_0fx9l.tsv; FSD50K clip 377514,likely_yes,PRESENT,24000,1,float32,5.000000000,deterministic_center,6.538367347,11.538367347,,active_rms_v1,-25.110437106,-24.000000127,0.213988289,0.243171036,1.110437106,false,true
PSELD-selected FSD50K:119093,microwave_oven,PSELD-selected FSD50K,Microwave oven,119093,fsd50k:119093,PSELD-selected FSD50K:fsd50k:119093,/home/leiyuxin/soundspaces/source_assets/clsdoa_v1/raw/pseld_fsd50k/extracted_audio/FSD50K.eval_audio/119093.wav,/home/leiyuxin/soundspaces/source_assets/clsdoa_v1/prepared/source_pool_pilot_001/wav/microwave_oven/fsd50k__119093.wav,wav/microwave_oven/fsd50k__119093.wav,5007fedbaa0ff3044ee067853e8eb862bed755c2b4e9bde8146062eac6af952c,e2d20b1af78cb1159d2c4c459e1f3d12d2486dd6bb20862018c5294905210523,3c12bf9d8d8ee7b9f453aa8178684d08882b19668a5925618db8b0d5699903aa,train,clsdoa_source_split_v2_stratified,ACCEPT,EXACT,AUTO_PASS,,DATASET_LEVEL_VERIFIED,http://creativecommons.org/publicdomain/zero/1.0/,PSELDNets 170-class crosswalk; SELD-Data-Generator _m_0fx9l.tsv; FSD50K clip 119093,likely_yes,PRESENT,24000,1,float32,5.000000000,deterministic_center,3.068072562,8.068072562,,active_rms_v1,-43.492433309,-24.000000127,0.024343459,0.229616955,19.492433309,false,true
PSELD-selected FSD50K:83184,microwave_oven,PSELD-selected FSD50K,Microwave oven,83184,fsd50k:83184,PSELD-selected FSD50K:fsd50k:83184,/home/leiyuxin/soundspaces/source_assets/clsdoa_v1/raw/pseld_fsd50k/extracted_audio/FSD50K.eval_audio/83184.wav,/home/leiyuxin/soundspaces/source_assets/clsdoa_v1/prepared/source_pool_pilot_001/wav/microwave_oven/fsd50k__83184.wav,wav/microwave_oven/fsd50k__83184.wav,2874b06074cc7ef897ccfab3134b175d50a1c1a6796ca4b993b8703a1b860a71,5960397d8309cd859390795c0f69c87f550242f608f7ffddaa995f4ffa666483,fd77405cab587140d9a0028f892a0eae8b71dc29d77813832d5bce385e663da3,train,clsdoa_source_split_v2_stratified,ACCEPT,EXACT,AUTO_PASS,,DATASET_LEVEL_VERIFIED,http://creativecommons.org/publicdomain/zero/1.0/,PSELDNets 170-class crosswalk; SELD-Data-Generator _m_0fx9l.tsv; FSD50K clip 83184,likely_yes,PRESENT,24000,1,float32,5.000000000,deterministic_center,12.415918367,17.415918367,,active_rms_v1,-26.673024745,-23.999999102,0.131333932,0.178660348,2.673024745,false,true
PSELD-selected FSD50K:344637,microwave_oven,PSELD-selected FSD50K,Microwave oven,344637,fsd50k:344637,PSELD-selected FSD50K:fsd50k:344637,/home/leiyuxin/soundspaces/source_assets/clsdoa_v1/raw/pseld_fsd50k/extracted_audio/FSD50K.dev_audio/344637.wav,/home/leiyuxin/soundspaces/source_assets/clsdoa_v1/prepared/source_pool_pilot_001/wav/microwave_oven/fsd50k__344637.wav,wav/microwave_oven/fsd50k__344637.wav,1af68c635698d035983715265603ba3bb626690fc89883cf471f9df1e334cefe,d03e107ed65dc8d440809f8d498f0f4e8ffc6debcfecd97553b5b14dc5668c29,519790cffc0d20d2e96f9f4f9dfe05d7b1611d9ce48824bc346f718f9c1d30f8,train,clsdoa_source_split_v2_stratified,ACCEPT,EXACT,AUTO_PASS,,DATASET_LEVEL_VERIFIED,http://creativecommons.org/publicdomain/zero/1.0/,PSELDNets 170-class crosswalk; SELD-Data-Generator _m_0fx9l.tsv; FSD50K clip 344637,likely_yes,PRESENT,24000,1,float32,5.000000000,deterministic_center,5.351995465,10.351995465,,active_rms_v1,-48.927231702,-24.000000127,0.016156822,0.284916461,24.927231702,false,true
PSELD-selected FSD50K:27367,microwave_oven,PSELD-selected FSD50K,Microwave oven,27367,fsd50k:27367,PSELD-selected FSD50K:fsd50k:27367,/home/leiyuxin/soundspaces/source_assets/clsdoa_v1/raw/pseld_fsd50k/extracted_audio/FSD50K.dev_audio/27367.wav,/home/leiyuxin/soundspaces/source_assets/clsdoa_v1/prepared/source_pool_pilot_001/wav/microwave_oven/fsd50k__27367.wav,wav/microwave_oven/fsd50k__27367.wav,0024600f8c7e033b2682f7071fac240610c7ec7118afc188a511f78485fc7918,599ab4375672c383849d4903533a2947bdbad6a7b4eb4e05d151f808eb02243b,213bb32568223999f7feabaa6c947a578934973d48975ff2d95e32816f06569d,train,clsdoa_source_split_v2_stratified,ACCEPT,EXACT,AUTO_PASS,,DATASET_LEVEL_VERIFIED,http://creativecommons.org/publicdomain/zero/1.0/,PSELDNets 170-class crosswalk; SELD-Data-Generator _m_0fx9l.tsv; FSD50K clip 27367,likely_yes,PRESENT,24000,1,float32,5.000000000,deterministic_center,2.554965986,7.554965986,,active_rms_v1,-20.445946957,-24.000001153,0.473974705,0.314812899,-3.554053043,false,true
PSELD-selected FSD50K:94265,microwave_oven,PSELD-selected FSD50K,Microwave oven,94265,fsd50k:94265,PSELD-selected FSD50K:fsd50k:94265,/home/leiyuxin/soundspaces/source_assets/clsdoa_v1/raw/pseld_fsd50k/extracted_audio/FSD50K.dev_audio/94265.wav,/home/leiyuxin/soundspaces/source_assets/clsdoa_v1/prepared/source_pool_pilot_001/wav/microwave_oven/fsd50k__94265.wav,wav/microwave_oven/fsd50k__94265.wav,e88f0dc3b180fffa41d0231670ad52826b2c966946d0dabfdb84a783606d4e7e,ac59b3da806fe12187bd1a4d8d68b2462a15412459a70ad0d474411c8d7fe498,b36e838ce33cd7d78de8ac42bde30b85e1385609ce732b0ff5350b6761c26d61,train,clsdoa_source_split_v2_stratified,ACCEPT,EXACT,AUTO_PASS,,DATASET_LEVEL_VERIFIED,http://creativecommons.org/licenses/sampling+/1.0/,PSELDNets 170-class crosswalk; SELD-Data-Generator _m_0fx9l.tsv; FSD50K clip 94265,likely_yes,PRESENT,24000,1,float32,5.000000000,deterministic_center,2.032244898,7.032244898,,active_rms_v1,-12.012602578,-24.000000127,0.885332584,0.222708389,-11.987397422,false,true
PSELD-selected FSD50K:262601,microwave_oven,PSELD-selected FSD50K,Microwave oven,262601,fsd50k:262601,PSELD-selected FSD50K:fsd50k:262601,/home/leiyuxin/soundspaces/source_assets/clsdoa_v1/raw/pseld_fsd50k/extracted_audio/FSD50K.dev_audio/262601.wav,/home/leiyuxin/soundspaces/source_assets/clsdoa_v1/prepared/source_pool_pilot_001/wav/microwave_oven/fsd50k__262601.wav,wav/microwave_oven/fsd50k__262601.wav,1b48b6526d36f54868b3b6b418b3a9d6cc832f51b88fb718e4c6ea15665783bd,4d34f241bd6714988d4836fc62aaa2def27853915076225b58cdb6676ec23379,1be574e0613adafb277bb3ef394ead1bc7e3263ec281b359681200618c470182,train,clsdoa_source_split_v2_stratified,ACCEPT,EXACT,AUTO_PASS,,DATASET_LEVEL_VERIFIED,http://creativecommons.org/publicdomain/zero/1.0/,PSELDNets 170-class crosswalk; SELD-Data-Generator _m_0fx9l.tsv; FSD50K clip 262601,likely_yes,PRESENT,24000,1,float32,5.000000000,deterministic_center,1.172925170,6.172925170,,active_rms_v1,-38.716143268,-24.000000127,0.057591062,0.313445657,14.716143268,false,true
PSELD-selected FSD50K:422818,microwave_oven,PSELD-selected FSD50K,Microwave oven,422818,fsd50k:422818,PSELD-selected FSD50K:fsd50k:422818,/home/leiyuxin/soundspaces/source_assets/clsdoa_v1/raw/pseld_fsd50k/extracted_audio/FSD50K.dev_audio/422818.wav,/home/leiyuxin/soundspaces/source_assets/clsdoa_v1/prepared/source_pool_pilot_001/wav/microwave_oven/fsd50k__422818.wav,wav/microwave_oven/fsd50k__422818.wav,4e4fcc8833ebf93a9d0999540ddc471d49d20624524ba8b55a153a1f723d9b57,f373124bf257b04f07f72056f07ea502c7beb42ec8628d2b409100bf2a3e8826,6279b44bb0c3a869fff24e33e5b4c61ed15e1dfd6e8cc5933d4f6711ca8b1dcf,train,clsdoa_source_split_v2_stratified,ACCEPT,EXACT,AUTO_PASS,,DATASET_LEVEL_VERIFIED,http://creativecommons.org/publicdomain/zero/1.0/,PSELDNets 170-class crosswalk; SELD-Data-Generator _m_0fx9l.tsv; FSD50K clip 422818,likely_yes,PRESENT,24000,1,float32,5.000000000,deterministic_center,3.196009070,8.196009070,,active_rms_v1,-40.908366756,-24.000000127,0.028464757,0.199400306,16.908366756,false,true
PSELD-selected FSD50K:175401,microwave_oven,PSELD-selected FSD50K,Microwave oven,175401,fsd50k:175401,PSELD-selected FSD50K:fsd50k:175401,/home/leiyuxin/soundspaces/source_assets/clsdoa_v1/raw/pseld_fsd50k/extracted_audio/FSD50K.dev_audio/175401.wav,/home/leiyuxin/soundspaces/source_assets/clsdoa_v1/prepared/source_pool_pilot_001/wav/microwave_oven/fsd50k__175401.wav,wav/microwave_oven/fsd50k__175401.wav,1b1f12e763d526fa4958b17c0b79847ef50adfd74e436292ef9a16fd336936a3,f53b199de587fea0edf7714135e959e79b2f41dcd0e7f2a6386149b1b059dc53,ee73b4e8a622be2a3f8d47a08c61974c21d39fd40b208165c50c16e36ee6f2b4,val,clsdoa_source_split_v2_stratified,ACCEPT,EXACT,AUTO_PASS,,DATASET_LEVEL_VERIFIED,http://creativecommons.org/licenses/by/3.0/,PSELDNets 170-class crosswalk; SELD-Data-Generator _m_0fx9l.tsv; FSD50K clip 175401,likely_yes,PRESENT,24000,1,float32,5.000000000,deterministic_center,4.998321995,9.998321995,,active_rms_v1,-29.757947530,-23.999999102,0.097623274,0.189430863,5.757947530,false,true
PSELD-selected FSD50K:94262,microwave_oven,PSELD-selected FSD50K,Microwave oven,94262,fsd50k:94262,PSELD-selected FSD50K:fsd50k:94262,/home/leiyuxin/soundspaces/source_assets/clsdoa_v1/raw/pseld_fsd50k/extracted_audio/FSD50K.dev_audio/94262.wav,/home/leiyuxin/soundspaces/source_assets/clsdoa_v1/prepared/source_pool_pilot_001/wav/microwave_oven/fsd50k__94262.wav,wav/microwave_oven/fsd50k__94262.wav,beed77fd0a8fde138512b64317f790e585e9264ee5ba59a30c7cd7d79f75cc12,0b5ee7597895d7b4f4ab6892949b77d95da543b911ffeb88816c9d52d1e2d91d,462dcef0cf7949a52c4d439db91110d34b4587de72ae6640af2afb1d4131b2f3,train,clsdoa_source_split_v2_stratified,ACCEPT,EXACT,AUTO_PASS,,DATASET_LEVEL_VERIFIED,http://creativecommons.org/licenses/sampling+/1.0/,PSELDNets 170-class crosswalk; SELD-Data-Generator _m_0fx9l.tsv; FSD50K clip 94262,likely_yes,PRESENT,24000,1,float32,5.000000000,deterministic_center,3.129387755,8.129387755,,active_rms_v1,-17.488563191,-24.000000127,0.510355592,0.241157651,-6.511436809,false,true
PSELD-selected FSD50K:63738,printer,PSELD-selected FSD50K,Printer,63738,fsd50k:63738,PSELD-selected FSD50K:fsd50k:63738,/home/leiyuxin/soundspaces/source_assets/clsdoa_v1/raw/pseld_fsd50k/extracted_audio/FSD50K.dev_audio/63738.wav,/home/leiyuxin/soundspaces/source_assets/clsdoa_v1/prepared/source_pool_pilot_001/wav/printer/fsd50k__63738.wav,wav/printer/fsd50k__63738.wav,68c77cbed177a3461d50f4a2ec4c617e37b8c31e26f2d12f295e9a3d3e74424f,084c810378c7abf86691fcee13b861af9e52470a768aa01cfcfaf253f531c791,749e56e0a701ec33da476964ad3f215f86fceec8ff5ebc3ce4bd75dd255e7adf,test,clsdoa_source_split_v2_stratified,ACCEPT,EXACT,AUTO_PASS,,DATASET_LEVEL_VERIFIED,http://creativecommons.org/licenses/by/3.0/,PSELDNets 170-class crosswalk; SELD-Data-Generator _m_01m4t.tsv; FSD50K clip 63738,likely_yes,PRESENT,24000,1,float32,5.000000000,deterministic_center,12.162675737,17.162675737,,active_rms_v1,-15.290752256,-24.000000127,0.708891094,0.260086089,-8.709247744,false,true
PSELD-selected FSD50K:388608,printer,PSELD-selected FSD50K,Printer,388608,fsd50k:388608,PSELD-selected FSD50K:fsd50k:388608,/home/leiyuxin/soundspaces/source_assets/clsdoa_v1/raw/pseld_fsd50k/extracted_audio/FSD50K.dev_audio/388608.wav,/home/leiyuxin/soundspaces/source_assets/clsdoa_v1/prepared/source_pool_pilot_001/wav/printer/fsd50k__388608.wav,wav/printer/fsd50k__388608.wav,3cebc6f57df9a5c4c3272e7e047c48ffb3434cd260ee7acd4d082df7d6f2f175,068ed89d25134e947143d6f681484c448165cdde4e1be8e9d0f8b31dd598dc4c,0b8ab04b0fa83807aa16ad844e551ff06cc0e76410ce3ec1a0331145fb9c05fc,train,clsdoa_source_split_v2_stratified,ACCEPT,EXACT,AUTO_PASS,,DATASET_LEVEL_VERIFIED,http://creativecommons.org/publicdomain/zero/1.0/,PSELDNets 170-class crosswalk; SELD-Data-Generator _m_01m4t.tsv; FSD50K clip 388608,likely_yes,PRESENT,24000,1,float32,5.000000000,deterministic_center,10.696666667,15.696666667,,active_rms_v1,-21.018514988,-24.000001153,0.338526815,0.240170032,-2.981485012,false,true
PSELD-selected FSD50K:186250,printer,PSELD-selected FSD50K,Printer,186250,fsd50k:186250,PSELD-selected FSD50K:fsd50k:186250,/home/leiyuxin/soundspaces/source_assets/clsdoa_v1/raw/pseld_fsd50k/extracted_audio/FSD50K.dev_audio/186250.wav,/home/leiyuxin/soundspaces/source_assets/clsdoa_v1/prepared/source_pool_pilot_001/wav/printer/fsd50k__186250.wav,wav/printer/fsd50k__186250.wav,0a1f1bbc127b4e1642d1c85c7f4b9795a1552daf4c372a4f835d268de53807ca,c95d574ac8cdec37af8a9d382585d30a6e9dedf423d16c2e52583d10a58f0d30,3bbbad6f89422e66ccfe31f99779207e05c3cb2a6f533ce2c28d973d77a08e06,train,clsdoa_source_split_v2_stratified,ACCEPT,EXACT,AUTO_PASS,,DATASET_LEVEL_VERIFIED,http://creativecommons.org/licenses/by/3.0/,PSELDNets 170-class crosswalk; SELD-Data-Generator _m_01m4t.tsv; FSD50K clip 186250,likely_yes,PRESENT,24000,1,float32,5.000000000,deterministic_center,10.283333333,15.283333333,,active_rms_v1,-13.417443446,-24.000000127,1.031140685,0.304922938,-10.582556554,false,true
PSELD-selected FSD50K:76744,printer,PSELD-selected FSD50K,Printer,76744,fsd50k:76744,PSELD-selected FSD50K:fsd50k:76744,/home/leiyuxin/soundspaces/source_assets/clsdoa_v1/raw/pseld_fsd50k/extracted_audio/FSD50K.eval_audio/76744.wav,/home/leiyuxin/soundspaces/source_assets/clsdoa_v1/prepared/source_pool_pilot_001/wav/printer/fsd50k__76744.wav,wav/printer/fsd50k__76744.wav,000038b84f3948d5a904be6d05e7dc549b28e6fe49065a228ea0e549b87ac2d6,f53daf2dc0dc2fa7197082308843bea4c550c6b121bda7198b5725d44acea2d2,d412dce215c857d08a447c84ba83fcdfc6b2b14550acceb27eb23c4177aabb6e,test,clsdoa_source_split_v2_stratified,ACCEPT,EXACT,AUTO_PASS,,DATASET_LEVEL_VERIFIED,http://creativecommons.org/licenses/by-nc/3.0/,PSELDNets 170-class crosswalk; SELD-Data-Generator _m_01m4t.tsv; FSD50K clip 76744,likely_yes,PRESENT,24000,1,float32,5.000000000,deterministic_center,3.485260771,8.485260771,,active_rms_v1,-19.129141664,-24.000000127,0.378546357,0.216060877,-4.870858336,false,true
PSELD-selected FSD50K:232555,printer,PSELD-selected FSD50K,Printer,232555,fsd50k:232555,PSELD-selected FSD50K:fsd50k:232555,/home/leiyuxin/soundspaces/source_assets/clsdoa_v1/raw/pseld_fsd50k/extracted_audio/FSD50K.dev_audio/232555.wav,/home/leiyuxin/soundspaces/source_assets/clsdoa_v1/prepared/source_pool_pilot_001/wav/printer/fsd50k__232555.wav,wav/printer/fsd50k__232555.wav,7873b54ace0b01b0d3d8b4d25bf9f39bc887035d3ff6a4433d057f7058420614,62d4e4b0e1291377e614972e19ebfb9fea2c38a8e3e476aeee4453cbfe418f70,e9731d18ad0e740e591a29d007bae984c7504ebd6c9fd74c5c0f41226ffb480e,train,clsdoa_source_split_v2_stratified,ACCEPT,EXACT,AUTO_PASS,,DATASET_LEVEL_VERIFIED,http://creativecommons.org/publicdomain/zero/1.0/,PSELDNets 170-class crosswalk; SELD-Data-Generator _m_01m4t.tsv; FSD50K clip 232555,likely_yes,PRESENT,24000,1,float32,5.000000000,deterministic_center,3.008185941,8.008185941,,active_rms_v1,-23.543995208,-24.000000127,0.198262826,0.188122630,-0.456004792,false,true
PSELD-selected FSD50K:47818,printer,PSELD-selected FSD50K,Printer,47818,fsd50k:47818,PSELD-selected FSD50K:fsd50k:47818,/home/leiyuxin/soundspaces/source_assets/clsdoa_v1/raw/pseld_fsd50k/extracted_audio/FSD50K.dev_audio/47818.wav,/home/leiyuxin/soundspaces/source_assets/clsdoa_v1/prepared/source_pool_pilot_001/wav/printer/fsd50k__47818.wav,wav/printer/fsd50k__47818.wav,04f12c10c26154fed9733697ec1f703482d3c83f199c32abf8e9a0699959cb01,c2d2b8a05d171d04c90c1c9ff4fc2388e3fabbcf8c80ead1a9ced8553a8244f3,4372ea72ba2edc50db61f2ebc7a0abf40e090c80e2617284964a6491fa554255,train,clsdoa_source_split_v2_stratified,ACCEPT,EXACT,AUTO_PASS,,DATASET_LEVEL_VERIFIED,http://creativecommons.org/licenses/sampling+/1.0/,PSELDNets 170-class crosswalk; SELD-Data-Generator _m_01m4t.tsv; FSD50K clip 47818,likely_yes,PRESENT,24000,1,float32,5.000000000,deterministic_center,3.357596372,8.357596372,,active_rms_v1,-12.557442177,-24.000001153,0.913736045,0.244733185,-11.442557823,false,true
PSELD-selected FSD50K:424389,printer,PSELD-selected FSD50K,Printer,424389,fsd50k:424389,PSELD-selected FSD50K:fsd50k:424389,/home/leiyuxin/soundspaces/source_assets/clsdoa_v1/raw/pseld_fsd50k/extracted_audio/FSD50K.dev_audio/424389.wav,/home/leiyuxin/soundspaces/source_assets/clsdoa_v1/prepared/source_pool_pilot_001/wav/printer/fsd50k__424389.wav,wav/printer/fsd50k__424389.wav,318ff827bfd8f53ce4baf092701626c6a01170173da78245f587dd05bdae2740,d82226629f632950247586fe1875d7d5474bfaec30fcdee8b0d70b36a6e18032,c4d958ff8dc987e8b14ce72f388c32b8d296c457d91e1146f3f4b9b00a534534,test,clsdoa_source_split_v2_stratified,ACCEPT,EXACT,AUTO_PASS,,DATASET_LEVEL_VERIFIED,http://creativecommons.org/publicdomain/zero/1.0/,PSELDNets 170-class crosswalk; SELD-Data-Generator _m_01m4t.tsv; FSD50K clip 424389,likely_yes,PRESENT,24000,1,float32,5.000000000,deterministic_center,7.005646259,12.005646259,,active_rms_v1,-14.591083402,-24.000001153,0.998694479,0.338054568,-9.408916598,false,true
PSELD-selected FSD50K:322125,printer,PSELD-selected FSD50K,Printer,322125,fsd50k:322125,PSELD-selected FSD50K:fsd50k:322125,/home/leiyuxin/soundspaces/source_assets/clsdoa_v1/raw/pseld_fsd50k/extracted_audio/FSD50K.dev_audio/322125.wav,/home/leiyuxin/soundspaces/source_assets/clsdoa_v1/prepared/source_pool_pilot_001/wav/printer/fsd50k__322125.wav,wav/printer/fsd50k__322125.wav,2350802c12104aafc6d643840713d7853379f36e90f1b598d0df0a6078381f29,345d1366e8212810816c2c215ebad0fd6ba5bc32e5da8760a5ef260673354252,1f6b6a0ce689e3c5752fd39097510329326808e6cdf6056eeb573814d09cd0a4,train,clsdoa_source_split_v2_stratified,ACCEPT,EXACT,AUTO_PASS,,DATASET_LEVEL_VERIFIED,http://creativecommons.org/licenses/by/3.0/,PSELDNets 170-class crosswalk; SELD-Data-Generator _m_01m4t.tsv; FSD50K clip 322125,likely_yes,PRESENT,24000,1,float32,5.000000000,deterministic_center,5.574988662,10.574988662,,active_rms_v1,-14.804188785,-24.000000127,0.642942190,0.223039284,-9.195811215,false,true
PSELD-selected FSD50K:267519,printer,PSELD-selected FSD50K,Printer,267519,fsd50k:267519,PSELD-selected FSD50K:fsd50k:267519,/home/leiyuxin/soundspaces/source_assets/clsdoa_v1/raw/pseld_fsd50k/extracted_audio/FSD50K.dev_audio/267519.wav,/home/leiyuxin/soundspaces/source_assets/clsdoa_v1/prepared/source_pool_pilot_001/wav/printer/fsd50k__267519.wav,wav/printer/fsd50k__267519.wav,01dc1f67adb2f64de91b3b33e471520ce41f1afc04b1798472bfd6f0751093fe,10716453276b5a850d260f6eca817d35b5be45edcd37f73d43220c1f2f394ecb,5b8a67fc00ba7ef6231339646231a1acf869b4ad221a39564a584e11a9040d36,val,clsdoa_source_split_v2_stratified,ACCEPT,EXACT,AUTO_PASS,,DATASET_LEVEL_VERIFIED,http://creativecommons.org/licenses/by/3.0/,PSELDNets 170-class crosswalk; SELD-Data-Generator _m_01m4t.tsv; FSD50K clip 267519,likely_yes,PRESENT,24000,1,float32,5.000000000,deterministic_center,11.572018141,16.572018141,,active_rms_v1,-29.711017701,-24.000001153,0.145723194,0.281241596,5.711017701,false,true
PSELD-selected FSD50K:17894,printer,PSELD-selected FSD50K,Printer,17894,fsd50k:17894,PSELD-selected FSD50K:fsd50k:17894,/home/leiyuxin/soundspaces/source_assets/clsdoa_v1/raw/pseld_fsd50k/extracted_audio/FSD50K.eval_audio/17894.wav,/home/leiyuxin/soundspaces/source_assets/clsdoa_v1/prepared/source_pool_pilot_001/wav/printer/fsd50k__17894.wav,wav/printer/fsd50k__17894.wav,3b39f3dd3b2020d3505e383ee9b06f536fd11e68f8c4b3f3a700b3f9fa23b2b7,da460aa6aaad71ee93b0f2ea466184ce6a938d43bb09867792899594c2ac3574,8eb598d2422be68234addf246198498856aa40231a1d11aea0cc96d189969000,train,clsdoa_source_split_v2_stratified,ACCEPT,EXACT,AUTO_PASS,,DATASET_LEVEL_VERIFIED,http://creativecommons.org/licenses/by-nc/3.0/,PSELDNets 170-class crosswalk; SELD-Data-Generator _m_01m4t.tsv; FSD50K clip 17894,likely_yes,PRESENT,24000,1,float32,5.000000000,deterministic_center,0.657913832,5.657913832,,active_rms_v1,-31.296694615,-24.000000127,0.088094659,0.204072401,7.296694615,false,true
PSELD-selected FSD50K:258148,printer,PSELD-selected FSD50K,Printer,258148,fsd50k:258148,PSELD-selected FSD50K:fsd50k:258148,/home/leiyuxin/soundspaces/source_assets/clsdoa_v1/raw/pseld_fsd50k/extracted_audio/FSD50K.eval_audio/258148.wav,/home/leiyuxin/soundspaces/source_assets/clsdoa_v1/prepared/source_pool_pilot_001/wav/printer/fsd50k__258148.wav,wav/printer/fsd50k__258148.wav,d05a0fa6eb6102cba11654411a611388d783863ad0df75fad00f14a853eacf00,770e748b86034492c506b4fd9fd95c5d059f99634d14c5556e138bcd334a0be4,463e87530ee6c228e3f7bda176e33b39c16d203cec7a8900746905762bd7a348,train,clsdoa_source_split_v2_stratified,ACCEPT,EXACT,AUTO_PASS,,DATASET_LEVEL_VERIFIED,http://creativecommons.org/publicdomain/zero/1.0/,PSELDNets 170-class crosswalk; SELD-Data-Generator _m_01m4t.tsv; FSD50K clip 258148,likely_yes,PRESENT,24000,1,float32,5.000000000,deterministic_center,2.437142857,7.437142857,,active_rms_v1,-24.622291100,-24.000000127,0.276198298,0.296712309,0.622291100,false,true
PSELD-selected FSD50K:114305,printer,PSELD-selected FSD50K,Printer,114305,fsd50k:114305,PSELD-selected FSD50K:fsd50k:114305,/home/leiyuxin/soundspaces/source_assets/clsdoa_v1/raw/pseld_fsd50k/extracted_audio/FSD50K.eval_audio/114305.wav,/home/leiyuxin/soundspaces/source_assets/clsdoa_v1/prepared/source_pool_pilot_001/wav/printer/fsd50k__114305.wav,wav/printer/fsd50k__114305.wav,dacc824b67eb39cfc6802dd571fe14f0b2c8dcb80953a85bce33b804b70c176e,5047305af048bf1686858d02310e4931d9fa0a8bef301e5179a40e5834a048cd,1fb2e26d8a774719452a36b0eb833fe91094a655c55825efbe3556a2e4e80c89,train,clsdoa_source_split_v2_stratified,ACCEPT,EXACT,AUTO_PASS,,DATASET_LEVEL_VERIFIED,http://creativecommons.org/licenses/by/3.0/,PSELDNets 170-class crosswalk; SELD-Data-Generator _m_01m4t.tsv; FSD50K clip 114305,likely_yes,PRESENT,24000,1,float32,5.000000000,deterministic_center,8.170884354,13.170884354,,active_rms_v1,-39.551083355,-24.000000127,0.058750708,0.352019936,15.551083355,false,true
PSELD-selected FSD50K:256898,printer,PSELD-selected FSD50K,Printer,256898,fsd50k:256898,PSELD-selected FSD50K:fsd50k:256898,/home/leiyuxin/soundspaces/source_assets/clsdoa_v1/raw/pseld_fsd50k/extracted_audio/FSD50K.eval_audio/256898.wav,/home/leiyuxin/soundspaces/source_assets/clsdoa_v1/prepared/source_pool_pilot_001/wav/printer/fsd50k__256898.wav,wav/printer/fsd50k__256898.wav,f711c903f9c44df94132cf2bdcba37cc08a5fc349b0d91cdb09cbec0d95c6a23,f36e20c33a3051caaff93425a1084b53a0713d64de321080a1d45d19e4655371,78038afb9a8ad9afce3b474f2abfbe6d10f5919acabcc337114d1954861a32a6,train,clsdoa_source_split_v2_stratified,ACCEPT,EXACT,AUTO_PASS,,DATASET_LEVEL_VERIFIED,http://creativecommons.org/licenses/by/3.0/,PSELDNets 170-class crosswalk; SELD-Data-Generator _m_01m4t.tsv; FSD50K clip 256898,likely_yes,PRESENT,24000,1,float32,5.000000000,deterministic_center,11.910521542,16.910521542,,active_rms_v1,-21.384055514,-24.000001153,0.420764416,0.311344892,-2.615944486,false,true
PSELD-selected FSD50K:185312,printer,PSELD-selected FSD50K,Printer,185312,fsd50k:185312,PSELD-selected FSD50K:fsd50k:185312,/home/leiyuxin/soundspaces/source_assets/clsdoa_v1/raw/pseld_fsd50k/extracted_audio/FSD50K.eval_audio/185312.wav,/home/leiyuxin/soundspaces/source_assets/clsdoa_v1/prepared/source_pool_pilot_001/wav/printer/fsd50k__185312.wav,wav/printer/fsd50k__185312.wav,ef50c29bdde0ae427f814cfe2898e35f62dd080cb48510bffc6250fe168d8eec,c566dc96324a2232c158b9215d6b4a5856b13ce84ba539e172247931c2b143ea,15adf6f4981d323f2df534372bc612fd3f2445993a8b7e97195aedad47419721,train,clsdoa_source_split_v2_stratified,ACCEPT,EXACT,AUTO_PASS,,DATASET_LEVEL_VERIFIED,http://creativecommons.org/licenses/by/3.0/,PSELDNets 170-class crosswalk; SELD-Data-Generator _m_01m4t.tsv; FSD50K clip 185312,likely_yes,PRESENT,24000,1,float32,5.000000000,deterministic_center,0.721519274,5.721519274,,active_rms_v1,-46.839432141,-24.000000127,0.017276788,0.239571199,22.839432141,false,true
PSELD-selected FSD50K:232520,printer,PSELD-selected FSD50K,Printer,232520,fsd50k:232520,PSELD-selected FSD50K:fsd50k:232520,/home/leiyuxin/soundspaces/source_assets/clsdoa_v1/raw/pseld_fsd50k/extracted_audio/FSD50K.dev_audio/232520.wav,/home/leiyuxin/soundspaces/source_assets/clsdoa_v1/prepared/source_pool_pilot_001/wav/printer/fsd50k__232520.wav,wav/printer/fsd50k__232520.wav,109ada3dc5fa17278341f97c5ad2226b43108507964bf680c1138059b7b2eb93,ca3d87f3d75c92f7144e59e23688d4ce76b14ba8871b2ee9121c211d00004570,83125aa19284b654e13db8171ce487d305a64162dd7e8b39bf71fa8eaa503c7d,train,clsdoa_source_split_v2_stratified,ACCEPT,EXACT,AUTO_PASS,,DATASET_LEVEL_VERIFIED,http://creativecommons.org/publicdomain/zero/1.0/,PSELDNets 170-class crosswalk; SELD-Data-Generator _m_01m4t.tsv; FSD50K clip 232520,likely_yes,PRESENT,24000,1,float32,4.154333333,preserve_full_short_source,0.000000000,4.154308390,,active_rms_v1,-22.857602897,-24.000000127,0.293617457,0.257431686,-1.142397103,false,true
PSELD-selected FSD50K:19335,printer,PSELD-selected FSD50K,Printer,19335,fsd50k:19335,PSELD-selected FSD50K:fsd50k:19335,/home/leiyuxin/soundspaces/source_assets/clsdoa_v1/raw/pseld_fsd50k/extracted_audio/FSD50K.dev_audio/19335.wav,/home/leiyuxin/soundspaces/source_assets/clsdoa_v1/prepared/source_pool_pilot_001/wav/printer/fsd50k__19335.wav,wav/printer/fsd50k__19335.wav,606d12cdbdde16280ddadf077ff8e881f7b157aa7377c4fe9cf82bec1f65b46c,5f12816dd5004d4bdf8c492280997ecf35b841e2d71be6c705fc7d924b3158de,ddd240eac2bdabdc6e65286cf1fc480bb90ff27a58986eda7b680550b43bff55,train,clsdoa_source_split_v2_stratified,ACCEPT,EXACT,AUTO_PASS,,DATASET_LEVEL_VERIFIED,http://creativecommons.org/licenses/by/3.0/,PSELDNets 170-class crosswalk; SELD-Data-Generator _m_01m4t.tsv; FSD50K clip 19335,likely_yes,PRESENT,24000,1,float32,5.000000000,deterministic_center,3.062494331,8.062494331,,active_rms_v1,-23.336114436,-24.000000127,0.416712642,0.386048973,-0.663885564,false,true
PSELD-selected FSD50K:46231,printer,PSELD-selected FSD50K,Printer,46231,fsd50k:46231,PSELD-selected FSD50K:fsd50k:46231,/home/leiyuxin/soundspaces/source_assets/clsdoa_v1/raw/pseld_fsd50k/extracted_audio/FSD50K.dev_audio/46231.wav,/home/leiyuxin/soundspaces/source_assets/clsdoa_v1/prepared/source_pool_pilot_001/wav/printer/fsd50k__46231.wav,wav/printer/fsd50k__46231.wav,279754c0e546fb2aa7646a6062c22d79ffade257eb1201c9c573f43363f3ef6d,b18f307949f12b7dc6d72c87dedd74cf495d433b24f894a460a8cde41f7c63a7,f086634c9d3f4a5e03f001cbec2840cd8da35c6c1027d078768f1c5d84856acc,train,clsdoa_source_split_v2_stratified,ACCEPT,EXACT,AUTO_PASS,,DATASET_LEVEL_VERIFIED,http://creativecommons.org/licenses/by/3.0/,PSELDNets 170-class crosswalk; SELD-Data-Generator _m_01m4t.tsv; FSD50K clip 46231,likely_yes,PRESENT,24000,1,float32,5.000000000,deterministic_center,9.960408163,14.960408163,,active_rms_v1,-28.971280204,-24.000000127,0.222222283,0.393868834,4.971280204,false,true
PSELD-selected FSD50K:388404,printer,PSELD-selected FSD50K,Printer,388404,fsd50k:388404,PSELD-selected FSD50K:fsd50k:388404,/home/leiyuxin/soundspaces/source_assets/clsdoa_v1/raw/pseld_fsd50k/extracted_audio/FSD50K.eval_audio/388404.wav,/home/leiyuxin/soundspaces/source_assets/clsdoa_v1/prepared/source_pool_pilot_001/wav/printer/fsd50k__388404.wav,wav/printer/fsd50k__388404.wav,7e6caa61b960d98f84493715ee313b1ffd4a4d21f81a293c99397d43a488fdb1,abde24cca4ba5c8746637b0e1818d07ed48e70305faafadd0a698e34fbafa1b6,6d9e3eb89bd0fa6b8cc485c9a3c95be54b3183c8b39b34c70bc35189693711dc,train,clsdoa_source_split_v2_stratified,ACCEPT,EXACT,AUTO_PASS,,DATASET_LEVEL_VERIFIED,http://creativecommons.org/licenses/by/3.0/,PSELDNets 170-class crosswalk; SELD-Data-Generator _m_01m4t.tsv; FSD50K clip 388404,likely_yes,PRESENT,24000,1,float32,5.000000000,deterministic_center,6.724829932,11.724829932,,active_rms_v1,-22.252059079,-24.000000127,0.452796817,0.370259583,-1.747940921,false,true
PSELD-selected FSD50K:377081,printer,PSELD-selected FSD50K,Printer,377081,fsd50k:377081,PSELD-selected FSD50K:fsd50k:377081,/home/leiyuxin/soundspaces/source_assets/clsdoa_v1/raw/pseld_fsd50k/extracted_audio/FSD50K.eval_audio/377081.wav,/home/leiyuxin/soundspaces/source_assets/clsdoa_v1/prepared/source_pool_pilot_001/wav/printer/fsd50k__377081.wav,wav/printer/fsd50k__377081.wav,3bd55bead4d19fd799b4bec373f7c02bd8d45cc535a52d55a55dc535941ea52e,bbfe8896a6ef3faff123e4be7c9a5d93efd3ebd77d2d9b01511ed542bcdeeb60,f1f54d03cc79f2912f298aa2887406b8d519a8474f730c940c64a66bdd38ede5,train,clsdoa_source_split_v2_stratified,ACCEPT,EXACT,AUTO_PASS,,DATASET_LEVEL_VERIFIED,http://creativecommons.org/publicdomain/zero/1.0/,PSELDNets 170-class crosswalk; SELD-Data-Generator _m_01m4t.tsv; FSD50K clip 377081,likely_yes,PRESENT,24000,1,float32,5.000000000,deterministic_center,9.643333333,14.643333333,,active_rms_v1,-16.864630732,-24.000000127,0.883844376,0.388693541,-7.135369268,false,true
PSELD-selected FSD50K:345054,printer,PSELD-selected FSD50K,Printer,345054,fsd50k:345054,PSELD-selected FSD50K:fsd50k:345054,/home/leiyuxin/soundspaces/source_assets/clsdoa_v1/raw/pseld_fsd50k/extracted_audio/FSD50K.dev_audio/345054.wav,/home/leiyuxin/soundspaces/source_assets/clsdoa_v1/prepared/source_pool_pilot_001/wav/printer/fsd50k__345054.wav,wav/printer/fsd50k__345054.wav,3203afa00e6f769ca4531dc674b02bd5097419a7190457e4306c15678dd3064b,1fd6c9c84775c4524e2fd5a5700fd83c4279fc554f1c61814b10952158729872,83330f99497eb4bdb20b7006b06f6f13a4b6aec71adeeb90ecb3151ff23858a6,train,clsdoa_source_split_v2_stratified,ACCEPT,EXACT,AUTO_PASS,,DATASET_LEVEL_VERIFIED,http://creativecommons.org/publicdomain/zero/1.0/,PSELDNets 170-class crosswalk; SELD-Data-Generator _m_01m4t.tsv; FSD50K clip 345054,likely_yes,PRESENT,24000,1,float32,5.000000000,deterministic_center,1.999024943,6.999024943,,active_rms_v1,-19.136259090,-24.000000127,0.455460221,0.260173708,-4.863740910,false,true
PSELD-selected FSD50K:31987,printer,PSELD-selected FSD50K,Printer,31987,fsd50k:31987,PSELD-selected FSD50K:fsd50k:31987,/home/leiyuxin/soundspaces/source_assets/clsdoa_v1/raw/pseld_fsd50k/extracted_audio/FSD50K.eval_audio/31987.wav,/home/leiyuxin/soundspaces/source_assets/clsdoa_v1/prepared/source_pool_pilot_001/wav/printer/fsd50k__31987.wav,wav/printer/fsd50k__31987.wav,fbc1b67970e0362d52f7d06c4bebf791d23eabaeb1da3b98d4a23658e94974f8,6f9368b28328b2c0dbc4207c9660acb8842a6b427e319cea4186c7daec8922b5,bb320951eac572cd6c2314020ea88aae10e4ed84252357898488dcbd4bd9f5d1,test,clsdoa_source_split_v2_stratified,ACCEPT,EXACT,AUTO_PASS,,DATASET_LEVEL_VERIFIED,http://creativecommons.org/licenses/by/3.0/,PSELDNets 170-class crosswalk; SELD-Data-Generator _m_01m4t.tsv; FSD50K clip 31987,likely_yes,PRESENT,24000,1,float32,5.000000000,deterministic_center,5.282244898,10.282244898,,active_rms_v1,-10.314168511,-24.000000127,1.022794843,0.211590871,-13.685831489,false,true
PSELD-selected FSD50K:217181,printer,PSELD-selected FSD50K,Printer,217181,fsd50k:217181,PSELD-selected FSD50K:fsd50k:217181,/home/leiyuxin/soundspaces/source_assets/clsdoa_v1/raw/pseld_fsd50k/extracted_audio/FSD50K.eval_audio/217181.wav,/home/leiyuxin/soundspaces/source_assets/clsdoa_v1/prepared/source_pool_pilot_001/wav/printer/fsd50k__217181.wav,wav/printer/fsd50k__217181.wav,4f6a24938c60cb993808df18c113c996279fc596431ccdb1936d48d683bede8c,df4ff6c7796b82e28d78acc3555f56d8a500c0368dbcb76bbe51428d5d91871a,6a7ab89d15e2ebaa783c962d3c4d7916d7c759b733fa5cbbe59c734262d4a332,val,clsdoa_source_split_v2_stratified,ACCEPT,EXACT,AUTO_PASS,,DATASET_LEVEL_VERIFIED,http://creativecommons.org/publicdomain/zero/1.0/,PSELDNets 170-class crosswalk; SELD-Data-Generator _m_01m4t.tsv; FSD50K clip 217181,likely_yes,PRESENT,24000,1,float32,5.000000000,deterministic_center,3.610498866,8.610498866,,active_rms_v1,-20.982295516,-24.000000127,0.395630181,0.279514402,-3.017704484,false,true
PSELD-selected FSD50K:345057,printer,PSELD-selected FSD50K,Printer,345057,fsd50k:345057,PSELD-selected FSD50K:fsd50k:345057,/home/leiyuxin/soundspaces/source_assets/clsdoa_v1/raw/pseld_fsd50k/extracted_audio/FSD50K.dev_audio/345057.wav,/home/leiyuxin/soundspaces/source_assets/clsdoa_v1/prepared/source_pool_pilot_001/wav/printer/fsd50k__345057.wav,wav/printer/fsd50k__345057.wav,ad6908bfb922d039cd7b60b7ccf4e8af96b2f9fbebca0dabdd2e0c2805f54fc0,0d498751e881b3ab22c72a7ca6f4413b2a7bf033d823247dd4f5ee76aa0da006,82d212bc56cea926dbf7859854d5aabfc54e2a3cbd98d4494fabb08f3cce31b2,train,clsdoa_source_split_v2_stratified,ACCEPT,EXACT,AUTO_PASS,,DATASET_LEVEL_VERIFIED,http://creativecommons.org/publicdomain/zero/1.0/,PSELDNets 170-class crosswalk; SELD-Data-Generator _m_01m4t.tsv; FSD50K clip 345057,likely_yes,PRESENT,24000,1,float32,5.000000000,deterministic_center,1.175736961,6.175736961,,active_rms_v1,-19.078510893,-24.000000127,0.459478259,0.260729700,-4.921489107,false,true
PSELD-selected FSD50K:345055,printer,PSELD-selected FSD50K,Printer,345055,fsd50k:345055,PSELD-selected FSD50K:fsd50k:345055,/home/leiyuxin/soundspaces/source_assets/clsdoa_v1/raw/pseld_fsd50k/extracted_audio/FSD50K.dev_audio/345055.wav,/home/leiyuxin/soundspaces/source_assets/clsdoa_v1/prepared/source_pool_pilot_001/wav/printer/fsd50k__345055.wav,wav/printer/fsd50k__345055.wav,bdaca5ecd573df19f8495fa9f2608739127df3a369b451998b94aba65c3ebe06,e1c9a2b0edbf3456e3ff8f9e79ad24e10393e0ffdc46aaf48e09468413fb9c7f,5cf63f9aa624be4eda56efca220fb252b48e811f3d33990b94d6400c6a9b212b,train,clsdoa_source_split_v2_stratified,ACCEPT,EXACT,AUTO_PASS,,DATASET_LEVEL_VERIFIED,http://creativecommons.org/publicdomain/zero/1.0/,PSELDNets 170-class crosswalk; SELD-Data-Generator _m_01m4t.tsv; FSD50K clip 345055,likely_yes,PRESENT,24000,1,float32,5.000000000,deterministic_center,0.887732426,5.887732426,,active_rms_v1,-18.662781689,-23.999999102,0.456023484,0.246675655,-5.337218311,false,true
PSELD-selected FSD50K:383879,printer,PSELD-selected FSD50K,Printer,383879,fsd50k:383879,PSELD-selected FSD50K:fsd50k:383879,/home/leiyuxin/soundspaces/source_assets/clsdoa_v1/raw/pseld_fsd50k/extracted_audio/FSD50K.eval_audio/383879.wav,/home/leiyuxin/soundspaces/source_assets/clsdoa_v1/prepared/source_pool_pilot_001/wav/printer/fsd50k__383879.wav,wav/printer/fsd50k__383879.wav,81f88ad7cf75af7e1fb80678787eb914c805573ce2bb8f1ff72f9a9c35e8f6fa,e34fe3b6c28a3cf51d2fdfcce8a990ac172972bba0e0dfab5b5fd98aca874288,7f6fc494f6aa43e7a6606233c04952c0b6ebc8d3d096257c19ea1e4038f0c2ba,val,clsdoa_source_split_v2_stratified,ACCEPT,EXACT,AUTO_PASS,,DATASET_LEVEL_VERIFIED,http://creativecommons.org/publicdomain/zero/1.0/,PSELDNets 170-class crosswalk; SELD-Data-Generator _m_01m4t.tsv; FSD50K clip 383879,likely_yes,PRESENT,24000,1,float32,5.000000000,deterministic_center,5.520839002,10.520839002,,active_rms_v1,-30.103219600,-24.000000127,0.165827975,0.334825695,6.103219600,false,true
PSELD-selected FSD50K:235249,printer,PSELD-selected FSD50K,Printer,235249,fsd50k:235249,PSELD-selected FSD50K:fsd50k:235249,/home/leiyuxin/soundspaces/source_assets/clsdoa_v1/raw/pseld_fsd50k/extracted_audio/FSD50K.dev_audio/235249.wav,/home/leiyuxin/soundspaces/source_assets/clsdoa_v1/prepared/source_pool_pilot_001/wav/printer/fsd50k__235249.wav,wav/printer/fsd50k__235249.wav,e1b08fc829b6664d05d6e9e5a917c68f58db22ebc074140b3514e15c3369abfd,c1c8e3cb4bc3b0d5b70def00512122cc4fbfe2dad9ec8b5c8de744ada59f7804,748c99098c458da56a976832b85d97fec6fae1bb29ced61ceacd33edd9df699d,train,clsdoa_source_split_v2_stratified,ACCEPT,EXACT,AUTO_PASS,,DATASET_LEVEL_VERIFIED,http://creativecommons.org/publicdomain/zero/1.0/,PSELDNets 170-class crosswalk; SELD-Data-Generator _m_01m4t.tsv; FSD50K clip 235249,likely_yes,PRESENT,24000,1,float32,5.000000000,deterministic_center,4.636371882,9.636371882,,active_rms_v1,-35.398841802,-24.000001153,0.101061031,0.375427276,11.398841802,false,true
PSELD-selected FSD50K:130055,printer,PSELD-selected FSD50K,Printer,130055,fsd50k:130055,PSELD-selected FSD50K:fsd50k:130055,/home/leiyuxin/soundspaces/source_assets/clsdoa_v1/raw/pseld_fsd50k/extracted_audio/FSD50K.dev_audio/130055.wav,/home/leiyuxin/soundspaces/source_assets/clsdoa_v1/prepared/source_pool_pilot_001/wav/printer/fsd50k__130055.wav,wav/printer/fsd50k__130055.wav,1541c60ca8123276e143362146cf883d7dc071492a73eedb374328640910f5c8,076fd315e5890f37d2adbeeb54af36f9b96fd07b8142a998b7ff832ed36a31d2,93b37872300c7de5fec11def32b504a0007ac0322460ba2fd30f4bf17399f9ef,train,clsdoa_source_split_v2_stratified,ACCEPT,EXACT,AUTO_PASS,,DATASET_LEVEL_VERIFIED,http://creativecommons.org/licenses/by-nc/3.0/,PSELDNets 170-class crosswalk; SELD-Data-Generator _m_01m4t.tsv; FSD50K clip 130055,likely_yes,PRESENT,24000,1,float32,5.000000000,deterministic_center,8.706031746,13.706031746,,active_rms_v1,-21.694914000,-24.000000127,0.385751694,0.295837700,-2.305086000,false,true
PSELD-selected FSD50K:145266,printer,PSELD-selected FSD50K,Printer,145266,fsd50k:145266,PSELD-selected FSD50K:fsd50k:145266,/home/leiyuxin/soundspaces/source_assets/clsdoa_v1/raw/pseld_fsd50k/extracted_audio/FSD50K.dev_audio/145266.wav,/home/leiyuxin/soundspaces/source_assets/clsdoa_v1/prepared/source_pool_pilot_001/wav/printer/fsd50k__145266.wav,wav/printer/fsd50k__145266.wav,29c2de15b4dca0832dd7353162397f50553544ffa9f439881fcea61449e81e5e,dda8728ca62faec271274b6d08f19dec945765b21c94f1caa72e2bdc6bcd011e,fc912fb15e86b5399ab64711d0bf2616ae2d7088aae727ee0bc7278a262d3ffc,train,clsdoa_source_split_v2_stratified,ACCEPT,EXACT,AUTO_PASS,,DATASET_LEVEL_VERIFIED,http://creativecommons.org/publicdomain/zero/1.0/,PSELDNets 170-class crosswalk; SELD-Data-Generator _m_01m4t.tsv; FSD50K clip 145266,likely_yes,PRESENT,24000,1,float32,5.000000000,deterministic_center,5.449251701,10.449251701,,active_rms_v1,-18.443491583,-24.000000127,0.595559359,0.314122945,-5.556508417,false,true
PSELD-selected FSD50K:182894,printer,PSELD-selected FSD50K,Printer,182894,fsd50k:182894,PSELD-selected FSD50K:fsd50k:182894,/home/leiyuxin/soundspaces/source_assets/clsdoa_v1/raw/pseld_fsd50k/extracted_audio/FSD50K.dev_audio/182894.wav,/home/leiyuxin/soundspaces/source_assets/clsdoa_v1/prepared/source_pool_pilot_001/wav/printer/fsd50k__182894.wav,wav/printer/fsd50k__182894.wav,9504302bc2606ceceec53d02ec28a6791d10764a3cc41661e4608a12ffa5956c,42eb12d08d11072f1c59d911be60acf1106ede5ce320703f957fc3852e31c304,c3459f889258e3774e516b129ca2cb8671e0a7ee88a8f8a11cb9eea19e73b69e,train,clsdoa_source_split_v2_stratified,ACCEPT,EXACT,AUTO_PASS,,DATASET_LEVEL_VERIFIED,http://creativecommons.org/publicdomain/zero/1.0/,PSELDNets 170-class crosswalk; SELD-Data-Generator _m_01m4t.tsv; FSD50K clip 182894,likely_yes,PRESENT,24000,1,float32,5.000000000,deterministic_center,1.467845805,6.467845805,,active_rms_v1,-16.130253686,-24.000000127,0.663365960,0.268080890,-7.869746314,false,true
PSELD-selected FSD50K:345056,printer,PSELD-selected FSD50K,Printer,345056,fsd50k:345056,PSELD-selected FSD50K:fsd50k:345056,/home/leiyuxin/soundspaces/source_assets/clsdoa_v1/raw/pseld_fsd50k/extracted_audio/FSD50K.dev_audio/345056.wav,/home/leiyuxin/soundspaces/source_assets/clsdoa_v1/prepared/source_pool_pilot_001/wav/printer/fsd50k__345056.wav,wav/printer/fsd50k__345056.wav,dd9cb7856f095ca893ded85d08085a185ebf899b33f5add826949c0d8bb6de13,73b68b9877fafcd847623837441d1547036e446e0ba43dbda8785967582be577,854809841539a5cf6252a738c2f4242c2414af68e22ce4b23e099c5cf5409b44,train,clsdoa_source_split_v2_stratified,ACCEPT,EXACT,AUTO_PASS,,DATASET_LEVEL_VERIFIED,http://creativecommons.org/publicdomain/zero/1.0/,PSELDNets 170-class crosswalk; SELD-Data-Generator _m_01m4t.tsv; FSD50K clip 345056,likely_yes,PRESENT,24000,1,float32,5.000000000,deterministic_center,0.320204082,5.320204082,,active_rms_v1,-18.817951443,-24.000001153,0.466396719,0.256834298,-5.182048557,false,true
PSELD-selected FSD50K:212038,printer,PSELD-selected FSD50K,Printer,212038,fsd50k:212038,PSELD-selected FSD50K:fsd50k:212038,/home/leiyuxin/soundspaces/source_assets/clsdoa_v1/raw/pseld_fsd50k/extracted_audio/FSD50K.eval_audio/212038.wav,/home/leiyuxin/soundspaces/source_assets/clsdoa_v1/prepared/source_pool_pilot_001/wav/printer/fsd50k__212038.wav,wav/printer/fsd50k__212038.wav,1bdc00f41c8f700efa60df39e161e533deb6acb941bbd0f7b29cc22fc1273b23,c98d768a0e18628b19fb059c910798e62b5d9dceabc59e0977b660e039375863,3fa20171878c26548986c3962752d881a7413528cc84679ae0a902da31ed2083,train,clsdoa_source_split_v2_stratified,ACCEPT,EXACT,AUTO_PASS,,DATASET_LEVEL_VERIFIED,http://creativecommons.org/publicdomain/zero/1.0/,PSELDNets 170-class crosswalk; SELD-Data-Generator _m_01m4t.tsv; FSD50K clip 212038,likely_yes,PRESENT,24000,1,float32,5.000000000,deterministic_center,8.881315193,13.881315193,,active_rms_v1,-26.907838147,-23.999999102,0.226011828,0.315880686,2.907838147,false,true
PSELD-selected FSD50K:130060,printer,PSELD-selected FSD50K,Printer,130060,fsd50k:130060,PSELD-selected FSD50K:fsd50k:130060,/home/leiyuxin/soundspaces/source_assets/clsdoa_v1/raw/pseld_fsd50k/extracted_audio/FSD50K.dev_audio/130060.wav,/home/leiyuxin/soundspaces/source_assets/clsdoa_v1/prepared/source_pool_pilot_001/wav/printer/fsd50k__130060.wav,wav/printer/fsd50k__130060.wav,30c6452998d4f33938e69abf73e5d7aacdd6f838f67740706853a8685e757732,6d7f821f12dbe40554586d751b8b8913d079e9ea0e397f87bdefba8201365838,ed0c443eb6674856884a4be4563847b22a9382361242172ba0072a8547ad1644,val,clsdoa_source_split_v2_stratified,ACCEPT,EXACT,AUTO_PASS,,DATASET_LEVEL_VERIFIED,http://creativecommons.org/licenses/by-nc/3.0/,PSELDNets 170-class crosswalk; SELD-Data-Generator _m_01m4t.tsv; FSD50K clip 130060,likely_yes,PRESENT,24000,1,float32,5.000000000,deterministic_center,7.050000000,12.050000000,,active_rms_v1,-19.198141182,-24.000000127,0.594755709,0.342172951,-4.801858818,false,true
PSELD-selected FSD50K:153389,printer,PSELD-selected FSD50K,Printer,153389,fsd50k:153389,PSELD-selected FSD50K:fsd50k:153389,/home/leiyuxin/soundspaces/source_assets/clsdoa_v1/raw/pseld_fsd50k/extracted_audio/FSD50K.eval_audio/153389.wav,/home/leiyuxin/soundspaces/source_assets/clsdoa_v1/prepared/source_pool_pilot_001/wav/printer/fsd50k__153389.wav,wav/printer/fsd50k__153389.wav,3db479e82be68f725161bede3fff0174ac938aec172fadade0ce0f64bbc0130d,938b9ee610b58ac4e57d641133de51f68124a61d5e0d8d1fcf02971dc8572efc,61512cd7f372f8e1f2d623816a2cff774a15760ede7a78a241ba7e2bece44f3e,val,clsdoa_source_split_v2_stratified,ACCEPT,EXACT,AUTO_PASS,,DATASET_LEVEL_VERIFIED,http://creativecommons.org/licenses/by/3.0/,PSELDNets 170-class crosswalk; SELD-Data-Generator _m_01m4t.tsv; FSD50K clip 153389,likely_yes,PRESENT,24000,1,float32,5.000000000,deterministic_center,0.540362812,5.540362812,,active_rms_v1,-14.918524253,-23.999999102,1.164484382,0.409317106,-9.081475747,false,true
PSELD-selected FSD50K:320008,printer,PSELD-selected FSD50K,Printer,320008,fsd50k:320008,PSELD-selected FSD50K:fsd50k:320008,/home/leiyuxin/soundspaces/source_assets/clsdoa_v1/raw/pseld_fsd50k/extracted_audio/FSD50K.eval_audio/320008.wav,/home/leiyuxin/soundspaces/source_assets/clsdoa_v1/prepared/source_pool_pilot_001/wav/printer/fsd50k__320008.wav,wav/printer/fsd50k__320008.wav,2ededd3abcc51c2bc11c9bf624aba8369e2a9c05777b21a445f3314c567d45bb,36e1fa8b5962455d0f7cae4add0179912054d392959c1aab9a21181220f823a8,d3cc584c4d6770a6c2a11720b4a9d0e0635b8f561a7bc133eb51e019b0600664,test,clsdoa_source_split_v2_stratified,ACCEPT,EXACT,AUTO_PASS,,DATASET_LEVEL_VERIFIED,http://creativecommons.org/publicdomain/zero/1.0/,PSELDNets 170-class crosswalk; SELD-Data-Generator _m_01m4t.tsv; FSD50K clip 320008,likely_yes,PRESENT,24000,1,float32,5.000000000,deterministic_center,7.191428571,12.191428571,,active_rms_v1,-17.445614747,-24.000000127,0.673105180,0.316492677,-6.554385253,false,true
DESED isolated foreground:367689,running_water,DESED isolated foreground,Running_water,367689,desed:train:367689,DESED:367689,/home/leiyuxin/soundspaces/source_assets/clsdoa_v1/raw/desed/extracted/audio/train/soundbank/foreground/Running_water/367689_1.wav,/home/leiyuxin/soundspaces/source_assets/clsdoa_v1/prepared/source_pool_pilot_001/wav/running_water/desed__train__367689.wav,wav/running_water/desed__train__367689.wav,247443ae49ea6e26d9a861e7f5a63e6731f02603d74e70dd535da09c3dd93f31,cbf2f01b6e20ff1a7d2f435c02bae519742c6d11a73342328f50866e0d681ab8,3c43f4e1f98b1c7401f0ee7bbb7a6d7639badbedcc0879b87d893dc2be082925,train,clsdoa_source_split_v2_stratified,ACCEPT,EXACT,AUTO_PASS,,PER_RECORDING_METADATA,http://creativecommons.org/publicdomain/zero/1.0/,DESED_synth_soundbank.tar.gz; audio/train/soundbank/foreground/Running_water/367689_1.wav ; official train license TSV,unknown,PRESENT,24000,1,float32,1.828458333,preserve_full_short_source,0.000000000,1.828458050,,active_rms_v1,-15.986606842,-24.000000127,0.673953891,0.267892480,-8.013393158,false,true
DESED isolated foreground:371615,running_water,DESED isolated foreground,Running_water,371615,desed:eval:371615,DESED:371615,/home/leiyuxin/soundspaces/source_assets/clsdoa_v1/raw/desed/extracted/audio/eval/soundbank/foreground/Running_water/371615_1.wav,/home/leiyuxin/soundspaces/source_assets/clsdoa_v1/prepared/source_pool_pilot_001/wav/running_water/desed__eval__371615.wav,wav/running_water/desed__eval__371615.wav,cd93201b0d61a1b1c162b23783da444b0d29cbfedc6e85958286cb20c2a26d17,69c4185e08b5f1fae82e903c4a27e9df84f4507993e9bac2978c9a1d8c6bc0ca,32811f1748d1b23b55016ce362b05c8595adb2ba6bb04d87eaf5d566e66f2714,train,clsdoa_source_split_v2_stratified,ACCEPT,EXACT,AUTO_PASS,,PER_RECORDING_METADATA,http://creativecommons.org/licenses/by/3.0/,DESED_synth_soundbank.tar.gz; audio/eval/soundbank/foreground/Running_water/371615_1.wav ; official eval license TSV,unknown,PRESENT,24000,1,float32,5.000000000,deterministic_center,0.346938776,5.346938776,,active_rms_v1,-11.278023375,-23.999999102,0.989625275,0.228755713,-12.721976625,false,true
DESED isolated foreground:371817,running_water,DESED isolated foreground,Running_water,371817,desed:train:371817,DESED:371817,/home/leiyuxin/soundspaces/source_assets/clsdoa_v1/raw/desed/extracted/audio/train/soundbank/foreground/Running_water/371817.wav,/home/leiyuxin/soundspaces/source_assets/clsdoa_v1/prepared/source_pool_pilot_001/wav/running_water/desed__train__371817.wav,wav/running_water/desed__train__371817.wav,ec64959677077c514e74c133a179d610e0d19079d1fd707c0a88a12341645846,bcb0456bca81831ca8094826c99ad6efeb0f869b7572712433027f85f392108c,0dc4034884bbbd1366010108d4500eb828d4e7589c9a222df7ad6bf54efd5d71,val,clsdoa_source_split_v2_stratified,ACCEPT,EXACT,AUTO_PASS,,PER_RECORDING_METADATA,http://creativecommons.org/publicdomain/zero/1.0/,DESED_synth_soundbank.tar.gz; audio/train/soundbank/foreground/Running_water/371817.wav ; official train license TSV,unknown,PRESENT,24000,1,float32,5.000000000,deterministic_center,0.344058957,5.344058957,,active_rms_v1,-26.966852342,-24.000000127,0.289635241,0.407562315,2.966852342,false,true
DESED isolated foreground:371918,running_water,DESED isolated foreground,Running_water,371918,desed:eval:371918,DESED:371918,/home/leiyuxin/soundspaces/source_assets/clsdoa_v1/raw/desed/extracted/audio/eval/soundbank/foreground/Running_water/371918.wav,/home/leiyuxin/soundspaces/source_assets/clsdoa_v1/prepared/source_pool_pilot_001/wav/running_water/desed__eval__371918.wav,wav/running_water/desed__eval__371918.wav,6cbc54b401bbdf630b84272f8b1dab76afd8a867c9cb0fa0accf3a725478d729,fe1a69f5b711c197e590807a540db1cc44e829f9ec727edeb880be4d351b6b70,f64b79cdc6b7d98bd868351d08ff32b5a44ed25cc3f1cdb276596e193b74f0c6,val,clsdoa_source_split_v2_stratified,ACCEPT,EXACT,AUTO_PASS,,PER_RECORDING_METADATA,http://creativecommons.org/publicdomain/zero/1.0/,DESED_synth_soundbank.tar.gz; audio/eval/soundbank/foreground/Running_water/371918.wav ; official eval license TSV,unknown,PRESENT,24000,1,float32,5.000000000,deterministic_center,1.142199546,6.142199546,,active_rms_v1,-45.158062948,-24.000000127,0.030523293,0.348766327,21.158062948,false,true
DESED isolated foreground:371920,running_water,DESED isolated foreground,Running_water,371920,desed:eval:371920,DESED:371920,/home/leiyuxin/soundspaces/source_assets/clsdoa_v1/raw/desed/extracted/audio/eval/soundbank/foreground/Running_water/371920_2.wav,/home/leiyuxin/soundspaces/source_assets/clsdoa_v1/prepared/source_pool_pilot_001/wav/running_water/desed__eval__371920.wav,wav/running_water/desed__eval__371920.wav,d819aeac06120bba43c91e982d99d12b7bc473a27c2f7989481dd02e6fa81da7,9649c772d068fbeb3b492f49ba6b9ae6136adf1d2064323e13855ac8ce0a857b,d9f3c94b48441dfccc040ab0396329eed8e3159479c8f95b05052bf89324958e,train,clsdoa_source_split_v2_stratified,ACCEPT,EXACT,AUTO_PASS,,PER_RECORDING_METADATA,http://creativecommons.org/publicdomain/zero/1.0/,DESED_synth_soundbank.tar.gz; audio/eval/soundbank/foreground/Running_water/371920_2.wav ; official eval license TSV,unknown,PRESENT,24000,1,float32,0.676083333,preserve_full_short_source,0.000000000,0.676054422,,active_rms_v1,-33.753455052,-24.000000127,0.101123251,0.310830623,9.753455052,false,true
DESED isolated foreground:405200,running_water,DESED isolated foreground,Running_water,405200,desed:train:405200,DESED:405200,/home/leiyuxin/soundspaces/source_assets/clsdoa_v1/raw/desed/extracted/audio/train/soundbank/foreground/Running_water/405200_1.wav,/home/leiyuxin/soundspaces/source_assets/clsdoa_v1/prepared/source_pool_pilot_001/wav/running_water/desed__train__405200.wav,wav/running_water/desed__train__405200.wav,9e4c2f3c34ba6c2bbc68e0b958e13a278565485ff45d5e8d04cf055b5e4917f4,29f39c6b3b5dd483d2228e5c45edcc1a18efd1cc99ee242c14fe0c41a9a6edcf,2cffc7a60f5e1c52bdfdecad535b9a86268c102332ec3cca5484d245cfd94f1e,train,clsdoa_source_split_v2_stratified,ACCEPT,EXACT,AUTO_PASS,,PER_RECORDING_METADATA,http://creativecommons.org/licenses/by/3.0/,DESED_synth_soundbank.tar.gz; audio/train/soundbank/foreground/Running_water/405200_1.wav ; official train license TSV,unknown,PRESENT,24000,1,float32,2.345375000,preserve_full_short_source,0.000000000,2.345374150,,active_rms_v1,-20.142691248,-24.000001153,0.411803246,0.264134020,-3.857308752,false,true
DESED isolated foreground:406067,running_water,DESED isolated foreground,Running_water,406067,desed:eval:406067,DESED:406067,/home/leiyuxin/soundspaces/source_assets/clsdoa_v1/raw/desed/extracted/audio/eval/soundbank/foreground/Running_water/406067_1.wav,/home/leiyuxin/soundspaces/source_assets/clsdoa_v1/prepared/source_pool_pilot_001/wav/running_water/desed__eval__406067.wav,wav/running_water/desed__eval__406067.wav,9bf05b615876d5c693adc315af88dce74edc4531ae492a1d1e6e6f6daf57b007,f8a0c116a8548d7ca2ffffc3c6bcf3fb50f1828d81a78b91264ee9eec5057e63,fe827e28f526557743de6fb4072b8de726c5d840aa6f15742cb67478c2f994da,train,clsdoa_source_split_v2_stratified,ACCEPT,EXACT,AUTO_PASS,,PER_RECORDING_METADATA,http://creativecommons.org/publicdomain/zero/1.0/,DESED_synth_soundbank.tar.gz; audio/eval/soundbank/foreground/Running_water/406067_1.wav ; official eval license TSV,unknown,PRESENT,24000,1,float32,2.554125000,preserve_full_short_source,0.000000000,2.554104308,,active_rms_v1,-35.606131495,-24.000000127,0.091475710,0.348026544,11.606131495,false,true
DESED isolated foreground:406230,running_water,DESED isolated foreground,Running_water,406230,desed:eval:406230,DESED:406230,/home/leiyuxin/soundspaces/source_assets/clsdoa_v1/raw/desed/extracted/audio/eval/soundbank/foreground/Running_water/406230.wav,/home/leiyuxin/soundspaces/source_assets/clsdoa_v1/prepared/source_pool_pilot_001/wav/running_water/desed__eval__406230.wav,wav/running_water/desed__eval__406230.wav,dfa03d49a0da18349f2bbe5b31a5f55d1c69619c4174e963d72d47a8261ad2bb,e8a81b4dec3cbb8c2dc1e546de4bd355d551ef8c56fe3e39849ae287653c8ec8,c4dee1d135b1aac2c21eb09f8cbb4a8c6f39ff2af35861fe4d82d8fcfdac7d09,test,clsdoa_source_split_v2_stratified,ACCEPT,EXACT,AUTO_PASS,,PER_RECORDING_METADATA,http://creativecommons.org/publicdomain/zero/1.0/,DESED_synth_soundbank.tar.gz; audio/eval/soundbank/foreground/Running_water/406230.wav ; official eval license TSV,unknown,PRESENT,24000,1,float32,5.000000000,deterministic_center,1.910476190,6.910476190,,active_rms_v1,-36.337205277,-24.000001153,0.082442045,0.341199994,12.337205277,false,true
DESED isolated foreground:408296,running_water,DESED isolated foreground,Running_water,408296,desed:train:408296,DESED:408296,/home/leiyuxin/soundspaces/source_assets/clsdoa_v1/raw/desed/extracted/audio/train/soundbank/foreground/Running_water/408296_1.wav,/home/leiyuxin/soundspaces/source_assets/clsdoa_v1/prepared/source_pool_pilot_001/wav/running_water/desed__train__408296.wav,wav/running_water/desed__train__408296.wav,ff89338aba79070b6baf3dcbc14d557261b2ac91c6da0006da9da30525fb7662,626da964a75f613b4228812ace79a7609c496396203ca286eabaed80d280d641,860fc1001045551a5b91e19d0066364daf27ae0a92cfc2c414c342adb3eaa3a5,val,clsdoa_source_split_v2_stratified,ACCEPT,EXACT,AUTO_PASS,,PER_RECORDING_METADATA,http://creativecommons.org/licenses/by/3.0/,DESED_synth_soundbank.tar.gz; audio/train/soundbank/foreground/Running_water/408296_1.wav ; official train license TSV,unknown,PRESENT,24000,1,float32,5.000000000,deterministic_center,5.786575964,10.786575964,,active_rms_v1,-23.723894181,-23.999999102,0.408762902,0.395973563,-0.276105819,false,true
DESED isolated foreground:408304,running_water,DESED isolated foreground,Running_water,408304,desed:train:408304,DESED:408304,/home/leiyuxin/soundspaces/source_assets/clsdoa_v1/raw/desed/extracted/audio/train/soundbank/foreground/Running_water/408304_1.wav,/home/leiyuxin/soundspaces/source_assets/clsdoa_v1/prepared/source_pool_pilot_001/wav/running_water/desed__train__408304.wav,wav/running_water/desed__train__408304.wav,63654fea58e1f1a29aa39936ab71d96c3d528504bd6a0a7b61d236fcc273d3e0,d3f17e00e4d2b288331d98ca0b35578429c16ec4c128718e1d8f1d3c8f137dc1,e11604680e7fd4bc7b83adbca4a499e5fbe4d8121e867110d37683e368b273c0,train,clsdoa_source_split_v2_stratified,ACCEPT,EXACT,AUTO_PASS,,PER_RECORDING_METADATA,http://creativecommons.org/licenses/by/3.0/,DESED_synth_soundbank.tar.gz; audio/train/soundbank/foreground/Running_water/408304_1.wav ; official train license TSV,unknown,PRESENT,24000,1,float32,5.000000000,deterministic_center,4.921587302,9.921587302,,active_rms_v1,-23.731955786,-23.999999102,0.248293117,0.240747884,-0.268044214,false,true
DESED isolated foreground:408305,running_water,DESED isolated foreground,Running_water,408305,desed:train:408305,DESED:408305,/home/leiyuxin/soundspaces/source_assets/clsdoa_v1/raw/desed/extracted/audio/train/soundbank/foreground/Running_water/408305_1.wav,/home/leiyuxin/soundspaces/source_assets/clsdoa_v1/prepared/source_pool_pilot_001/wav/running_water/desed__train__408305.wav,wav/running_water/desed__train__408305.wav,c990b4b07a44951e4914895d2407ba33cbf0294381ffae8e6bda28ca78040d2f,ea2cb8704c13bd662513d2455eb5d209869d9894cf87afc762a76681822a6a31,8408fd46e00221e992a9ac629825a96be56bb93cda379a376e40117ac400a621,train,clsdoa_source_split_v2_stratified,ACCEPT,EXACT,AUTO_PASS,,PER_RECORDING_METADATA,http://creativecommons.org/licenses/by/3.0/,DESED_synth_soundbank.tar.gz; audio/train/soundbank/foreground/Running_water/408305_1.wav ; official train license TSV,unknown,PRESENT,24000,1,float32,5.000000000,deterministic_center,7.366122449,12.366122449,,active_rms_v1,-30.902701459,-24.000000127,0.145444915,0.321983486,6.902701459,false,true
DESED isolated foreground:408348,running_water,DESED isolated foreground,Running_water,408348,desed:eval:408348,DESED:408348,/home/leiyuxin/soundspaces/source_assets/clsdoa_v1/raw/desed/extracted/audio/eval/soundbank/foreground/Running_water/408348_1.wav,/home/leiyuxin/soundspaces/source_assets/clsdoa_v1/prepared/source_pool_pilot_001/wav/running_water/desed__eval__408348.wav,wav/running_water/desed__eval__408348.wav,b72ff6b1d2883a3c27f56632671d22defaca2d2ee450de03893666c119b358da,1ec8014e5bfc18ac1784902ba88d0be3854e42905de475f9f1dfed80e65e1578,49f2cf866328b42c27eabf19e498f0beaca04f0f8c2de338929d4ca2add4c8ec,train,clsdoa_source_split_v2_stratified,ACCEPT,EXACT,AUTO_PASS,,PER_RECORDING_METADATA,http://creativecommons.org/licenses/by-nc/3.0/,DESED_synth_soundbank.tar.gz; audio/eval/soundbank/foreground/Running_water/408348_1.wav ; official eval license TSV,unknown,PRESENT,24000,1,float32,5.000000000,deterministic_center,4.814988662,9.814988662,,active_rms_v1,-30.747589492,-24.000000127,0.159179837,0.346152544,6.747589492,false,true
DESED isolated foreground:408714,running_water,DESED isolated foreground,Running_water,408714,desed:train:408714,DESED:408714,/home/leiyuxin/soundspaces/source_assets/clsdoa_v1/raw/desed/extracted/audio/train/soundbank/foreground/Running_water/408714_1.wav,/home/leiyuxin/soundspaces/source_assets/clsdoa_v1/prepared/source_pool_pilot_001/wav/running_water/desed__train__408714.wav,wav/running_water/desed__train__408714.wav,3af8d50ad382e0f48ff970668ce88b7c216a56163a601380442d589481559f27,54e323540c66149a21ef034e477e7229b2d156b9cffa2389311790da89d04767,361210f0a813b2b47c45fb75503b0fe41279144d8230ed942baf5d78758f0fe0,train,clsdoa_source_split_v2_stratified,ACCEPT,EXACT,AUTO_PASS,,PER_RECORDING_METADATA,http://creativecommons.org/licenses/by-nc/3.0/,DESED_synth_soundbank.tar.gz; audio/train/soundbank/foreground/Running_water/408714_1.wav ; official train license TSV,unknown,PRESENT,24000,1,float32,4.269583333,preserve_full_short_source,0.000000000,4.269569161,,active_rms_v1,-36.533547032,-24.000000127,0.073101863,0.309460908,12.533547032,false,true
DESED isolated foreground:413295,running_water,DESED isolated foreground,Running_water,413295,desed:train:413295,DESED:413295,/home/leiyuxin/soundspaces/source_assets/clsdoa_v1/raw/desed/extracted/audio/train/soundbank/foreground/Running_water/413295_1.wav,/home/leiyuxin/soundspaces/source_assets/clsdoa_v1/prepared/source_pool_pilot_001/wav/running_water/desed__train__413295.wav,wav/running_water/desed__train__413295.wav,78cf7e2113afc30398ab24dc2c959b715627f59448d05237e445e58d64de1995,84f31520b6558b28febc91a39ab71b97b1cc63e5e51ea9aa84064ad07c7577ff,db9a7467a76af4b40377e8f5a9902855b6717fba370aac598e061f141f880d4a,train,clsdoa_source_split_v2_stratified,ACCEPT,EXACT,AUTO_PASS,,PER_RECORDING_METADATA,http://creativecommons.org/publicdomain/zero/1.0/,DESED_synth_soundbank.tar.gz; audio/train/soundbank/foreground/Running_water/413295_1.wav ; official train license TSV,unknown,PRESENT,24000,1,float32,5.000000000,deterministic_center,0.635260771,5.635260771,,active_rms_v1,-21.641036990,-24.000000127,0.442164898,0.337004840,-2.358963010,false,true
DESED isolated foreground:41634,running_water,DESED isolated foreground,Running_water,41634,desed:eval:41634,DESED:41634,/home/leiyuxin/soundspaces/source_assets/clsdoa_v1/raw/desed/extracted/audio/eval/soundbank/foreground/Running_water/41634.wav,/home/leiyuxin/soundspaces/source_assets/clsdoa_v1/prepared/source_pool_pilot_001/wav/running_water/desed__eval__41634.wav,wav/running_water/desed__eval__41634.wav,b4f31c0c04da410d8f565639a1b7a5e731cb5b17f8e3d092c06f3f05131c4287,4198f847b03b9b3e0a47629737bd2735f1b75d0ddce0fbabdc2291b1e31a2ff3,330a4f18d9f62461ab953ab6d4122db4a21b07b6d0ba1d21ece44b50f1d7c21f,train,clsdoa_source_split_v2_stratified,ACCEPT,EXACT,AUTO_PASS,,PER_RECORDING_METADATA,http://creativecommons.org/licenses/by/3.0/,DESED_synth_soundbank.tar.gz; audio/eval/soundbank/foreground/Running_water/41634.wav ; official eval license TSV,unknown,PRESENT,24000,1,float32,1.209583333,preserve_full_short_source,0.000000000,1.209569161,,active_rms_v1,-30.827852892,-23.999999102,0.159174949,0.349355340,6.827852892,false,true
DESED isolated foreground:418017,running_water,DESED isolated foreground,Running_water,418017,desed:train:418017,DESED:418017,/home/leiyuxin/soundspaces/source_assets/clsdoa_v1/raw/desed/extracted/audio/train/soundbank/foreground/Running_water/418017_1.wav,/home/leiyuxin/soundspaces/source_assets/clsdoa_v1/prepared/source_pool_pilot_001/wav/running_water/desed__train__418017.wav,wav/running_water/desed__train__418017.wav,b491fafa2638ea0e7a0c87131a22846c336cf3c824ace53cb99f867dc19dc2d7,56361b47bee3cafee0b7f3b661b45f3ea2a958dc5ead6b8e15e31b140a3ccfb6,0fc697340f508106ec4381d8dc0bc93921eefee1f78f35e1cbb2daea4d578cc3,test,clsdoa_source_split_v2_stratified,ACCEPT,EXACT,AUTO_PASS,,PER_RECORDING_METADATA,http://creativecommons.org/publicdomain/zero/1.0/,DESED_synth_soundbank.tar.gz; audio/train/soundbank/foreground/Running_water/418017_1.wav ; official train license TSV,unknown,PRESENT,24000,1,float32,5.000000000,deterministic_center,7.266938776,12.266938776,,active_rms_v1,-35.063007496,-24.000000127,0.122154869,0.436577290,11.063007496,false,true
DESED isolated foreground:418018,running_water,DESED isolated foreground,Running_water,418018,desed:train:418018,DESED:418018,/home/leiyuxin/soundspaces/source_assets/clsdoa_v1/raw/desed/extracted/audio/train/soundbank/foreground/Running_water/418018_1.wav,/home/leiyuxin/soundspaces/source_assets/clsdoa_v1/prepared/source_pool_pilot_001/wav/running_water/desed__train__418018.wav,wav/running_water/desed__train__418018.wav,e124c92f105b105b593ecde2313f852af3b59be6fa158d8bcb05f8f1e2b44869,67801e331e9f26d2f80ec697ff131ebca77c947fed1a84fff32fcf81c3867cf4,fcbc6ce56ce5cece23fbf3405f2d3f745bcb563b49e05d8cd1aed0b13bfbb763,test,clsdoa_source_split_v2_stratified,ACCEPT,EXACT,AUTO_PASS,,PER_RECORDING_METADATA,http://creativecommons.org/publicdomain/zero/1.0/,DESED_synth_soundbank.tar.gz; audio/train/soundbank/foreground/Running_water/418018_1.wav ; official train license TSV,unknown,PRESENT,24000,1,float32,5.000000000,deterministic_center,0.626077098,5.626077098,,active_rms_v1,-20.987900201,-24.000000127,0.503884852,0.356226563,-3.012099799,false,true
DESED isolated foreground:49385,running_water,DESED isolated foreground,Running_water,49385,desed:train:49385,DESED:49385,/home/leiyuxin/soundspaces/source_assets/clsdoa_v1/raw/desed/extracted/audio/train/soundbank/foreground/Running_water/49385_1.wav,/home/leiyuxin/soundspaces/source_assets/clsdoa_v1/prepared/source_pool_pilot_001/wav/running_water/desed__train__49385.wav,wav/running_water/desed__train__49385.wav,2c71e957dfe5b853c827ab93e51126eb708e0b09c2451aa784f6898ff280a6ac,4ee59f3664606181bd2252b189f7b9e5946c9188a12e84748416f2cc5c6f66f1,14dbe93d8bc4f33f862edfc8637cd8143a1674851dee540ff4ca1b4b7873cb31,train,clsdoa_source_split_v2_stratified,ACCEPT,EXACT,AUTO_PASS,,PER_RECORDING_METADATA,http://creativecommons.org/licenses/by/3.0/,DESED_synth_soundbank.tar.gz; audio/train/soundbank/foreground/Running_water/49385_1.wav ; official train license TSV,unknown,PRESENT,24000,1,float32,5.000000000,deterministic_center,1.185759637,6.185759637,,active_rms_v1,-21.863047080,-24.000000127,0.416330606,0.325529754,-2.136952920,false,true
DESED isolated foreground:49538,running_water,DESED isolated foreground,Running_water,49538,desed:eval:49538,DESED:49538,/home/leiyuxin/soundspaces/source_assets/clsdoa_v1/raw/desed/extracted/audio/eval/soundbank/foreground/Running_water/49538_1.wav,/home/leiyuxin/soundspaces/source_assets/clsdoa_v1/prepared/source_pool_pilot_001/wav/running_water/desed__eval__49538.wav,wav/running_water/desed__eval__49538.wav,9956a5e3a7634696978d0d341098b68841cdaa0091b3ebf11156edadf2f05d3c,d4f7c910384a6158bb775553f48564bb73396587150bf9d284c6e9e267a72a1c,b0763c0a847221dad75bb925726f8e9a22448d97e0eab8930e7d2b01e43fa133,val,clsdoa_source_split_v2_stratified,ACCEPT,EXACT,AUTO_PASS,,PER_RECORDING_METADATA,http://creativecommons.org/licenses/sampling+/1.0/,DESED_synth_soundbank.tar.gz; audio/eval/soundbank/foreground/Running_water/49538_1.wav ; official eval license TSV,unknown,PRESENT,24000,1,float32,5.000000000,deterministic_center,1.790748299,6.790748299,,active_rms_v1,-34.670288722,-24.000001153,0.109541684,0.374191433,10.670288722,false,true
DESED isolated foreground:50591,running_water,DESED isolated foreground,Running_water,50591,desed:train:50591,DESED:50591,/home/leiyuxin/soundspaces/source_assets/clsdoa_v1/raw/desed/extracted/audio/train/soundbank/foreground/Running_water/50591_1.wav,/home/leiyuxin/soundspaces/source_assets/clsdoa_v1/prepared/source_pool_pilot_001/wav/running_water/desed__train__50591.wav,wav/running_water/desed__train__50591.wav,bd118737d99026cc467de4efeeccb29c401aaadc15cb50be7bfcea86a84b6335,cffd322216a04294f05099759e27c55b430d97278a94203c6d7013a8dc8c42e0,47a15c40ea7d71516dd19929aebf68c2be889a886b0e1ee6aa9e5e84c76c08d7,train,clsdoa_source_split_v2_stratified,ACCEPT,EXACT,AUTO_PASS,,PER_RECORDING_METADATA,http://creativecommons.org/publicdomain/zero/1.0/,DESED_synth_soundbank.tar.gz; audio/train/soundbank/foreground/Running_water/50591_1.wav ; official train license TSV,unknown,PRESENT,24000,1,float32,5.000000000,deterministic_center,1.451428571,6.451428571,,active_rms_v1,-25.495859298,-23.999999102,0.328040510,0.389691085,1.495859298,false,true
DESED isolated foreground:50630,running_water,DESED isolated foreground,Running_water,50630,desed:train:50630,DESED:50630,/home/leiyuxin/soundspaces/source_assets/clsdoa_v1/raw/desed/extracted/audio/train/soundbank/foreground/Running_water/50630_1.wav,/home/leiyuxin/soundspaces/source_assets/clsdoa_v1/prepared/source_pool_pilot_001/wav/running_water/desed__train__50630.wav,wav/running_water/desed__train__50630.wav,512d56ef40a069a5c7ae24e1ca26de9b2dc6f2efebfa69fe26afdc6ec255700c,90ca64483ec6d17edb613c8a5571ee86c7e36e87d4e798752f6d2bbbaa344890,8cbce67146eb986b9c98e0bd6b9aa79e1ca34a9170b6afb4968a20eef8d2ea18,train,clsdoa_source_split_v2_stratified,ACCEPT,EXACT,AUTO_PASS,,PER_RECORDING_METADATA,http://creativecommons.org/publicdomain/zero/1.0/,DESED_synth_soundbank.tar.gz; audio/train/soundbank/foreground/Running_water/50630_1.wav ; official train license TSV,unknown,PRESENT,24000,1,float32,4.904541667,preserve_full_short_source,0.000000000,4.904512472,,active_rms_v1,-14.862895553,-24.000000127,0.865297198,0.302210867,-9.137104447,false,true
DESED isolated foreground:52068,running_water,DESED isolated foreground,Running_water,52068,desed:train:52068,DESED:52068,/home/leiyuxin/soundspaces/source_assets/clsdoa_v1/raw/desed/extracted/audio/train/soundbank/foreground/Running_water/52068_1.wav,/home/leiyuxin/soundspaces/source_assets/clsdoa_v1/prepared/source_pool_pilot_001/wav/running_water/desed__train__52068.wav,wav/running_water/desed__train__52068.wav,3037b72b019049a11a0f25582eae324c721b3edfeb7d649fc10c4e3d9a929445,7a57746047dfc840c5230bd7a68b8f476761b4c9172796440566af1b60121f70,736a02f6315a597985ab5d9dc148f86b0b121234b623eb1e309a94380780ca11,train,clsdoa_source_split_v2_stratified,ACCEPT,EXACT,AUTO_PASS,,PER_RECORDING_METADATA,http://creativecommons.org/publicdomain/zero/1.0/,DESED_synth_soundbank.tar.gz; audio/train/soundbank/foreground/Running_water/52068_1.wav ; official train license TSV,unknown,PRESENT,24000,1,float32,5.000000000,deterministic_center,4.666122449,9.666122449,,active_rms_v1,-23.099155105,-24.000000127,0.348969132,0.314589888,-0.900844895,false,true
DESED isolated foreground:52152,running_water,DESED isolated foreground,Running_water,52152,desed:train:52152,DESED:52152,/home/leiyuxin/soundspaces/source_assets/clsdoa_v1/raw/desed/extracted/audio/train/soundbank/foreground/Running_water/52152_1.wav,/home/leiyuxin/soundspaces/source_assets/clsdoa_v1/prepared/source_pool_pilot_001/wav/running_water/desed__train__52152.wav,wav/running_water/desed__train__52152.wav,fd43e8864a20af9aaf507a97f2ff3a6af2079187ba453ab07038f0270d9fae5f,7c6c1b3d79cf320e995b89076e64e4c93e9d6ae89dcd699d8108d8caaada7f4e,65854b085494c3a5c4e5cdf59e65998bfbce44965ecb1da6fa451dce7beed273,train,clsdoa_source_split_v2_stratified,ACCEPT,EXACT,AUTO_PASS,,PER_RECORDING_METADATA,http://creativecommons.org/publicdomain/zero/1.0/,DESED_synth_soundbank.tar.gz; audio/train/soundbank/foreground/Running_water/52152_1.wav ; official train license TSV,unknown,PRESENT,24000,1,float32,5.000000000,deterministic_center,4.634376417,9.634376417,,active_rms_v1,-27.805688174,-24.000000127,0.205257118,0.318113893,3.805688174,false,true
DESED isolated foreground:52158,running_water,DESED isolated foreground,Running_water,52158,desed:train:52158,DESED:52158,/home/leiyuxin/soundspaces/source_assets/clsdoa_v1/raw/desed/extracted/audio/train/soundbank/foreground/Running_water/52158_1.wav,/home/leiyuxin/soundspaces/source_assets/clsdoa_v1/prepared/source_pool_pilot_001/wav/running_water/desed__train__52158.wav,wav/running_water/desed__train__52158.wav,6d80fc1ceb3bf97bc50681cba8a6d32f728b30fe01d19834a4c780cac2953855,8710f497bee972db11cacd3a22ee665d413e148802fe2e14620d28b5ac196e6b,dd133d05ee6081524f06425b25cd0e6f5dfab5b28a667657ed8def68abf4d318,train,clsdoa_source_split_v2_stratified,ACCEPT,EXACT,AUTO_PASS,,PER_RECORDING_METADATA,http://creativecommons.org/publicdomain/zero/1.0/,DESED_synth_soundbank.tar.gz; audio/train/soundbank/foreground/Running_water/52158_1.wav ; official train license TSV,unknown,PRESENT,24000,1,float32,5.000000000,deterministic_center,1.307120181,6.307120181,,active_rms_v1,-26.991958883,-24.000000127,0.212561309,0.299972981,2.991958883,false,true
DESED isolated foreground:52644,running_water,DESED isolated foreground,Running_water,52644,desed:train:52644,DESED:52644,/home/leiyuxin/soundspaces/source_assets/clsdoa_v1/raw/desed/extracted/audio/train/soundbank/foreground/Running_water/52644_1.wav,/home/leiyuxin/soundspaces/source_assets/clsdoa_v1/prepared/source_pool_pilot_001/wav/running_water/desed__train__52644.wav,wav/running_water/desed__train__52644.wav,af4b44ad9b7a3bc2286c7a6f19d4276f25cca8f2f8f3d98aca6eb58bd5942ec3,bb4f8a7649ea53b42fb957fc63f26fb0dafac41e7af068317cd589779ab4f45b,6d21c8295b3c51ccba07992f66db1de7a042a32164ef9792925d6add1382b0f7,train,clsdoa_source_split_v2_stratified,ACCEPT,EXACT,AUTO_PASS,,PER_RECORDING_METADATA,http://creativecommons.org/licenses/sampling+/1.0/,DESED_synth_soundbank.tar.gz; audio/train/soundbank/foreground/Running_water/52644_1.wav ; official train license TSV,unknown,PRESENT,24000,1,float32,5.000000000,deterministic_center,2.540521542,7.540521542,,active_rms_v1,-20.958417592,-24.000001153,0.345455021,0.243395403,-3.041582408,false,true
DESED isolated foreground:54276,running_water,DESED isolated foreground,Running_water,54276,desed:train:54276,DESED:54276,/home/leiyuxin/soundspaces/source_assets/clsdoa_v1/raw/desed/extracted/audio/train/soundbank/foreground/Running_water/54276_1.wav,/home/leiyuxin/soundspaces/source_assets/clsdoa_v1/prepared/source_pool_pilot_001/wav/running_water/desed__train__54276.wav,wav/running_water/desed__train__54276.wav,8f847c752804907fa05b9e6ceec43b37e4ba5d7745bf0c066008c8b4d4efa666,4f426596a98b1f5d8cdd8dcb76fa71cfe7c00a89384e2e25ac3e91abc592ab92,6af857dab8a98068f0cccda92e63bccedc367ef4e230c0902ee57577fa2805fd,val,clsdoa_source_split_v2_stratified,ACCEPT,EXACT,AUTO_PASS,,PER_RECORDING_METADATA,http://creativecommons.org/publicdomain/zero/1.0/,DESED_synth_soundbank.tar.gz; audio/train/soundbank/foreground/Running_water/54276_1.wav ; official train license TSV,unknown,PRESENT,24000,1,float32,5.000000000,deterministic_center,0.658934240,5.658934240,,active_rms_v1,-32.552247841,-24.000000127,0.129167154,0.345751852,8.552247841,false,true
DESED isolated foreground:54992,running_water,DESED isolated foreground,Running_water,54992,desed:train:54992,DESED:54992,/home/leiyuxin/soundspaces/source_assets/clsdoa_v1/raw/desed/extracted/audio/train/soundbank/foreground/Running_water/54992_1.wav,/home/leiyuxin/soundspaces/source_assets/clsdoa_v1/prepared/source_pool_pilot_001/wav/running_water/desed__train__54992.wav,wav/running_water/desed__train__54992.wav,f43f7248eb792b0000cafe03a853b3a061d2efaf494da591bb00e7d23e8287e5,600f7362a17e9a14b7a009a1af5718b6c932ff488ef6783766acd7dab9e01792,2bcf76067d3819b4f0bcfdba59fff1b042612d2e2481becb680004405327524b,train,clsdoa_source_split_v2_stratified,ACCEPT,EXACT,AUTO_PASS,,PER_RECORDING_METADATA,http://creativecommons.org/licenses/sampling+/1.0/,DESED_synth_soundbank.tar.gz; audio/train/soundbank/foreground/Running_water/54992_1.wav ; official train license TSV,unknown,PRESENT,24000,1,float32,5.000000000,deterministic_center,9.502267574,14.502267574,,active_rms_v1,-43.436603523,-24.000000127,0.023965210,0.224600866,19.436603523,false,true
DESED isolated foreground:56269,running_water,DESED isolated foreground,Running_water,56269,desed:train:56269,DESED:56269,/home/leiyuxin/soundspaces/source_assets/clsdoa_v1/raw/desed/extracted/audio/train/soundbank/foreground/Running_water/56269_1.wav,/home/leiyuxin/soundspaces/source_assets/clsdoa_v1/prepared/source_pool_pilot_001/wav/running_water/desed__train__56269.wav,wav/running_water/desed__train__56269.wav,e841920cc773f1557ad0c06035a7e0f81a860ed5278a03458c60c4f545dd229d,ca5d76ef7d9ed5453ad46381f987b5de11e0681545c03fc95c0bc1d9abad57d5,181607cf51d017b8bfc4dfbd962ae2ac603947a75385ae8eebb0ed7add976e2e,train,clsdoa_source_split_v2_stratified,ACCEPT,EXACT,AUTO_PASS,,PER_RECORDING_METADATA,http://creativecommons.org/publicdomain/zero/1.0/,DESED_synth_soundbank.tar.gz; audio/train/soundbank/foreground/Running_water/56269_1.wav ; official train license TSV,unknown,PRESENT,24000,1,float32,5.000000000,deterministic_center,2.882312925,7.882312925,,active_rms_v1,-49.278438759,-24.000000127,0.017482711,0.321018994,25.278438759,false,true
DESED isolated foreground:588,running_water,DESED isolated foreground,Running_water,588,desed:eval:588,DESED:588,/home/leiyuxin/soundspaces/source_assets/clsdoa_v1/raw/desed/extracted/audio/eval/soundbank/foreground/Running_water/588_1.wav,/home/leiyuxin/soundspaces/source_assets/clsdoa_v1/prepared/source_pool_pilot_001/wav/running_water/desed__eval__588.wav,wav/running_water/desed__eval__588.wav,2418025b696930370dabce071ac96b60cf2d0c17f3536d76e2fb788339844419,dc0d6bdf67a5225e4ce9c7c1fd105b8ac4ae254803a841066c8eee23411d6102,2469c308e0f6849f34b70ff27167c7096a36acaa6d8df35019fe7081559e329b,train,clsdoa_source_split_v2_stratified,ACCEPT,EXACT,AUTO_PASS,,PER_RECORDING_METADATA,http://creativecommons.org/licenses/by/3.0/,DESED_synth_soundbank.tar.gz; audio/eval/soundbank/foreground/Running_water/588_1.wav ; official eval license TSV,unknown,PRESENT,24000,1,float32,5.000000000,deterministic_center,3.637210884,8.637210884,,active_rms_v1,-30.279333219,-24.000000127,0.138111472,0.284574777,6.279333219,false,true
DESED isolated foreground:589,running_water,DESED isolated foreground,Running_water,589,desed:eval:589,DESED:589,/home/leiyuxin/soundspaces/source_assets/clsdoa_v1/raw/desed/extracted/audio/eval/soundbank/foreground/Running_water/589_1.wav,/home/leiyuxin/soundspaces/source_assets/clsdoa_v1/prepared/source_pool_pilot_001/wav/running_water/desed__eval__589.wav,wav/running_water/desed__eval__589.wav,cf6345152dafb44da60a39061c54034dec7392962070ea9bc73c1b8cf8ed41f3,839a8660f8b0ddd9414a5dae82e39ab852574fae0a0f3af8d1f370fec47ca573,57de8c8ada22a1bce8c44e8c612bc5659c8bf954ca965102c278ba6c07ca8545,train,clsdoa_source_split_v2_stratified,ACCEPT,EXACT,AUTO_PASS,,PER_RECORDING_METADATA,http://creativecommons.org/licenses/by/3.0/,DESED_synth_soundbank.tar.gz; audio/eval/soundbank/foreground/Running_water/589_1.wav ; official eval license TSV,unknown,PRESENT,24000,1,float32,5.000000000,deterministic_center,2.845147392,7.845147392,,active_rms_v1,-18.868564347,-24.000000127,0.664389193,0.368002534,-5.131435653,false,true
DESED isolated foreground:59240,running_water,DESED isolated foreground,Running_water,59240,desed:train:59240,DESED:59240,/home/leiyuxin/soundspaces/source_assets/clsdoa_v1/raw/desed/extracted/audio/train/soundbank/foreground/Running_water/59240_1.wav,/home/leiyuxin/soundspaces/source_assets/clsdoa_v1/prepared/source_pool_pilot_001/wav/running_water/desed__train__59240.wav,wav/running_water/desed__train__59240.wav,5030a0f78d9ff2a0d4c12a739bdd0a4e7e715909ca45dde444294b96af17c2b1,399aba3c4a9bfc5582ed82741fc3203fb5039b22b8e7370806c4cba0e3da60da,5f7a6ea75c3eed2368d01c64c9787f2d495d11f4027ddeed04d6e097f80dd440,test,clsdoa_source_split_v2_stratified,ACCEPT,EXACT,AUTO_PASS,,PER_RECORDING_METADATA,http://creativecommons.org/licenses/by/3.0/,DESED_synth_soundbank.tar.gz; audio/train/soundbank/foreground/Running_water/59240_1.wav ; official train license TSV,unknown,PRESENT,24000,1,float32,5.000000000,deterministic_center,0.726122449,5.726122449,,active_rms_v1,-19.015334777,-23.999999102,0.562690437,0.316983223,-4.984665223,false,true
DESED isolated foreground:60829,running_water,DESED isolated foreground,Running_water,60829,desed:train:60829,DESED:60829,/home/leiyuxin/soundspaces/source_assets/clsdoa_v1/raw/desed/extracted/audio/train/soundbank/foreground/Running_water/60829_1.wav,/home/leiyuxin/soundspaces/source_assets/clsdoa_v1/prepared/source_pool_pilot_001/wav/running_water/desed__train__60829.wav,wav/running_water/desed__train__60829.wav,93ae72eecab8cd81a08db12960090d14d92e37f93a9b22b175860da531e660b6,ca5a183438bce1ab9da985751517eabe9cb98c17562f68687ae73cdc9c031f5c,5e600c2248a614e8c88a311c86da07716d88dd8a6e90d15dd1e412bf87c8c0b0,test,clsdoa_source_split_v2_stratified,ACCEPT,EXACT,AUTO_PASS,,PER_RECORDING_METADATA,http://creativecommons.org/licenses/sampling+/1.0/,DESED_synth_soundbank.tar.gz; audio/train/soundbank/foreground/Running_water/60829_1.wav ; official train license TSV,unknown,PRESENT,24000,1,float32,5.000000000,deterministic_center,3.358344671,8.358344671,,active_rms_v1,-18.818533781,-24.000000127,0.434921026,0.239517421,-5.181466219,false,true
DESED isolated foreground:60830,running_water,DESED isolated foreground,Running_water,60830,desed:train:60830,DESED:60830,/home/leiyuxin/soundspaces/source_assets/clsdoa_v1/raw/desed/extracted/audio/train/soundbank/foreground/Running_water/60830.wav,/home/leiyuxin/soundspaces/source_assets/clsdoa_v1/prepared/source_pool_pilot_001/wav/running_water/desed__train__60830.wav,wav/running_water/desed__train__60830.wav,bc88f00ccc77b1d1fa1f235b652f7f1aa5f18a3b4df836e153f3e656483acab1,e1e4c8e3c6147bce39717ae6743467599d09182a76a9930d31e0f2e5d9c593ae,faccb993863f2cc8173781084a10cc19e0d9b074bd31603476c0b793fbded46a,train,clsdoa_source_split_v2_stratified,ACCEPT,EXACT,AUTO_PASS,,PER_RECORDING_METADATA,http://creativecommons.org/licenses/sampling+/1.0/,DESED_synth_soundbank.tar.gz; audio/train/soundbank/foreground/Running_water/60830.wav ; official train license TSV,unknown,PRESENT,24000,1,float32,5.000000000,deterministic_center,2.342244898,7.342244898,,active_rms_v1,-19.208546405,-24.000000127,0.700988114,0.403773636,-4.791453595,false,true
DESED isolated foreground:104736,speech,DESED isolated foreground,Speech,104736,desed:train:104736,DESED:104736,/home/leiyuxin/soundspaces/source_assets/clsdoa_v1/raw/desed/extracted/audio/train/soundbank/foreground/Speech/104736.wav,/home/leiyuxin/soundspaces/source_assets/clsdoa_v1/prepared/source_pool_pilot_001/wav/speech/desed__train__104736.wav,wav/speech/desed__train__104736.wav,1286b11b36c2208cae373eb2fde6041e1f66d6545ae9b385eb45ab3df3fc5c76,1fe36203b6e51f7ac274b1d3e36f44a655fd15742524be38cf0b3711ce3c38fc,3618070101daee1cb1b3f0d5c09f559966785f7dce37c34a8771eacb3b0aee7d,train,clsdoa_source_split_v2_stratified,ACCEPT,EXACT,AUTO_PASS,,PER_RECORDING_METADATA,http://creativecommons.org/licenses/by/3.0/,DESED_synth_soundbank.tar.gz; audio/train/soundbank/foreground/Speech/104736.wav ; official train license TSV,unknown,PRESENT,24000,1,float32,4.966833333,preserve_full_short_source,0.000000000,4.966802721,,active_rms_v1,-17.392800829,-24.000000127,0.416945904,0.194858670,-6.607199171,false,true
DESED isolated foreground:106436,speech,DESED isolated foreground,Speech,106436,desed:train:106436,DESED:106436,/home/leiyuxin/soundspaces/source_assets/clsdoa_v1/raw/desed/extracted/audio/train/soundbank/foreground/Speech/106436_0.wav,/home/leiyuxin/soundspaces/source_assets/clsdoa_v1/prepared/source_pool_pilot_001/wav/speech/desed__train__106436.wav,wav/speech/desed__train__106436.wav,e839367bcf2be08054c70345cd1b488e1ca654f5da6ac1a30b83c1a7825ec9fd,0f61362093ae26e2caf6c790d66fc8e7e0923a5f5a6b4f4f01c9f3015d39ac29,2dd5825ab9fb1ab886f3d68c1b8b68144ca3e0ee46221c184d8fcc2e491f4eff,val,clsdoa_source_split_v2_stratified,ACCEPT,EXACT,AUTO_PASS,,PER_RECORDING_METADATA,http://creativecommons.org/licenses/by/3.0/,DESED_synth_soundbank.tar.gz; audio/train/soundbank/foreground/Speech/106436_0.wav ; official train license TSV,unknown,PRESENT,24000,1,float32,1.136458333,preserve_full_short_source,0.000000000,1.136417234,,active_rms_v1,-27.709629831,-24.000000127,0.151955381,0.232915059,3.709629831,false,true
DESED isolated foreground:106438,speech,DESED isolated foreground,Speech,106438,desed:train:106438,DESED:106438,/home/leiyuxin/soundspaces/source_assets/clsdoa_v1/raw/desed/extracted/audio/train/soundbank/foreground/Speech/106438.wav,/home/leiyuxin/soundspaces/source_assets/clsdoa_v1/prepared/source_pool_pilot_001/wav/speech/desed__train__106438.wav,wav/speech/desed__train__106438.wav,ca5b70a9e7ce09633e9f3723cd91002c11b43c6d60e2af847b82a24c71a966d5,b92a84f4bb1b3e22f5cb5b9d530b9ed5bd3628430071c86b1f1af504d8b2f054,890cba224f43bf6a8bef542f1dd39a848c6c2e1aee3f1ba736c27076c19a4f86,val,clsdoa_source_split_v2_stratified,ACCEPT,EXACT,AUTO_PASS,,PER_RECORDING_METADATA,http://creativecommons.org/licenses/by/3.0/,DESED_synth_soundbank.tar.gz; audio/train/soundbank/foreground/Speech/106438.wav ; official train license TSV,unknown,PRESENT,24000,1,float32,0.980541667,preserve_full_short_source,0.000000000,0.980521542,,active_rms_v1,-23.567580700,-24.000001153,0.295393229,0.281047404,-0.432419300,false,true
DESED isolated foreground:106441,speech,DESED isolated foreground,Speech,106441,desed:train:106441,DESED:106441,/home/leiyuxin/soundspaces/source_assets/clsdoa_v1/raw/desed/extracted/audio/train/soundbank/foreground/Speech/106441_0.wav,/home/leiyuxin/soundspaces/source_assets/clsdoa_v1/prepared/source_pool_pilot_001/wav/speech/desed__train__106441.wav,wav/speech/desed__train__106441.wav,c12e66fa542d1d7ae08bf5095086ff21d02f59190425447316148dc9523b1545,cdc506683b9d591da4110cdab130ab90487fde11d49103858f192289bf9c6a6f,209b2b52969b3d7d1a163ef97f2b316c331124b6d20a132039a8fd12a278ae0b,train,clsdoa_source_split_v2_stratified,ACCEPT,EXACT,AUTO_PASS,,PER_RECORDING_METADATA,http://creativecommons.org/licenses/by/3.0/,DESED_synth_soundbank.tar.gz; audio/train/soundbank/foreground/Speech/106441_0.wav ; official train license TSV,unknown,PRESENT,24000,1,float32,0.921166667,preserve_full_short_source,0.000000000,0.921156463,,active_rms_v1,-24.453355408,-24.000000127,0.186876133,0.196889073,0.453355408,false,true
DESED isolated foreground:106454,speech,DESED isolated foreground,Speech,106454,desed:train:106454,DESED:106454,/home/leiyuxin/soundspaces/source_assets/clsdoa_v1/raw/desed/extracted/audio/train/soundbank/foreground/Speech/106454_0.wav,/home/leiyuxin/soundspaces/source_assets/clsdoa_v1/prepared/source_pool_pilot_001/wav/speech/desed__train__106454.wav,wav/speech/desed__train__106454.wav,2d9411e005ad179813b00e4c9de2922e672cde066379ae415f114ef8178cc1df,5b1f960322a2e96ca11f87a6c2b93b1263af647484ec79ad0846876bb82cd645,076368b95967ab0a387bf12b7e18924076311ec1e308a3740d401e873b95660d,train,clsdoa_source_split_v2_stratified,ACCEPT,EXACT,AUTO_PASS,,PER_RECORDING_METADATA,http://creativecommons.org/licenses/by/3.0/,DESED_synth_soundbank.tar.gz; audio/train/soundbank/foreground/Speech/106454_0.wav ; official train license TSV,unknown,PRESENT,24000,1,float32,1.841416667,preserve_full_short_source,0.000000000,1.841405896,,active_rms_v1,-22.948130160,-24.000000127,0.231638327,0.205218703,-1.051869840,false,true
DESED isolated foreground:106468,speech,DESED isolated foreground,Speech,106468,desed:train:106468,DESED:106468,/home/leiyuxin/soundspaces/source_assets/clsdoa_v1/raw/desed/extracted/audio/train/soundbank/foreground/Speech/106468_0.wav,/home/leiyuxin/soundspaces/source_assets/clsdoa_v1/prepared/source_pool_pilot_001/wav/speech/desed__train__106468.wav,wav/speech/desed__train__106468.wav,871a2a1ec475228a249d45e7a8bf729c39456b3298cc553bfddbdde76f33f127,167fba6b866dcb8c4c486a100d591bca9799c8d052ee89bdd9b9c003c106f054,c9b6aa1d0e5e703c55f60116a70badb4c278a14708721f3d52581155a7cb90b4,test,clsdoa_source_split_v2_stratified,ACCEPT,EXACT,AUTO_PASS,,PER_RECORDING_METADATA,http://creativecommons.org/licenses/by/3.0/,DESED_synth_soundbank.tar.gz; audio/train/soundbank/foreground/Speech/106468_0.wav ; official train license TSV,unknown,PRESENT,24000,1,float32,1.147375000,preserve_full_short_source,0.000000000,1.147346939,,active_rms_v1,-25.500883692,-24.000000127,0.151107579,0.179609969,1.500883692,false,true
DESED isolated foreground:107542,speech,DESED isolated foreground,Speech,107542,desed:train:107542,DESED:107542,/home/leiyuxin/soundspaces/source_assets/clsdoa_v1/raw/desed/extracted/audio/train/soundbank/foreground/Speech/107542.wav,/home/leiyuxin/soundspaces/source_assets/clsdoa_v1/prepared/source_pool_pilot_001/wav/speech/desed__train__107542.wav,wav/speech/desed__train__107542.wav,023d125e58de67b76fcdfeaa410d8492f6bf4e113c9f66c02e4674ae4e62a586,d00894bcc7ab88d6b9cd1eb4723ccb403084a1067c8f51a57f0ebec493a78535,0b73ef2fd5c53a86dd70da2ea82bf53e65595891ede2a200abb103030c57ecf4,train,clsdoa_source_split_v2_stratified,ACCEPT,EXACT,AUTO_PASS,,PER_RECORDING_METADATA,http://creativecommons.org/licenses/by/3.0/,DESED_synth_soundbank.tar.gz; audio/train/soundbank/foreground/Speech/107542.wav ; official train license TSV,unknown,PRESENT,24000,1,float32,1.901958333,preserve_full_short_source,0.000000000,1.901950113,,active_rms_v1,-17.297583018,-24.000000127,0.594463885,0.274792343,-6.702416982,false,true
DESED isolated foreground:107808,speech,DESED isolated foreground,Speech,107808,desed:train:107808,DESED:107808,/home/leiyuxin/soundspaces/source_assets/clsdoa_v1/raw/desed/extracted/audio/train/soundbank/foreground/Speech/107808_0.wav,/home/leiyuxin/soundspaces/source_assets/clsdoa_v1/prepared/source_pool_pilot_001/wav/speech/desed__train__107808.wav,wav/speech/desed__train__107808.wav,4aa24ba1558074227d08caf03c2e6ae1b906dd6ae36d4b284442f58a25cb3ca3,7e7728874ec6aa3f01736f34096c9b7778b24fe30ba406422c504bb0f99cc800,b473f22ed0ae3ff90e61d185a1718fee25641a656a4694388a397811630bc3ec,train,clsdoa_source_split_v2_stratified,ACCEPT,EXACT,AUTO_PASS,,PER_RECORDING_METADATA,http://creativecommons.org/licenses/by/3.0/,DESED_synth_soundbank.tar.gz; audio/train/soundbank/foreground/Speech/107808_0.wav ; official train license TSV,unknown,PRESENT,24000,1,float32,1.798000000,preserve_full_short_source,0.000000000,1.797981859,,active_rms_v1,-14.246104337,-24.000000127,0.836409748,0.272097319,-9.753895663,false,true
DESED isolated foreground:108875,speech,DESED isolated foreground,Speech,108875,desed:train:108875,DESED:108875,/home/leiyuxin/soundspaces/source_assets/clsdoa_v1/raw/desed/extracted/audio/train/soundbank/foreground/Speech/108875.wav,/home/leiyuxin/soundspaces/source_assets/clsdoa_v1/prepared/source_pool_pilot_001/wav/speech/desed__train__108875.wav,wav/speech/desed__train__108875.wav,9d0b1dd1808e162b04e35f905ccfb1b5c786e89a321636ca185d8068e64ae53d,9eb5bf0e9a889b02514634cdb45b7b0d3488c7fb8864957b4fd26848a8bb50c9,342f0bfab2be9f9aeafe0cfdbc8d86c920459ddfdfe3379e90dd21407dac1b17,train,clsdoa_source_split_v2_stratified,ACCEPT,EXACT,AUTO_PASS,,PER_RECORDING_METADATA,http://creativecommons.org/licenses/by/3.0/,DESED_synth_soundbank.tar.gz; audio/train/soundbank/foreground/Speech/108875.wav ; official train license TSV,unknown,PRESENT,24000,1,float32,1.430416667,preserve_full_short_source,0.000000000,1.430408163,,active_rms_v1,-14.631319848,-23.999999102,0.822562993,0.279727489,-9.368680152,false,true
DESED isolated foreground:108885,speech,DESED isolated foreground,Speech,108885,desed:train:108885,DESED:108885,/home/leiyuxin/soundspaces/source_assets/clsdoa_v1/raw/desed/extracted/audio/train/soundbank/foreground/Speech/108885_0.wav,/home/leiyuxin/soundspaces/source_assets/clsdoa_v1/prepared/source_pool_pilot_001/wav/speech/desed__train__108885.wav,wav/speech/desed__train__108885.wav,6358013f3c53003992aae0c0d2dda87c56a7fcf722340c6589f87bacf406edb8,ed09f49dbc31808f52ff5be782f54ae1991a44ecf81a74c5a47283354306fa6f,40b85273ea3904720d4c9cebdca18e6a3f194d2976866c0ad68f61b8909c4738,train,clsdoa_source_split_v2_stratified,ACCEPT,EXACT,AUTO_PASS,,PER_RECORDING_METADATA,http://creativecommons.org/licenses/by/3.0/,DESED_synth_soundbank.tar.gz; audio/train/soundbank/foreground/Speech/108885_0.wav ; official train license TSV,unknown,PRESENT,24000,1,float32,1.066291667,preserve_full_short_source,0.000000000,1.066281179,,active_rms_v1,-15.395275435,-24.000000127,0.584303319,0.216971204,-8.604724565,false,true
DESED isolated foreground:109859,speech,DESED isolated foreground,Speech,109859,desed:train:109859,DESED:109859,/home/leiyuxin/soundspaces/source_assets/clsdoa_v1/raw/desed/extracted/audio/train/soundbank/foreground/Speech/109859_0.wav,/home/leiyuxin/soundspaces/source_assets/clsdoa_v1/prepared/source_pool_pilot_001/wav/speech/desed__train__109859.wav,wav/speech/desed__train__109859.wav,9d9bdb788ec0b446069a04b8e37e5dc03b1d72deb84f1d07a342c809a957746d,60ded250a3912ae593748b6692f708d87a8e26b8a23131f6c470a8ababdf4467,fefd991f72bab803d308b98bdac0333e06ab1ad7fef468d8980e09e14075d68c,val,clsdoa_source_split_v2_stratified,ACCEPT,EXACT,AUTO_PASS,,PER_RECORDING_METADATA,http://creativecommons.org/licenses/by/3.0/,DESED_synth_soundbank.tar.gz; audio/train/soundbank/foreground/Speech/109859_0.wav ; official train license TSV,unknown,PRESENT,24000,1,float32,0.793000000,preserve_full_short_source,0.000000000,0.792970522,,active_rms_v1,-14.418759202,-24.000000127,0.477514595,0.158461809,-9.581240798,false,true
DESED isolated foreground:109911,speech,DESED isolated foreground,Speech,109911,desed:train:109911,DESED:109911,/home/leiyuxin/soundspaces/source_assets/clsdoa_v1/raw/desed/extracted/audio/train/soundbank/foreground/Speech/109911_0.wav,/home/leiyuxin/soundspaces/source_assets/clsdoa_v1/prepared/source_pool_pilot_001/wav/speech/desed__train__109911.wav,wav/speech/desed__train__109911.wav,dfc901938c7631f87a6f11264605a6bc0d46b0e09ceffc57a7b93ecc94c05e1a,38cc3d71d277944ed0be5732425d4a643e0418be9f3f83f301dbdc9d61c8a60d,2aff10f7bdeee95afd27c719018ee72c384beb14843e2c972d90d6abff2abf51,train,clsdoa_source_split_v2_stratified,ACCEPT,EXACT,AUTO_PASS,,PER_RECORDING_METADATA,http://creativecommons.org/licenses/by/3.0/,DESED_synth_soundbank.tar.gz; audio/train/soundbank/foreground/Speech/109911_0.wav ; official train license TSV,unknown,PRESENT,24000,1,float32,0.477625000,preserve_full_short_source,0.000000000,0.477596372,,active_rms_v1,-15.501165818,-24.000000127,0.477447778,0.179466814,-8.498834182,false,true
DESED isolated foreground:122204,speech,DESED isolated foreground,Speech,122204,desed:eval:122204,DESED:122204,/home/leiyuxin/soundspaces/source_assets/clsdoa_v1/raw/desed/extracted/audio/eval/soundbank/foreground/Speech/122204.wav,/home/leiyuxin/soundspaces/source_assets/clsdoa_v1/prepared/source_pool_pilot_001/wav/speech/desed__eval__122204.wav,wav/speech/desed__eval__122204.wav,81ecc93ca38535d33b6ef4ee6a0b8373d78e4bba4b34b226ed94ce28f872af69,8b2af85aef20ad5d3663e98ce237e77dfe6f1624322ecf04f6fa8770f9b9c7d6,7647c31671c21bb04ab8b64274ae799accca514e8fcdac7513d05270356b0a60,train,clsdoa_source_split_v2_stratified,ACCEPT,EXACT,AUTO_PASS,,PER_RECORDING_METADATA,http://creativecommons.org/licenses/by/3.0/,DESED_synth_soundbank.tar.gz; audio/eval/soundbank/foreground/Speech/122204.wav ; official eval license TSV,unknown,PRESENT,24000,1,float32,0.786041667,preserve_full_short_source,0.000000000,0.786031746,,active_rms_v1,-18.106684258,-24.000000127,0.401605099,0.203766808,-5.893315742,false,true
DESED isolated foreground:124810,speech,DESED isolated foreground,Speech,124810,desed:train:124810,DESED:124810,/home/leiyuxin/soundspaces/source_assets/clsdoa_v1/raw/desed/extracted/audio/train/soundbank/foreground/Speech/124810_0.wav,/home/leiyuxin/soundspaces/source_assets/clsdoa_v1/prepared/source_pool_pilot_001/wav/speech/desed__train__124810.wav,wav/speech/desed__train__124810.wav,2328052d98d0d3a0f01cb6f4048b779f3e42c6760bb62150f673baa19d7920b1,99206e0cb23376c118fdc1057bdb8c63615b56621be21670f4fb68453d3a4eed,109aa4ef33f6617d06792766a6650d0f29fbcf13237586b0ce4202aa8b11e242,train,clsdoa_source_split_v2_stratified,ACCEPT,EXACT,AUTO_PASS,,PER_RECORDING_METADATA,http://creativecommons.org/licenses/by/3.0/,DESED_synth_soundbank.tar.gz; audio/train/soundbank/foreground/Speech/124810_0.wav ; official train license TSV,unknown,PRESENT,24000,1,float32,1.155583333,preserve_full_short_source,0.000000000,1.155578231,,active_rms_v1,-26.145414892,-24.000000127,0.230108052,0.294579536,2.145414892,false,true
DESED isolated foreground:124818,speech,DESED isolated foreground,Speech,124818,desed:train:124818,DESED:124818,/home/leiyuxin/soundspaces/source_assets/clsdoa_v1/raw/desed/extracted/audio/train/soundbank/foreground/Speech/124818.wav,/home/leiyuxin/soundspaces/source_assets/clsdoa_v1/prepared/source_pool_pilot_001/wav/speech/desed__train__124818.wav,wav/speech/desed__train__124818.wav,f5929b6f5b2ccb48ee852519e9d259930a57697179e94ab5e1cf5735888881a4,dc15809ff98bc670c5a6cbd53256f964ce8ce7a34275b51fb91c38586b3f8f4d,d546dddc761a22e3f6bfeb6a23e74bce86283631418d6dee054659524a6e5453,train,clsdoa_source_split_v2_stratified,ACCEPT,EXACT,AUTO_PASS,,PER_RECORDING_METADATA,http://creativecommons.org/licenses/by/3.0/,DESED_synth_soundbank.tar.gz; audio/train/soundbank/foreground/Speech/124818.wav ; official train license TSV,unknown,PRESENT,24000,1,float32,1.370000000,preserve_full_short_source,0.000000000,1.370000000,,active_rms_v1,-27.755403044,-24.000000127,0.185372770,0.285638064,3.755403044,false,true
DESED isolated foreground:146291,speech,DESED isolated foreground,Speech,146291,desed:eval:146291,DESED:146291,/home/leiyuxin/soundspaces/source_assets/clsdoa_v1/raw/desed/extracted/audio/eval/soundbank/foreground/Speech/146291.wav,/home/leiyuxin/soundspaces/source_assets/clsdoa_v1/prepared/source_pool_pilot_001/wav/speech/desed__eval__146291.wav,wav/speech/desed__eval__146291.wav,707d9c3f72451928a6709baabd079f23eff0c72a725e735f9cf9880e01e4fe52,082a23b5ea576b3865ff35e90ad0a3a3fe1ccfad29c46247f1dc3b17bd7a3c84,f62863928c2a713be2b30b74fa678cc06cba97eae026b1cc4b2db361c3db6a7e,train,clsdoa_source_split_v2_stratified,ACCEPT,EXACT,AUTO_PASS,,PER_RECORDING_METADATA,http://creativecommons.org/publicdomain/zero/1.0/,DESED_synth_soundbank.tar.gz; audio/eval/soundbank/foreground/Speech/146291.wav ; official eval license TSV,unknown,PRESENT,24000,1,float32,1.059958333,preserve_full_short_source,0.000000000,1.059931973,,active_rms_v1,-13.626189977,-24.000000127,0.611132681,0.185116455,-10.373810023,false,true
DESED isolated foreground:147985,speech,DESED isolated foreground,Speech,147985,desed:train:147985,DESED:147985,/home/leiyuxin/soundspaces/source_assets/clsdoa_v1/raw/desed/extracted/audio/train/soundbank/foreground/Speech/147985_0.wav,/home/leiyuxin/soundspaces/source_assets/clsdoa_v1/prepared/source_pool_pilot_001/wav/speech/desed__train__147985.wav,wav/speech/desed__train__147985.wav,65ac6d30cbd508e674381c6272432cadec486637991a59344a103437b101d9c0,9c4d65a37e4ad6157d20331a121e81cf53e412daebeeeb5213fe48533d0715b7,be5e9c07130d405dd96f1f4e1f5e30ebcecc69328b8fd5805dcd9bc7e7603c7b,train,clsdoa_source_split_v2_stratified,ACCEPT,EXACT,AUTO_PASS,,PER_RECORDING_METADATA,http://creativecommons.org/publicdomain/zero/1.0/,DESED_synth_soundbank.tar.gz; audio/train/soundbank/foreground/Speech/147985_0.wav ; official train license TSV,unknown,PRESENT,24000,1,float32,0.580125000,preserve_full_short_source,0.000000000,0.580113379,,active_rms_v1,-21.198682284,-23.999999102,0.367516220,0.266201586,-2.801317716,false,true
DESED isolated foreground:189361,speech,DESED isolated foreground,Speech,189361,desed:eval:189361,DESED:189361,/home/leiyuxin/soundspaces/source_assets/clsdoa_v1/raw/desed/extracted/audio/eval/soundbank/foreground/Speech/189361.wav,/home/leiyuxin/soundspaces/source_assets/clsdoa_v1/prepared/source_pool_pilot_001/wav/speech/desed__eval__189361.wav,wav/speech/desed__eval__189361.wav,a09a16915927681611154189a71aa266590fa99980e2f00d5d4439752b848547,ea67d184f4b2dc21138f70920278007d82adf107d28c5f50e549b510881cd61f,74f479054b39ef7eb69784f054012c1399820cde3224cb4c3c968e47ff41f8b9,test,clsdoa_source_split_v2_stratified,ACCEPT,EXACT,AUTO_PASS,,PER_RECORDING_METADATA,http://creativecommons.org/licenses/by/3.0/,DESED_synth_soundbank.tar.gz; audio/eval/soundbank/foreground/Speech/189361.wav ; official eval license TSV,unknown,PRESENT,24000,1,float32,0.601208333,preserve_full_short_source,0.000000000,0.601201814,,active_rms_v1,-11.430508598,-24.000001153,0.925583363,0.217741370,-12.569491402,false,true
DESED isolated foreground:189377,speech,DESED isolated foreground,Speech,189377,desed:eval:189377,DESED:189377,/home/leiyuxin/soundspaces/source_assets/clsdoa_v1/raw/desed/extracted/audio/eval/soundbank/foreground/Speech/189377.wav,/home/leiyuxin/soundspaces/source_assets/clsdoa_v1/prepared/source_pool_pilot_001/wav/speech/desed__eval__189377.wav,wav/speech/desed__eval__189377.wav,1ef96a16b2bba1cd6c7fb483c6b2f0330e385a58ed2007a024d23bc23fb915c5,38cf62990ecc54e930f45d6af75b1248c4992df6dc3203e2546d49e7235ffe9a,ab2337cf5879850830638f376ed7000e3be9b88d50981b0077bdc30fae475bf6,train,clsdoa_source_split_v2_stratified,ACCEPT,EXACT,AUTO_PASS,,PER_RECORDING_METADATA,http://creativecommons.org/licenses/by/3.0/,DESED_synth_soundbank.tar.gz; audio/eval/soundbank/foreground/Speech/189377.wav ; official eval license TSV,unknown,PRESENT,24000,1,float32,0.859791667,preserve_full_short_source,0.000000000,0.859750567,,active_rms_v1,-13.818855738,-24.000001153,0.777639806,0.240835920,-10.181144262,false,true
DESED isolated foreground:189382,speech,DESED isolated foreground,Speech,189382,desed:eval:189382,DESED:189382,/home/leiyuxin/soundspaces/source_assets/clsdoa_v1/raw/desed/extracted/audio/eval/soundbank/foreground/Speech/189382.wav,/home/leiyuxin/soundspaces/source_assets/clsdoa_v1/prepared/source_pool_pilot_001/wav/speech/desed__eval__189382.wav,wav/speech/desed__eval__189382.wav,f246167d46f449c208077b7d55f225cef7b5582811471d080a118be3a2902146,5e571417790f03c4866ab8dc771632999c5b1fba9361aaeb3c38d8666789984c,51552a71de67d56165f78126e761d5b458162a2c3c1fb55b220b563172f94201,test,clsdoa_source_split_v2_stratified,ACCEPT,EXACT,AUTO_PASS,,PER_RECORDING_METADATA,http://creativecommons.org/licenses/by/3.0/,DESED_synth_soundbank.tar.gz; audio/eval/soundbank/foreground/Speech/189382.wav ; official eval license TSV,unknown,PRESENT,24000,1,float32,0.666916667,preserve_full_short_source,0.000000000,0.666916100,,active_rms_v1,-13.422087042,-24.000001153,0.889804840,0.263268620,-10.577912958,false,true
DESED isolated foreground:189386,speech,DESED isolated foreground,Speech,189386,desed:eval:189386,DESED:189386,/home/leiyuxin/soundspaces/source_assets/clsdoa_v1/raw/desed/extracted/audio/eval/soundbank/foreground/Speech/189386.wav,/home/leiyuxin/soundspaces/source_assets/clsdoa_v1/prepared/source_pool_pilot_001/wav/speech/desed__eval__189386.wav,wav/speech/desed__eval__189386.wav,55e2afdd09ac084b08749b8ecc141fe11c8b6e9155595671bfa997f41078f5c9,f3b334f748e9a9ccde0b946f0f36c4a1db4112d7a990915ac54cedb85bb5eed3,3af564b749577012af5c467c9fea4a134ae05635f545fcddbb8fa16654d58933,test,clsdoa_source_split_v2_stratified,ACCEPT,EXACT,AUTO_PASS,,PER_RECORDING_METADATA,http://creativecommons.org/licenses/by/3.0/,DESED_synth_soundbank.tar.gz; audio/eval/soundbank/foreground/Speech/189386.wav ; official eval license TSV,unknown,PRESENT,24000,1,float32,0.724541667,preserve_full_short_source,0.000000000,0.724512472,,active_rms_v1,-13.807363822,-24.000000127,0.781795144,0.241802722,-10.192636178,false,true
DESED isolated foreground:189405,speech,DESED isolated foreground,Speech,189405,desed:eval:189405,DESED:189405,/home/leiyuxin/soundspaces/source_assets/clsdoa_v1/raw/desed/extracted/audio/eval/soundbank/foreground/Speech/189405.wav,/home/leiyuxin/soundspaces/source_assets/clsdoa_v1/prepared/source_pool_pilot_001/wav/speech/desed__eval__189405.wav,wav/speech/desed__eval__189405.wav,e37de65916e700eb7c296ca9a6c6a9f7a30530a35ef013f5b15904c28a0642a2,5fb882a7f09b970b957bf37c90c0755431a293176b25b4d088c1316e49e692d1,ab24e748c9a77eff1d758231e6e2dcef6551b05ab79fe340615fcefa4cb44fa3,train,clsdoa_source_split_v2_stratified,ACCEPT,EXACT,AUTO_PASS,,PER_RECORDING_METADATA,http://creativecommons.org/licenses/by/3.0/,DESED_synth_soundbank.tar.gz; audio/eval/soundbank/foreground/Speech/189405.wav ; official eval license TSV,unknown,PRESENT,24000,1,float32,0.824458333,preserve_full_short_source,0.000000000,0.824444444,,active_rms_v1,-16.762493479,-23.999999102,0.522366107,0.227038577,-7.237506521,false,true
DESED isolated foreground:189407,speech,DESED isolated foreground,Speech,189407,desed:eval:189407,DESED:189407,/home/leiyuxin/soundspaces/source_assets/clsdoa_v1/raw/desed/extracted/audio/eval/soundbank/foreground/Speech/189407.wav,/home/leiyuxin/soundspaces/source_assets/clsdoa_v1/prepared/source_pool_pilot_001/wav/speech/desed__eval__189407.wav,wav/speech/desed__eval__189407.wav,67e33fc08872dc574a27175cebafb5558217235c3da81b06542e74c051c2bd32,d0c575629d563e9c78968019f3aa49519b89081a78f8da4a06bd1f61e7a79e6c,0d20fc4f8e8b9f37eaa85962073133e644f8105c275d4c3a8eb9d67458623225,train,clsdoa_source_split_v2_stratified,ACCEPT,EXACT,AUTO_PASS,,PER_RECORDING_METADATA,http://creativecommons.org/licenses/by/3.0/,DESED_synth_soundbank.tar.gz; audio/eval/soundbank/foreground/Speech/189407.wav ; official eval license TSV,unknown,PRESENT,24000,1,float32,0.839875000,preserve_full_short_source,0.000000000,0.839863946,,active_rms_v1,-12.549088928,-24.000001153,0.927037835,0.248057231,-11.450911072,false,true
DESED isolated foreground:189410,speech,DESED isolated foreground,Speech,189410,desed:eval:189410,DESED:189410,/home/leiyuxin/soundspaces/source_assets/clsdoa_v1/raw/desed/extracted/audio/eval/soundbank/foreground/Speech/189410.wav,/home/leiyuxin/soundspaces/source_assets/clsdoa_v1/prepared/source_pool_pilot_001/wav/speech/desed__eval__189410.wav,wav/speech/desed__eval__189410.wav,3674c9e4cd6fbc4147aeb9cca17a4c8b98332070798803aebfaa9971b9411246,d19066d1a64b3e6832accc72db3faa08c52f660edd771fcbaa46b9f8ec584c71,8012fbf53f9664d598714bb599e9e06d57e49c205913b4a775791937114b5d02,train,clsdoa_source_split_v2_stratified,ACCEPT,EXACT,AUTO_PASS,,PER_RECORDING_METADATA,http://creativecommons.org/licenses/by/3.0/,DESED_synth_soundbank.tar.gz; audio/eval/soundbank/foreground/Speech/189410.wav ; official eval license TSV,unknown,PRESENT,24000,1,float32,0.719208333,preserve_full_short_source,0.000000000,0.719183673,,active_rms_v1,-13.295572728,-24.000000127,0.774091780,0.225720540,-10.704427272,false,true
DESED isolated foreground:189413,speech,DESED isolated foreground,Speech,189413,desed:eval:189413,DESED:189413,/home/leiyuxin/soundspaces/source_assets/clsdoa_v1/raw/desed/extracted/audio/eval/soundbank/foreground/Speech/189413.wav,/home/leiyuxin/soundspaces/source_assets/clsdoa_v1/prepared/source_pool_pilot_001/wav/speech/desed__eval__189413.wav,wav/speech/desed__eval__189413.wav,d99ab3ecbcc409dbcebc07d02472d57d3745dca3b4b7c9ad7357431af0d7eaf3,5383267c76ed36f366032d2f3d608be1eb81bd19a9fbbde60e28697cd4590139,7168463601d7bbeec0de5b4e20c8fbba7bcfdcbf91fbcaa526694853d784faf0,train,clsdoa_source_split_v2_stratified,ACCEPT,EXACT,AUTO_PASS,,PER_RECORDING_METADATA,http://creativecommons.org/licenses/by/3.0/,DESED_synth_soundbank.tar.gz; audio/eval/soundbank/foreground/Speech/189413.wav ; official eval license TSV,unknown,PRESENT,24000,1,float32,0.650500000,preserve_full_short_source,0.000000000,0.650476190,,active_rms_v1,-15.668594293,-24.000000127,0.538423836,0.206326008,-8.331405707,false,true
DESED isolated foreground:189415,speech,DESED isolated foreground,Speech,189415,desed:eval:189415,DESED:189415,/home/leiyuxin/soundspaces/source_assets/clsdoa_v1/raw/desed/extracted/audio/eval/soundbank/foreground/Speech/189415.wav,/home/leiyuxin/soundspaces/source_assets/clsdoa_v1/prepared/source_pool_pilot_001/wav/speech/desed__eval__189415.wav,wav/speech/desed__eval__189415.wav,ea7e49124fe86e9d293f682436b9c417207aeeed182d54ba5197da65a7f7395f,0865d130179dcf52159354c467e31c1c63b07ed19605f3b3816116181713d3c1,0819de8bd483f008b65061764376352d8f7316c5bd1f547d5e8336c5d8290ca2,train,clsdoa_source_split_v2_stratified,ACCEPT,EXACT,AUTO_PASS,,PER_RECORDING_METADATA,http://creativecommons.org/licenses/by/3.0/,DESED_synth_soundbank.tar.gz; audio/eval/soundbank/foreground/Speech/189415.wav ; official eval license TSV,unknown,PRESENT,24000,1,float32,0.802166667,preserve_full_short_source,0.000000000,0.802154195,,active_rms_v1,-12.062634985,-23.999999102,0.941791892,0.238279521,-11.937365015,false,true
DESED isolated foreground:189419,speech,DESED isolated foreground,Speech,189419,desed:eval:189419,DESED:189419,/home/leiyuxin/soundspaces/source_assets/clsdoa_v1/raw/desed/extracted/audio/eval/soundbank/foreground/Speech/189419.wav,/home/leiyuxin/soundspaces/source_assets/clsdoa_v1/prepared/source_pool_pilot_001/wav/speech/desed__eval__189419.wav,wav/speech/desed__eval__189419.wav,4873a540499c8bf66383f8327da8e2ed3a9430a17fc06599e73bd69906c9e56c,6352a6db0e20c08e340ec357d7a34492865930c54dd9dc8c6e7ac1e82db8860c,6c8de84ffcc9643b883ebe5b92e47c63df6607e6b6c7d95ce9e4751c455f7e02,train,clsdoa_source_split_v2_stratified,ACCEPT,EXACT,AUTO_PASS,,PER_RECORDING_METADATA,http://creativecommons.org/licenses/by/3.0/,DESED_synth_soundbank.tar.gz; audio/eval/soundbank/foreground/Speech/189419.wav ; official eval license TSV,unknown,PRESENT,24000,1,float32,0.990416667,preserve_full_short_source,0.000000000,0.990385488,,active_rms_v1,-15.980795064,-24.000000127,0.605442464,0.240498647,-8.019204936,false,true
DESED isolated foreground:189420,speech,DESED isolated foreground,Speech,189420,desed:eval:189420,DESED:189420,/home/leiyuxin/soundspaces/source_assets/clsdoa_v1/raw/desed/extracted/audio/eval/soundbank/foreground/Speech/189420.wav,/home/leiyuxin/soundspaces/source_assets/clsdoa_v1/prepared/source_pool_pilot_001/wav/speech/desed__eval__189420.wav,wav/speech/desed__eval__189420.wav,faf936bef5b1602f9475d806d33d5fdeb893935821fc464c5db72f215dd719c3,c3a1b8e5a8760ef40002547e3c63c13873f821b9efb541f7ddac0ab506bdf9c3,dd66951af835b78a791e4811618a9e11bf47f782c2d6170623faa974310d121d,val,clsdoa_source_split_v2_stratified,ACCEPT,EXACT,AUTO_PASS,,PER_RECORDING_METADATA,http://creativecommons.org/licenses/by/3.0/,DESED_synth_soundbank.tar.gz; audio/eval/soundbank/foreground/Speech/189420.wav ; official eval license TSV,unknown,PRESENT,24000,1,float32,0.622208333,preserve_full_short_source,0.000000000,0.622199546,,active_rms_v1,-14.246568142,-24.000000127,0.652367651,0.212236866,-9.753431858,false,true
DESED isolated foreground:189421,speech,DESED isolated foreground,Speech,189421,desed:eval:189421,DESED:189421,/home/leiyuxin/soundspaces/source_assets/clsdoa_v1/raw/desed/extracted/audio/eval/soundbank/foreground/Speech/189421.wav,/home/leiyuxin/soundspaces/source_assets/clsdoa_v1/prepared/source_pool_pilot_001/wav/speech/desed__eval__189421.wav,wav/speech/desed__eval__189421.wav,066e0a450fc304cb95e0dd78e08a3ddabd9c3368bda434bbabdd06ca62692366,80c6f3c04413219ca4885798551d24a1a586545005bd8dc688bcc960e4c9ee59,2e242951ff3cb78cec692a4ef7dfc0989b136fd84d93c16f1b3531b804fb52c2,train,clsdoa_source_split_v2_stratified,ACCEPT,EXACT,AUTO_PASS,,PER_RECORDING_METADATA,http://creativecommons.org/licenses/by/3.0/,DESED_synth_soundbank.tar.gz; audio/eval/soundbank/foreground/Speech/189421.wav ; official eval license TSV,unknown,PRESENT,24000,1,float32,0.841208333,preserve_full_short_source,0.000000000,0.841179138,,active_rms_v1,-15.562958740,-24.000000127,0.675772429,0.255828202,-8.437041260,false,true
DESED isolated foreground:189433,speech,DESED isolated foreground,Speech,189433,desed:eval:189433,DESED:189433,/home/leiyuxin/soundspaces/source_assets/clsdoa_v1/raw/desed/extracted/audio/eval/soundbank/foreground/Speech/189433.wav,/home/leiyuxin/soundspaces/source_assets/clsdoa_v1/prepared/source_pool_pilot_001/wav/speech/desed__eval__189433.wav,wav/speech/desed__eval__189433.wav,e817789b315077e4bb1fcfb5b42789e3c5ef1fe31f7e0c965b814217893e4048,38b0cae5b385e5e378bf3e48682f41a358c1c0973758a38583ea9e0093800fbf,16de5580ec4d9ab005974d832dcd7574fd48b8c3906ad83d02b2665d64696238,train,clsdoa_source_split_v2_stratified,ACCEPT,EXACT,AUTO_PASS,,PER_RECORDING_METADATA,http://creativecommons.org/licenses/by/3.0/,DESED_synth_soundbank.tar.gz; audio/eval/soundbank/foreground/Speech/189433.wav ; official eval license TSV,unknown,PRESENT,24000,1,float32,0.783708333,preserve_full_short_source,0.000000000,0.783696145,,active_rms_v1,-14.688169346,-24.000000127,0.740397096,0.253438860,-9.311830654,false,true
DESED isolated foreground:215682,speech,DESED isolated foreground,Speech,215682,desed:train:215682,DESED:215682,/home/leiyuxin/soundspaces/source_assets/clsdoa_v1/raw/desed/extracted/audio/train/soundbank/foreground/Speech/215682_0.wav,/home/leiyuxin/soundspaces/source_assets/clsdoa_v1/prepared/source_pool_pilot_001/wav/speech/desed__train__215682.wav,wav/speech/desed__train__215682.wav,926fb926557b9da7c1d4119aabeedc08e9da6dc0772aa89b2c1aa0a402aafc4d,41916e1ea897a23fad3026618caa7067392f494c1718ba674d4a5005352b2313,cf2925f979a2e8c997e621c57b08834ee4452382ef9cde74b25b9ccec85e2b23,train,clsdoa_source_split_v2_stratified,ACCEPT,EXACT,AUTO_PASS,,PER_RECORDING_METADATA,http://creativecommons.org/licenses/by/3.0/,DESED_synth_soundbank.tar.gz; audio/train/soundbank/foreground/Speech/215682_0.wav ; official train license TSV,unknown,PRESENT,24000,1,float32,1.028958333,preserve_full_short_source,0.000000000,1.028934240,,active_rms_v1,-13.921971941,-24.000000127,0.716796517,0.224643812,-10.078028059,false,true
DESED isolated foreground:234996,speech,DESED isolated foreground,Speech,234996,desed:train:234996,DESED:234996,/home/leiyuxin/soundspaces/source_assets/clsdoa_v1/raw/desed/extracted/audio/train/soundbank/foreground/Speech/234996.wav,/home/leiyuxin/soundspaces/source_assets/clsdoa_v1/prepared/source_pool_pilot_001/wav/speech/desed__train__234996.wav,wav/speech/desed__train__234996.wav,92783647d93ac5ff0394a524b9c501e1b414be1d77abed4b3e96abe816e24756,8142024269a6f075d0b23d1cef64f8a6e0a75dc41135d843a7ec69e51e397278,3cbea9a2ba8cce3c52bcb4be8cf994c1d583d6792a57fdd88c8ab34868477db4,val,clsdoa_source_split_v2_stratified,ACCEPT,EXACT,AUTO_PASS,,PER_RECORDING_METADATA,http://creativecommons.org/publicdomain/zero/1.0/,DESED_synth_soundbank.tar.gz; audio/train/soundbank/foreground/Speech/234996.wav ; official train license TSV,unknown,PRESENT,24000,1,float32,0.564083333,preserve_full_short_source,0.000000000,0.564081633,,active_rms_v1,-15.347468082,-24.000000127,0.664495289,0.245394766,-8.652531918,false,true
DESED isolated foreground:235016,speech,DESED isolated foreground,Speech,235016,desed:train:235016,DESED:235016,/home/leiyuxin/soundspaces/source_assets/clsdoa_v1/raw/desed/extracted/audio/train/soundbank/foreground/Speech/235016.wav,/home/leiyuxin/soundspaces/source_assets/clsdoa_v1/prepared/source_pool_pilot_001/wav/speech/desed__train__235016.wav,wav/speech/desed__train__235016.wav,eb75a9f68919a3ab87b66292190c2dc388884950e7cff16a1bf3b2c39816393a,ca2657af633f9d1e9228a4b11cc3e58354a02ce15f739820480678ab7f453244,a88f84820516ff6d4d394a22c3fa4c1c5a5a0c168ca0f2af7946cdffdf328d35,test,clsdoa_source_split_v2_stratified,ACCEPT,EXACT,AUTO_PASS,,PER_RECORDING_METADATA,http://creativecommons.org/publicdomain/zero/1.0/,DESED_synth_soundbank.tar.gz; audio/train/soundbank/foreground/Speech/235016.wav ; official train license TSV,unknown,PRESENT,24000,1,float32,1.079875000,preserve_full_short_source,0.000000000,1.079841270,,active_rms_v1,-11.629620281,-24.000000127,0.894443214,0.215294927,-12.370379719,false,true
DESED isolated foreground:236348,speech,DESED isolated foreground,Speech,236348,desed:eval:236348,DESED:236348,/home/leiyuxin/soundspaces/source_assets/clsdoa_v1/raw/desed/extracted/audio/eval/soundbank/foreground/Speech/236348.wav,/home/leiyuxin/soundspaces/source_assets/clsdoa_v1/prepared/source_pool_pilot_001/wav/speech/desed__eval__236348.wav,wav/speech/desed__eval__236348.wav,d0e232dc985a66d0782e1471128d7bc52798c00dacbf60385360d9f3e2ac4852,cf06a06fff844d9006f517a7ebfc954634ce4b266b201b4af0acbea594145aa2,b89c13c0455ff7fdb27800bb191d037e0a7117a6a66797ce505e74ebbae1f8f2,train,clsdoa_source_split_v2_stratified,ACCEPT,EXACT,AUTO_PASS,,PER_RECORDING_METADATA,http://creativecommons.org/licenses/by/3.0/,DESED_synth_soundbank.tar.gz; audio/eval/soundbank/foreground/Speech/236348.wav ; official eval license TSV,unknown,PRESENT,24000,1,float32,2.250000000,preserve_full_short_source,0.000000000,2.250000000,,active_rms_v1,-18.448016955,-24.000000127,0.449871898,0.237404913,-5.551983045,false,true
DESED isolated foreground:236368,speech,DESED isolated foreground,Speech,236368,desed:eval:236368,DESED:236368,/home/leiyuxin/soundspaces/source_assets/clsdoa_v1/raw/desed/extracted/audio/eval/soundbank/foreground/Speech/236368.wav,/home/leiyuxin/soundspaces/source_assets/clsdoa_v1/prepared/source_pool_pilot_001/wav/speech/desed__eval__236368.wav,wav/speech/desed__eval__236368.wav,64ee994dc5292eede07348f78b0e416fb46d192a48e3e26db7f9b88a19925fc6,8500c4e0359aabd23f642317dbf80460cf08a3432cb291ac666670ecf6d08ec3,533bece9ea0fb42d5be135c1ce7c62db60ec7cf77df169dd3ce571a266ba34b6,train,clsdoa_source_split_v2_stratified,ACCEPT,EXACT,AUTO_PASS,,PER_RECORDING_METADATA,http://creativecommons.org/licenses/by/3.0/,DESED_synth_soundbank.tar.gz; audio/eval/soundbank/foreground/Speech/236368.wav ; official eval license TSV,unknown,PRESENT,24000,1,float32,0.523583333,preserve_full_short_source,0.000000000,0.523560091,,active_rms_v1,-19.498445176,-24.000000127,0.348504066,0.207553536,-4.501554824,false,true
DESED isolated foreground:236420,speech,DESED isolated foreground,Speech,236420,desed:eval:236420,DESED:236420,/home/leiyuxin/soundspaces/source_assets/clsdoa_v1/raw/desed/extracted/audio/eval/soundbank/foreground/Speech/236420.wav,/home/leiyuxin/soundspaces/source_assets/clsdoa_v1/prepared/source_pool_pilot_001/wav/speech/desed__eval__236420.wav,wav/speech/desed__eval__236420.wav,cbabd07483004829364c00dec96dfeac0e223f40206a2ecd129722eb27c695b0,61c0c80be23c0a96416af98b1041c7c264f62e5eb25d74dfd4e40202fa1147db,269237d8823ed68f2062ef70949a5aeb306fe595ffc1e7c8c51515ec9d1650fe,train,clsdoa_source_split_v2_stratified,ACCEPT,EXACT,AUTO_PASS,,PER_RECORDING_METADATA,http://creativecommons.org/licenses/by/3.0/,DESED_synth_soundbank.tar.gz; audio/eval/soundbank/foreground/Speech/236420.wav ; official eval license TSV,unknown,PRESENT,24000,1,float32,2.375000000,preserve_full_short_source,0.000000000,2.374988662,,active_rms_v1,-18.913383242,-24.000000127,0.480716646,0.267644495,-5.086616758,false,true
DESED isolated foreground:236487,speech,DESED isolated foreground,Speech,236487,desed:eval:236487,DESED:236487,/home/leiyuxin/soundspaces/source_assets/clsdoa_v1/raw/desed/extracted/audio/eval/soundbank/foreground/Speech/236487_0.wav,/home/leiyuxin/soundspaces/source_assets/clsdoa_v1/prepared/source_pool_pilot_001/wav/speech/desed__eval__236487.wav,wav/speech/desed__eval__236487.wav,6e14b15b1f6c5464274700ba2cfbd0956c63c5f136ed06c20f777b9c229014a5,ae192374a0a782c3c398a0479a8ab8a772a6f6803ca9f85ceb82a260342f9680,c9dfeed267fe851bef5976165d7ccd441ed07b3bc72f2505263d8d6cbfe798e7,train,clsdoa_source_split_v2_stratified,ACCEPT,EXACT,AUTO_PASS,,PER_RECORDING_METADATA,http://creativecommons.org/licenses/by/3.0/,DESED_synth_soundbank.tar.gz; audio/eval/soundbank/foreground/Speech/236487_0.wav ; official eval license TSV,unknown,PRESENT,24000,1,float32,0.798500000,preserve_full_short_source,0.000000000,0.798480726,,active_rms_v1,-19.568104674,-24.000000127,0.350270092,0.210284993,-4.431895326,false,true
DESED isolated foreground:236531,speech,DESED isolated foreground,Speech,236531,desed:eval:236531,DESED:236531,/home/leiyuxin/soundspaces/source_assets/clsdoa_v1/raw/desed/extracted/audio/eval/soundbank/foreground/Speech/236531.wav,/home/leiyuxin/soundspaces/source_assets/clsdoa_v1/prepared/source_pool_pilot_001/wav/speech/desed__eval__236531.wav,wav/speech/desed__eval__236531.wav,c8d15e2ccdac73804aa14e17880fb80725d1495e9e1e6a4ab92420f2380b763b,abe2b878e9da438c0eeb8123462259df5bd4e174700465528dbf8efc342572d4,86d99f057508927b3445bf2ab947501de7cb019e29b2ecce167524bab0a1ce6e,test,clsdoa_source_split_v2_stratified,ACCEPT,EXACT,AUTO_PASS,,PER_RECORDING_METADATA,http://creativecommons.org/licenses/by/3.0/,DESED_synth_soundbank.tar.gz; audio/eval/soundbank/foreground/Speech/236531.wav ; official eval license TSV,unknown,PRESENT,24000,1,float32,0.693000000,preserve_full_short_source,0.000000000,0.692970522,,active_rms_v1,-15.678435239,-24.000001153,0.569771528,0.218586072,-8.321564761,false,true
DESED isolated foreground:236561,speech,DESED isolated foreground,Speech,236561,desed:eval:236561,DESED:236561,/home/leiyuxin/soundspaces/source_assets/clsdoa_v1/raw/desed/extracted/audio/eval/soundbank/foreground/Speech/236561_0.wav,/home/leiyuxin/soundspaces/source_assets/clsdoa_v1/prepared/source_pool_pilot_001/wav/speech/desed__eval__236561.wav,wav/speech/desed__eval__236561.wav,17a2e5a70c1c0a05ab8a47a98ff5d532a204c690c983006e7335638cb1a7e9d0,503965f87116d216f4f380bcd866f72044455da3afff54f04b685c625e53737f,3246d5606611e8d144c3505910735104c718d0790874d4e8ad9e86d4d80a775e,val,clsdoa_source_split_v2_stratified,ACCEPT,EXACT,AUTO_PASS,,PER_RECORDING_METADATA,http://creativecommons.org/licenses/by/3.0/,DESED_synth_soundbank.tar.gz; audio/eval/soundbank/foreground/Speech/236561_0.wav ; official eval license TSV,unknown,PRESENT,24000,1,float32,1.402083333,preserve_full_short_source,0.000000000,1.402063492,,active_rms_v1,-21.286682695,-24.000000127,0.320204169,0.234293967,-2.713317305,false,true
ESC-50:106072,vacuum_cleaner,ESC-50,vacuum_cleaner,106072,esc50:106072,ESC-50:esc50:106072,/home/leiyuxin/soundspaces/source_assets/clsdoa_v1/raw/esc50/ESC-50-master/audio/2-106072-A-36.wav,/home/leiyuxin/soundspaces/source_assets/clsdoa_v1/prepared/source_pool_pilot_001/wav/vacuum_cleaner/esc50__106072.wav,wav/vacuum_cleaner/esc50__106072.wav,cafb66444c410a131669473dea3c787e546e1b28ff7aa72947ce3c73a9885174,3672ecf0847535c5126a60e0339d7b9a5b63b04e933ae5ce734d4514d5f7fcee,48d6c73a9f124f3d9454d1c93bbd91e088c96e7cc88352419bdad3f73ba499cd,train,clsdoa_source_split_v2_stratified,ACCEPT,EXACT,AUTO_PASS,,DATASET_LEVEL_VERIFIED,CC BY-NC 3.0; dataset-level license and attribution file,https://github.com/karolpiczak/ESC-50; meta/esc50.csv; src_file=106072 take=A,unknown,PRESENT,24000,1,float32,5.000000000,preserve_full_short_source,0.000000000,5.000000000,,active_rms_v1,-8.132668427,-24.000000127,1.069658995,0.172138795,-15.867331573,false,true
ESC-50:188365,vacuum_cleaner,ESC-50,vacuum_cleaner,188365,esc50:188365,ESC-50:esc50:188365,/home/leiyuxin/soundspaces/source_assets/clsdoa_v1/raw/esc50/ESC-50-master/audio/5-188365-A-36.wav,/home/leiyuxin/soundspaces/source_assets/clsdoa_v1/prepared/source_pool_pilot_001/wav/vacuum_cleaner/esc50__188365.wav,wav/vacuum_cleaner/esc50__188365.wav,69f8b4bfdb4050d370557d98c2ca0c178d73121a59f108180713b8f7ba15b044,7ed2b18ccf0091ea7d6d44b588c464c4318a3f75a1c4e772285f7b846c576091,b18b10fd9ceb79b47445240e36b77651334a69fee351b9a47896f6cd0fd97ab8,train,clsdoa_source_split_v2_stratified,ACCEPT,EXACT,AUTO_PASS,,DATASET_LEVEL_VERIFIED,CC BY-NC 3.0; dataset-level license and attribution file,https://github.com/karolpiczak/ESC-50; meta/esc50.csv; src_file=188365 take=A,unknown,PRESENT,24000,1,float32,5.000000000,preserve_full_short_source,0.000000000,5.000000000,,active_rms_v1,-8.952992192,-24.000000127,1.036429286,0.183311313,-15.047007808,false,true
ESC-50:172733,vacuum_cleaner,ESC-50,vacuum_cleaner,172733,esc50:172733,ESC-50:esc50:172733,/home/leiyuxin/soundspaces/source_assets/clsdoa_v1/raw/esc50/ESC-50-master/audio/4-172733-A-36.wav,/home/leiyuxin/soundspaces/source_assets/clsdoa_v1/prepared/source_pool_pilot_001/wav/vacuum_cleaner/esc50__172733.wav,wav/vacuum_cleaner/esc50__172733.wav,b9b5e39c7810bc5f9222f8ac311fb5fdd25df42bb043c744e798a18d847575d0,d6316728c77624f67c70cfde8bb3f5c50b1e2cf8e1bbda68c5561b22da8ef18f,cb2683c4942cb7e1d85e0d3ff62ab29e47a035b2d78808f5341302914867a0d7,train,clsdoa_source_split_v2_stratified,ACCEPT,EXACT,AUTO_PASS,,DATASET_LEVEL_VERIFIED,CC BY-NC 3.0; dataset-level license and attribution file,https://github.com/karolpiczak/ESC-50; meta/esc50.csv; src_file=172733 take=A,unknown,PRESENT,24000,1,float32,5.000000000,preserve_full_short_source,0.000000000,5.000000000,,active_rms_v1,-8.646937490,-24.000001153,1.041758299,0.177874550,-15.353062510,false,true
ESC-50:182012,vacuum_cleaner,ESC-50,vacuum_cleaner,182012,esc50:182012,ESC-50:esc50:182012,/home/leiyuxin/soundspaces/source_assets/clsdoa_v1/raw/esc50/ESC-50-master/audio/5-182012-A-36.wav,/home/leiyuxin/soundspaces/source_assets/clsdoa_v1/prepared/source_pool_pilot_001/wav/vacuum_cleaner/esc50__182012.wav,wav/vacuum_cleaner/esc50__182012.wav,98d08c36c1c034f8e96aa7bd217b6b82ec2fdec9fb16b8f0bda7e892fc46115a,2c8d4fba06b314a51948f61decc3df32972535ddfb815247fae049b8822bb449,8fa37e0bd01c6e825f68c8a21bb057a25d4a98b5088f16e16de0fdf0d4a42b03,train,clsdoa_source_split_v2_stratified,ACCEPT,EXACT,AUTO_PASS,,DATASET_LEVEL_VERIFIED,CC BY-NC 3.0; dataset-level license and attribution file,https://github.com/karolpiczak/ESC-50; meta/esc50.csv; src_file=182012 take=A,unknown,PRESENT,24000,1,float32,5.000000000,preserve_full_short_source,0.000000000,5.000000000,,active_rms_v1,-9.244173382,-23.999999102,1.044556618,0.191047192,-14.755826618,false,true
ESC-50:212054,vacuum_cleaner,ESC-50,vacuum_cleaner,212054,esc50:212054,ESC-50:esc50:212054,/home/leiyuxin/soundspaces/source_assets/clsdoa_v1/raw/esc50/ESC-50-master/audio/5-212054-A-36.wav,/home/leiyuxin/soundspaces/source_assets/clsdoa_v1/prepared/source_pool_pilot_001/wav/vacuum_cleaner/esc50__212054.wav,wav/vacuum_cleaner/esc50__212054.wav,305a61bf460ca9fab82e4b972c9f2a959077fc88a437afaf089e0bdadefb0f2d,df6d1be4a79e410d905346d8972165efd65756a08d82d472e05109b22698ce5e,3d4cc6c8b7a3960972294b6b90e957d4bd504a7a2674d0afe00f8021c6e1e56a,test,clsdoa_source_split_v2_stratified,ACCEPT,EXACT,AUTO_PASS,,DATASET_LEVEL_VERIFIED,CC BY-NC 3.0; dataset-level license and attribution file,https://github.com/karolpiczak/ESC-50; meta/esc50.csv; src_file=212054 take=A,unknown,PRESENT,24000,1,float32,5.000000000,preserve_full_short_source,0.000000000,5.000000000,,active_rms_v1,-8.235523463,-24.000000127,1.033494830,0.168300137,-15.764476537,false,true
ESC-50:100210,vacuum_cleaner,ESC-50,vacuum_cleaner,100210,esc50:100210,ESC-50:esc50:100210,/home/leiyuxin/soundspaces/source_assets/clsdoa_v1/raw/esc50/ESC-50-master/audio/1-100210-A-36.wav,/home/leiyuxin/soundspaces/source_assets/clsdoa_v1/prepared/source_pool_pilot_001/wav/vacuum_cleaner/esc50__100210.wav,wav/vacuum_cleaner/esc50__100210.wav,c25661e812d1606dc7de301e1123fa76fd6cb4566e0f73d62cefaaf76343f768,c59e7be391f4f93c2a8eefe95ccd402d83302cfc09496ad64b565e7d471b07e3,f97e97b0fe0afce323d858503b6fa3ffd6c8cb1162c43cf3b24461300fb9abf6,train,clsdoa_source_split_v2_stratified,ACCEPT,EXACT,AUTO_PASS,,DATASET_LEVEL_VERIFIED,CC BY-NC 3.0; dataset-level license and attribution file,https://github.com/karolpiczak/ESC-50; meta/esc50.csv; src_file=100210 take=A,unknown,PRESENT,24000,1,float32,5.000000000,preserve_full_short_source,0.000000000,5.000000000,,active_rms_v1,-9.889015242,-24.000001153,1.021015882,0.201132953,-14.110984758,false,true
ESC-50:146200,vacuum_cleaner,ESC-50,vacuum_cleaner,146200,esc50:146200,ESC-50:esc50:146200,/home/leiyuxin/soundspaces/source_assets/clsdoa_v1/raw/esc50/ESC-50-master/audio/4-146200-A-36.wav,/home/leiyuxin/soundspaces/source_assets/clsdoa_v1/prepared/source_pool_pilot_001/wav/vacuum_cleaner/esc50__146200.wav,wav/vacuum_cleaner/esc50__146200.wav,fd5d00c450629f630022181895f222e465cee6ec6ea0587cae67bef0e78c77ee,22ac56476e505148491bbb6dfa26a756f3c7e9797a94469f9d38aecd80226efd,41db87e753f13f238ba7f8ffca60421d08f8ab3e315c4d79f0557caed80ee9d8,train,clsdoa_source_split_v2_stratified,ACCEPT,EXACT,AUTO_PASS,,DATASET_LEVEL_VERIFIED,CC BY-NC 3.0; dataset-level license and attribution file,https://github.com/karolpiczak/ESC-50; meta/esc50.csv; src_file=146200 take=A,unknown,PRESENT,24000,1,float32,5.000000000,preserve_full_short_source,0.000000000,5.000000000,,active_rms_v1,-9.300772144,-24.000000127,1.050890565,0.193462193,-14.699227856,false,true
ESC-50:182010,vacuum_cleaner,ESC-50,vacuum_cleaner,182010,esc50:182010,ESC-50:esc50:182010,/home/leiyuxin/soundspaces/source_assets/clsdoa_v1/raw/esc50/ESC-50-master/audio/5-182010-A-36.wav,/home/leiyuxin/soundspaces/source_assets/clsdoa_v1/prepared/source_pool_pilot_001/wav/vacuum_cleaner/esc50__182010.wav,wav/vacuum_cleaner/esc50__182010.wav,e2c7a0e7f55ee27c125d31cc980a2e3e614a16f1b121d9913a5d26cc0ae8cf19,bfbbc155cc9ebc5fb203421f18bd7d69e1900f00c7916d8b750e53a3324a3292,0ac4e7dd19c4f99e9453c79e0409650b1fb12972f9da4d15f96408788b015a07,train,clsdoa_source_split_v2_stratified,ACCEPT,EXACT,AUTO_PASS,,DATASET_LEVEL_VERIFIED,CC BY-NC 3.0; dataset-level license and attribution file,https://github.com/karolpiczak/ESC-50; meta/esc50.csv; src_file=182010 take=A,unknown,PRESENT,24000,1,float32,5.000000000,preserve_full_short_source,0.000000000,5.000000000,,active_rms_v1,-9.867146418,-24.000000127,1.007961154,0.198061988,-14.132853582,false,true
ESC-50:141682,vacuum_cleaner,ESC-50,vacuum_cleaner,141682,esc50:141682,ESC-50:esc50:141682,/home/leiyuxin/soundspaces/source_assets/clsdoa_v1/raw/esc50/ESC-50-master/audio/2-141682-B-36.wav,/home/leiyuxin/soundspaces/source_assets/clsdoa_v1/prepared/source_pool_pilot_001/wav/vacuum_cleaner/esc50__141682.wav,wav/vacuum_cleaner/esc50__141682.wav,bc898f0bd98d36769585ba9d350be05afd9a399f6c82cec023b7ec61fc9951eb,0a8e799f0f9c2f57e2d06f0600c2cd3b1547220d6bd4179b144c4e458e88672b,4551ede90c715089480f7f02e0bcd4af52a2940d71f8391a05bf3fafbb128c78,train,clsdoa_source_split_v2_stratified,ACCEPT,EXACT,AUTO_PASS,,DATASET_LEVEL_VERIFIED,CC BY-NC 3.0; dataset-level license and attribution file,https://github.com/karolpiczak/ESC-50; meta/esc50.csv; src_file=141682 take=B,unknown,PRESENT,24000,1,float32,5.000000000,preserve_full_short_source,0.000000000,5.000000000,,active_rms_v1,-10.083802226,-24.000000127,1.020648599,0.205620483,-13.916197774,false,true
ESC-50:181999,vacuum_cleaner,ESC-50,vacuum_cleaner,181999,esc50:181999,ESC-50:esc50:181999,/home/leiyuxin/soundspaces/source_assets/clsdoa_v1/raw/esc50/ESC-50-master/audio/4-181999-A-36.wav,/home/leiyuxin/soundspaces/source_assets/clsdoa_v1/prepared/source_pool_pilot_001/wav/vacuum_cleaner/esc50__181999.wav,wav/vacuum_cleaner/esc50__181999.wav,c50289a6103f9eac62f9b4a9af5a160a0da49c6a2eb9bdddcd791f1b1cbb6381,771bab3bc6dde6600187a6bd8f1095867e2c6ecf2967e99518b5dd2dd62c2ab9,10fdd12ca0a1d4dde025138f18da53c290e853e652d54691254bbee3f2bd40a5,train,clsdoa_source_split_v2_stratified,ACCEPT,EXACT,AUTO_PASS,,DATASET_LEVEL_VERIFIED,CC BY-NC 3.0; dataset-level license and attribution file,https://github.com/karolpiczak/ESC-50; meta/esc50.csv; src_file=181999 take=A,unknown,PRESENT,24000,1,float32,5.000000000,preserve_full_short_source,0.000000000,5.000000000,,active_rms_v1,-10.266564565,-24.000000127,1.016475081,0.209134147,-13.733435435,false,true
ESC-50:172732,vacuum_cleaner,ESC-50,vacuum_cleaner,172732,esc50:172732,ESC-50:esc50:172732,/home/leiyuxin/soundspaces/source_assets/clsdoa_v1/raw/esc50/ESC-50-master/audio/4-172732-A-36.wav,/home/leiyuxin/soundspaces/source_assets/clsdoa_v1/prepared/source_pool_pilot_001/wav/vacuum_cleaner/esc50__172732.wav,wav/vacuum_cleaner/esc50__172732.wav,2f3ab976a851710db47df736b4340cec5fd32c90b6f1e58801e9fa1f9b5e1249,d444820f205caca1bae789bcc70affee63f95ad0f939454eaabf481e0e0060e3,e6e0690da254355cd5e8ae4bda3ea349c83d93b8ece5e140bfd6d467813a3c47,train,clsdoa_source_split_v2_stratified,ACCEPT,EXACT,AUTO_PASS,,DATASET_LEVEL_VERIFIED,CC BY-NC 3.0; dataset-level license and attribution file,https://github.com/karolpiczak/ESC-50; meta/esc50.csv; src_file=172732 take=A,unknown,PRESENT,24000,1,float32,5.000000000,preserve_full_short_source,0.000000000,5.000000000,,active_rms_v1,-12.278400932,-24.000000127,0.821680844,0.213119507,-11.721599068,false,true
ESC-50:263902,vacuum_cleaner,ESC-50,vacuum_cleaner,263902,esc50:263902,ESC-50:esc50:263902,/home/leiyuxin/soundspaces/source_assets/clsdoa_v1/raw/esc50/ESC-50-master/audio/5-263902-A-36.wav,/home/leiyuxin/soundspaces/source_assets/clsdoa_v1/prepared/source_pool_pilot_001/wav/vacuum_cleaner/esc50__263902.wav,wav/vacuum_cleaner/esc50__263902.wav,7f596bae826c1bcd31fe8808058df8ea85e2914dd27a48ad0382cdc86076adb3,1c5091cf067b94cff509123d0aadf0127a57bcac5887fa19f27837baafef4e00,2548fc884ad1cfdbe8de0f6a13297faf674d9e486f3e7fdad8aa95092be39cea,train,clsdoa_source_split_v2_stratified,ACCEPT,EXACT,AUTO_PASS,,DATASET_LEVEL_VERIFIED,CC BY-NC 3.0; dataset-level license and attribution file,https://github.com/karolpiczak/ESC-50; meta/esc50.csv; src_file=263902 take=A,unknown,PRESENT,24000,1,float32,5.000000000,preserve_full_short_source,0.000000000,5.000000000,,active_rms_v1,-17.357867782,-24.000000127,0.461637527,0.214879259,-6.642132218,false,true
ESC-50:106073,vacuum_cleaner,ESC-50,vacuum_cleaner,106073,esc50:106073,ESC-50:esc50:106073,/home/leiyuxin/soundspaces/source_assets/clsdoa_v1/raw/esc50/ESC-50-master/audio/2-106073-A-36.wav,/home/leiyuxin/soundspaces/source_assets/clsdoa_v1/prepared/source_pool_pilot_001/wav/vacuum_cleaner/esc50__106073.wav,wav/vacuum_cleaner/esc50__106073.wav,2ba0a511f53344d0cd706f482156932264040f01d194c138ca0438fc0d2dbe99,c014443014c959abc1908f9e7f357e1e76ab56c5f93adea27909f16dbcb831ec,a578d3c4f74bc96341a041e63e8c3190b2c94d3ec3a306f4b7ac8fbe7e84c828,train,clsdoa_source_split_v2_stratified,ACCEPT,EXACT,AUTO_PASS,,DATASET_LEVEL_VERIFIED,CC BY-NC 3.0; dataset-level license and attribution file,https://github.com/karolpiczak/ESC-50; meta/esc50.csv; src_file=106073 take=A,unknown,PRESENT,24000,1,float32,5.000000000,preserve_full_short_source,0.000000000,5.000000000,,active_rms_v1,-10.593174158,-23.999999102,1.034113050,0.220915779,-13.406825842,false,true
ESC-50:19872,vacuum_cleaner,ESC-50,vacuum_cleaner,19872,esc50:19872,ESC-50:esc50:19872,/home/leiyuxin/soundspaces/source_assets/clsdoa_v1/raw/esc50/ESC-50-master/audio/1-19872-A-36.wav,/home/leiyuxin/soundspaces/source_assets/clsdoa_v1/prepared/source_pool_pilot_001/wav/vacuum_cleaner/esc50__19872.wav,wav/vacuum_cleaner/esc50__19872.wav,27522fa61125dddb8bb43d761dcd6b077a0a1d5282b98869448ef1a7582a2ee0,ec3f4ae8874981b03862edf816d48f8943d40d282cd4246ade3e82f2fce988ab,6f15bb8c669aaf930dfd44ef95920141a2b8d43148f7e29c0f1a7a52f91260d6,train,clsdoa_source_split_v2_stratified,ACCEPT,EXACT,AUTO_PASS,,DATASET_LEVEL_VERIFIED,CC BY-NC 3.0; dataset-level license and attribution file,https://github.com/karolpiczak/ESC-50; meta/esc50.csv; src_file=19872 take=A,unknown,PRESENT,24000,1,float32,5.000000000,preserve_full_short_source,0.000000000,5.000000000,,active_rms_v1,-18.226116757,-24.000000127,0.419235706,0.215657279,-5.773883243,false,true
ESC-50:19840,vacuum_cleaner,ESC-50,vacuum_cleaner,19840,esc50:19840,ESC-50:esc50:19840,/home/leiyuxin/soundspaces/source_assets/clsdoa_v1/raw/esc50/ESC-50-master/audio/1-19840-A-36.wav,/home/leiyuxin/soundspaces/source_assets/clsdoa_v1/prepared/source_pool_pilot_001/wav/vacuum_cleaner/esc50__19840.wav,wav/vacuum_cleaner/esc50__19840.wav,f438edc4cbf92031af47f200150a05c136b1bc35efcc0a7885f666de3e0ad8a1,c7871da9566196a1858e1289bb0e9ee10b3b387e8eae3dc8e11f8d083c544f42,d6d58e48005b976207cd6030de5d8976e9e7f4377eab86f790c5473c95ad2dd1,train,clsdoa_source_split_v2_stratified,ACCEPT,EXACT,AUTO_PASS,,DATASET_LEVEL_VERIFIED,CC BY-NC 3.0; dataset-level license and attribution file,https://github.com/karolpiczak/ESC-50; meta/esc50.csv; src_file=19840 take=A,unknown,PRESENT,24000,1,float32,5.000000000,preserve_full_short_source,0.000000000,5.000000000,,active_rms_v1,-29.823162580,-24.000001153,0.116669804,0.228095442,5.823162580,false,true
ESC-50:159346,vacuum_cleaner,ESC-50,vacuum_cleaner,159346,esc50:159346,ESC-50:esc50:159346,/home/leiyuxin/soundspaces/source_assets/clsdoa_v1/raw/esc50/ESC-50-master/audio/3-159346-A-36.wav,/home/leiyuxin/soundspaces/source_assets/clsdoa_v1/prepared/source_pool_pilot_001/wav/vacuum_cleaner/esc50__159346.wav,wav/vacuum_cleaner/esc50__159346.wav,c01a061c2d3866f6cfb9431879b1b23e1d95fb014607341164304dac1ebfc887,40ba213c53f887d0d312bee41e4ad397097b5cd62b41c38a34c1704d12c6e020,5327e7573883e6dfbcfd2d0ee1106a9fb3a2121e108fe9d7b8c1313c4df73819,test,clsdoa_source_split_v2_stratified,ACCEPT,EXACT,AUTO_PASS,,DATASET_LEVEL_VERIFIED,CC BY-NC 3.0; dataset-level license and attribution file,https://github.com/karolpiczak/ESC-50; meta/esc50.csv; src_file=159346 take=A,unknown,PRESENT,24000,1,float32,5.000000000,preserve_full_short_source,0.000000000,5.000000000,,active_rms_v1,-18.412764392,-24.000000127,0.435155213,0.228708565,-5.587235608,false,true
ESC-50:212059,vacuum_cleaner,ESC-50,vacuum_cleaner,212059,esc50:212059,ESC-50:esc50:212059,/home/leiyuxin/soundspaces/source_assets/clsdoa_v1/raw/esc50/ESC-50-master/audio/5-212059-A-36.wav,/home/leiyuxin/soundspaces/source_assets/clsdoa_v1/prepared/source_pool_pilot_001/wav/vacuum_cleaner/esc50__212059.wav,wav/vacuum_cleaner/esc50__212059.wav,7c43d4c64c854dcc649fd66a2cf7b0f30c356fc5be54c855e409d7de9188c414,29d4b9463a86b9099f474d8ea2c588f3b69ab4b24a80855cefbed0e31f6cbeba,99df07d9b9dce2b58c52389933adaa286e531f422ca51cccb0bb3db6425d8c45,train,clsdoa_source_split_v2_stratified,ACCEPT,EXACT,AUTO_PASS,,DATASET_LEVEL_VERIFIED,CC BY-NC 3.0; dataset-level license and attribution file,https://github.com/karolpiczak/ESC-50; meta/esc50.csv; src_file=212059 take=A,unknown,PRESENT,24000,1,float32,5.000000000,preserve_full_short_source,0.000000000,5.000000000,,active_rms_v1,-11.206617249,-24.000000127,0.991308093,0.227268636,-12.793382751,false,true
ESC-50:182007,vacuum_cleaner,ESC-50,vacuum_cleaner,182007,esc50:182007,ESC-50:esc50:182007,/home/leiyuxin/soundspaces/source_assets/clsdoa_v1/raw/esc50/ESC-50-master/audio/5-182007-A-36.wav,/home/leiyuxin/soundspaces/source_assets/clsdoa_v1/prepared/source_pool_pilot_001/wav/vacuum_cleaner/esc50__182007.wav,wav/vacuum_cleaner/esc50__182007.wav,0e463ece25ea1f8c47d726f98eea65dc7f0d328a4b367f0371a6b7f4baa35e4d,c3aa6db7b50be807615fca0bbf1e46e2946c9489627fe6ab8142fb53efe9c591,3da75e2e43452c3d1bc595b46a51e7a04bc6be977fc5b11e7adaa5e8e5877b0f,test,clsdoa_source_split_v2_stratified,ACCEPT,EXACT,AUTO_PASS,,DATASET_LEVEL_VERIFIED,CC BY-NC 3.0; dataset-level license and attribution file,https://github.com/karolpiczak/ESC-50; meta/esc50.csv; src_file=182007 take=A,unknown,PRESENT,24000,1,float32,5.000000000,preserve_full_short_source,0.000000000,5.000000000,,active_rms_v1,-11.744737420,-23.999999102,1.029522061,0.251114935,-12.255262580,false,true
ESC-50:60460,vacuum_cleaner,ESC-50,vacuum_cleaner,60460,esc50:60460,ESC-50:esc50:60460,/home/leiyuxin/soundspaces/source_assets/clsdoa_v1/raw/esc50/ESC-50-master/audio/1-60460-A-36.wav,/home/leiyuxin/soundspaces/source_assets/clsdoa_v1/prepared/source_pool_pilot_001/wav/vacuum_cleaner/esc50__60460.wav,wav/vacuum_cleaner/esc50__60460.wav,fb7bd010485ba6a0b4c09a25ca0fe11d7cd9ed646d8429a816bda427cf60b09a,2a5002fe10fda3618645cee67972321ed14d8cc7d26c840576d5edfe42ea0a3f,b5be86f8883d3deb8ecde4d8bd18ca9264abebd2726439f06684028061ef5dd2,val,clsdoa_source_split_v2_stratified,ACCEPT,EXACT,AUTO_PASS,,DATASET_LEVEL_VERIFIED,CC BY-NC 3.0; dataset-level license and attribution file,https://github.com/karolpiczak/ESC-50; meta/esc50.csv; src_file=60460 take=A,unknown,PRESENT,24000,1,float32,5.000000000,preserve_full_short_source,0.000000000,5.000000000,,active_rms_v1,-20.820813826,-24.000000127,0.342513174,0.237529740,-3.179186174,false,true
ESC-50:122820,vacuum_cleaner,ESC-50,vacuum_cleaner,122820,esc50:122820,ESC-50:esc50:122820,/home/leiyuxin/soundspaces/source_assets/clsdoa_v1/raw/esc50/ESC-50-master/audio/2-122820-A-36.wav,/home/leiyuxin/soundspaces/source_assets/clsdoa_v1/prepared/source_pool_pilot_001/wav/vacuum_cleaner/esc50__122820.wav,wav/vacuum_cleaner/esc50__122820.wav,0860570edc61a8972b3a44d7ad1194e60d788d488181d23432ea6b2ab68569c9,f8bd90ffbbe8c2c92c42eda47f9b68b3a8b67b49b91c662d211c36eaf4b181b3,89cb5093a2706c98fb55cf9f2b609349e31c44f3be91dcd22fbb3ed64162ec38,train,clsdoa_source_split_v2_stratified,ACCEPT,EXACT,AUTO_PASS,,DATASET_LEVEL_VERIFIED,CC BY-NC 3.0; dataset-level license and attribution file,https://github.com/karolpiczak/ESC-50; meta/esc50.csv; src_file=122820 take=A,unknown,PRESENT,24000,1,float32,5.000000000,preserve_full_short_source,0.000000000,5.000000000,,active_rms_v1,-13.841203738,-24.000000127,0.759222865,0.235737920,-10.158796262,false,true
ESC-50:79236,vacuum_cleaner,ESC-50,vacuum_cleaner,79236,esc50:79236,ESC-50:esc50:79236,/home/leiyuxin/soundspaces/source_assets/clsdoa_v1/raw/esc50/ESC-50-master/audio/1-79236-A-36.wav,/home/leiyuxin/soundspaces/source_assets/clsdoa_v1/prepared/source_pool_pilot_001/wav/vacuum_cleaner/esc50__79236.wav,wav/vacuum_cleaner/esc50__79236.wav,00d196b5179421e8e62c5e48457b15164a15078eb9a64389606ba565a033e385,7e1bdc68b4699a89c040c38beecf0cff5413ee6c1752fc1c7864d150e8e83488,c2a7d2bc06b14b9e9cecaa1e67ab5c0b21e1c1caa9945b853d1b7c9009e3ae8b,val,clsdoa_source_split_v2_stratified,ACCEPT,EXACT,AUTO_PASS,,DATASET_LEVEL_VERIFIED,CC BY-NC 3.0; dataset-level license and attribution file,https://github.com/karolpiczak/ESC-50; meta/esc50.csv; src_file=79236 take=A,unknown,PRESENT,24000,1,float32,5.000000000,preserve_full_short_source,0.000000000,5.000000000,,active_rms_v1,-11.339884508,-24.000000127,1.259881854,0.293308079,-12.660115492,false,true
ESC-50:172736,vacuum_cleaner,ESC-50,vacuum_cleaner,172736,esc50:172736,ESC-50:esc50:172736,/home/leiyuxin/soundspaces/source_assets/clsdoa_v1/raw/esc50/ESC-50-master/audio/4-172736-A-36.wav,/home/leiyuxin/soundspaces/source_assets/clsdoa_v1/prepared/source_pool_pilot_001/wav/vacuum_cleaner/esc50__172736.wav,wav/vacuum_cleaner/esc50__172736.wav,ae8b76fcd3400b82daf4fc6e56532c9dea7d450c76a75ce36bb9e3ed1560c67f,1854334249cefe29f2e9d576152a97cfec5c2e7b5e3f12ce0abbb854e463d689,3a1ee8ca78c888284dcf58aa5d2e029862b0ef16352edc8126e232942ca01e29,train,clsdoa_source_split_v2_stratified,ACCEPT,EXACT,AUTO_PASS,,DATASET_LEVEL_VERIFIED,CC BY-NC 3.0; dataset-level license and attribution file,https://github.com/karolpiczak/ESC-50; meta/esc50.csv; src_file=172736 take=A,unknown,PRESENT,24000,1,float32,5.000000000,preserve_full_short_source,0.000000000,5.000000000,,active_rms_v1,-12.128604102,-24.000000127,1.036335945,0.264198750,-11.871395898,false,true
ESC-50:141681,vacuum_cleaner,ESC-50,vacuum_cleaner,141681,esc50:141681,ESC-50:esc50:141681,/home/leiyuxin/soundspaces/source_assets/clsdoa_v1/raw/esc50/ESC-50-master/audio/2-141681-A-36.wav,/home/leiyuxin/soundspaces/source_assets/clsdoa_v1/prepared/source_pool_pilot_001/wav/vacuum_cleaner/esc50__141681.wav,wav/vacuum_cleaner/esc50__141681.wav,208c0de47e92442460574ea7426b6612298f8c7739e1985715bdd836e8895f66,db7c5d6c51f8c8a59a379ad9780a05c7287f136564ab87fc428f483b3da9ded5,026fec8e7c4352de859263c9ddd2e1550b43c88508c34df8fb5b36ece4f11c1c,val,clsdoa_source_split_v2_stratified,ACCEPT,EXACT,AUTO_PASS,,DATASET_LEVEL_VERIFIED,CC BY-NC 3.0; dataset-level license and attribution file,https://github.com/karolpiczak/ESC-50; meta/esc50.csv; src_file=141681 take=A,unknown,PRESENT,24000,1,float32,5.000000000,preserve_full_short_source,0.000000000,5.000000000,,active_rms_v1,-19.089133819,-23.999999102,0.470709652,0.267429799,-4.910866181,false,true
ESC-50:159347,vacuum_cleaner,ESC-50,vacuum_cleaner,159347,esc50:159347,ESC-50:esc50:159347,/home/leiyuxin/soundspaces/source_assets/clsdoa_v1/raw/esc50/ESC-50-master/audio/3-159347-A-36.wav,/home/leiyuxin/soundspaces/source_assets/clsdoa_v1/prepared/source_pool_pilot_001/wav/vacuum_cleaner/esc50__159347.wav,wav/vacuum_cleaner/esc50__159347.wav,86b87f19ef5cf76ba5e085ef14dbd759396f8f0baf83c3fa77d1db3a2fcffb8d,689bd1bb2e79c6b1cc2b1823692ded5d5403d6026c80ede630de5d3b93fe4636,749869b3dac818842a45bfde1afdf1ebcb5217eb3b0e4fe147dc473048fb5da9,train,clsdoa_source_split_v2_stratified,ACCEPT,EXACT,AUTO_PASS,,DATASET_LEVEL_VERIFIED,CC BY-NC 3.0; dataset-level license and attribution file,https://github.com/karolpiczak/ESC-50; meta/esc50.csv; src_file=159347 take=A,unknown,PRESENT,24000,1,float32,5.000000000,preserve_full_short_source,0.000000000,5.000000000,,active_rms_v1,-14.669269224,-24.000000127,0.882502437,0.301425070,-9.330730776,false,true
ESC-50:194680,vacuum_cleaner,ESC-50,vacuum_cleaner,194680,esc50:194680,ESC-50:esc50:194680,/home/leiyuxin/soundspaces/source_assets/clsdoa_v1/raw/esc50/ESC-50-master/audio/4-194680-A-36.wav,/home/leiyuxin/soundspaces/source_assets/clsdoa_v1/prepared/source_pool_pilot_001/wav/vacuum_cleaner/esc50__194680.wav,wav/vacuum_cleaner/esc50__194680.wav,1a7ae748ea22bc91089b801aa91db21d5dc72c9af5db0fa87939e3445d37e0a6,29eb32c6cc24049fca0abf8b6a1369b6c35997ce2f8b79d0b411965e888bbfde,7cfaaaa5fd15d746f66a0131d44cbdd6b0f0ddb3690da99b6f8857ea3f69b2b5,test,clsdoa_source_split_v2_stratified,ACCEPT,EXACT,AUTO_PASS,,DATASET_LEVEL_VERIFIED,CC BY-NC 3.0; dataset-level license and attribution file,https://github.com/karolpiczak/ESC-50; meta/esc50.csv; src_file=194680 take=A,unknown,PRESENT,24000,1,float32,5.000000000,preserve_full_short_source,0.000000000,5.000000000,,active_rms_v1,-24.593662915,-24.000000127,0.254230738,0.272214472,0.593662915,false,true
ESC-50:231551,vacuum_cleaner,ESC-50,vacuum_cleaner,231551,esc50:231551,ESC-50:esc50:231551,/home/leiyuxin/soundspaces/source_assets/clsdoa_v1/raw/esc50/ESC-50-master/audio/5-231551-A-36.wav,/home/leiyuxin/soundspaces/source_assets/clsdoa_v1/prepared/source_pool_pilot_001/wav/vacuum_cleaner/esc50__231551.wav,wav/vacuum_cleaner/esc50__231551.wav,d5a60c716910d10edfacbd38c76ffcc3f3615bd0e0cc9aa69b90df2bd9b2587f,cf610cad18bf137d1d52598218b9cdefbe017829f40c854c729718564315e24c,0a22d8fb67750e1487e0e7e4ae242d45bb99562885cb7d74b1bf4db7a26caf07,train,clsdoa_source_split_v2_stratified,ACCEPT,EXACT,AUTO_PASS,,DATASET_LEVEL_VERIFIED,CC BY-NC 3.0; dataset-level license and attribution file,https://github.com/karolpiczak/ESC-50; meta/esc50.csv; src_file=231551 take=A,unknown,PRESENT,24000,1,float32,5.000000000,preserve_full_short_source,0.000000000,5.000000000,,active_rms_v1,-16.876826978,-24.000000127,0.508847535,0.224093378,-7.123173022,false,true
ESC-50:172734,vacuum_cleaner,ESC-50,vacuum_cleaner,172734,esc50:172734,ESC-50:esc50:172734,/home/leiyuxin/soundspaces/source_assets/clsdoa_v1/raw/esc50/ESC-50-master/audio/4-172734-A-36.wav,/home/leiyuxin/soundspaces/source_assets/clsdoa_v1/prepared/source_pool_pilot_001/wav/vacuum_cleaner/esc50__172734.wav,wav/vacuum_cleaner/esc50__172734.wav,086d84baabf28eb64efdb45cdedaab985bf136f34598880ff60700a9d80cac5c,c5bcd302a512c9eb24742d56dcb5ae20ed039d94a0e24d89eb8f86cfab2335fa,011ed0542de4d6069f22eb60442db8247126bc1eb0681e39cb85f25b6ba6c301,val,clsdoa_source_split_v2_stratified,ACCEPT,EXACT,AUTO_PASS,,DATASET_LEVEL_VERIFIED,CC BY-NC 3.0; dataset-level license and attribution file,https://github.com/karolpiczak/ESC-50; meta/esc50.csv; src_file=172734 take=A,unknown,PRESENT,24000,1,float32,5.000000000,preserve_full_short_source,0.000000000,5.000000000,,active_rms_v1,-11.007615462,-24.000000127,1.045569658,0.234279200,-12.992384538,false,true
ESC-50:152020,vacuum_cleaner,ESC-50,vacuum_cleaner,152020,esc50:152020,ESC-50:esc50:152020,/home/leiyuxin/soundspaces/source_assets/clsdoa_v1/raw/esc50/ESC-50-master/audio/3-152020-C-36.wav,/home/leiyuxin/soundspaces/source_assets/clsdoa_v1/prepared/source_pool_pilot_001/wav/vacuum_cleaner/esc50__152020.wav,wav/vacuum_cleaner/esc50__152020.wav,d21781b68922e21dcd6cace7cd7eae6a7333df016cb1204ac619e811f4b6e1d5,c199545c22847b1030d03a4dbbdade5dbd62a398188fb91b4893694777709482,4ced9cc682392672f385022463c93959a21916af693324410932b031e5e5d8c8,train,clsdoa_source_split_v2_stratified,ACCEPT,EXACT,AUTO_PASS,,DATASET_LEVEL_VERIFIED,CC BY-NC 3.0; dataset-level license and attribution file,https://github.com/karolpiczak/ESC-50; meta/esc50.csv; src_file=152020 take=C,unknown,PRESENT,24000,1,float32,5.000000000,preserve_full_short_source,0.000000000,5.000000000,,active_rms_v1,-9.217462450,-23.999999102,1.064802766,0.194152191,-14.782537550,false,true
ESC-50:159348,vacuum_cleaner,ESC-50,vacuum_cleaner,159348,esc50:159348,ESC-50:esc50:159348,/home/leiyuxin/soundspaces/source_assets/clsdoa_v1/raw/esc50/ESC-50-master/audio/3-159348-A-36.wav,/home/leiyuxin/soundspaces/source_assets/clsdoa_v1/prepared/source_pool_pilot_001/wav/vacuum_cleaner/esc50__159348.wav,wav/vacuum_cleaner/esc50__159348.wav,da458486765a14b05a75fa4cb8a45e96f95c2d02081dbd5a3718611ab1e01f70,44bebd13a22c2d6621cd1d95544bd50c31f7aeb1eaa4eb247a00fe5dec11a759,5e2a850746457f0823b26ae31227d340b3dafab392e1b5714bbc63502be6cdc0,train,clsdoa_source_split_v2_stratified,ACCEPT,EXACT,AUTO_PASS,,DATASET_LEVEL_VERIFIED,CC BY-NC 3.0; dataset-level license and attribution file,https://github.com/karolpiczak/ESC-50; meta/esc50.csv; src_file=159348 take=A,unknown,PRESENT,24000,1,float32,5.000000000,preserve_full_short_source,0.000000000,5.000000000,,active_rms_v1,-27.182692112,-24.000001153,0.163148999,0.235352606,3.182692112,false,true
ESC-50:46744,vacuum_cleaner,ESC-50,vacuum_cleaner,46744,esc50:46744,ESC-50:esc50:46744,/home/leiyuxin/soundspaces/source_assets/clsdoa_v1/raw/esc50/ESC-50-master/audio/1-46744-A-36.wav,/home/leiyuxin/soundspaces/source_assets/clsdoa_v1/prepared/source_pool_pilot_001/wav/vacuum_cleaner/esc50__46744.wav,wav/vacuum_cleaner/esc50__46744.wav,19321d8385c8955d4ec9d1791831796cdfef59b73717d23fd4170d8491c46e3b,d7ee1fc8d3b5ea6d1144e391a497f44051d822972011b2be0c3af7516242fd0e,2ce9931568a6e0ddf3cf840988ffd2af6fe3be62012a1f865e18180fb2b0f21e,train,clsdoa_source_split_v2_stratified,ACCEPT,EXACT,AUTO_FLAG,severe_clipping_candidate,DATASET_LEVEL_VERIFIED,CC BY-NC 3.0; dataset-level license and attribution file,https://github.com/karolpiczak/ESC-50; meta/esc50.csv; src_file=46744 take=A,unknown,PRESENT,24000,1,float32,5.000000000,preserve_full_short_source,0.000000000,5.000000000,,active_rms_v1,-6.499224111,-24.000001153,1.095554590,0.146081492,-17.500775889,false,true
DESED isolated foreground:141681,vacuum_cleaner,DESED isolated foreground,Vacuum_cleaner,141681,desed:train:141681,DESED:141681,/home/leiyuxin/soundspaces/source_assets/clsdoa_v1/raw/desed/extracted/audio/train/soundbank/foreground/Vacuum_cleaner/141681.wav,/home/leiyuxin/soundspaces/source_assets/clsdoa_v1/prepared/source_pool_pilot_001/wav/vacuum_cleaner/desed__train__141681.wav,wav/vacuum_cleaner/desed__train__141681.wav,11108fe1218bf525d78264e76af511a73200b7ab4a5b0cdf0ceaacebf74b581f,fde8d484e18c91753118ea52847c7e9f663c3a6321bc2943c196fff7a0d4051c,bf2fe2497dd91c91c46afd6add5f183615b0d85b1aa87c1c9a1a87ae911b1d35,train,clsdoa_source_split_v2_stratified,ACCEPT,EXACT,AUTO_PASS,,PER_RECORDING_METADATA,http://creativecommons.org/publicdomain/zero/1.0/,DESED_synth_soundbank.tar.gz; audio/train/soundbank/foreground/Vacuum_cleaner/141681.wav ; official train license TSV,unknown,PRESENT,24000,1,float32,5.000000000,deterministic_center,16.996621315,21.996621315,,active_rms_v1,-16.749003693,-24.000001153,0.655221105,0.284340084,-7.250996307,false,true
DESED isolated foreground:182010,vacuum_cleaner,DESED isolated foreground,Vacuum_cleaner,182010,desed:train:182010,DESED:182010,/home/leiyuxin/soundspaces/source_assets/clsdoa_v1/raw/desed/extracted/audio/train/soundbank/foreground/Vacuum_cleaner/182010.wav,/home/leiyuxin/soundspaces/source_assets/clsdoa_v1/prepared/source_pool_pilot_001/wav/vacuum_cleaner/desed__train__182010.wav,wav/vacuum_cleaner/desed__train__182010.wav,45d6e3080313f7162027fd13608418b551fe2b48cedac5e667b7f0556785b802,dc3af8d5e19fd024b98e631951f09195fcd5cf6b8caa3db3b441e3442633b27f,523b67b76d153fb8d563550a752f1786cf14d0f6b945209b8d1d44b2186a4136,train,clsdoa_source_split_v2_stratified,ACCEPT,EXACT,AUTO_PASS,,PER_RECORDING_METADATA,http://creativecommons.org/publicdomain/zero/1.0/,DESED_synth_soundbank.tar.gz; audio/train/soundbank/foreground/Vacuum_cleaner/182010.wav ; official train license TSV,unknown,PRESENT,24000,1,float32,5.000000000,deterministic_center,18.537256236,23.537256236,,active_rms_v1,-13.846126087,-24.000000127,0.695541441,0.216087341,-10.153873913,false,true
DESED isolated foreground:189735,vacuum_cleaner,DESED isolated foreground,Vacuum_cleaner,189735,desed:eval:189735,DESED:189735,/home/leiyuxin/soundspaces/source_assets/clsdoa_v1/raw/desed/extracted/audio/eval/soundbank/foreground/Vacuum_cleaner/189735.wav,/home/leiyuxin/soundspaces/source_assets/clsdoa_v1/prepared/source_pool_pilot_001/wav/vacuum_cleaner/desed__eval__189735.wav,wav/vacuum_cleaner/desed__eval__189735.wav,5f08e06bcc3fdd3d4e9660f155be201fcc59e1cda95c71690ed112fe4c2676c9,a58aa46e26b987db96b237e075190083bc48a2c79815b14cc1e256a887b8a707,c7e193d1138836e05c2c4202ba52064670efd3b43307f0d76495ac53c2735995,train,clsdoa_source_split_v2_stratified,ACCEPT,EXACT,AUTO_PASS,,PER_RECORDING_METADATA,http://creativecommons.org/licenses/by/3.0/,DESED_synth_soundbank.tar.gz; audio/eval/soundbank/foreground/Vacuum_cleaner/189735.wav ; official eval license TSV,unknown,PRESENT,24000,1,float32,5.000000000,deterministic_center,27.064965986,32.064965986,,active_rms_v1,-17.177852213,-24.000000127,0.420254052,0.191603974,-6.822147787,false,true
DESED isolated foreground:178256,vacuum_cleaner,DESED isolated foreground,Vacuum_cleaner,178256,desed:train:178256,DESED:178256,/home/leiyuxin/soundspaces/source_assets/clsdoa_v1/raw/desed/extracted/audio/train/soundbank/foreground/Vacuum_cleaner/178256.wav,/home/leiyuxin/soundspaces/source_assets/clsdoa_v1/prepared/source_pool_pilot_001/wav/vacuum_cleaner/desed__train__178256.wav,wav/vacuum_cleaner/desed__train__178256.wav,858c332cb3120e4696bd51ea1e05e2b28d0ab0e05883665bcd468ab98a256314,1e78be3dd4456097502bb141e2c0c7203598cad9209ddd0e104db51f42d921d9,f488e16f69a900e99e7dc2c7d85dc27ce0bbb989871a542804670e97c65326ae,test,clsdoa_source_split_v2_stratified,ACCEPT,EXACT,AUTO_PASS,,PER_RECORDING_METADATA,http://creativecommons.org/publicdomain/zero/1.0/,DESED_synth_soundbank.tar.gz; audio/train/soundbank/foreground/Vacuum_cleaner/178256.wav ; official train license TSV,unknown,PRESENT,24000,1,float32,5.000000000,deterministic_center,20.541927438,25.541927438,,active_rms_v1,-20.664173202,-24.000001153,0.312130809,0.212591201,-3.335826798,false,true
DESED isolated foreground:182007,vacuum_cleaner,DESED isolated foreground,Vacuum_cleaner,182007,desed:train:182007,DESED:182007,/home/leiyuxin/soundspaces/source_assets/clsdoa_v1/raw/desed/extracted/audio/train/soundbank/foreground/Vacuum_cleaner/182007.wav,/home/leiyuxin/soundspaces/source_assets/clsdoa_v1/prepared/source_pool_pilot_001/wav/vacuum_cleaner/desed__train__182007.wav,wav/vacuum_cleaner/desed__train__182007.wav,1be914350ce189474c3d28fec901f504fb5422a0407290dfff09977165b3d830,7c6f6380e574c0647961890cc9d109a2a04e7432ecd30457153f344f4c1eed72,e2429afa53e72c97d6aacbdefb5c56b2499aa38742bef56e687f929cc9fdaaa0,train,clsdoa_source_split_v2_stratified,ACCEPT,EXACT,AUTO_PASS,,PER_RECORDING_METADATA,http://creativecommons.org/publicdomain/zero/1.0/,DESED_synth_soundbank.tar.gz; audio/train/soundbank/foreground/Vacuum_cleaner/182007.wav ; official train license TSV,unknown,PRESENT,24000,1,float32,5.000000000,deterministic_center,19.154172336,24.154172336,,active_rms_v1,-17.594479200,-24.000000127,0.508325696,0.243145376,-6.405520800,false,true
DESED isolated foreground:182009,vacuum_cleaner,DESED isolated foreground,Vacuum_cleaner,182009,desed:train:182009,DESED:182009,/home/leiyuxin/soundspaces/source_assets/clsdoa_v1/raw/desed/extracted/audio/train/soundbank/foreground/Vacuum_cleaner/182009.wav,/home/leiyuxin/soundspaces/source_assets/clsdoa_v1/prepared/source_pool_pilot_001/wav/vacuum_cleaner/desed__train__182009.wav,wav/vacuum_cleaner/desed__train__182009.wav,38ad8b0fcfdee8cdbff8fb5a8c3113dc553fedd4953e512004880d684dd9ec5a,44da89d697208b86a0bf6de5db820b3238956940686f30e5c59851f14270443c,07dd79a60f12adb9616763939026a54e4213efc57af299f736d344540310a155,val,clsdoa_source_split_v2_stratified,ACCEPT,EXACT,AUTO_PASS,,PER_RECORDING_METADATA,http://creativecommons.org/publicdomain/zero/1.0/,DESED_synth_soundbank.tar.gz; audio/train/soundbank/foreground/Vacuum_cleaner/182009.wav ; official train license TSV,unknown,PRESENT,24000,1,float32,5.000000000,deterministic_center,15.355782313,20.355782313,,active_rms_v1,-11.957312192,-24.000000127,0.773419797,0.193321824,-12.042687808,false,true
