episode_id,scene_id,family,expected_sample,floor,round,ceil,peak_sample,peak_minus_expected,onset_sample,onset_minus_expected,current_error,expected_error,earliest_error,early4_error,early8_error,early16_error,direct_to_peak_amp_ratio,direct_to_peak_energy_ratio
clsdoa_v1_pilot_005_ep_000001,replica.apartment_1,Replica,368.1218278805831,368,368,369,488,119.87817211941689,360,-8.121827880583112,68.63806995542733,138.13787635463848,94.93999565653937,75.41621447103651,87.6239918162645,117.07033272231574,0.9973601698875427,0.0937768891453743
clsdoa_v1_pilot_005_ep_000002,replica.apartment_2,Replica,157.89396374404123,157,158,158,150,-7.89396374404123,150,-7.89396374404123,7.362491743669274,21.42395969255128,0.0,0.0,0.0,8.75811197468561,0.34094151854515076,0.12706395983695984
clsdoa_v1_pilot_005_ep_000003,replica.frl_apartment_0,Replica,158.6467132197528,158,159,159,151,-7.646713219752797,151,-7.646713219752797,4.26886823125797e-06,0.0,0.0,0.01368740516211552,0.01368740516211552,0.016193360411714274,4.0829047065926716e-05,1.6670836933130317e-09
clsdoa_v1_pilot_005_ep_000004,replica.frl_apartment_1,Replica,247.21384082525907,247,247,248,240,-7.213840825259069,240,-7.213840825259069,0.009757560022279285,0.012217769887459439,0.0,0.0,0.0,0.0,0.00010123057290911674,1.0247232395954597e-08
clsdoa_v1_pilot_005_ep_000005,replica.frl_apartment_3,Replica,196.2299227551112,196,196,197,189,-7.229922755111204,189,-7.229922755111204,3.157022832190633,0.0,0.016193360434221322,0.016193360434221322,0.016193360434221322,0.0,7.716554682701826e-05,5.953780579659451e-09
clsdoa_v1_pilot_005_ep_000006,replica.frl_apartment_4,Replica,404.85968386372843,404,405,405,397,-7.859683863728435,397,-7.859683863728435,1.7075472925031877e-06,0.0,0.0,0.016054920310660564,0.0,0.013217654814319146,9.638856136007234e-05,9.288404712037845e-09
clsdoa_v1_pilot_005_ep_000007,replica.frl_apartment_2,Replica,90.51786899616965,90,91,91,83,-7.517868996169653,83,-7.517868996169653,2.831646840510158e-06,0.018188819184010274,0.01802983248436681,0.0,0.0,0.006247454575590623,2.1199135517235845e-05,4.4936068754886094e-10
clsdoa_v1_pilot_005_ep_000008,replica.hotel_0,Replica,186.89956470525013,186,187,187,179,-7.899564705250128,179,-7.899564705250128,6.2155659652833185e-06,0.010721686541853888,0.0,0.006491803662185701,0.006491803662185701,0.0,4.6861990995239466e-05,2.196005599586215e-09
clsdoa_v1_pilot_005_ep_000009,replica.office_2,Replica,397.9967304504152,397,398,398,390,-7.996730450415214,390,-7.996730450415214,24.527684714901394,0.017880691880306963,0.0,0.013687405188743266,0.010604961056260543,0.006130688174539142,9.492166282143444e-05,9.015113100474537e-09
clsdoa_v1_pilot_005_ep_000010,replica.office_4,Replica,291.9659422509267,291,292,292,284,-7.965942250926673,284,-7.965942250926673,0.9498172550221419,0.0,0.021186215928719,0.0,0.0,0.0,7.162746624089777e-05,5.130959657151379e-09
clsdoa_v1_pilot_005_ep_000011,replica.office_0,Replica,265.7303464704339,265,266,266,258,-7.730346470433915,258,-7.730346470433915,115.92343512500125,0.020231015814799205,0.0,0.0,0.018656634763345413,0.0,6.601178029086441e-05,4.355919624998705e-09
clsdoa_v1_pilot_005_ep_000012,replica.apartment_1,Replica,97.6760750878806,97,98,98,144,46.323924912119395,90,-7.676075087880605,87.37517045817812,60.09101220171626,71.3665004392482,94.06323475833646,95.04834668214464,90.6534987476895,0.10972041636705399,0.06863298267126083
clsdoa_v1_pilot_005_ep_000013,replica.apartment_2,Replica,224.48638936584544,224,224,225,217,-7.48638936584544,217,-7.48638936584544,8.913658556096819e-06,0.012090895676719714,0.013255804012331424,0.0,0.0,0.015246804489272934,9.116259025176987e-05,8.311364929625142e-09
clsdoa_v1_pilot_005_ep_000014,replica.room_0,Replica,155.56153288126754,155,156,156,148,-7.561532881267539,148,-7.561532881267539,1.6231609471220672,0.0,0.009051762040776276,0.0027452954523753347,0.009070580710707836,0.022783532353042243,4.047140828333795e-05,1.6378491896062997e-09
clsdoa_v1_pilot_005_ep_000015,replica.frl_apartment_0,Replica,112.83653279745153,112,113,113,106,-6.836532797451525,106,-6.836532797451525,0.32217634223574676,0.0018036921548990718,0.013502569203531618,0.015526231155336875,0.0,0.0,4.203901335131377e-05,1.7668264629122632e-09
clsdoa_v1_pilot_005_ep_000016,replica.frl_apartment_3,Replica,324.28937936020236,324,324,325,316,-8.28937936020236,316,-8.28937936020236,0.10431242429350657,0.01426943271809958,0.0,0.016776418168884158,0.0,0.0,7.939422357594594e-05,6.302770305666172e-09
clsdoa_v1_pilot_005_ep_000017,replica.frl_apartment_2,Replica,90.51786899616965,90,91,91,83,-7.517868996169653,83,-7.517868996169653,2.831646840510158e-06,0.019114623806028942,0.018014454205464936,0.0,0.0,0.0,2.1204266886343248e-05,4.496667760367501e-10
clsdoa_v1_pilot_005_ep_000018,replica.frl_apartment_4,Replica,110.65649625037013,110,111,111,103,-7.656496250370125,103,-7.656496250370125,0.0,0.014722662349433896,0.0,0.010604961056260543,0.010604961056260543,0.010604961056260543,2.7392668926040642e-05,7.503051513424452e-10
clsdoa_v1_pilot_005_ep_000019,replica.office_2,Replica,96.85296481652061,96,97,97,90,-6.852964816520611,90,-6.852964816520611,0.8394500588859765,0.016371207188273257,0.01368740516211552,0.010604961021893162,0.01368740516211552,0.01368740516211552,3.612849468481727e-05,1.3052307012983988e-09
clsdoa_v1_pilot_005_ep_000020,replica.frl_apartment_1,Replica,193.81863356162987,193,194,194,186,-7.818633561629866,186,-7.818633561629866,1.0833622902560422,0.0,0.013043351814844195,0.0,0.016037112640663875,0.015632101354647855,4.9665588448988274e-05,2.467610560330513e-09
clsdoa_v1_pilot_005_ep_000021,replica.office_4,Replica,113.96657071683649,113,114,114,107,-6.966570716836486,107,-6.966570716836486,4.00455336570039e-06,0.0,0.0,0.0,0.0,0.0,4.300707223592326e-05,1.850272046688417e-09
clsdoa_v1_pilot_005_ep_000022,replica.apartment_1,Replica,144.67823620374392,144,145,145,137,-7.678236203743921,137,-7.678236203743921,3.7215130446689415e-06,0.008685079599686701,0.010871525525582605,0.0,0.010871525525582605,0.0,3.688110155053437e-05,1.3601716419842091e-09
clsdoa_v1_pilot_005_ep_000023,replica.frl_apartment_0,Replica,132.1278953643394,132,132,133,125,-7.127895364339395,125,-7.127895364339395,0.21711785960246088,0.0,0.013687405135487777,0.0,0.013687405135487777,0.0,5.14412131451536e-05,2.6463049529468208e-09
clsdoa_v1_pilot_005_ep_000024,replica.frl_apartment_2,Replica,90.51786899616965,90,91,91,83,-7.517868996169653,83,-7.517868996169653,8.537736462515939e-07,0.02252440901811142,0.0,0.0,0.0,0.0,2.1196361558395438e-05,4.491350624746815e-10
clsdoa_v1_pilot_005_ep_000025,replica.frl_apartment_3,Replica,104.86573413707794,104,105,105,98,-6.865734137077936,98,-6.865734137077936,1.7075472925031877e-06,0.01490754797635236,0.01368740516211552,0.0,0.0,0.01368740516211552,3.851991277770139e-05,1.4838933415362021e-09
clsdoa_v1_pilot_005_ep_000026,replica.frl_apartment_4,Replica,110.65649625037013,110,111,111,103,-7.656496250370125,103,-7.656496250370125,0.0,0.018492363560804956,0.013687405188743266,0.013687405188743266,0.013687405188743266,0.013687405188743266,2.738222792686429e-05,7.499951215628187e-10
clsdoa_v1_pilot_005_ep_000027,replica.office_2,Replica,338.25102537866326,338,338,339,330,-8.251025378663257,330,-8.251025378663257,0.2070029952012014,0.01569938481904066,0.0,0.007101597688403032,0.0,0.0,8.369166607735679e-05,7.001283996999064e-09
clsdoa_v1_pilot_005_ep_000028,replica.hotel_0,Replica,186.89956470525013,186,187,187,179,-7.899564705250128,179,-7.899564705250128,2.4600204006086295,0.007704951786532296,0.0,0.0,0.0,0.0,4.685320527642034e-05,2.1954520423861368e-09
clsdoa_v1_pilot_005_ep_000029,mp3d.17DRP5sb8fy,MP3D,227.62443300755388,227,228,228,220,-7.6244330075538755,220,-7.6244330075538755,8.258134916058555,22.359049760286013,0.010604961021893162,0.7472675004457892,3.9655332222315045,6.1426257499633286,0.04560469090938568,0.00210148305632174
clsdoa_v1_pilot_005_ep_000030,mp3d.2azQ1b91cZZ,MP3D,317.6732908569858,317,318,318,310,-7.673290856985773,310,-7.673290856985773,0.9922837969891948,0.0,0.006130688233988377,0.0,0.0,0.018007149451469473,7.751031807856634e-05,6.008766817444666e-09
clsdoa_v1_pilot_005_ep_000031,mp3d.5LpN3gDmAk7,MP3D,70.36010897110228,70,70,71,129,58.63989102889772,63,-7.360108971102278,137.74504786023067,39.71051689347899,131.0957088073798,94.70457109314698,97.61099279900334,84.79320914067597,0.8755987882614136,0.16357466578483582
clsdoa_v1_pilot_005_ep_000032,mp3d.759xd9YjKW5,MP3D,390.0210844558028,390,390,391,505,114.9789155441972,382,-8.021084455802793,71.40871361453772,42.00025751290303,120.98584509819209,24.76981874890818,39.870292248308814,21.525325580274554,1.4491376876831055,0.06661046296358109
clsdoa_v1_pilot_005_ep_000033,mp3d.8194nk5LbLH,MP3D,257.7977852915636,257,258,258,250,-7.797785291563628,250,-7.797785291563628,5.663293681020318e-06,0.018762577131134967,0.00668756401346363,0.011697325546020336,0.0,0.013847579179881298,6.325548747554421e-05,4.00104882558594e-09
clsdoa_v1_pilot_005_ep_000034,mp3d.EDJbREhghzL,MP3D,78.22361619537402,78,78,79,71,-7.223616195374021,71,-7.223616195374021,15.831307260311277,41.10309689147095,0.0,0.0,0.0,3.6642084798462564,0.02871980518102646,0.0008504744037054479
clsdoa_v1_pilot_005_ep_000035,mp3d.ARNzJeq3xxb,MP3D,252.08768986053263,252,252,253,244,-8.087689860532635,244,-8.087689860532635,3.4150945850063763e-06,0.004132621113177983,0.01130477231290146,0.007913546368992204,0.0,0.0,6.284511619014665e-05,3.950522575735249e-09
clsdoa_v1_pilot_005_ep_000036,mp3d.2n8kARJN3HM,MP3D,278.4052896497784,278,278,279,271,-7.40528964977841,271,-7.40528964977841,162.63321453601446,0.017717908819592672,0.01563964156615194,0.013068156456815572,0.0,0.0,0.00011562751024030149,1.3372357443586225e-08
clsdoa_v1_pilot_005_ep_000037,mp3d.EU6Fwq7SyZv,MP3D,128.93825742403217,128,129,129,122,-6.938257424032173,122,-6.938257424032173,3.1945284701301985e-06,0.009546348773099171,0.018640605082961312,0.018539198186646958,0.0,0.018741463291717483,4.8551733925705776e-05,2.3572637175561795e-09
clsdoa_v1_pilot_005_ep_000038,mp3d.82sE5b5pLXE,MP3D,268.9515039861374,268,269,269,340,71.04849601386258,306,37.048496013862575,39.21556716345151,122.40082146462582,47.10934895982134,48.77971793464012,47.75589990614228,45.59340048456176,2.7378854738913105e-08,6.75107281818306e-16
clsdoa_v1_pilot_005_ep_000039,mp3d.B6ByNegPMKs,MP3D,312.9226376928796,312,313,313,351,38.07736230712038,305,-7.9226376928796185,64.12278008941595,26.475055704767147,128.74195702994115,60.7553081625656,17.80220602671895,28.142606699461574,0.7724319696426392,0.060634154826402664
clsdoa_v1_pilot_005_ep_000040,mp3d.D7N2EKCX4Sj,MP3D,243.72102851348276,243,244,244,236,-7.721028513482764,236,-7.721028513482764,1.396751970386336,0.01915139839558412,0.016193360434221322,0.016193360434221322,0.0,0.018360413497223796,6.106580985942855e-05,3.727599562353134e-09
clsdoa_v1_pilot_005_ep_000041,mp3d.JmbYfDe2QKZ,MP3D,74.38478999489965,74,74,75,67,-7.3847899948996485,67,-7.3847899948996485,1.9090959104164224e-06,0.0,0.013687405188743266,0.0,0.0,0.013687405188743266,2.682082777027972e-05,7.191940376571893e-10
clsdoa_v1_pilot_005_ep_000042,mp3d.JF19kD82Mey,MP3D,138.06207010761696,138,138,139,131,-7.062070107616961,131,-7.062070107616961,5.0509930079323e-06,0.011107705272351371,0.0,0.0,0.01772070705950118,0.0,5.395300831878558e-05,2.9109370469626583e-09
clsdoa_v1_pilot_005_ep_000043,mp3d.QUCTc6BB5sX,MP3D,393.1412211131031,393,393,394,385,-8.141221113103086,385,-8.141221113103086,1.0900252224719401e-05,0.01312072792441728,0.0,0.007371044384094497,0.007056380774395574,0.0,9.466678602620959e-05,8.961055897316328e-09
clsdoa_v1_pilot_005_ep_000045,mp3d.S9hNv5qa7GM,MP3D,137.98282938744882,137,138,138,131,-6.982829387448817,131,-6.982829387448817,1.5509568494356516e-05,0.006562281310455369,0.0,0.004973729366326411,0.004973729366326411,0.004973729366326411,5.4566266044275835e-05,2.977075475030233e-09
clsdoa_v1_pilot_005_ep_000046,mp3d.JeFG25nYj2p,MP3D,231.45701026896276,231,231,232,295,63.54298973103724,286,54.54298973103724,58.92568768801007,138.52486312316125,59.61742480763583,58.83986502647962,59.05001541071173,63.09182263134636,3.321625641206083e-08,5.340032395087643e-16
clsdoa_v1_pilot_005_ep_000047,mp3d.PX4nDJXEHrG,MP3D,92.4257731679345,92,92,93,85,-7.425773167934494,85,-7.425773167934494,7.491833340751661e-06,0.013551587068064672,0.0017932945876181004,0.008801414634345344,0.008049340633810713,0.011791559680035965,3.6326204281067476e-05,1.3198073745002148e-09
clsdoa_v1_pilot_005_ep_000048,mp3d.TbHJrupSAjP,MP3D,135.5688515942384,135,136,136,199,63.431148405761604,187,51.431148405761604,46.39686420141737,101.04684669916789,50.19256183748199,48.72120063780603,46.725948082050216,46.9681142610326,2.0505334319409485e-08,2.01492793062894e-16
clsdoa_v1_pilot_005_ep_000049,mp3d.YVUC4YcDtcY,MP3D,110.24499731156655,110,110,111,103,-7.24499731156655,103,-7.24499731156655,9.80911239371097e-06,0.0,0.0,0.0,0.0,0.0,4.2364041291875765e-05,1.794445925185073e-09
clsdoa_v1_pilot_005_ep_000050,mp3d.Pm6F8kyY3z2,MP3D,187.3422913903249,187,187,188,180,-7.3422913903249025,180,-7.3422913903249025,1.652062556306761,0.009476394782459053,0.0,0.0,0.0,0.0,7.226493471534923e-05,5.222649424041492e-09
clsdoa_v1_pilot_005_ep_000051,mp3d.YmJkqBEsHnH,MP3D,89.45675682788499,89,89,90,82,-7.456756827884988,82,-7.456756827884988,4.094554566467037e-06,0.015356171692913863,0.0,0.0,0.014023023342952553,0.0,3.3113930840045214e-05,1.096804869149537e-09
clsdoa_v1_pilot_005_ep_000052,mp3d.UwV83HsGsw3,MP3D,344.23484255737367,344,344,345,336,-8.234842557373668,336,-8.234842557373668,0.17790748000236406,0.022166143345627987,0.010604961021893162,0.010604961021893162,0.010604961021893162,0.010604961021893162,8.295509906020015e-05,6.881927028246082e-09
clsdoa_v1_pilot_005_ep_000053,mp3d.SN83YJsR3w2,MP3D,242.15736140161405,242,242,243,358,115.84263859838595,272,29.842638598385946,45.42473204728136,103.22003697197972,56.60464215881291,54.5271969139975,50.12724442936948,47.84044386268687,1.0063460287312864e-08,5.471919196918731e-17
clsdoa_v1_pilot_005_ep_000054,mp3d.ZMojNkEp431,MP3D,91.88423942673242,91,92,92,85,-6.884239426732421,85,-6.884239426732421,9.734517300533532e-06,0.0,0.0,0.0,0.015791693016333177,0.0,3.43704414262902e-05,1.1807242961126008e-09
clsdoa_v1_pilot_005_ep_000055,mp3d.Uxmj2M2itWa,MP3D,273.92196714622213,273,274,274,266,-7.92196714622213,266,-7.92196714622213,14.506923504016696,0.0,0.018360413517074372,0.018360413517074372,0.016193360434221322,0.0,6.839054549345747e-05,4.678048615147645e-09
clsdoa_v1_pilot_005_ep_000056,mp3d.VLzqgDo317F,MP3D,250.00935585477586,250,250,251,242,-8.009355854775862,242,-8.009355854775862,0.7526511385526521,11.590996176155318,0.0,0.007093716900805796,0.0,0.7377668745539678,0.04280475154519081,0.0018194938311353326
clsdoa_v1_pilot_005_ep_000057,replica.apartment_0,Replica,352.5811669832031,352,353,353,473,120.4188330167969,345,-7.581166983203104,60.797278820138466,90.31721516250964,131.60981952190377,130.16899046758562,72.1040708275699,42.604299546412484,0.3674142360687256,0.036213189363479614
clsdoa_v1_pilot_005_ep_000058,replica.office_1,Replica,122.54474947595928,122,123,123,115,-7.544749475959279,115,-7.544749475959279,0.49464965623224516,0.04138770317294173,0.01134037525462421,0.019666600853095087,0.0,0.017870084015527362,3.0110049920040183e-05,9.061271732946352e-10
clsdoa_v1_pilot_005_ep_000059,replica.frl_apartment_5,Replica,263.0007978584579,263,263,264,339,75.99920214154213,255,-8.000797858457872,36.002153676140516,94.08785772844097,39.531590894722584,35.82820714031575,35.14022261335161,25.671024142164672,0.46500450372695923,0.13408644497394562
clsdoa_v1_pilot_005_ep_000060,replica.apartment_0,Replica,136.10284261068784,136,136,137,202,65.89715738931216,129,-7.102842610687844,57.471673671693594,117.58055821042056,86.68383736781921,46.34123542471739,29.55175894982027,18.454809996427,1.0650371313095093,0.0799700915813446
clsdoa_v1_pilot_005_ep_000061,replica.office_1,Replica,109.5814187011721,109,110,110,102,-7.5814187011720975,102,-7.5814187011720975,1.4787793334710982e-06,0.012859935496700775,0.0,0.0056445060128692045,0.006173127622221198,0.0,2.7091668016510084e-05,7.337395691031645e-10
clsdoa_v1_pilot_005_ep_000062,replica.frl_apartment_5,Replica,260.0454491314758,260,260,261,252,-8.045449131475777,252,-8.045449131475777,0.10162310004830902,0.0,0.0,0.0,0.019656581256896687,0.010186191016411167,6.494765693787485e-05,4.217882043633381e-09
clsdoa_v1_pilot_005_ep_000063,mp3d.1LXtFkjw3qL,MP3D,249.0895347203493,249,249,250,323,73.91046527965071,241,-8.089534720349292,28.963982312620242,37.5852683239234,93.59877201756933,107.88641065797718,86.4270692372241,57.23046721933401,0.313010036945343,0.07489307224750519
clsdoa_v1_pilot_005_ep_000064,mp3d.29hnd4uzFmX,MP3D,268.3826551553608,268,268,269,261,-7.382655155360794,261,-7.382655155360794,2.091309789151873e-06,0.00826553140871568,0.012391978666423204,0.012456083784067654,0.0,0.015217984886516845,0.00011135845852550119,1.2399109294847221e-08
clsdoa_v1_pilot_005_ep_000065,mp3d.5ZKStnWn8Zo,MP3D,331.122148846625,331,331,332,323,-8.12214884662501,323,-8.12214884662501,0.4707997871427934,0.0,0.005800214368063172,0.0196815433149102,0.005800214368063172,0.0,8.183014870155603e-05,6.6965148981523726e-09
clsdoa_v1_pilot_005_ep_000066,mp3d.2t7WUuJeko7,MP3D,140.1076291288712,140,140,141,133,-7.107629128871196,133,-7.107629128871196,0.3942263445893734,0.012722576589898038,0.0,0.0,0.0,0.0,5.4701675253454596e-05,2.9930509182207743e-09
clsdoa_v1_pilot_005_ep_000067,mp3d.D7G3Y4RVNrH,MP3D,91.62581955655016,91,92,92,84,-7.625819556550155,84,-7.625819556550155,2.32094561643728e-05,0.02034582750645533,0.0,0.015307314463545416,0.0,0.015242690739268717,2.168321589124389e-05,4.701723455013962e-10
clsdoa_v1_pilot_005_ep_000068,mp3d.ULsKaCPVFJR,MP3D,139.31616615426043,139,139,140,132,-7.316166154260429,132,-7.316166154260429,0.824018788579519,0.018651478601540435,0.0,0.015791693016333177,0.0,0.018007149431229472,5.459737076307647e-05,2.980701019339449e-09
clsdoa_v1_pilot_005_ep_000069,replica.office_3,Replica,198.92122259140461,198,199,199,191,-7.921222591404614,191,-7.921222591404614,0.06531249526628609,0.0,0.0,0.007101597688403032,0.020297404918832973,0.0,5.00447022204753e-05,2.5038240369923415e-09
clsdoa_v1_pilot_005_ep_000070,replica.room_2,Replica,110.9558956516735,110,111,111,104,-6.955895651673501,104,-6.955895651673501,1.2074182697257333e-06,0.01277373428505271,0.003689156222470973,0.004196348194624204,0.009810095534165182,0.009393564035278062,4.293436722946353e-05,1.843185826189142e-09
clsdoa_v1_pilot_005_ep_000071,replica.office_3,Replica,108.56761847500731,108,109,109,101,-7.567618475007308,101,-7.567618475007308,7.636383641665695e-06,0.0,0.01119430891199051,0.0,0.007101597739724542,0.01119430891199051,2.6026102204923518e-05,6.774187322200476e-10
clsdoa_v1_pilot_005_ep_000072,replica.room_2,Replica,338.0865749488947,338,338,339,450,111.91342505110532,330,-8.086574948894679,3.2010741309792166,0.002486241192211531,0.009970749985771464,0.004909977418421621,0.0,0.009935172297005643,0.0001942698727361858,6.313318312578531e-09
clsdoa_v1_pilot_005_ep_000073,replica.room_1,Replica,189.26714480862435,189,189,190,182,-7.2671448086243515,182,-7.2671448086243515,2.831646840510158e-06,0.0,0.0,0.013976336140210462,0.013901642988811974,0.0,7.501816435251385e-05,5.6281410643066465e-09
clsdoa_v1_pilot_005_ep_000074,replica.office_3,Replica,225.17793982695272,225,225,226,325,99.82206017304728,259,33.82206017304728,58.18106122115012,119.04939459784919,17.13856928235939,24.43784039208582,20.35453193575867,18.48533002413173,1.534497684474445e-08,2.7581028594979404e-16
clsdoa_v1_pilot_005_ep_000075,mp3d.1pXnuDYAj8r,MP3D,219.1967676842537,219,219,220,212,-7.1967676842537,212,-7.1967676842537,97.89361940942769,62.06207859288241,84.1985991975067,82.69846160989967,73.9643356843051,76.9048020153962,1.8529257774353027,0.3406071662902832
clsdoa_v1_pilot_005_ep_000076,mp3d.GdvgFV5R1Z5,MP3D,335.92300122545174,335,336,336,453,117.07699877454826,414,78.07699877454826,21.170602994164632,46.63051476600486,21.463813338471226,21.463812366459127,21.463816890657387,20.861776380989188,6.474333247297182e-08,6.631728417013771e-15
clsdoa_v1_pilot_005_ep_000077,mp3d.5q7pvUzZiYa,MP3D,272.7159123045578,272,273,273,265,-7.715912304557776,265,-7.715912304557776,10.829446812153126,0.012592634272185297,0.0,0.0,0.015045626675392823,0.01942137738346424,6.752300396328792e-05,4.559431943107484e-09
clsdoa_v1_pilot_005_ep_000078,mp3d.HxpKQynjfin,MP3D,100.90878969398018,100,101,101,94,-6.908789693980182,94,-6.908789693980182,6.331754823653221e-06,0.02655345531053158,0.007101597739724542,0.007101597739724542,0.0,0.018360413517074372,3.843237936962396e-05,1.4770806799901948e-09
clsdoa_v1_pilot_005_ep_000079,mp3d.oLBMNvg9in8,MP3D,136.65048588528515,136,137,137,213,76.34951411471485,129,-7.65048588528515,53.25366106330474,155.94993718821692,75.64888541554659,89.96420889247631,70.00527986144846,68.39500082740068,1.0885249376296997,0.18494652211666107
clsdoa_v1_pilot_005_ep_000080,mp3d.7y3sRwLe3Va,MP3D,74.81974502542887,74,75,75,68,-6.8197450254288725,68,-6.8197450254288725,1.344524082641768e-05,0.020642468759551495,0.0,0.012200977351189692,0.0,0.008274452605846017,2.8530719646369107e-05,8.140420004743021e-10
clsdoa_v1_pilot_005_ep_000081,replica.office_0,Replica,265.7303464704339,265,266,266,258,-7.730346470433915,258,-7.730346470433915,115.92343512500125,0.020231015814799205,0.0,0.0,0.018656634763345413,0.0,6.601178029086441e-05,4.355919624998705e-09
clsdoa_v1_pilot_005_ep_000082,replica.office_4,Replica,95.71553650647886,95,96,96,88,-7.7155365064788555,88,-7.7155365064788555,2.2588727439225506e-06,0.0,0.0,0.0,0.0,0.016193360411714274,2.3488675651606172e-05,5.517428181001094e-10
clsdoa_v1_pilot_005_ep_000083,replica.apartment_1,Replica,305.2536217122275,305,305,306,297,-8.253621712227527,297,-8.253621712227527,0.23278426660355914,0.01309969297627987,0.013687405215371009,0.01619336045672837,0.0,0.0,7.532368181273341e-05,5.671083158631518e-09
clsdoa_v1_pilot_005_ep_000084,replica.apartment_2,Replica,224.48638936584544,224,224,225,217,-7.48638936584544,217,-7.48638936584544,0.14306218713225163,0.010810229943407634,0.0,0.020074762817267174,0.0,0.0004846908406899264,9.116811270359904e-05,8.31178592619608e-09
clsdoa_v1_pilot_005_ep_000085,replica.room_0,Replica,136.91846766285815,136,137,137,130,-6.9184676628581485,130,-6.9184676628581485,0.010800383063948201,0.006701227257256556,0.0,0.0,0.0,0.0,5.4041651310399175e-05,2.920365949066195e-09
clsdoa_v1_pilot_005_ep_000086,replica.frl_apartment_0,Replica,378.1333763179704,378,378,379,370,-8.133376317970374,370,-8.133376317970374,2.9575586669421963e-06,0.0,0.0,0.0,0.0,0.01368740516211552,9.156563464784995e-05,8.383386429500206e-09
clsdoa_v1_pilot_005_ep_000087,replica.frl_apartment_2,Replica,90.51786899616965,90,91,91,83,-7.517868996169653,83,-7.517868996169653,2.831646840510158e-06,0.018188819184010274,0.01802983248436681,0.0,0.0,0.006247454575590623,2.1199135517235845e-05,4.4936068754886094e-10
clsdoa_v1_pilot_005_ep_000088,replica.frl_apartment_1,Replica,193.81863356162987,193,194,194,186,-7.818633561629866,186,-7.818633561629866,1.2924912925730985,0.0,0.014443274983536467,0.014443274983536467,0.013992205086916357,0.0,4.966315464116633e-05,2.4665547382340947e-09
clsdoa_v1_pilot_005_ep_000089,replica.hotel_0,Replica,186.89956470525013,186,187,187,179,-7.899564705250128,179,-7.899564705250128,0.21106035805613846,0.021749170977652246,0.0,0.006005773909190167,0.010840376038964364,0.0,4.686720058089122e-05,2.1955415263619216e-09
clsdoa_v1_pilot_005_ep_000090,replica.frl_apartment_3,Replica,315.74765158385844,315,316,316,437,121.25234841614156,407,91.25234841614156,37.25937095451469,87.0322966798662,29.38226263787844,29.382280993004617,29.762548467510857,31.401173210593583,6.300793842228813e-08,2.1168956361737644e-15
clsdoa_v1_pilot_005_ep_000091,replica.office_0,Replica,265.7303464704339,265,266,266,345,79.26965352956609,258,-7.730346470433915,20.227276052976322,0.0,0.0,0.0,0.0,0.0,6.561427289852872e-05,3.751302379839672e-09
clsdoa_v1_pilot_005_ep_000092,replica.room_0,Replica,155.56153288126754,155,156,156,148,-7.561532881267539,148,-7.561532881267539,0.9900398306692456,0.01817323117698013,0.0,0.023819839283027933,0.011405848344483228,0.014319105642097766,4.0483810153091326e-05,1.6386547674329677e-09
clsdoa_v1_pilot_005_ep_000093,replica.frl_apartment_4,Replica,87.20206067579288,87,87,88,80,-7.202060675792879,80,-7.202060675792879,3.585636642722261,0.0,0.0034482795118319504,0.009315068062306748,0.0,0.009315068062306748,3.308333543827757e-05,1.0946928918897925e-09
clsdoa_v1_pilot_005_ep_000094,replica.office_2,Replica,136.27096145773197,136,136,137,129,-7.270961457731971,129,-7.270961457731971,0.4711273187199048,0.026222804166622486,0.007101597688403032,0.020297404900876753,0.018360413497223796,0.0,5.443048939923756e-05,2.9632656328715257e-09
clsdoa_v1_pilot_005_ep_000095,replica.apartment_2,Replica,224.48638936584544,224,224,225,217,-7.48638936584544,217,-7.48638936584544,0.5057780409692211,0.01225670220106969,0.0,0.016570632629552964,0.0,0.0,9.116339060710743e-05,8.30977242571862e-09
clsdoa_v1_pilot_005_ep_000096,replica.frl_apartment_1,Replica,247.21384082525907,247,247,248,240,-7.213840825259069,240,-7.213840825259069,8.537736462515939e-07,0.0,0.009779944633313935,0.005009824012723888,0.0047215702793779145,0.005009824012723888,0.00010123009269591421,1.0249227244685244e-08
clsdoa_v1_pilot_005_ep_000097,replica.office_4,Replica,88.73453689295945,88,89,89,82,-6.734536892959454,82,-6.734536892959454,1.2313298636799924e-05,0.006504395114315732,0.0,0.0,0.014148936819882076,0.0,3.258445576648228e-05,1.0616629797510768e-09
clsdoa_v1_pilot_005_ep_000098,replica.apartment_1,Replica,335.22929756386714,335,335,336,327,-8.229297563867135,327,-8.229297563867135,0.14948011575818887,0.012646854494104994,0.016193360411714274,0.010604960987525783,0.0,0.013687405135487777,8.199340663850307e-05,6.722499890088329e-09
clsdoa_v1_pilot_005_ep_000099,replica.frl_apartment_0,Replica,378.1333763179704,378,378,379,370,-8.133376317970374,370,-8.133376317970374,2.9575586669421963e-06,0.017398611732002973,0.0,0.0,0.0,0.010604961056260543,9.155552834272385e-05,8.381166871629375e-09
clsdoa_v1_pilot_005_ep_000100,replica.hotel_0,Replica,186.89956470525013,186,187,187,179,-7.899564705250128,179,-7.899564705250128,0.43173446154816464,0.0,0.0,0.0,0.0,0.0,4.687313412432559e-05,2.196103077167777e-09
clsdoa_v1_pilot_005_ep_000101,replica.office_0,Replica,265.7303464704339,265,266,266,258,-7.730346470433915,258,-7.730346470433915,102.7080657299432,0.0,0.0,0.0,0.008017720769082413,0.012132258720981854,6.601327186217532e-05,4.358316374464266e-09
clsdoa_v1_pilot_005_ep_000102,replica.room_0,Replica,136.91846766285815,136,137,137,130,-6.9184676628581485,130,-6.9184676628581485,7.3444386094852035e-06,0.014965683729909059,0.0,0.0,0.0,0.0,5.404563125921413e-05,2.9206399521086723e-09
clsdoa_v1_pilot_005_ep_000103,replica.frl_apartment_2,Replica,84.67556986803332,84,85,85,77,-7.675569868033321,77,-7.675569868033321,0.02112393492612269,0.0,0.009191589692321197,0.007824812091815741,0.011971118053919861,0.011971118053919861,1.9601033272920176e-05,3.8423925152741845e-10
clsdoa_v1_pilot_005_ep_000104,replica.frl_apartment_3,Replica,104.18959772423008,104,104,105,97,-7.189597724230083,97,-7.189597724230083,0.06569122050120796,0.011638677532465154,0.0,0.0,0.016193360434221322,0.0,3.935360655304976e-05,1.548572825527117e-09
clsdoa_v1_pilot_005_ep_000105,replica.frl_apartment_4,Replica,339.59280810530913,339,340,340,332,-7.592808105309132,332,-7.592808105309132,0.0,0.00962880328724198,0.018187728411290658,0.0,0.0,0.0,8.176102710422128e-05,6.686202258521234e-09
clsdoa_v1_pilot_005_ep_000106,replica.hotel_0,Replica,109.82993712642518,109,110,110,103,-6.829937126425179,103,-6.829937126425179,3.52019892386405e-06,0.0,0.023259748030621388,0.0,0.0,0.0,4.2380703234812245e-05,1.7961500065055702e-09
clsdoa_v1_pilot_005_ep_000107,replica.apartment_2,Replica,157.89396374404123,157,158,158,150,-7.89396374404123,150,-7.89396374404123,7.9440506508105555,22.673231236386933,0.007367243866416595,0.0,0.011692484249603593,11.337160477312793,0.20526988804340363,0.04578721523284912
clsdoa_v1_pilot_005_ep_000108,replica.office_2,Replica,81.16878676490312,81,81,82,74,-7.168786764903118,74,-7.168786764903118,1.2728540865801028,0.01389969243584784,0.0,0.0,0.007101597688403032,0.022065006427482128,2.9890374207752757e-05,8.932749540058182e-10
clsdoa_v1_pilot_005_ep_000109,mp3d.Vt2qJdWjCF2,MP3D,296.91839953050874,296,297,297,289,-7.9183995305087365,289,-7.9183995305087365,16.54555999702915,0.01978160566900571,0.00468374713210515,0.0,0.0,0.012614523648865133,7.267039472935721e-05,5.279690018511474e-09
clsdoa_v1_pilot_005_ep_000110,mp3d.VVfe2KiqLaN,MP3D,264.53427036778004,264,265,265,257,-7.534270367780039,257,-7.534270367780039,0.6882746299298145,0.009394393064439689,0.0,0.012884508495230575,0.0,0.0,6.6438275098335e-05,4.414427490218031e-09
clsdoa_v1_pilot_005_ep_000111,mp3d.Vvot9Ly1tCj,MP3D,259.5063304120419,259,260,260,252,-7.506330412041905,252,-7.506330412041905,0.33647520155812183,0.0,0.0,0.010604961021893162,0.016193360434221322,0.0,6.430350185837597e-05,4.136014641886732e-09
clsdoa_v1_pilot_005_ep_000112,mp3d.gTV8FGcVJC9,MP3D,95.0976562783978,95,95,96,88,-7.097656278397807,88,-7.097656278397807,5.4668187275950014e-06,0.01239313136094926,0.0,0.006130688115089907,0.0,0.0,3.6241242924006656e-05,1.313616770914905e-09
clsdoa_v1_pilot_005_ep_000113,mp3d.jh4fc5c5qoQ,MP3D,92.81594771494892,92,93,93,86,-6.815947714948919,86,-6.815947714948919,2.3603145043759404,20.78636382178455,0.0,0.8322641027618601,4.129495134870661,5.544833271968893,0.06315170973539352,0.003953458275645971
clsdoa_v1_pilot_005_ep_000114,mp3d.mJXqzFtmKg4,MP3D,108.89063173906212,108,109,109,102,-6.8906317390621155,102,-6.8906317390621155,0.10208064663302095,0.012180308806999132,0.019978420689329136,0.006130688174539142,0.0,0.0,4.0710827306611463e-05,1.6577053063571157e-09
clsdoa_v1_pilot_005_ep_000115,mp3d.aayBHfsNo7d,MP3D,331.43624834728087,331,331,332,363,31.563751652719134,324,-7.436248347280866,46.1050501373877,74.97991821022615,95.18762276897766,128.05616684796573,103.13209240285447,85.27702695903238,0.2990723252296448,0.10635069012641907
clsdoa_v1_pilot_005_ep_000116,mp3d.WYY7iVyf5p8,MP3D,178.36199679160086,178,178,179,282,103.63800320839914,229,50.63800320839914,21.651611227053277,151.848271899635,20.914162420290584,20.914169751500612,20.914152067380076,20.91416975600433,1.7677102448487858e-08,3.909427363795224e-16
clsdoa_v1_pilot_005_ep_000117,mp3d.pRbA3pwrgk9,MP3D,134.70968904859026,134,135,135,127,-7.709689048590263,127,-7.709689048590263,0.1446128747787968,0.011507583510030516,0.015378676572805571,0.0,0.012717111013241694,0.00918723269151908,3.268018554081209e-05,1.0680093476267416e-09
clsdoa_v1_pilot_005_ep_000118,mp3d.X7HyMhZNoso,MP3D,149.24304052102988,149,149,150,142,-7.243040521029883,142,-7.243040521029883,6.722620413208828e-06,0.006454999626136513,0.010304484396908974,0.0,0.005809243155529762,0.010304484396908974,5.715075531043112e-05,3.2665967708567223e-09
clsdoa_v1_pilot_005_ep_000119,mp3d.Z6MFQCViBuw,MP3D,136.23345100485147,136,136,137,129,-7.233451004851474,129,-7.233451004851474,1.2605816820395112e-05,0.011263051176292095,0.019527124654155566,0.0,0.0,0.0,5.309458720148541e-05,2.8191577960967606e-09
clsdoa_v1_pilot_005_ep_000120,mp3d.pa4otMbVnkk,MP3D,369.92227577881226,369,370,370,420,50.07772422118774,362,-7.9222757788122635,68.41763509475736,82.74892655943216,154.69556749593676,156.13801713430584,127.39996149017357,116.38761041676969,0.4472135901451111,0.039898667484521866
clsdoa_v1_pilot_005_ep_000121,mp3d.XcA2TqTSSAj,MP3D,272.16401459654537,272,272,273,264,-8.164014596545371,264,-8.164014596545371,3.52019892386405e-06,0.0,0.0,0.013719893406637467,0.0,0.0,6.754599598934874e-05,4.562596522816875e-09
clsdoa_v1_pilot_005_ep_000122,mp3d.e9zR4mvMWw7,MP3D,239.24819354130815,239,239,240,232,-7.248193541308154,232,-7.248193541308154,0.161853537944866,0.017157467908682205,0.004870028906043222,0.00952332211767008,0.0,0.002129626395154709,9.698203939478844e-05,9.406760703711825e-09
clsdoa_v1_pilot_005_ep_000123,mp3d.gYvKGZ5eRqb,MP3D,210.66922882645002,210,211,211,203,-7.6692288264500235,203,-7.6692288264500235,4.353408482428142e-06,0.012018838498481031,0.014657142743945558,0.0,0.0,0.013959308678762996,5.328770566848107e-05,2.8395703566275188e-09
clsdoa_v1_pilot_005_ep_000124,mp3d.gZ6f7yhEvPG,MP3D,253.07704684319083,253,253,254,245,-8.077046843190828,245,-8.077046843190828,2.9575586669421963e-06,0.014629665156668364,0.0,0.013552979492138436,0.021086323432577218,0.0,6.236779154278338e-05,3.889066846340938e-09
clsdoa_v1_pilot_005_ep_000125,mp3d.p5wJjkQkbXX,MP3D,110.7191226950161,110,111,111,103,-7.719122695016097,103,-7.719122695016097,2.091309789151873e-06,0.0,0.012990493139599261,0.014065881731368563,0.010145816830455984,0.0,2.624387343530543e-05,6.892355020049479e-10
clsdoa_v1_pilot_005_ep_000126,mp3d.qoiz87JEwZ2,MP3D,418.8071777639865,418,419,419,517,98.19282223601351,440,21.192822236013512,35.85748789052997,122.1787277801656,17.61357678531883,17.613580013555286,17.613569520246763,17.613579306466224,5.142979375705181e-08,1.465022256340407e-15
clsdoa_v1_pilot_005_ep_000127,mp3d.r47D5H71a5s,MP3D,76.45359381676309,76,76,77,69,-7.453593816763089,69,-7.453593816763089,2.561320938754782e-06,0.0,0.0,0.018360413517074372,0.0,0.0,2.791847327898722e-05,7.797155698874292e-10
clsdoa_v1_pilot_005_ep_000128,mp3d.i5noydFURQK,MP3D,221.49582287454714,221,221,222,315,93.50417712545286,255,33.504177125452856,34.7144103841062,130.76160083810166,39.183032699711,33.42007781638923,32.88092263905591,31.43178254138138,1.2780648539489903e-08,7.239059881101491e-17
clsdoa_v1_pilot_005_ep_000129,mp3d.rqfALeAoiTq,MP3D,85.5646320150499,85,86,86,78,-7.564632015049895,78,-7.564632015049895,3.4150945850063763e-06,0.022072357031843053,0.0,0.019978420689329136,0.0,0.006130688174539142,2.0772869902430102e-05,4.31511798515416e-10
clsdoa_v1_pilot_005_ep_000130,mp3d.s8pcmisQ38h,MP3D,378.8614070193604,378,379,379,385,6.138592980639601,371,-7.861407019360399,57.95424254373165,127.30868472247028,20.546969654832516,28.3160996469755,26.180100142442697,90.37817085546357,1.4301939010620117,0.15392354130744934
clsdoa_v1_pilot_005_ep_000131,mp3d.jtcxE69GiFV,MP3D,186.27220029735037,186,186,187,179,-7.272200297350366,179,-7.272200297350366,0.5984175746041368,0.020843359603653196,0.015327258356030106,0.0,0.015360722979112524,0.015427434456132936,7.402322080451995e-05,5.48051204418698e-09
clsdoa_v1_pilot_005_ep_000133,mp3d.17DRP5sb8fy,MP3D,72.91407870806977,72,73,73,66,-6.914078708069766,66,-6.914078708069766,1.4787793334710982e-06,0.011174501049827614,0.016193360434221322,0.0,0.016193360434221322,0.0,2.6783454813994467e-05,7.170432025915829e-10
clsdoa_v1_pilot_005_ep_000134,mp3d.pLe4wQe7qrG,MP3D,234.78725798288903,234,235,235,227,-7.787257982889031,227,-7.787257982889031,0.42561134996120065,15.371350359925447,0.012473652251550523,0.015168065176153461,0.3006246164931953,1.7459678100168725,0.009447761811316013,7.82062707003206e-05
clsdoa_v1_pilot_005_ep_000135,mp3d.5LpN3gDmAk7,MP3D,72.1860975562403,72,72,73,65,-7.1860975562402984,65,-7.1860975562402984,9.545479552082124e-06,0.012859524685889332,0.009980874009870834,0.013209758050324302,0.013209758050324302,0.0,2.6912886823993176e-05,7.24490689663071e-10
clsdoa_v1_pilot_005_ep_000136,mp3d.8194nk5LbLH,MP3D,113.13394579299406,113,113,114,106,-7.133945792994055,106,-7.133945792994055,2.4148365394514667e-06,0.0,0.010604961021893162,0.010604961021893162,0.01368740516211552,0.006130688115089907,4.235330197843723e-05,1.7937994423178338e-09
clsdoa_v1_pilot_005_ep_000137,replica.apartment_0,Replica,353.11900171948946,353,353,354,450,96.88099828051054,345,-8.11900171948946,5.8114763983647775,116.94767695135747,54.9506774486322,38.30218938656468,48.84871200264121,42.76920704801169,0.37505853176116943,0.03736395761370659
clsdoa_v1_pilot_005_ep_000138,replica.frl_apartment_5,Replica,260.0454491314758,260,260,261,252,-8.045449131475777,252,-8.045449131475777,0.10162310004830902,0.0,0.0,0.0,0.019656581256896687,0.010186191016411167,6.494765693787485e-05,4.217882043633381e-09
clsdoa_v1_pilot_005_ep_000139,replica.office_1,Replica,88.83561029929304,88,89,89,82,-6.835610299293037,82,-6.835610299293037,0.8598798417630553,0.01638943972121841,0.008099805709907773,0.0,0.0,0.0,3.158006802550517e-05,9.973409875740913e-10
clsdoa_v1_pilot_005_ep_000140,replica.apartment_0,Replica,244.74975932355176,244,245,245,284,39.25024067644824,251,6.250240676448243,29.322637634464822,40.185438020287194,28.02036465371321,28.020371369834894,28.020371369834894,28.020367435622074,1.101235458378369e-08,1.1908670198299887e-15
clsdoa_v1_pilot_005_ep_000141,replica.office_1,Replica,99.46720708470336,99,99,100,92,-7.467207084703361,92,-7.467207084703361,113.06770479096265,0.014393248722997937,0.0,0.017911062228239977,0.0,0.0,3.828615808743052e-05,1.4655504587679502e-09
clsdoa_v1_pilot_005_ep_000142,replica.frl_apartment_5,Replica,260.0454491314758,260,260,261,252,-8.045449131475777,252,-8.045449131475777,2.699869328381916e-06,0.0,0.0,0.0,0.0,0.0,6.496696005342528e-05,4.220241933694524e-09
clsdoa_v1_pilot_005_ep_000143,mp3d.V2XKFyX4ASd,MP3D,264.00617391008547,264,264,265,391,126.99382608991453,294,29.993826089914535,34.078776498753655,48.056268515369446,45.3315636553433,45.33155830008937,45.33156181771073,45.331559061261764,5.3408786726549806e-08,1.9692309001712646e-15
clsdoa_v1_pilot_005_ep_000144,mp3d.ac26ZMwG7aT,MP3D,340.7447258464553,340,341,341,333,-7.74472584645531,333,-7.74472584645531,0.632740523745288,0.0,0.015551806045270917,0.01274624679802586,0.0,0.0,8.366991096409038e-05,7.0016428210806225e-09
clsdoa_v1_pilot_005_ep_000145,mp3d.cV4RVeZvu5T,MP3D,132.246408745718,132,132,133,125,-7.246408745718014,125,-7.246408745718014,10.98767424079445,0.0,0.0,0.0,0.0,0.015038396846512531,5.1636845455504954e-05,2.666820764218869e-09
clsdoa_v1_pilot_005_ep_000146,mp3d.YFuZgdQ5vWj,MP3D,180.29699576619342,180,180,181,173,-7.296995766193419,173,-7.296995766193419,5.3318147119265075e-06,0.011143331652072604,0.019319353778035054,0.0,0.0,0.0,6.95384806022048e-05,4.8347348347022034e-09
clsdoa_v1_pilot_005_ep_000147,mp3d.zsNo4HB9uLZ,MP3D,74.19588727623226,74,74,75,67,-7.195887276232256,67,-7.195887276232256,1.7969856468318e-05,0.023720580190594698,0.0,0.014684973915785644,0.0,0.01523238524534551,2.7652475182549097e-05,7.649331723591501e-10
clsdoa_v1_pilot_005_ep_000148,mp3d.5ZKStnWn8Zo,MP3D,77.49722097676437,77,77,78,70,-7.497220976764368,70,-7.497220976764368,4.182619578303747e-06,0.0,0.006130688233988377,0.0,0.0,0.0,2.8912214474985376e-05,8.356812464249685e-10
clsdoa_v1_pilot_005_ep_000149,replica.room_1,Replica,115.31520946300941,115,115,116,108,-7.31520946300941,108,-7.31520946300941,2.9575586669421963e-06,0.0,0.0,0.0,0.01717741888072126,0.0,4.4855474698124453e-05,2.0136017298000297e-09
clsdoa_v1_pilot_005_ep_000150,replica.room_1,Replica,115.31520946300941,115,115,116,108,-7.31520946300941,108,-7.31520946300941,2.4148365394514667e-06,0.0,0.004988358095165081,0.004988358095165081,0.009839311388679975,0.006512836758681617,4.484822784434073e-05,2.0124539812371722e-09
clsdoa_v1_pilot_005_ep_000151,replica.room_2,Replica,343.94560641380684,343,344,344,336,-7.945606413806843,336,-7.945606413806843,3.4827308368048473,0.0,0.0,0.0075792583026059925,0.0,0.020394798181780267,8.219883602578193e-05,6.75463329713466e-09
clsdoa_v1_pilot_005_ep_000152,replica.office_3,Replica,182.94194920690356,182,183,183,175,-7.941949206903558,175,-7.941949206903558,0.5143173463684233,0.0,0.010604961021893162,0.010604961021893162,0.0,0.013687405135487777,4.591582910506986e-05,2.1080350798285963e-09
clsdoa_v1_pilot_005_ep_000153,replica.room_1,Replica,189.26714480862435,189,189,190,182,-7.2671448086243515,182,-7.2671448086243515,2.091309789151873e-06,0.010528554087649425,0.0,0.0,0.0,0.0,7.503157394239679e-05,5.6302944528852095e-09
clsdoa_v1_pilot_005_ep_000154,replica.room_2,Replica,92.70012303356559,92,93,93,85,-7.700123033565589,85,-7.700123033565589,8.537736462515939e-07,0.0,0.0,0.0,0.012886934927824474,0.0,2.2560399884241633e-05,5.092357646674373e-10
clsdoa_v1_pilot_005_ep_000155,mp3d.8WUmhLawc2A,MP3D,164.59467548109834,164,165,165,157,-7.594675481098335,157,-7.594675481098335,0.09171494689081651,13.668569052316297,0.019536230246269493,0.01751981068359629,0.0,1.5498160342713125,0.023828240111470222,0.0005680249887518585
clsdoa_v1_pilot_005_ep_000156,mp3d.PuKPg4mmafe,MP3D,229.8966753778513,229,230,230,222,-7.896675377851295,222,-7.896675377851295,0.2536596160670741,0.0,0.016493422188740694,0.0,0.0,0.0,5.772979784524068e-05,3.3318601211362875e-09
clsdoa_v1_pilot_005_ep_000157,mp3d.q9vSo1VnCiC,MP3D,106.33209976503564,106,106,107,99,-7.332099765035636,99,-7.332099765035636,6.557959812547711e-06,0.01843943166399535,0.0,0.013918923007621393,0.0,0.0,4.068023554282263e-05,1.65691471654128e-09
clsdoa_v1_pilot_005_ep_000158,mp3d.VFuaQ6m2Qom,MP3D,183.91263732921615,183,184,184,260,76.08736267078385,238,54.08736267078385,25.118285637779657,11.92754378598498,29.52140062319524,29.521404189734675,29.521397974482507,27.53629936343259,4.822455679232007e-08,2.761348160356227e-15
clsdoa_v1_pilot_005_ep_000159,mp3d.1pXnuDYAj8r,MP3D,125.10910763812937,125,125,126,118,-7.109107638129373,118,-7.109107638129373,1.0491346209810032e-05,0.0,0.0,0.013209757995143165,0.021474864426976596,0.009980873936838207,4.7577308578183874e-05,2.2634498719753537e-09
clsdoa_v1_pilot_005_ep_000160,mp3d.GdvgFV5R1Z5,MP3D,347.88704450668405,347,348,348,438,90.11295549331595,408,60.11295549331595,35.194330270740515,47.67216329416178,63.61024416176839,65.6229264634655,27.301406845807083,55.12153817707145,1.5496075533860676e-08,2.0721477855428262e-16
clsdoa_v1_pilot_005_ep_000161,replica.office_0,Replica,93.82700672971991,93,94,94,87,-6.827006729719912,87,-6.827006729719912,6.3890569402603996e-06,0.022643957562487913,0.0,0.0,0.0,0.016848650063998143,3.493892290862277e-05,1.2203555943557376e-09
clsdoa_v1_pilot_005_ep_000162,replica.office_4,Replica,88.73453689295945,88,89,89,82,-6.734536892959454,82,-6.734536892959454,1.0731768324341125e-05,0.024036137234348685,0.00998087397335452,0.0,0.00998087397335452,0.00998087397335452,3.258153083152138e-05,1.0617503543031148e-09
clsdoa_v1_pilot_005_ep_000163,replica.room_0,Replica,136.91846766285815,136,137,137,130,-6.9184676628581485,130,-6.9184676628581485,0.06707884863884499,6.193893961286945,0.010742281478235687,0.1306311591675941,0.7298547218934242,1.1702602109305236,0.030670516192913055,0.0009406903409399092
clsdoa_v1_pilot_005_ep_000164,replica.frl_apartment_1,Replica,247.21384082525907,247,247,248,240,-7.213840825259069,240,-7.213840825259069,0.009757560022279285,0.012217769887459439,0.0,0.0,0.0,0.0,0.00010123057290911674,1.0247232395954597e-08
clsdoa_v1_pilot_005_ep_000165,replica.apartment_1,Replica,144.67823620374392,144,145,145,137,-7.678236203743921,137,-7.678236203743921,3.1945284701301985e-06,0.018386391191628763,0.010871525525582605,0.0,0.012864921486831283,0.0,3.687994831125252e-05,1.360385248894147e-09
clsdoa_v1_pilot_005_ep_000166,replica.frl_apartment_0,Replica,120.58450133230801,120,121,121,113,-7.584501332308008,113,-7.584501332308008,7.091976543484069e-06,0.01757184189291904,0.0,0.0,0.018457762532140053,0.018457762532140053,2.8423948606359772e-05,8.081146307681308e-10
clsdoa_v1_pilot_005_ep_000167,replica.apartment_2,Replica,224.48638936584544,224,224,225,217,-7.48638936584544,217,-7.48638936584544,0.3143389705740539,0.01739912103132555,0.0,0.020074762817267174,0.0,0.011342185000136453,9.117221634369344e-05,8.31157809244587e-09
clsdoa_v1_pilot_005_ep_000168,replica.frl_apartment_1,Replica,247.21384082525907,247,247,248,240,-7.213840825259069,240,-7.213840825259069,8.233494873389921e-06,0.002089916687224494,0.0,0.0,0.0,0.02099935755423782,0.00010123661922989413,1.024743401245587e-08
clsdoa_v1_pilot_005_ep_000169,replica.frl_apartment_2,Replica,90.51786899616965,90,91,91,83,-7.517868996169653,83,-7.517868996169653,2.831646840510158e-06,0.019114623806028942,0.018014454205464936,0.0,0.0,0.0,2.1204266886343248e-05,4.496667760367501e-10
clsdoa_v1_pilot_005_ep_000170,replica.frl_apartment_3,Replica,93.77223525848332,93,94,94,87,-6.77223525848332,87,-6.77223525848332,2.4148365394514667e-06,0.023231482904670753,0.0,0.018360413497223796,0.016193360411714274,0.0,3.543229468050413e-05,1.2554157713395853e-09
clsdoa_v1_pilot_005_ep_000171,replica.frl_apartment_4,Replica,110.65649625037013,110,111,111,103,-7.656496250370125,103,-7.656496250370125,0.0,0.018452872429813954,0.013687405135487777,0.013687405135487777,0.013687405135487777,0.013687405135487777,2.7388037779019214e-05,7.501302357049155e-10
clsdoa_v1_pilot_005_ep_000172,replica.hotel_0,Replica,186.89956470525013,186,187,187,179,-7.899564705250128,179,-7.899564705250128,2.4600204006086295,0.007704951786532296,0.0,0.0,0.0,0.0,4.685320527642034e-05,2.1954520423861368e-09
clsdoa_v1_pilot_005_ep_000173,replica.office_0,Replica,93.82700672971991,93,94,94,87,-6.827006729719912,87,-6.827006729719912,4.00455336570039e-06,0.0,0.0,0.0,0.0,0.01538541225572649,3.493548501865007e-05,1.221169165788183e-09
clsdoa_v1_pilot_005_ep_000174,replica.office_2,Replica,338.25102537866326,338,338,339,330,-8.251025378663257,330,-8.251025378663257,1.9090959104164224e-06,0.0,0.0,0.007101597688403032,0.007101597688403032,0.007101597688403032,8.369051647605374e-05,7.0044627875631704e-09
clsdoa_v1_pilot_005_ep_000175,replica.office_4,Replica,406.3516022730667,406,406,407,509,102.6483977269333,398,-8.351602273066703,13.085109978619878,0.016720721353620807,0.016830609919026556,0.016955266544761392,0.0,0.0,0.00010247253521811217,7.2046617560772575e-09
clsdoa_v1_pilot_005_ep_000176,replica.apartment_1,Replica,284.52886205700247,284,285,285,277,-7.5288620570024705,277,-7.5288620570024705,10.691371773689726,0.018379031676204007,0.015470917275619663,0.015275287628360746,0.012369635815672029,0.003224818230415644,7.08811785443686e-05,5.023103266665885e-09
clsdoa_v1_pilot_005_ep_000177,replica.room_0,Replica,155.56153288126754,155,156,156,148,-7.561532881267539,148,-7.561532881267539,2.7557338802872664,0.013751040667659193,0.0,0.011510023619082647,0.01444006152807757,0.0,4.049388735438697e-05,1.6393664203917524e-09
clsdoa_v1_pilot_005_ep_000178,replica.frl_apartment_0,Replica,100.28799398368913,100,100,101,93,-7.287993983689134,93,-7.287993983689134,2.6411431384973674,18.352495472091743,0.0,0.0,0.0,1.9153361184774318,0.042426880449056625,0.0018001210410147905
clsdoa_v1_pilot_005_ep_000179,replica.apartment_2,Replica,157.89396374404123,157,158,158,150,-7.89396374404123,150,-7.89396374404123,7.518656416095492,21.538205039361237,0.0076272121884539456,0.0076272121884539456,0.011692484280774447,9.705125105258054,0.3366963565349579,0.12275366485118866
clsdoa_v1_pilot_005_ep_000180,replica.frl_apartment_3,Replica,309.18022116889637,309,309,310,301,-8.180221168896367,301,-8.180221168896367,0.004877032178695012,0.018047307468204685,0.016193360434221322,0.018360413517074372,0.0,0.0,7.519996142946184e-05,5.65366242710752e-09
clsdoa_v1_pilot_005_ep_000181,replica.frl_apartment_4,Replica,340.0158971994834,340,340,341,332,-8.01589719948339,332,-8.01589719948339,0.1372489503017404,0.0,0.004195920770075756,0.021214335151655123,0.009280011743827879,0.0,8.342098590219393e-05,6.958078557772751e-09
clsdoa_v1_pilot_005_ep_000182,replica.office_2,Replica,397.9967304504152,397,398,398,390,-7.996730450415214,390,-7.996730450415214,24.328046931434034,0.008192417494808393,0.007101597688403032,0.018360413477373223,0.018360413477373223,0.0,9.492302342550829e-05,9.008640944330182e-09
clsdoa_v1_pilot_005_ep_000183,replica.frl_apartment_1,Replica,247.21384082525907,247,247,248,240,-7.213840825259069,240,-7.213840825259069,8.321556147031972e-06,0.011124774318885268,0.0,0.0,0.0,0.016948511884816705,0.00010124026448465884,1.0249642912185664e-08
clsdoa_v1_pilot_005_ep_000184,replica.hotel_0,Replica,186.89956470525013,186,187,187,179,-7.899564705250128,179,-7.899564705250128,0.21106035805613846,0.021749170977652246,0.0,0.006005773909190167,0.010840376038964364,0.0,4.686720058089122e-05,2.1955415263619216e-09
clsdoa_v1_pilot_005_ep_000185,replica.office_0,Replica,265.7303464704339,265,266,266,345,79.26965352956609,258,-7.730346470433915,20.227276052976322,0.0,0.0,0.0,0.0,0.0,6.561427289852872e-05,3.751302379839672e-09
clsdoa_v1_pilot_005_ep_000186,replica.office_4,Replica,253.6883856799236,253,254,254,246,-7.688385679923613,246,-7.688385679923613,0.06590780998446823,0.0,0.0,0.010604961021893162,0.013687405135487777,0.013687405135487777,6.280708475969732e-05,3.944081061746374e-09
clsdoa_v1_pilot_005_ep_000187,replica.frl_apartment_2,Replica,90.51786899616965,90,91,91,83,-7.517868996169653,83,-7.517868996169653,2.831646840510158e-06,0.018188819184010274,0.01802983248436681,0.0,0.0,0.006247454575590623,2.1199135517235845e-05,4.4936068754886094e-10
clsdoa_v1_pilot_005_ep_000188,replica.apartment_1,Replica,102.19953826047953,102,102,103,95,-7.199538260479528,95,-7.199538260479528,6.502146373618258e-06,0.0,0.0,0.007101597688403032,0.007101597688403032,0.007101597688403032,3.976865264121443e-05,1.5816089549147705e-09
clsdoa_v1_pilot_005_ep_000189,mp3d.EDJbREhghzL,MP3D,78.22361619537402,78,78,79,71,-7.223616195374021,71,-7.223616195374021,16.179575950269754,42.790020900350164,0.020297404900876753,0.0,0.020297404900876753,4.063406643632404,0.030943159013986588,0.0009873550152406096
clsdoa_v1_pilot_005_ep_000190,mp3d.rPc6DW4iMge,MP3D,236.92834875404932,236,237,237,229,-7.928348754049324,229,-7.928348754049324,0.2878403956663777,0.008653532421695358,0.013783707594631356,0.016236297820667128,0.0,0.016200298185733007,5.984656672808342e-05,3.581984708844743e-09
clsdoa_v1_pilot_005_ep_000191,mp3d.sKLMLpTHeUy,MP3D,246.82781813599252,246,247,247,318,71.17218186400748,312,65.17218186400748,39.31166991964552,79.73511852842543,37.99257233172582,37.992565009289756,37.9925702129357,37.30616899880541,8.953339403205973e-08,8.863428993034252e-15
clsdoa_v1_pilot_005_ep_000192,mp3d.sT4fr6TAbpF,MP3D,275.2271201829281,275,275,276,374,98.7728798170719,277,1.772879817071896,8.268347863339041,78.10034946537189,34.901146803112326,34.9011562137705,34.901149931013315,34.90116035734855,5.768616517798364e-08,2.1585906212441205e-15
clsdoa_v1_pilot_005_ep_000193,mp3d.yqstnuAEVhm,MP3D,333.54533490343056,333,334,334,326,-7.5453349034305575,326,-7.5453349034305575,0.4935930106264563,0.0,0.0,0.0,0.0,0.0,8.220408199122176e-05,6.7569425610258804e-09
clsdoa_v1_pilot_005_ep_000194,mp3d.EU6Fwq7SyZv,MP3D,128.93825742403217,128,129,129,122,-6.938257424032173,122,-6.938257424032173,2.091309789151873e-06,0.0,0.0,0.01628724835577761,0.0,0.018539198186646958,4.854432336287573e-05,2.3568040852239847e-09
clsdoa_v1_pilot_005_ep_000195,mp3d.vyrNrziPKCB,MP3D,153.94583511085935,153,154,154,147,-6.945835110859349,147,-6.945835110859349,1.8251595920314006e-05,0.0,0.01672409186201332,0.0,0.0,0.0,5.9285277529852465e-05,3.514632807011253e-09
clsdoa_v1_pilot_005_ep_000196,mp3d.JmbYfDe2QKZ,MP3D,74.38478999489965,74,74,75,67,-7.3847899948996485,67,-7.3847899948996485,1.4787793334710982e-06,0.013536980799282575,0.010604961056260543,0.0,0.0,0.01619336045672837,2.6824118322110735e-05,7.194081996786394e-10
clsdoa_v1_pilot_005_ep_000197,mp3d.x8F5xyUWy9e,MP3D,112.16732089063285,112,112,113,105,-7.167320890632851,105,-7.167320890632851,7.824964720612764e-06,0.0,0.016692768072425007,0.016692768072425007,0.016692768072425007,0.0,4.2054354707943276e-05,1.7678376540430918e-09
clsdoa_v1_pilot_005_ep_000199,mp3d.RPmz2sHmrrY,MP3D,99.04105013801878,99,99,100,92,-7.041050138018775,92,-7.041050138018775,0.011665839279708419,0.01615060163141658,0.0,0.0,0.010604961021893162,0.0,3.759307219297625e-05,1.4138246129391518e-09
clsdoa_v1_pilot_005_ep_000200,mp3d.S9hNv5qa7GM,MP3D,137.98282938744882,137,138,138,131,-6.982829387448817,131,-6.982829387448817,1.5224965077553749e-05,0.0,0.0,0.0,0.0,0.0,5.4583928431384265e-05,2.977798452263869e-09
clsdoa_v1_pilot_005_ep_000201,mp3d.2n8kARJN3HM,MP3D,278.4052896497784,278,278,279,271,-7.40528964977841,271,-7.40528964977841,165.80007378487244,0.016844219420099192,0.003894203675930636,0.0044883359693042,0.0,0.0,0.00011563608859432861,1.3374667595655865e-08
clsdoa_v1_pilot_005_ep_000202,mp3d.759xd9YjKW5,MP3D,189.50893194580175,189,190,190,182,-7.5089319458017485,182,-7.5089319458017485,0.6981072895586173,36.0423158788494,0.0,0.006971474950222151,0.2432696517380712,1.8133214259470574,0.009156626649200916,7.799601007718593e-05
clsdoa_v1_pilot_005_ep_000203,mp3d.TbHJrupSAjP,MP3D,135.5688515942384,135,136,136,199,63.431148405761604,187,51.431148405761604,46.39686420141737,101.04684669916789,50.19256183748199,48.72120063780603,46.725948082050216,46.9681142610326,2.0505334319409485e-08,2.01492793062894e-16
clsdoa_v1_pilot_005_ep_000204,mp3d.YVUC4YcDtcY,MP3D,110.24499731156655,110,110,111,103,-7.24499731156655,103,-7.24499731156655,1.9375207382177372e-05,0.0,0.012870040428697571,0.015507004833118204,0.0,0.01773891049073521,4.236560198478401e-05,1.7944006280856684e-09
clsdoa_v1_pilot_005_ep_000205,mp3d.ARNzJeq3xxb,MP3D,388.63185884339083,388,389,389,491,102.36814115660917,381,-7.63185884339083,62.717800410620136,102.84634171404723,122.67583294479131,87.62638826900103,87.6079708175249,95.55082077102986,0.5504419803619385,0.14465327560901642
clsdoa_v1_pilot_005_ep_000206,mp3d.82sE5b5pLXE,MP3D,268.9515039861374,268,269,269,325,56.048496013862575,305,36.048496013862575,36.42767548676377,94.00493504455082,42.50609492531711,42.506098148733585,42.5060987368036,42.48255431156907,2.957314393370325e-08,4.448613862606033e-16
clsdoa_v1_pilot_005_ep_000207,mp3d.B6ByNegPMKs,MP3D,318.73581002715855,318,319,319,400,81.26418997284145,311,-7.73581002715855,80.01247302715132,68.35751297066771,28.599507962174222,35.035055993412065,45.93908254978764,51.181042124488926,0.13713562488555908,0.011571991257369518
clsdoa_v1_pilot_005_ep_000208,mp3d.D7N2EKCX4Sj,MP3D,243.72102851348276,243,244,244,236,-7.721028513482764,236,-7.721028513482764,1.9103630186925418,0.0,0.016193360411714274,0.01368740516211552,0.0,0.010604961021893162,6.106242653913796e-05,3.728607644859494e-09
clsdoa_v1_pilot_005_ep_000209,mp3d.JF19kD82Mey,MP3D,273.28494876849055,273,273,274,266,-7.284948768490551,266,-7.284948768490551,0.13061856127822086,0.018986861285479762,0.002961436934370107,0.0,0.0,0.0,0.00011385732068447396,1.2963064399684754e-08
clsdoa_v1_pilot_005_ep_000210,mp3d.QUCTc6BB5sX,MP3D,312.02791821538005,312,312,313,361,48.972081784619945,304,-8.027918215380055,37.466634221600685,48.20560405270288,102.57983355871765,50.00804295630633,66.19358512977124,78.94153218360152,0.6109550595283508,0.2707808017730713
clsdoa_v1_pilot_005_ep_000211,mp3d.JeFG25nYj2p,MP3D,186.15825734060905,186,186,187,179,-7.158257340609055,179,-7.158257340609055,1.0134309322470731,7.883327816621814,0.013327934981793767,0.0,0.013327934981793767,1.2153671028277042,0.08034767210483551,0.006455805618315935
clsdoa_v1_pilot_005_ep_000212,mp3d.PX4nDJXEHrG,MP3D,208.8379042372418,208,209,209,201,-7.837904237241787,201,-7.837904237241787,1.7759715338262674,0.014570359531973096,0.0,0.017887660110721078,0.0,0.0,5.321383650880307e-05,2.831036072237225e-09
clsdoa_v1_pilot_005_ep_000213,mp3d.YmJkqBEsHnH,MP3D,107.26717584487133,107,107,108,100,-7.267175844871332,100,-7.267175844871332,3.407989365427531,0.0,0.009403624688465699,0.0,0.013041264841148014,0.0,3.994016515207477e-05,1.5950452070256915e-09
clsdoa_v1_pilot_005_ep_000214,mp3d.UwV83HsGsw3,MP3D,93.63457612225575,93,94,94,86,-7.634576122255751,86,-7.634576122255751,1.1197136397927998e-05,0.013311400868226839,0.01409693560062252,0.0,0.016531317350056862,0.0,2.1726067643612623e-05,4.719487578519477e-10
clsdoa_v1_pilot_005_ep_000215,mp3d.Uxmj2M2itWa,MP3D,395.23166649154683,395,395,396,500,104.76833350845317,495,99.76833350845317,13.030432554105802,68.22232341912797,8.197731413668444,8.19771386900836,6.59578182076143,2.461269520422241,3.0639622394801336e-08,2.140645381223591e-15
clsdoa_v1_pilot_005_ep_000216,mp3d.ZMojNkEp431,MP3D,91.88423942673242,91,92,92,85,-6.884239426732421,85,-6.884239426732421,2.2588727439225506e-06,0.0,0.0,0.0,0.010604961021893162,0.0,3.4363703889539465e-05,1.1808173328020644e-09
clsdoa_v1_pilot_005_ep_000217,replica.apartment_0,Replica,302.50358815421527,302,303,303,295,-7.503588154215265,295,-7.503588154215265,4.991355278390896,33.22286295662613,0.019318127176169066,0.017279704048940747,0.0,0.2965687749558974,0.00972717348486185,9.473738464294001e-05
clsdoa_v1_pilot_005_ep_000218,replica.office_1,Replica,85.65774295124653,85,86,86,78,-7.657742951246533,78,-7.657742951246533,6.802750725849861,0.014786503404914893,0.009484014583361958,0.009484014583361958,0.0,0.008720863719339056,2.0122692149016075e-05,4.0443653981370176e-10
clsdoa_v1_pilot_005_ep_000219,replica.apartment_0,Replica,102.10177663917902,102,102,103,95,-7.101776639179022,95,-7.101776639179022,0.031225858991565488,0.0,0.013687405188743266,0.013687405188743266,0.01619336045672837,0.08007822887013379,4.020585402031429e-05,1.615954259293062e-09
clsdoa_v1_pilot_005_ep_000220,replica.frl_apartment_5,Replica,260.0454491314758,260,260,261,252,-8.045449131475777,252,-8.045449131475777,2.699869328381916e-06,0.0,0.0,0.0,0.0,0.0,6.496696005342528e-05,4.220241933694524e-09
clsdoa_v1_pilot_005_ep_000221,replica.frl_apartment_5,Replica,260.0454491314758,260,260,261,252,-8.045449131475777,252,-8.045449131475777,5.4668187275950014e-06,0.0036274277206833298,0.0,0.0,0.01591108611365978,0.0,6.495123670902103e-05,4.2190824167676055e-09
clsdoa_v1_pilot_005_ep_000222,replica.office_1,Replica,71.59744462163438,71,72,72,64,-7.597444621634381,64,-7.597444621634381,1.5607519790532516,0.02513854206217639,0.0,0.0,0.01343282172159682,0.022407381323230748,1.6908146790228784e-05,2.8575503074890207e-10
clsdoa_v1_pilot_005_ep_000223,mp3d.b8cTxDM8gDG,MP3D,249.44556574388258,249,249,250,242,-7.445565743882582,242,-7.445565743882582,1.2074182697257333e-06,0.013261660855139008,0.01513880348784485,0.0,0.0,0.0,0.00010176073556067422,1.0353565116361096e-08
clsdoa_v1_pilot_005_ep_000224,mp3d.r1Q1Z4BcV1o,MP3D,179.54059286756936,179,180,180,172,-7.540592867569359,172,-7.540592867569359,0.1880415139480732,0.011047842216105653,0.0,0.0,0.012963376766527167,0.009478263921184803,4.680978236137889e-05,2.1904031921593514e-09
clsdoa_v1_pilot_005_ep_000225,mp3d.1LXtFkjw3qL,MP3D,412.232069918562,412,412,413,507,94.76793008143801,495,82.76793008143801,41.82011895377543,46.13670930933574,36.75888131556685,33.95170417588583,42.49624658848749,44.31940260662077,2.9354509933909867e-08,4.3601711821162714e-16
clsdoa_v1_pilot_005_ep_000226,mp3d.D7G3Y4RVNrH,MP3D,80.3405138228373,80,80,81,73,-7.340513822837295,73,-7.340513822837295,29.03816221891239,0.0,0.0,0.013687405108860032,0.013687405108860032,0.013687405108860032,3.021172778971959e-05,9.128730549257114e-10
clsdoa_v1_pilot_005_ep_000227,mp3d.ULsKaCPVFJR,MP3D,135.33511354150005,135,135,136,128,-7.33511354150005,128,-7.33511354150005,3.1945284701301985e-06,0.0,0.008742093054014398,0.008742093054014398,0.0,0.012573783477902905,5.321783828549087e-05,2.8330844337176586e-09
clsdoa_v1_pilot_005_ep_000228,mp3d.29hnd4uzFmX,MP3D,268.3826551553608,268,268,269,261,-7.382655155360794,261,-7.382655155360794,2.091309789151873e-06,0.023827290247625057,0.017436682181270338,0.0,0.0,0.01727607530460345,0.0001113726757466793,1.2402894711271983e-08
clsdoa_v1_pilot_005_ep_000229,replica.office_3,Replica,108.56761847500731,108,109,109,101,-7.567618475007308,101,-7.567618475007308,7.540324677666867e-06,0.015190085948787466,0.011194308846874435,0.0,0.007101597688403032,0.011194308846874435,2.6027135390904732e-05,6.775353056376332e-10
clsdoa_v1_pilot_005_ep_000230,replica.room_1,Replica,189.26714480862435,189,189,190,182,-7.2671448086243515,182,-7.2671448086243515,2.2588727439225506e-06,0.0,0.0,0.016398195153332174,0.0,0.0,7.500604988308623e-05,5.6279216842369806e-09
clsdoa_v1_pilot_005_ep_000231,replica.room_2,Replica,92.70012303356559,92,93,93,85,-7.700123033565589,85,-7.700123033565589,8.537736462515939e-07,0.0,0.0,0.0,0.012886934927824474,0.0,2.2560399884241633e-05,5.092357646674373e-10
clsdoa_v1_pilot_005_ep_000232,replica.office_3,Replica,210.86861315661005,210,211,211,203,-7.868613156610053,203,-7.868613156610053,0.5208359123056872,15.579516362178879,0.0,0.0,0.2242469909382641,1.6554462661737717,0.008268575184047222,6.83533726260066e-05
clsdoa_v1_pilot_005_ep_000233,replica.room_1,Replica,189.26714480862435,189,189,190,258,68.73285519137565,182,-7.2671448086243515,31.553064264476543,0.0,0.0,0.013979094895501164,0.0,0.0,9.897384734358639e-05,5.511977541061697e-09
clsdoa_v1_pilot_005_ep_000234,replica.room_2,Replica,311.1907483208706,311,311,312,303,-8.190748320870625,303,-8.190748320870625,2.2791423383810296,0.0060900371426368186,0.014952811387071299,0.0,0.017284162906713845,0.0038520567667162903,7.53287022234872e-05,5.6760547373357895e-09
clsdoa_v1_pilot_005_ep_000235,mp3d.HxpKQynjfin,MP3D,76.10926749587404,76,76,77,69,-7.109267495874036,69,-7.109267495874036,3.1945284701301985e-06,0.022569978194846685,0.0,0.0,0.0,0.010604961056260543,2.8130934879300185e-05,7.91150311929556e-10
clsdoa_v1_pilot_005_ep_000236,mp3d.oLBMNvg9in8,MP3D,378.750101993057,378,379,379,480,101.249898006943,456,77.249898006943,43.52340206893659,37.8642341784568,79.56949314195991,79.56947231259413,79.56947524552854,79.56947684960362,9.21404321729824e-08,8.42885026911596e-15
clsdoa_v1_pilot_005_ep_000237,mp3d.q9vSo1VnCiC,MP3D,105.23589659303921,105,105,106,98,-7.2358965930392145,98,-7.2358965930392145,6.097163388881822e-06,0.0,0.018007149451469473,0.015791693039412698,0.013209758050324302,0.015791693039412698,4.037715552840382e-05,1.6300503169475178e-09
clsdoa_v1_pilot_005_ep_000238,mp3d.1pXnuDYAj8r,MP3D,74.71273044742472,74,75,75,68,-6.712730447424718,68,-6.712730447424718,1.578904266095767e-05,0.010725507617464615,0.017646814939149724,0.017646814939149724,0.017646814939149724,0.01537953884968326,2.7123303880216554e-05,7.35772109905497e-10
clsdoa_v1_pilot_005_ep_000239,mp3d.gxdoqLR6rwA,MP3D,195.7685526789272,195,196,196,188,-7.768552678927193,188,-7.768552678927193,4.00455336570039e-06,0.019470443883614266,0.0,0.0,0.0,0.0,5.051252446719445e-05,2.551661548721995e-09
clsdoa_v1_pilot_005_ep_000240,mp3d.uNb9QFRL6hY,MP3D,274.3441927631016,274,274,275,349,74.6558072368984,267,-7.344192763101603,95.54364731335083,80.34549874237237,87.32326382576083,145.88124862952537,120.16163701299887,109.4832499391398,1.4117038249969482,0.14721441268920898
clsdoa_v1_pilot_005_ep_000241,replica.room_0,Replica,155.56153288126754,155,156,156,148,-7.561532881267539,148,-7.561532881267539,1.8503147616367877,0.004461354466211856,0.014373780394597203,0.011474412933348846,0.011486295450081582,0.0,4.048703340231441e-05,1.6370667044185438e-09
clsdoa_v1_pilot_005_ep_000242,replica.frl_apartment_0,Replica,78.84269366227612,78,79,79,72,-6.842693662276119,72,-6.842693662276119,7.143182815269534e-06,0.0,0.014148936819882076,0.016585302989772403,0.016585302989772403,0.016585302989772403,2.9118451493559405e-05,8.476357948872248e-10
clsdoa_v1_pilot_005_ep_000243,replica.frl_apartment_2,Replica,90.51786899616965,90,91,91,83,-7.517868996169653,83,-7.517868996169653,2.831646840510158e-06,0.019114623806028942,0.018014454205464936,0.0,0.0,0.0,2.1204266886343248e-05,4.496667760367501e-10
clsdoa_v1_pilot_005_ep_000244,replica.frl_apartment_3,Replica,282.9124094499799,282,283,283,275,-7.9124094499799185,275,-7.9124094499799185,0.1557349575375393,0.0,0.015231529449533165,0.012496756630433724,0.0,0.015131218918743342,7.146385905798525e-05,5.105156741791461e-09
clsdoa_v1_pilot_005_ep_000245,replica.apartment_2,Replica,224.48638936584544,224,224,225,217,-7.48638936584544,217,-7.48638936584544,0.17185807024613253,0.021978642244699958,0.013255804012331424,0.0,0.0,0.0,9.116508590523154e-05,8.312758481565652e-09
clsdoa_v1_pilot_005_ep_000246,replica.frl_apartment_1,Replica,247.21384082525907,247,247,248,240,-7.213840825259069,240,-7.213840825259069,1.2074182697257333e-06,0.0,0.00948878784731441,0.0040844833741347526,0.009635466064767123,0.012891714303210237,0.00010123314859811217,1.0249637583115145e-08
clsdoa_v1_pilot_005_ep_000247,replica.frl_apartment_4,Replica,149.18058559029038,149,149,150,142,-7.180585590290377,142,-7.180585590290377,8.664856156940838e-06,0.0,0.0,0.0,0.014148936845641237,0.01119430891199051,5.780590799986385e-05,3.341060761385961e-09
clsdoa_v1_pilot_005_ep_000248,replica.office_2,Replica,132.84599930406944,132,133,133,125,-7.845999304069437,125,-7.845999304069437,100.29677477814558,0.0,0.023428551354431885,0.016193360434221322,0.01368740516211552,0.0,3.325425859657116e-05,1.1051840553832903e-09
clsdoa_v1_pilot_005_ep_000249,replica.office_4,Replica,111.80479584103352,111,112,112,105,-6.804795841033524,105,-6.804795841033524,1.079947731352768e-05,0.0031330732475141295,0.0,0.0,0.004973729366326411,0.0,4.286440889700316e-05,1.8372707799585442e-09
clsdoa_v1_pilot_005_ep_000250,replica.apartment_1,Replica,97.6760750878806,97,98,98,202,104.3239249121194,90,-7.676075087880605,92.35020841888782,63.516928870189695,130.80190067086684,94.8848832756344,104.67558583275098,80.42560518263028,0.16377463936805725,0.021861759945750237
clsdoa_v1_pilot_005_ep_000251,replica.apartment_2,Replica,224.48638936584544,224,224,225,217,-7.48638936584544,217,-7.48638936584544,0.26202611928854114,0.01678915331485375,0.013255804012331424,0.0,0.0,0.0,9.116726141655818e-05,8.31145996471605e-09
clsdoa_v1_pilot_005_ep_000252,replica.hotel_0,Replica,186.89956470525013,186,187,187,179,-7.899564705250128,179,-7.899564705250128,0.38013804039637483,0.0,0.0,0.0057182176916124264,0.006280177126621353,0.006543082604145633,4.686951797339134e-05,2.1967123675636913e-09
clsdoa_v1_pilot_005_ep_000253,replica.office_0,Replica,93.82700672971991,93,94,94,87,-6.827006729719912,87,-6.827006729719912,2.091309789151873e-06,0.015940969674251987,0.0,0.0,0.00605135981769119,0.020033241394790215,3.493648182484321e-05,1.2198555499054464e-09
clsdoa_v1_pilot_005_ep_000254,replica.frl_apartment_0,Replica,98.05832084884847,98,98,99,91,-7.058320848848467,91,-7.058320848848467,8.537736462515939e-07,0.0,0.006352141283729299,0.010602590507514427,0.013582347111019065,0.0,3.696187923196703e-05,1.3660342856880447e-09
clsdoa_v1_pilot_005_ep_000255,replica.room_0,Replica,155.56153288126754,155,156,156,148,-7.561532881267539,148,-7.561532881267539,1.6231609471220672,0.0,0.009051762040776276,0.0027452954523753347,0.009070580710707836,0.022783532353042243,4.047140828333795e-05,1.6378491896062997e-09
clsdoa_v1_pilot_005_ep_000256,replica.frl_apartment_1,Replica,247.21384082525907,247,247,248,240,-7.213840825259069,240,-7.213840825259069,2.699869328381916e-06,0.0007180901282795128,0.0,0.0,0.0,0.0,0.00010122822277480736,1.024944573657649e-08
clsdoa_v1_pilot_005_ep_000257,replica.frl_apartment_3,Replica,394.327080614576,394,394,395,502,107.672919385424,386,-8.327080614576005,42.91435645463971,64.55283152673822,105.8152491075759,32.41567254096933,57.79474233468341,28.338159901722836,0.3402048349380493,0.08349361270666122
clsdoa_v1_pilot_005_ep_000258,replica.frl_apartment_4,Replica,241.92448779986898,241,242,242,234,-7.924487799868984,234,-7.924487799868984,0.13624430527370665,0.0,0.004943657219375287,0.004935044908128021,0.0,0.004855094249137334,6.022681191097945e-05,3.6265859204576145e-09
clsdoa_v1_pilot_005_ep_000259,replica.hotel_0,Replica,186.89956470525013,186,187,187,179,-7.899564705250128,179,-7.899564705250128,0.21106035805613846,0.021749170977652246,0.0,0.006005773909190167,0.010840376038964364,0.0,4.686720058089122e-05,2.1955415263619216e-09
clsdoa_v1_pilot_005_ep_000260,replica.office_2,Replica,397.9967304504152,397,398,398,390,-7.996730450415214,390,-7.996730450415214,24.328046931434034,0.008192417494808393,0.007101597688403032,0.018360413477373223,0.018360413477373223,0.0,9.492302342550829e-05,9.008640944330182e-09
clsdoa_v1_pilot_005_ep_000261,replica.frl_apartment_2,Replica,84.67556986803332,84,85,85,77,-7.675569868033321,77,-7.675569868033321,6.776618231767655e-06,0.019963210575021074,0.017227125662732615,0.005065863683396021,0.005065863683396021,0.0,1.9974700990132987e-05,3.9888128910980925e-10
clsdoa_v1_pilot_005_ep_000262,replica.office_4,Replica,95.71553650647886,95,96,96,88,-7.7155365064788555,88,-7.7155365064788555,4.7536104815230715e-06,0.0,0.0,0.0,0.006130688174539142,0.0,2.348765337956138e-05,5.51612144850111e-10
clsdoa_v1_pilot_005_ep_000263,replica.apartment_1,Replica,320.01790473547425,320,320,321,427,106.98209526452575,381,60.98209526452575,29.22360149064749,81.80038931717995,26.661766106681238,26.661766106681238,27.44112597326359,27.63960264432344,1.2370106716730334e-08,1.2159013697536652e-16
clsdoa_v1_pilot_005_ep_000264,replica.apartment_2,Replica,224.48638936584544,224,224,225,217,-7.48638936584544,217,-7.48638936584544,0.5057780409692211,0.01225670220106969,0.0,0.016570632629552964,0.0,0.0,9.116339060710743e-05,8.30977242571862e-09
clsdoa_v1_pilot_005_ep_000265,replica.frl_apartment_0,Replica,335.1496232433756,335,335,336,327,-8.149623243375572,327,-8.149623243375572,0.5483871869637111,0.011422672506665408,0.010604961021893162,0.01368740516211552,0.010604961021893162,0.0,8.158676791936159e-05,6.655448636649908e-09
clsdoa_v1_pilot_005_ep_000266,replica.frl_apartment_2,Replica,90.51786899616965,90,91,91,83,-7.517868996169653,83,-7.517868996169653,0.0,0.022675043936300484,0.0,0.0,0.0,0.0,2.1198315153014846e-05,4.494343230909692e-10
clsdoa_v1_pilot_005_ep_000267,replica.frl_apartment_3,Replica,125.38772929598144,125,125,126,118,-7.387729295981444,118,-7.387729295981444,8.144481502960801e-06,0.016338504843349543,0.014148936819882076,0.014148936819882076,0.01658530296779724,0.0,4.823779090656899e-05,2.326766557203541e-09
clsdoa_v1_pilot_005_ep_000268,replica.frl_apartment_4,Replica,341.1822297513387,341,341,342,333,-8.182229751338696,333,-8.182229751338696,0.7235547591055147,0.007094902155767104,0.016895467503111335,0.0,0.0,0.0,8.23819063953124e-05,6.785747519444385e-09
clsdoa_v1_pilot_005_ep_000269,mp3d.gTV8FGcVJC9,MP3D,95.0976562783978,95,95,96,88,-7.097656278397807,88,-7.097656278397807,4.829673078902934e-06,0.0,0.0,0.0,0.0,0.0,3.623166776378639e-05,1.3128876874546336e-09
clsdoa_v1_pilot_005_ep_000270,mp3d.Vt2qJdWjCF2,MP3D,386.9736260888073,386,387,387,510,123.0263739111927,379,-7.973626088807293,59.24144592829582,33.66698544182117,165.93815498183707,141.9308192845076,134.28559320248428,111.89442974045214,0.34008967876434326,0.08664879202842712
clsdoa_v1_pilot_005_ep_000271,mp3d.Vvot9Ly1tCj,MP3D,85.76894456716745,85,86,86,79,-6.768944567167452,79,-6.768944567167452,1.3004292747236537e-05,0.0,0.011894082909915712,0.0,0.0,0.0,3.147021197946742e-05,9.906122588887456e-10
clsdoa_v1_pilot_005_ep_000272,mp3d.Z6MFQCViBuw,MP3D,136.23345100485147,136,136,137,129,-7.233451004851474,129,-7.233451004851474,1.2605816820395112e-05,0.011263051176292095,0.019527124654155566,0.0,0.0,0.0,5.309458720148541e-05,2.8191577960967606e-09
clsdoa_v1_pilot_005_ep_000273,mp3d.jh4fc5c5qoQ,MP3D,121.35094771803838,121,121,122,114,-7.350947718038384,114,-7.350947718038384,2.561320938754782e-06,0.016522644835084158,0.010604961056260543,0.010604961056260543,0.0,0.0,4.6396482503041625e-05,2.1523192117456347e-09
clsdoa_v1_pilot_005_ep_000274,mp3d.Pm6F8kyY3z2,MP3D,271.56932341475044,271,272,272,264,-7.569323414750443,264,-7.569323414750443,0.32922605778276,0.0,0.0,0.02038467996450686,0.007404047981445225,0.022171821907504573,6.699806544929743e-05,4.487672455866232e-09
clsdoa_v1_pilot_005_ep_000275,mp3d.mJXqzFtmKg4,MP3D,108.89063173906212,108,109,109,102,-6.8906317390621155,102,-6.8906317390621155,1.020964787746499e-05,0.014021596446490986,0.0,0.014148936794122916,0.01658530296779724,0.0,4.071332296007313e-05,1.657102899343954e-09
clsdoa_v1_pilot_005_ep_000276,mp3d.SN83YJsR3w2,MP3D,174.1777241475111,174,174,175,167,-7.1777241475111,167,-7.1777241475111,1.2197778899539258,0.0,0.0,0.015516477361727609,0.0,0.0,6.894183752592653e-05,4.751874893571539e-09
clsdoa_v1_pilot_005_ep_000277,mp3d.pRbA3pwrgk9,MP3D,134.70968904859026,134,135,135,127,-7.709689048590263,127,-7.709689048590263,0.46596585580504035,0.01786514227843139,0.015502097357464094,0.0,0.015378676549106218,0.015419926573054524,3.267437205067836e-05,1.0675731410003664e-09
clsdoa_v1_pilot_005_ep_000278,mp3d.r47D5H71a5s,MP3D,76.45359381676309,76,76,77,69,-7.453593816763089,69,-7.453593816763089,2.4148365394514667e-06,0.021815063058924927,0.0,0.018360413497223796,0.0,0.0,2.7919417334487662e-05,7.792028688946573e-10
clsdoa_v1_pilot_005_ep_000279,mp3d.aayBHfsNo7d,MP3D,362.7130116482931,362,363,363,355,-7.713011648293104,355,-7.713011648293104,4.353408482428142e-06,0.0,0.0,0.0,0.007101597688403032,0.020297404900876753,8.816440094960853e-05,7.771893351105064e-09
clsdoa_v1_pilot_005_ep_000280,mp3d.pa4otMbVnkk,MP3D,297.3262757793845,297,297,298,289,-8.326275779384503,289,-8.326275779384503,0.822490498298752,0.0,0.0,0.0,0.0,0.0,7.288417691597715e-05,5.3130437827064725e-09
clsdoa_v1_pilot_005_ep_000281,mp3d.VLzqgDo317F,MP3D,250.00935585477586,250,250,251,242,-8.009355854775862,242,-8.009355854775862,0.8503686706316197,8.850856442529167,0.0,0.016576792330991914,0.20440707836696692,1.4213186100903517,0.013258485123515129,0.00017577751714270562
clsdoa_v1_pilot_005_ep_000282,mp3d.qoiz87JEwZ2,MP3D,409.14518576264504,409,409,410,401,-8.145185762645042,401,-8.145185762645042,1.2074182697257333e-06,0.0,0.009307942304429486,0.0211799879872157,0.00346495301422294,0.0,9.786281589185819e-05,9.577204806987538e-09
clsdoa_v1_pilot_005_ep_000283,mp3d.VVfe2KiqLaN,MP3D,264.53427036778004,264,265,265,257,-7.534270367780039,257,-7.534270367780039,0.649216799661897,0.017037460267642208,0.0,0.015519360847478838,0.0,0.0,6.645717803621665e-05,4.4173384949885985e-09
clsdoa_v1_pilot_005_ep_000284,mp3d.WYY7iVyf5p8,MP3D,178.36199679160086,178,178,179,287,108.63800320839914,255,76.63800320839914,22.148313535070812,63.88638405757526,22.029026601569896,22.02903094844288,22.029022972006157,21.5167779509151,3.233542855696214e-08,6.796080972626601e-16
clsdoa_v1_pilot_005_ep_000285,mp3d.p5wJjkQkbXX,MP3D,110.7191226950161,110,111,111,103,-7.719122695016097,103,-7.719122695016097,2.2588727439225506e-06,0.020136287732198305,0.012990493139599261,0.01554753691296694,0.0,0.005307488594878496,2.623767068143934e-05,6.883340009089522e-10
clsdoa_v1_pilot_005_ep_000286,mp3d.rqfALeAoiTq,MP3D,85.5646320150499,85,86,86,78,-7.564632015049895,78,-7.564632015049895,3.4150945850063763e-06,0.013119067069034712,0.0,0.019978420689329136,0.0,0.0,2.076780583593063e-05,4.3121017867520095e-10
clsdoa_v1_pilot_005_ep_000287,mp3d.X7HyMhZNoso,MP3D,149.24304052102988,149,149,150,142,-7.243040521029883,142,-7.243040521029883,6.722620413208828e-06,0.0,0.010304484396908974,0.010304484396908974,0.0,0.007522727265360675,5.714580765925348e-05,3.2662113014225724e-09
clsdoa_v1_pilot_005_ep_000288,mp3d.s8pcmisQ38h,MP3D,332.55287871959473,332,333,333,325,-7.55287871959473,325,-7.55287871959473,0.3259872931135045,2.3891956630060354,0.0,0.016105808813339065,0.0,0.6875606962193279,0.07541615515947342,0.005687602795660496
clsdoa_v1_pilot_005_ep_000289,mp3d.XcA2TqTSSAj,MP3D,272.16401459654537,272,272,273,264,-8.164014596545371,264,-8.164014596545371,5.4668187275950014e-06,0.014173349095427687,0.0,0.0,0.014118785409653294,0.0072302515280451216,6.754040077794343e-05,4.561559574511875e-09
clsdoa_v1_pilot_005_ep_000290,mp3d.e9zR4mvMWw7,MP3D,239.24819354130815,239,239,240,232,-7.248193541308154,232,-7.248193541308154,0.11899074074240286,0.008517719419115997,0.0028933861086962785,0.008898569566951372,0.0,0.014730033242972652,9.69751417869702e-05,9.40514688352323e-09
clsdoa_v1_pilot_005_ep_000291,mp3d.gYvKGZ5eRqb,MP3D,210.66922882645002,210,211,211,203,-7.6692288264500235,203,-7.6692288264500235,6.331754823653221e-06,0.010003392755901938,0.0,0.004570914017448092,0.0,0.0,5.32867998117581e-05,2.8397046936134984e-09
clsdoa_v1_pilot_005_ep_000292,mp3d.wc2JMjhGNzB,MP3D,401.14743097077525,401,401,402,447,45.85256902922475,393,-8.147430970775247,61.50528854414793,106.12291836935576,69.37484778747881,118.3472402185483,93.77989323611575,77.1316269786354,0.19732362031936646,0.09636462479829788
clsdoa_v1_pilot_005_ep_000293,mp3d.17DRP5sb8fy,MP3D,122.18950287402357,122,122,123,115,-7.1895028740235745,115,-7.1895028740235745,0.6409162888928146,0.0,0.0,0.0,0.0,0.0,4.739607538795099e-05,2.2462312010418373e-09
clsdoa_v1_pilot_005_ep_000294,mp3d.gZ6f7yhEvPG,MP3D,164.90201377111578,164,165,165,157,-7.902013771115776,157,-7.902013771115776,9.88314448090898e-06,0.0,0.0,0.0,0.0,0.0,4.1871637222357094e-05,1.7535692897752142e-09
clsdoa_v1_pilot_005_ep_000295,mp3d.5LpN3gDmAk7,MP3D,72.1860975562403,72,72,73,65,-7.1860975562402984,65,-7.1860975562402984,1.1000103948581645e-05,0.0065375148517974975,0.0,0.0,0.0,0.0,2.690826113393996e-05,7.241822697068301e-10
clsdoa_v1_pilot_005_ep_000296,mp3d.i5noydFURQK,MP3D,221.49582287454714,221,221,222,314,92.50417712545286,241,19.504177125452856,30.740238743328398,85.24052800947833,43.89224725257461,43.739623317624314,41.834129486795725,41.50314806810326,3.8387124590144595e-09,7.505811235707184e-18
clsdoa_v1_pilot_005_ep_000297,replica.apartment_0,Replica,136.10284261068784,136,136,137,250,113.89715738931216,129,-7.102842610687844,22.414990672634023,26.405169698472875,33.61825481655571,60.45685193032114,69.04676410233904,55.37606789124326,0.7262934446334839,0.13149429857730865
clsdoa_v1_pilot_005_ep_000298,replica.apartment_0,Replica,353.5423215388235,353,354,354,346,-7.542321538823501,346,-7.542321538823501,0.5682092248709486,0.008423588980567782,0.0,0.0,0.0,0.00990388014677453,8.459388482151553e-05,7.153399206316635e-09
clsdoa_v1_pilot_005_ep_000299,replica.office_1,Replica,131.2448879004885,131,131,132,124,-7.244887900488493,124,-7.244887900488493,1.7075472925031877e-06,0.012327860293728534,0.010420378193808262,0.0,0.01040558096009424,0.01360077936973481,5.066005542175844e-05,2.5661117675213063e-09
clsdoa_v1_pilot_005_ep_000300,replica.frl_apartment_5,Replica,260.0454491314758,260,260,261,252,-8.045449131475777,252,-8.045449131475777,0.0023236773229119503,0.010936412463505013,0.0,0.0,0.021472849708083427,0.010350231128363557,6.494650733657181e-05,4.218567717373389e-09
clsdoa_v1_pilot_005_ep_000301,replica.frl_apartment_5,Replica,260.0454491314758,260,260,261,252,-8.045449131475777,252,-8.045449131475777,5.4668187275950014e-06,0.0036274277206833298,0.0,0.0,0.01591108611365978,0.0,6.495123670902103e-05,4.2190824167676055e-09
clsdoa_v1_pilot_005_ep_000302,replica.office_1,Replica,224.73247308523057,224,225,225,305,80.26752691476943,217,-7.732473085230566,119.51498014586984,0.012210245101021455,0.0,0.0,0.005460837024160454,0.010068604350471152,6.853566446807235e-05,3.083455268892976e-09
clsdoa_v1_pilot_005_ep_000303,mp3d.2t7WUuJeko7,MP3D,160.4963279967383,160,160,161,265,104.5036720032617,186,25.5036720032617,25.059838983050238,92.3790546470834,41.59186743233725,42.192479888301314,36.69921076206956,33.79637437827104,8.366974668660987e-09,8.385930580282993e-17
clsdoa_v1_pilot_005_ep_000304,mp3d.V2XKFyX4ASd,MP3D,128.74927193480227,128,129,129,121,-7.749271934802266,121,-7.749271934802266,1.6126468568765158,57.35041172038335,0.019978420671086218,0.0,3.2652592147175024,8.325547748520448,0.050238221883773804,0.0019237777451053262
clsdoa_v1_pilot_005_ep_000305,mp3d.ac26ZMwG7aT,MP3D,292.25713300031885,292,292,293,297,4.742866999681155,284,-8.257133000318845,87.2509991247749,67.35264050064028,8.92379953842108,34.74424290091728,68.35950598628811,13.098721567186539,0.5741267800331116,0.15524563193321228
clsdoa_v1_pilot_005_ep_000306,mp3d.YFuZgdQ5vWj,MP3D,180.29699576619342,180,180,181,173,-7.296995766193419,173,-7.296995766193419,1.2074182697257333e-06,0.0,0.009758249852625085,0.00955748381735338,0.0,0.0,6.953552656341344e-05,4.835642553047137e-09
clsdoa_v1_pilot_005_ep_000307,mp3d.cV4RVeZvu5T,MP3D,81.62990890561561,81,82,82,74,-7.629908905615608,74,-7.629908905615608,1.0154917640916254,0.014837507630502494,0.01199263887680896,0.0,0.0,0.0,1.967643402167596e-05,3.872037135366213e-10
clsdoa_v1_pilot_005_ep_000308,mp3d.5ZKStnWn8Zo,MP3D,105.32631568294299,105,105,106,98,-7.32631568294299,98,-7.32631568294299,1.657728561965808e-05,0.01521283034600349,0.015379538873381287,0.0,0.017646814939149724,0.0,3.9878177631180733e-05,1.5903289796170839e-09
clsdoa_v1_pilot_005_ep_000309,replica.office_3,Replica,130.93531532810246,130,131,131,124,-6.935315328102462,124,-6.935315328102462,6.630342409071696,0.013765751209316657,0.011728179988976534,0.008367492595377666,0.0,0.0,4.978051583748311e-05,2.477980043380512e-09
clsdoa_v1_pilot_005_ep_000310,replica.room_2,Replica,110.9558956516735,110,111,111,104,-6.955895651673501,104,-6.955895651673501,3.1945284701301985e-06,0.0,0.008731589379485946,0.0,0.0,0.012444649032613431,4.243724106345326e-05,1.8015240410562683e-09
clsdoa_v1_pilot_005_ep_000311,replica.office_3,Replica,108.56761847500731,108,109,109,101,-7.567618475007308,101,-7.567618475007308,7.636383641665695e-06,0.0,0.01119430891199051,0.0,0.007101597739724542,0.01119430891199051,2.6026102204923518e-05,6.774187322200476e-10
clsdoa_v1_pilot_005_ep_000312,replica.room_2,Replica,331.1290520764386,331,331,332,323,-8.129052076438597,323,-8.129052076438597,0.48729157530427764,0.0,0.005745724298606043,0.0,0.0,0.0,8.121323480736464e-05,6.595690660304854e-09
clsdoa_v1_pilot_005_ep_000313,replica.room_1,Replica,189.26714480862435,189,189,190,182,-7.2671448086243515,182,-7.2671448086243515,2.4148365394514667e-06,0.0,0.0,0.0,0.013954246541636104,0.0,7.501374057028443e-05,5.626430432670304e-09
clsdoa_v1_pilot_005_ep_000314,replica.room_1,Replica,189.26714480862435,189,189,190,182,-7.2671448086243515,182,-7.2671448086243515,2.2588727439225506e-06,0.0,0.0,0.016398195153332174,0.0,0.0,7.500604988308623e-05,5.6279216842369806e-09
clsdoa_v1_pilot_005_ep_000315,mp3d.GdvgFV5R1Z5,MP3D,135.0362842521083,135,135,136,201,65.96371574789171,190,54.96371574789171,33.88367493145074,60.97800241360375,34.83173833768842,32.79668597327787,32.88876093684318,33.38623644356171,1.4066620757091641e-08,7.188365753301709e-16
clsdoa_v1_pilot_005_ep_000316,mp3d.ur6pFq6Qu1A,MP3D,239.21047621228618,239,239,240,232,-7.210476212286181,232,-7.210476212286181,0.5026212980301925,0.0,0.009801006766982017,0.00972633579376776,0.017451619485514148,0.004616606189462899,9.59670142037794e-05,9.208218187950479e-09
clsdoa_v1_pilot_005_ep_000317,mp3d.HxpKQynjfin,MP3D,100.90878969398018,100,101,101,94,-6.908789693980182,94,-6.908789693980182,6.331754823653221e-06,0.02655345531053158,0.007101597739724542,0.007101597739724542,0.0,0.018360413517074372,3.843237936962396e-05,1.4770806799901948e-09
clsdoa_v1_pilot_005_ep_000319,mp3d.7y3sRwLe3Va,MP3D,246.1990859782057,246,246,247,239,-7.199085978205687,239,-7.199085978205687,4.677482073305614,0.009709317823304241,0.0,0.018109509393490236,0.01801545530750803,0.0,0.00010044712689705193,1.0090744240187632e-08
clsdoa_v1_pilot_005_ep_000320,mp3d.oLBMNvg9in8,MP3D,366.31421603243314,366,366,367,358,-8.314216032433137,358,-8.314216032433137,3.8299300937323495,0.0,0.010604961021893162,0.010604961021893162,0.010604961021893162,0.010604961021893162,8.870016608852893e-05,7.867509310699461e-09
clsdoa_v1_pilot_005_ep_000321,replica.office_2,Replica,340.05548955141177,340,340,341,332,-8.055489551411767,332,-8.055489551411767,1.896449590979572,0.0,0.003638892454952069,0.0,0.0,0.015940710012533183,8.227112994063646e-05,6.768018145919541e-09
clsdoa_v1_pilot_005_ep_000322,replica.office_0,Replica,93.82700672971991,93,94,94,87,-6.827006729719912,87,-6.827006729719912,2.091309789151873e-06,0.015940969674251987,0.0,0.0,0.00605135981769119,0.020033241394790215,3.493648182484321e-05,1.2198555499054464e-09
clsdoa_v1_pilot_005_ep_000323,replica.frl_apartment_1,Replica,193.81863356162987,193,194,194,186,-7.818633561629866,186,-7.818633561629866,1.2924912925730985,0.0,0.014443274983536467,0.014443274983536467,0.013992205086916357,0.0,4.966315464116633e-05,2.4665547382340947e-09
clsdoa_v1_pilot_005_ep_000324,replica.room_0,Replica,155.56153288126754,155,156,156,148,-7.561532881267539,148,-7.561532881267539,2.7557338802872664,0.013751040667659193,0.0,0.011510023619082647,0.01444006152807757,0.0,4.049388735438697e-05,1.6393664203917524e-09
clsdoa_v1_pilot_005_ep_000325,replica.hotel_0,Replica,186.89956470525013,186,187,187,179,-7.899564705250128,179,-7.899564705250128,0.21106035805613846,0.021749170977652246,0.0,0.006005773909190167,0.010840376038964364,0.0,4.686720058089122e-05,2.1955415263619216e-09
clsdoa_v1_pilot_005_ep_000326,replica.office_0,Replica,265.7303464704339,265,266,266,258,-7.730346470433915,258,-7.730346470433915,104.68692918106062,0.021821919328362596,0.0,0.0,0.018608460797142096,0.0,6.600055348826572e-05,4.354605120937549e-09
clsdoa_v1_pilot_005_ep_000327,replica.office_4,Replica,83.68680073294894,83,84,84,76,-7.686800732948939,76,-7.686800732948939,1.688228096739878e-05,0.00912650180727267,0.0,0.022151523017273182,0.012737652810724693,0.0,2.0230254449415952e-05,4.09208833485053e-10
clsdoa_v1_pilot_005_ep_000328,replica.apartment_1,Replica,102.19953826047953,102,102,103,95,-7.199538260479528,95,-7.199538260479528,6.502146373618258e-06,0.0,0.0,0.007101597688403032,0.007101597688403032,0.007101597688403032,3.976865264121443e-05,1.5816089549147705e-09
clsdoa_v1_pilot_005_ep_000329,replica.frl_apartment_0,Replica,372.5145589308333,372,373,373,488,115.48544106916671,424,51.48544106916671,35.25759781017572,6.762674232957043,51.7714713763566,51.77148440033472,51.73953794353609,51.66965014268742,6.617773351536016e-08,2.7189903720046442e-15
clsdoa_v1_pilot_005_ep_000330,replica.room_0,Replica,155.56153288126754,155,156,156,148,-7.561532881267539,148,-7.561532881267539,1.8503147616367877,0.004461354466211856,0.014373780394597203,0.011474412933348846,0.011486295450081582,0.0,4.048703340231441e-05,1.6370667044185438e-09
clsdoa_v1_pilot_005_ep_000331,replica.apartment_2,Replica,224.48638936584544,224,224,225,217,-7.48638936584544,217,-7.48638936584544,8.913658556096819e-06,0.012090895676719714,0.013255804012331424,0.0,0.0,0.015246804489272934,9.116259025176987e-05,8.311364929625142e-09
clsdoa_v1_pilot_005_ep_000332,replica.frl_apartment_1,Replica,247.21384082525907,247,247,248,240,-7.213840825259069,240,-7.213840825259069,8.537736462515939e-07,0.0,0.009779944633313935,0.0044145345358422875,0.0040844833741347526,0.004252712095272677,0.00010123227548319846,1.0247199533353069e-08
clsdoa_v1_pilot_005_ep_000333,replica.frl_apartment_2,Replica,90.51786899616965,90,91,91,83,-7.517868996169653,83,-7.517868996169653,8.537736462515939e-07,0.0,0.0,0.0,0.0,0.01573911962398595,2.1198617105255835e-05,4.4938006094064065e-10
clsdoa_v1_pilot_005_ep_000334,replica.frl_apartment_3,Replica,93.77223525848332,93,94,94,87,-6.77223525848332,87,-6.77223525848332,9.468807791963592e-06,0.01802993897423607,0.0,0.0,0.0,0.013209757995143165,3.5431061405688524e-05,1.2556348183423438e-09
clsdoa_v1_pilot_005_ep_000335,replica.frl_apartment_4,Replica,241.92448779986898,241,242,242,234,-7.924487799868984,234,-7.924487799868984,0.13624430527370665,0.0,0.004943657219375287,0.004935044908128021,0.0,0.004855094249137334,6.022681191097945e-05,3.6265859204576145e-09
clsdoa_v1_pilot_005_ep_000336,replica.hotel_0,Replica,186.89956470525013,186,187,187,179,-7.899564705250128,179,-7.899564705250128,2.4600204006086295,0.007704951786532296,0.0,0.0,0.0,0.0,4.685320527642034e-05,2.1954520423861368e-09
clsdoa_v1_pilot_005_ep_000337,replica.office_2,Replica,121.92268961002185,121,122,122,115,-6.922689610021848,115,-6.922689610021848,4.182619578303747e-06,0.02165175524585554,0.007101597739724542,0.0,0.020297404918832973,0.0,4.690719651989639e-05,2.199636250921344e-09
clsdoa_v1_pilot_005_ep_000338,replica.office_0,Replica,265.7303464704339,265,266,266,258,-7.730346470433915,258,-7.730346470433915,115.92343512500125,0.020231015814799205,0.0,0.0,0.018656634763345413,0.0,6.601178029086441e-05,4.355919624998705e-09
clsdoa_v1_pilot_005_ep_000339,replica.office_4,Replica,330.28459848878464,330,330,331,322,-8.284598488784638,322,-8.284598488784638,0.1194828716754661,0.015113431557322476,0.016193360411714274,0.0,0.0,0.0,8.054244972299784e-05,6.4861627180334835e-09
clsdoa_v1_pilot_005_ep_000340,replica.apartment_1,Replica,97.6760750878806,97,98,98,211,113.3239249121194,90,-7.676075087880605,88.87990109375669,97.12748846699958,74.00877289335715,107.91085037112734,106.62306582094735,119.81633684046406,0.9067948460578918,0.11558644473552704
clsdoa_v1_pilot_005_ep_000341,replica.frl_apartment_0,Replica,88.52210976031604,88,89,89,81,-7.522109760316042,81,-7.522109760316042,3.306651113363206e-06,0.01443958022170471,0.016193360411714274,0.0,0.016193360411714274,0.016193360411714274,2.2199523300514556e-05,4.928706331952526e-10
clsdoa_v1_pilot_005_ep_000342,replica.frl_apartment_2,Replica,90.51786899616965,90,91,91,83,-7.517868996169653,83,-7.517868996169653,0.0,0.022675043936300484,0.0,0.0,0.0,0.0,2.1198315153014846e-05,4.494343230909692e-10
clsdoa_v1_pilot_005_ep_000343,replica.frl_apartment_3,Replica,394.0332964401557,394,394,395,386,-8.03329644015571,386,-8.03329644015571,0.4095120891320533,0.0,0.0,0.018007149431229472,0.0,0.018007149431229472,9.422370203537866e-05,8.87755469136664e-09
clsdoa_v1_pilot_005_ep_000344,replica.frl_apartment_4,Replica,416.9263447445759,416,417,417,409,-7.926344744575886,409,-7.926344744575886,7.73124918760008e-06,0.007565720362415759,0.0,0.013209758050324302,0.013209758050324302,0.013209758050324302,0.0001011860731523484,1.0236489877968324e-08
clsdoa_v1_pilot_005_ep_000345,replica.room_0,Replica,136.91846766285815,136,137,137,130,-6.9184676628581485,130,-6.9184676628581485,7.3444386094852035e-06,0.014965683729909059,0.0,0.0,0.0,0.0,5.404563125921413e-05,2.9206399521086723e-09
clsdoa_v1_pilot_005_ep_000346,replica.office_2,Replica,132.84599930406944,132,133,133,125,-7.845999304069437,125,-7.845999304069437,95.2063669333121,0.0,0.023428551354431885,0.01368740516211552,0.01368740516211552,0.01368740516211552,3.3256044844165444e-05,1.1048203463204231e-09
clsdoa_v1_pilot_005_ep_000347,replica.office_4,Replica,312.15619485493926,312,312,313,304,-8.156194854939258,304,-8.156194854939258,0.3702911224198584,0.0157461368295176,0.0,0.0,0.020297404900876753,0.007101597688403032,7.752313831588253e-05,6.009927666639214e-09
clsdoa_v1_pilot_005_ep_000348,replica.apartment_2,Replica,224.48638936584544,224,224,225,217,-7.48638936584544,217,-7.48638936584544,0.17185807024613253,0.021978642244699958,0.013255804012331424,0.0,0.0,0.0,9.116508590523154e-05,8.312758481565652e-09
clsdoa_v1_pilot_005_ep_000349,mp3d.8194nk5LbLH,MP3D,83.85720219172865,83,84,84,77,-6.857202191728646,77,-6.857202191728646,18.185856289298712,0.0,0.0,0.01368740516211552,0.024975525660582858,0.016193360434221322,3.1119794584810734e-05,9.68382485311281e-10
clsdoa_v1_pilot_005_ep_000350,mp3d.EDJbREhghzL,MP3D,102.63800284995831,102,103,103,95,-7.638002849958312,95,-7.638002849958312,9.697004570245026e-06,0.0,0.014157068581770961,0.016599002076232543,0.0,0.0,2.5475212169112638e-05,6.489717097046821e-10
clsdoa_v1_pilot_005_ep_000351,mp3d.EU6Fwq7SyZv,MP3D,125.54544212978944,125,126,126,118,-7.545442129789436,118,-7.545442129789436,5.7905745997743736e-06,0.00740911327977164,0.01119430891199051,0.01119430891199051,0.0,0.01119430891199051,3.0757757485844195e-05,9.463132499831772e-10
clsdoa_v1_pilot_005_ep_000352,mp3d.jtcxE69GiFV,MP3D,187.66022188017791,187,188,188,180,-7.6602218801779145,180,-7.6602218801779145,1.0380555144362298,33.763955274238334,0.007562757517802429,0.0,2.229422841194337,7.087818275773357,0.12782219052314758,0.017395837232470512
clsdoa_v1_pilot_005_ep_000353,mp3d.pLe4wQe7qrG,MP3D,225.8056087197084,225,226,226,286,60.1943912802916,223,-2.8056087197084025,6.164067818537211,8.252128260417289,8.252107321728996,8.25208780370286,8.252116031063107,8.171181242978744,0.030388159677386284,0.0009421025170013309
clsdoa_v1_pilot_005_ep_000354,mp3d.rPc6DW4iMge,MP3D,236.92834875404932,236,237,237,229,-7.928348754049324,229,-7.928348754049324,0.2878403956663777,0.008653532421695358,0.013783707594631356,0.016236297820667128,0.0,0.016200298185733007,5.984656672808342e-05,3.581984708844743e-09
clsdoa_v1_pilot_005_ep_000355,mp3d.sKLMLpTHeUy,MP3D,148.49662191592387,148,148,149,141,-7.496621915923868,141,-7.496621915923868,4.7070164215974275,0.015351800652197429,0.0,0.014498969940459938,0.016076272772055745,0.008809097807244728,5.7185941841453314e-05,3.269162940355841e-09
clsdoa_v1_pilot_005_ep_000356,mp3d.JmbYfDe2QKZ,MP3D,94.50734844575993,94,95,95,87,-7.507348445759931,87,-7.507348445759931,0.6327654109887716,0.006967189961602318,0.011194308846874435,0.011194308846874435,0.0,0.007101597688403032,2.291282180522103e-05,5.249956025465963e-10
clsdoa_v1_pilot_005_ep_000357,mp3d.sT4fr6TAbpF,MP3D,275.2271201829281,275,275,276,371,95.7728798170719,274,-1.227120182928104,9.749627216114018,29.079248418911927,29.07921423734808,29.727145580919824,29.646426172610607,25.273211466684437,0.19488875567913055,0.0375700443983078
clsdoa_v1_pilot_005_ep_000358,mp3d.yqstnuAEVhm,MP3D,333.54533490343056,333,334,334,326,-7.5453349034305575,326,-7.5453349034305575,1.914405067128253,0.018351576138475316,0.006130688115089907,0.006130688115089907,0.0,0.015791692993253656,8.220283052651212e-05,6.755934034430311e-09
clsdoa_v1_pilot_005_ep_000359,mp3d.2azQ1b91cZZ,MP3D,301.3943758994481,301,301,302,294,-7.394375899448107,294,-7.394375899448107,1.6326493700771494,0.01920857060582926,0.0,0.0,0.007101597739724542,0.41475461970354865,0.00012614982551895082,1.591051734806115e-08
clsdoa_v1_pilot_005_ep_000360,mp3d.RPmz2sHmrrY,MP3D,99.04105013801878,99,99,100,92,-7.041050138018775,92,-7.041050138018775,2.9575586669421963e-06,0.020122566014037207,0.0,0.018360413497223796,0.018360413497223796,0.0,3.674356048577465e-05,1.3504756202209478e-09
clsdoa_v1_pilot_005_ep_000361,mp3d.S9hNv5qa7GM,MP3D,137.98282938744882,137,138,138,131,-6.982829387448817,131,-6.982829387448817,1.2043959414067914e-05,0.0,0.0,0.0,0.0,0.011754144164409303,5.455895734485239e-05,2.9772784237991345e-09
clsdoa_v1_pilot_005_ep_000362,mp3d.x8F5xyUWy9e,MP3D,112.16732089063285,112,112,113,105,-7.167320890632851,105,-7.167320890632851,8.144481502960801e-06,0.01348802226197336,0.014830934833032338,0.014830934833032338,0.01269900587835205,0.0,4.205781078781001e-05,1.7691825782151227e-09
clsdoa_v1_pilot_005_ep_000363,mp3d.vyrNrziPKCB,MP3D,153.94583511085935,153,154,154,147,-6.945835110859349,147,-6.945835110859349,9.84619801707684e-06,0.0,0.0,0.01764198876272322,0.01764198876272322,0.019557155366381484,5.928944665356539e-05,3.515246094210056e-09
clsdoa_v1_pilot_005_ep_000364,mp3d.759xd9YjKW5,MP3D,374.36782093697593,374,374,375,452,77.63217906302407,420,45.63217906302407,21.165408349663853,108.20639727993121,10.70323192446406,10.703241876083169,10.703234839226742,10.703227802365774,2.7522258250201048e-08,7.361685634968884e-16
clsdoa_v1_pilot_005_ep_000365,mp3d.ARNzJeq3xxb,MP3D,168.70651495199553,168,169,169,161,-7.70651495199553,161,-7.70651495199553,5.533085616490783e-06,0.006205292294563555,0.0,0.0,0.0,0.012841735850929984,4.2777039197972044e-05,1.8298685899864608e-09
clsdoa_v1_pilot_005_ep_000366,mp3d.TbHJrupSAjP,MP3D,135.5688515942384,135,136,136,195,59.431148405761604,182,46.431148405761604,46.137449438339466,23.49877414715111,47.68143025156569,47.68144056928311,47.68143703353997,47.30957033508533,2.4252976515981572e-08,2.8682788172274714e-16
clsdoa_v1_pilot_005_ep_000367,mp3d.2n8kARJN3HM,MP3D,278.4052896497784,278,278,279,271,-7.40528964977841,271,-7.40528964977841,169.1524272928138,0.0,0.01563964156615194,0.015798060849622254,0.009997161602382355,0.0,0.00011562950385268778,1.337047716987172e-08
clsdoa_v1_pilot_005_ep_000368,mp3d.YVUC4YcDtcY,MP3D,110.24499731156655,110,110,111,103,-7.24499731156655,103,-7.24499731156655,1.4688877218970437e-05,0.008264831378411821,0.0,0.0053329370110884716,0.005282920146944367,0.013327266493869781,4.236308814142831e-05,1.7943311281243268e-09
clsdoa_v1_pilot_005_ep_000369,mp3d.B6ByNegPMKs,MP3D,310.9607650111763,310,311,311,318,7.039234988823694,303,-7.960765011176306,89.33231098784971,90.84067851667868,2.6592779255324817,29.22437451117856,58.71573384125228,37.765739138596714,0.6269075274467468,0.05212058499455452
clsdoa_v1_pilot_005_ep_000370,mp3d.D7N2EKCX4Sj,MP3D,398.6331692994784,398,399,399,477,78.36683070052158,391,-7.633169299478425,68.29750289303193,76.50226145964652,77.32742134087052,70.12513382920976,66.96835367572503,64.16403144605397,1.5400986671447754,0.3635327219963074
clsdoa_v1_pilot_005_ep_000371,mp3d.82sE5b5pLXE,MP3D,186.37232565085478,186,186,187,179,-7.372325650854776,179,-7.372325650854776,19.218420617017134,0.012846315486870598,0.004381813728060975,0.0,0.0,0.017731184249656085,7.371467654593289e-05,5.4345945521561134e-09
clsdoa_v1_pilot_005_ep_000372,mp3d.YmJkqBEsHnH,MP3D,109.97207981983193,109,110,110,103,-6.972079819831933,103,-6.972079819831933,5.263014220319208e-06,0.007598483819092002,0.006130688174539142,0.0,0.019978420689329136,0.006130688174539142,4.157678267802112e-05,1.7290370246669795e-09
clsdoa_v1_pilot_005_ep_000373,mp3d.JeFG25nYj2p,MP3D,186.15825734060905,186,186,187,179,-7.158257340609055,179,-7.158257340609055,1.0134309322470731,7.883327816621814,0.013327934981793767,0.0,0.013327934981793767,1.2153671028277042,0.08034767210483551,0.006455805618315935
clsdoa_v1_pilot_005_ep_000374,mp3d.ZMojNkEp431,MP3D,91.88423942673242,91,92,92,85,-6.884239426732421,85,-6.884239426732421,2.2588727439225506e-06,0.00780334905382766,0.0,0.006130688115089907,0.006130688115089907,0.0,3.435550752328709e-05,1.1812099076635718e-09
clsdoa_v1_pilot_005_ep_000375,mp3d.JF19kD82Mey,MP3D,273.28494876849055,273,273,274,266,-7.284948768490551,266,-7.284948768490551,0.13061856127822086,0.018986861285479762,0.002961436934370107,0.0,0.0,0.0,0.00011385732068447396,1.2963064399684754e-08
clsdoa_v1_pilot_005_ep_000376,mp3d.QUCTc6BB5sX,MP3D,391.4474278781666,391,391,392,383,-8.447427878166593,383,-8.447427878166593,6.830189170012755e-06,0.02133420128219822,0.0,0.0,0.020150136847802372,0.006653848586364995,9.3555347120855e-05,8.750675739577218e-09
clsdoa_v1_pilot_005_ep_000377,replica.apartment_0,Replica,79.64788132305385,79,80,80,72,-7.647881323053852,72,-7.647881323053852,1.4948733945252555,0.01920688151694694,0.010604961056260543,0.02342855136998832,0.0,0.02342855136998832,1.9252907804911956e-05,3.706256967994648e-10
clsdoa_v1_pilot_005_ep_000378,replica.apartment_0,Replica,352.5811669832031,352,353,353,365,12.418833016796896,345,-7.581166983203104,104.04301119414448,51.111629244053,98.24930725553831,86.98650353374356,97.12798129347773,74.11116929573075,1.376964807510376,0.09222152084112167
clsdoa_v1_pilot_005_ep_000379,replica.frl_apartment_5,Replica,260.0454491314758,260,260,261,252,-8.045449131475777,252,-8.045449131475777,0.021373390677850986,0.010034199473279569,0.0,0.0,0.0,0.003947304247230535,6.495580601040274e-05,4.218964733126995e-09
clsdoa_v1_pilot_005_ep_000380,replica.office_1,Replica,120.30960684371303,120,120,121,113,-7.309606843713027,113,-7.309606843713027,80.3760506966093,0.0,0.01695926267680188,0.0,0.011368197200761126,0.0,4.6691657189512625e-05,2.1805193206603235e-09
clsdoa_v1_pilot_005_ep_000381,replica.frl_apartment_5,Replica,260.0454491314758,260,260,261,252,-8.045449131475777,252,-8.045449131475777,0.0023236773229119503,0.010936412463505013,0.0,0.0,0.021472849708083427,0.010350231128363557,6.494650733657181e-05,4.218567717373389e-09
clsdoa_v1_pilot_005_ep_000382,replica.office_1,Replica,128.33987295073612,128,128,129,121,-7.3398729507361224,121,-7.3398729507361224,5.0509930079323e-06,0.024611757908877617,0.0,0.0,0.0,0.008634995208739338,4.9496902647661045e-05,2.4490456329573362e-09
clsdoa_v1_pilot_005_ep_000383,mp3d.D7G3Y4RVNrH,MP3D,128.27709561606656,128,128,129,121,-7.2770956160665605,121,-7.2770956160665605,0.6295717736044071,0.02042730374379398,0.005590798050762621,0.0,0.005440031558391683,0.0,4.988765431335196e-05,2.4882065297049394e-09
clsdoa_v1_pilot_005_ep_000384,mp3d.b8cTxDM8gDG,MP3D,231.53825218497704,231,232,232,224,-7.53825218497704,224,-7.53825218497704,0.980973477187473,0.015638034959016285,0.0,0.020865606187454856,0.0,0.018968569310393608,5.7536832173354924e-05,3.3102596219691804e-09
clsdoa_v1_pilot_005_ep_000385,mp3d.r1Q1Z4BcV1o,MP3D,179.54059286756936,179,180,180,172,-7.540592867569359,172,-7.540592867569359,0.09330001778530368,0.01850342138004715,0.0,0.015091033611901108,0.0,0.012458558815168932,4.68153266410809e-05,2.191544945517876e-09
clsdoa_v1_pilot_005_ep_000386,mp3d.zsNo4HB9uLZ,MP3D,212.9323786295036,212,213,213,205,-7.932378629503603,205,-7.932378629503603,6.557959812547711e-06,0.013815767894290064,0.0,0.011175136973607565,0.011139990918296264,0.007399193734341187,5.4989908676361665e-05,3.0245914661719553e-09
clsdoa_v1_pilot_005_ep_000387,mp3d.1LXtFkjw3qL,MP3D,345.57360416603217,345,346,346,444,98.42639583396783,353,7.426395833967831,21.844044053259267,66.09266881494884,38.77210749790025,38.772106633456445,38.77210558998043,38.772106633456445,2.6100847705379238e-08,3.2488343091654755e-16
clsdoa_v1_pilot_005_ep_000388,mp3d.ULsKaCPVFJR,MP3D,139.60878757961697,139,140,140,132,-7.608787579616973,132,-7.608787579616973,5.193302344775284e-06,0.019107449732852305,0.01551507383748111,0.0,0.024068408952979577,0.0,3.414745151530951e-05,1.1661435150855937e-09
clsdoa_v1_pilot_005_ep_000389,replica.office_3,Replica,122.21836786307388,122,122,123,115,-7.21836786307388,115,-7.21836786307388,2.4148365394514667e-06,0.0,0.0,0.0,0.0,0.0,4.6777131501585245e-05,2.187877878867539e-09
clsdoa_v1_pilot_005_ep_000390,replica.room_2,Replica,110.9558956516735,110,111,111,104,-6.955895651673501,104,-6.955895651673501,2.2588727439225506e-06,0.0,0.0,0.016950629145229535,0.012085711048922745,0.015254244571585735,4.242923387209885e-05,1.8001367063646967e-09
clsdoa_v1_pilot_005_ep_000391,replica.room_1,Replica,189.26714480862435,189,189,190,182,-7.2671448086243515,182,-7.2671448086243515,2.831646840510158e-06,0.0,0.0,0.0,0.00758360254657582,0.0,7.501734944526106e-05,5.626702215266732e-09
clsdoa_v1_pilot_005_ep_000392,replica.office_3,Replica,203.661477344514,203,204,204,196,-7.661477344513997,196,-7.661477344513997,0.20951541738278223,0.011434028034844395,0.018360413497223796,0.007101597739724542,0.0,0.0,5.266399966785684e-05,2.772549301255367e-09
clsdoa_v1_pilot_005_ep_000393,replica.room_2,Replica,341.44634824610836,341,341,342,424,82.55365175389164,333,-8.446348246108357,9.984688075952565,0.0,0.0,0.0,0.0,0.019969540543440436,5.578338459599763e-05,4.445161572164125e-09
clsdoa_v1_pilot_005_ep_000394,replica.room_1,Replica,189.26714480862435,189,189,190,182,-7.2671448086243515,182,-7.2671448086243515,2.2588727439225506e-06,0.0,0.0,0.016398195153332174,0.0,0.0,7.500604988308623e-05,5.6279216842369806e-09
clsdoa_v1_pilot_005_ep_000395,mp3d.8WUmhLawc2A,MP3D,114.71223686258544,114,115,115,107,-7.712236862585442,107,-7.712236862585442,6.502146373618258e-06,0.0055074109602449225,0.003080803252232627,0.021371467249250407,0.021371467249250407,0.0,2.7573689294513315e-05,7.599333939900532e-10
clsdoa_v1_pilot_005_ep_000396,mp3d.q9vSo1VnCiC,MP3D,378.8369653435074,378,379,379,371,-7.836965343507416,371,-7.836965343507416,0.955916360514708,0.0,0.010604961056260543,0.0,0.0,0.0,9.098398732021451e-05,8.277782015397861e-09
clsdoa_v1_pilot_005_ep_000397,mp3d.PuKPg4mmafe,MP3D,229.8966753778513,229,230,230,222,-7.896675377851295,222,-7.896675377851295,0.09923675162578133,0.0,0.011074511473488646,0.0,0.016493422210838275,0.0,5.7442026445642114e-05,3.2994837972921687e-09
clsdoa_v1_pilot_005_ep_000398,mp3d.VFuaQ6m2Qom,MP3D,94.21497809884579,94,94,95,87,-7.2149780988457906,87,-7.2149780988457906,9.468807791963592e-06,0.012366149118031425,0.0162438431502948,0.0,0.0,0.0,3.5069198929704726e-05,1.2298366769414315e-09
clsdoa_v1_pilot_005_ep_000399,mp3d.1pXnuDYAj8r,MP3D,74.71273044742472,74,75,75,68,-6.712730447424718,68,-6.712730447424718,1.578904266095767e-05,0.010725507617464615,0.017646814939149724,0.017646814939149724,0.017646814939149724,0.01537953884968326,2.7123303880216554e-05,7.35772109905497e-10
clsdoa_v1_pilot_005_ep_000400,mp3d.gxdoqLR6rwA,MP3D,264.4429782351529,264,264,265,257,-7.442978235152907,257,-7.442978235152907,2.831646840510158e-06,0.0,0.014084520488779438,0.0,0.0,0.0,0.00010916004976024851,1.1914731423701141e-08
clsdoa_v1_pilot_005_ep_000401,replica.apartment_1,Replica,102.19953826047953,102,102,103,95,-7.199538260479528,95,-7.199538260479528,2.561320938754782e-06,0.0,0.010604961056260543,0.0,0.0,0.013687405188743266,3.976878724643029e-05,1.5812923193081474e-09
clsdoa_v1_pilot_005_ep_000402,replica.hotel_0,Replica,109.82993712642518,109,110,110,103,-6.829937126425179,103,-6.829937126425179,4.353408482428142e-06,0.0,0.008723722761616995,0.0,0.008723722761616995,0.017040836226739145,4.239538611727767e-05,1.7970680499246328e-09
clsdoa_v1_pilot_005_ep_000403,replica.frl_apartment_1,Replica,247.21384082525907,247,247,248,240,-7.213840825259069,240,-7.213840825259069,0.21851327566445508,0.0,0.0,0.0058066240374265955,0.0,0.0,0.00010123827814823017,1.0251279825013171e-08
clsdoa_v1_pilot_005_ep_000404,replica.office_0,Replica,265.7303464704339,265,266,266,258,-7.730346470433915,258,-7.730346470433915,102.7080657299432,0.0,0.0,0.0,0.008017720769082413,0.012132258720981854,6.601327186217532e-05,4.358316374464266e-09
clsdoa_v1_pilot_005_ep_000405,replica.frl_apartment_0,Replica,88.52210976031604,88,89,89,81,-7.522109760316042,81,-7.522109760316042,3.4150945850063763e-06,0.0,0.016193360411714274,0.0,0.016193360411714274,0.016193360411714274,2.220433634647634e-05,4.93086294017786e-10
clsdoa_v1_pilot_005_ep_000406,replica.frl_apartment_2,Replica,90.51786899616965,90,91,91,83,-7.517868996169653,83,-7.517868996169653,2.831646840510158e-06,0.018188819184010274,0.01802983248436681,0.0,0.0,0.006247454575590623,2.1199135517235845e-05,4.4936068754886094e-10
clsdoa_v1_pilot_005_ep_000407,replica.frl_apartment_3,Replica,282.9124094499799,282,283,283,275,-7.9124094499799185,275,-7.9124094499799185,2.091309789151873e-06,0.016753526964042368,0.0,0.0,0.0032556424425711945,0.021158216675126067,7.145477138692513e-05,5.1057509331542406e-09
clsdoa_v1_pilot_005_ep_000408,replica.room_0,Replica,155.56153288126754,155,156,156,148,-7.561532881267539,148,-7.561532881267539,1.099670342181542,0.024857179745640452,0.0,0.021066677406798247,0.002644047248081816,0.021087711982048934,4.048183836857788e-05,1.6384734680130464e-09
clsdoa_v1_pilot_005_ep_000409,replica.apartment_2,Replica,157.89396374404123,157,158,158,150,-7.89396374404123,150,-7.89396374404123,7.9440506508105555,22.673231236386933,0.007367243866416595,0.0,0.011692484249603593,11.337160477312793,0.20526988804340363,0.04578721523284912
clsdoa_v1_pilot_005_ep_000410,replica.frl_apartment_4,Replica,101.95971497836297,101,102,102,95,-6.9597149783629675,95,-6.9597149783629675,3.207293359383556,0.01569727397224842,0.009518275164084072,0.009518275164084072,0.018370140718501782,0.0,3.865959297399968e-05,1.4947064697068413e-09
clsdoa_v1_pilot_005_ep_000411,replica.frl_apartment_1,Replica,193.81863356162987,193,194,194,186,-7.818633561629866,186,-7.818633561629866,1.740641139681522,0.01875366286048951,0.0,0.0,0.016037112617937544,0.0,4.9377718823961914e-05,2.4379320784362335e-09
clsdoa_v1_pilot_005_ep_000412,replica.office_2,Replica,340.05548955141177,340,340,341,332,-8.055489551411767,332,-8.055489551411767,1.4265632167576305,0.01584458882339002,0.0,0.0,0.011250901236532879,0.01102497435393137,8.22953661554493e-05,6.775795924340855e-09
clsdoa_v1_pilot_005_ep_000413,replica.office_4,Replica,298.187945509994,298,298,299,290,-8.187945509993995,290,-8.187945509993995,8.537736462515939e-07,0.015659772482501572,0.0,0.0,0.0,0.020968146228102773,7.382455805782229e-05,5.45128076012702e-09
clsdoa_v1_pilot_005_ep_000414,replica.hotel_0,Replica,186.89956470525013,186,187,187,179,-7.899564705250128,179,-7.899564705250128,0.43173446154816464,0.0,0.0,0.0,0.0,0.0,4.687313412432559e-05,2.196103077167777e-09
clsdoa_v1_pilot_005_ep_000415,replica.apartment_1,Replica,282.3697815615536,282,282,283,275,-7.369781561553623,275,-7.369781561553623,10.466879963002352,0.004693161195881471,0.006130688174539142,0.01368740516211552,0.01368740516211552,0.0,0.00011661607277346775,1.3597835746281817e-08
clsdoa_v1_pilot_005_ep_000416,replica.office_0,Replica,265.7303464704339,265,266,266,258,-7.730346470433915,258,-7.730346470433915,102.7080657299432,0.0,0.0,0.0,0.008017720769082413,0.012132258720981854,6.601327186217532e-05,4.358316374464266e-09
clsdoa_v1_pilot_005_ep_000417,replica.room_0,Replica,155.56153288126754,155,156,156,148,-7.561532881267539,148,-7.561532881267539,1.8503147616367877,0.004461354466211856,0.014373780394597203,0.011474412933348846,0.011486295450081582,0.0,4.048703340231441e-05,1.6370667044185438e-09
clsdoa_v1_pilot_005_ep_000418,replica.apartment_2,Replica,157.89396374404123,157,158,158,150,-7.89396374404123,150,-7.89396374404123,9.219912505060037,22.757011490909726,0.007627212140669157,0.007627212140669157,0.011692484249603593,10.70927917771002,0.3646300733089447,0.1456625759601593
clsdoa_v1_pilot_005_ep_000419,replica.frl_apartment_0,Replica,96.77817401298644,96,97,97,90,-6.77817401298644,90,-6.77817401298644,0.8809365468107356,0.009777540347664364,0.013766804074403522,0.013766804074403522,0.013766804074403522,0.011767783944268537,3.706837378558703e-05,1.3740946158691258e-09
clsdoa_v1_pilot_005_ep_000420,replica.frl_apartment_2,Replica,84.67556986803332,84,85,85,77,-7.675569868033321,77,-7.675569868033321,0.0048011985871928295,0.0,0.017227125662732615,0.00849577826933728,0.00849577826933728,0.009769129194274851,1.996928040171042e-05,3.986929397736816e-10
clsdoa_v1_pilot_005_ep_000421,replica.frl_apartment_3,Replica,86.5247287231636,86,87,87,79,-7.524728723163605,79,-7.524728723163605,0.018940713218145704,0.0,0.006130688115089907,0.006130688115089907,0.006130688115089907,0.0,2.0685236449935474e-05,4.2773526387485106e-10
clsdoa_v1_pilot_005_ep_000422,replica.frl_apartment_1,Replica,247.21384082525907,247,247,248,240,-7.213840825259069,240,-7.213840825259069,0.21851327566445508,0.0,0.0,0.0058066240374265955,0.0,0.0,0.00010123827814823017,1.0251279825013171e-08
clsdoa_v1_pilot_005_ep_000423,replica.frl_apartment_4,Replica,334.1669937600987,334,334,335,450,115.8330062399013,326,-8.166993760098705,151.6961746368672,138.7401883232742,80.91727033553448,103.72421012908347,99.55425989909054,119.18448730382927,0.7584497928619385,0.1852646917104721
clsdoa_v1_pilot_005_ep_000424,replica.office_2,Replica,132.84599930406944,132,133,133,125,-7.845999304069437,125,-7.845999304069437,100.29677477814558,0.0,0.023428551354431885,0.016193360434221322,0.01368740516211552,0.0,3.325425859657116e-05,1.1051840553832903e-09
clsdoa_v1_pilot_005_ep_000425,replica.office_4,Replica,406.3516022730667,406,406,407,398,-8.351602273066703,398,-8.351602273066703,1.6408648908607542,0.0,0.008249362930818578,0.01176614525738195,0.014881776077513209,0.015022612707698337,9.742804832058027e-05,9.491964547692078e-09
clsdoa_v1_pilot_005_ep_000426,replica.hotel_0,Replica,186.89956470525013,186,187,187,179,-7.899564705250128,179,-7.899564705250128,0.21106035805613846,0.021749170977652246,0.0,0.006005773909190167,0.010840376038964364,0.0,4.686720058089122e-05,2.1955415263619216e-09
clsdoa_v1_pilot_005_ep_000427,replica.apartment_1,Replica,91.72401339936037,91,92,92,84,-7.7240133993603735,84,-7.7240133993603735,2.4148365394514667e-06,0.0,0.01368740516211552,0.016193360434221322,0.016193360434221322,0.016193360434221322,2.1373218260123394e-05,4.569389588926498e-10
clsdoa_v1_pilot_005_ep_000428,replica.frl_apartment_0,Replica,113.75412608245662,113,114,114,106,-7.754126082456622,106,-7.754126082456622,7.778248095798993e-06,0.018647049486587606,0.0,0.0,0.0,0.005876211356271267,2.858562584151514e-05,8.173408061473708e-10
clsdoa_v1_pilot_005_ep_000429,mp3d.Pm6F8kyY3z2,MP3D,187.3422913903249,187,187,188,180,-7.3422913903249025,180,-7.3422913903249025,3.9234885829391373,0.0,0.02340935721205216,0.0,0.010048201484753048,0.013886665108000944,7.226703019114211e-05,5.223020238531717e-09
clsdoa_v1_pilot_005_ep_000430,mp3d.PX4nDJXEHrG,MP3D,208.8379042372418,208,209,209,201,-7.837904237241787,201,-7.837904237241787,0.830810863385936,0.0059512285149003075,0.0,0.0,0.0,0.0,5.320849231793545e-05,2.831338274944528e-09
clsdoa_v1_pilot_005_ep_000431,mp3d.UwV83HsGsw3,MP3D,96.88807671535648,96,97,97,90,-6.888076715356476,90,-6.888076715356476,1.3115919625095442e-05,0.0130316738594591,0.0,0.0,0.0,0.006391876975764223,3.594293593778275e-05,1.2917797942435527e-09
clsdoa_v1_pilot_005_ep_000432,mp3d.SN83YJsR3w2,MP3D,242.15736140161405,242,242,243,359,116.84263859838595,275,32.842638598385946,46.397118168599086,48.19991787058278,44.37897290906747,44.67545115293453,50.845849428895725,47.46610167951655,3.2527769366907933e-09,4.838553619331778e-17
clsdoa_v1_pilot_005_ep_000433,mp3d.Uxmj2M2itWa,MP3D,290.63534466941854,290,291,291,283,-7.635344669418544,283,-7.635344669418544,1.2074182697257333e-06,0.021055930637349948,0.0,0.0,0.010604961021893162,0.010604961021893162,7.162379188230261e-05,5.1309472226535036e-09
clsdoa_v1_pilot_005_ep_000434,mp3d.gTV8FGcVJC9,MP3D,95.0976562783978,95,95,96,88,-7.097656278397807,88,-7.097656278397807,5.4668187275950014e-06,0.0,0.0,0.006130688115089907,0.0,0.0,3.624010059866123e-05,1.313302355754331e-09
clsdoa_v1_pilot_005_ep_000435,mp3d.jh4fc5c5qoQ,MP3D,92.81594771494892,92,93,93,86,-6.815947714948919,86,-6.815947714948919,2.1697006092915667,15.984641882493582,0.021769898174997394,1.432242126507575,5.19146845293284,5.515814083597494,0.07271210104227066,0.0057692015543580055
clsdoa_v1_pilot_005_ep_000436,mp3d.VLzqgDo317F,MP3D,250.00935585477586,250,250,251,242,-8.009355854775862,242,-8.009355854775862,0.7037073775572886,10.222539300007314,0.0,0.007039653083620399,0.0,0.6222138305434679,0.04300052300095558,0.0018378369277343154
clsdoa_v1_pilot_005_ep_000437,mp3d.VVfe2KiqLaN,MP3D,264.53427036778004,264,265,265,257,-7.534270367780039,257,-7.534270367780039,1.6310506189783656,0.008181438538503227,0.0,0.0,0.0,0.0,6.645863322773948e-05,4.4160679557592175e-09
clsdoa_v1_pilot_005_ep_000438,mp3d.mJXqzFtmKg4,MP3D,108.89063173906212,108,109,109,102,-6.8906317390621155,102,-6.8906317390621155,3.4150945850063763e-06,0.0,0.019978420689329136,0.006130688174539142,0.0,0.0,4.071147122886032e-05,1.6572035965722876e-09
clsdoa_v1_pilot_005_ep_000439,mp3d.pRbA3pwrgk9,MP3D,134.70968904859026,134,135,135,127,-7.709689048590263,127,-7.709689048590263,0.21135891812621646,0.0,0.015378676572805571,0.0,0.013110623893453308,0.01590658534364693,3.267286592745222e-05,1.0674536810029167e-09
clsdoa_v1_pilot_005_ep_000440,mp3d.Vt2qJdWjCF2,MP3D,173.40337126006398,173,173,174,166,-7.403371260063977,166,-7.403371260063977,0.33138919971001224,0.017781922927086843,0.0,0.0,0.0,0.0,6.803918950026855e-05,4.629198802064138e-09
clsdoa_v1_pilot_005_ep_000441,mp3d.Vvot9Ly1tCj,MP3D,358.93061029200953,358,359,359,351,-7.930610292009533,351,-7.930610292009533,0.44302475458548896,0.0033172993515643728,0.007101597739724542,0.007101597739724542,0.020297404918832973,0.007101597739724542,8.757201430853456e-05,7.666724144428372e-09
clsdoa_v1_pilot_005_ep_000442,mp3d.r47D5H71a5s,MP3D,128.35143065680913,128,128,129,224,95.64856934319087,135,6.6485693431908715,64.95681627230466,126.04363460446537,7.643571734361394,8.637933687141931,9.868572400897193,9.721641851420209,2.0152674196083353e-08,2.23961361075329e-16
clsdoa_v1_pilot_005_ep_000443,mp3d.WYY7iVyf5p8,MP3D,178.36199679160086,178,178,179,289,110.63800320839914,236,57.63800320839914,21.89293804166218,18.182140163916397,22.141479407327047,22.14148539264777,22.141485035686035,22.141487192236017,3.97581345623621e-08,8.131054131289438e-16
clsdoa_v1_pilot_005_ep_000444,mp3d.rqfALeAoiTq,MP3D,85.5646320150499,85,86,86,78,-7.564632015049895,78,-7.564632015049895,3.4150945850063763e-06,0.022072357031843053,0.0,0.019978420689329136,0.0,0.006130688174539142,2.0772869902430102e-05,4.31511798515416e-10
clsdoa_v1_pilot_005_ep_000445,mp3d.aayBHfsNo7d,MP3D,357.1522198086338,357,357,358,449,91.84778019136621,349,-8.152219808633788,88.44296335784585,103.94208556584516,113.71022102407025,100.60991263346277,106.28332781825374,93.9016246782375,0.15644654631614685,0.09220779687166214
clsdoa_v1_pilot_005_ep_000446,mp3d.pa4otMbVnkk,MP3D,360.68124118009297,360,361,361,434,73.31875881990703,371,10.318758819907032,33.37227559430076,101.08805290590665,6.644890484859354,5.893485183409195,5.641259805004619,5.15549562447083,4.6405958187278884e-08,3.0564724386297542e-15
clsdoa_v1_pilot_005_ep_000447,mp3d.X7HyMhZNoso,MP3D,270.6547741100523,270,271,271,263,-7.654774110052301,263,-7.654774110052301,0.8280821918706524,0.014143808040165188,0.0,0.014529421920558366,0.0,0.0,6.781410047551617e-05,4.5964760886363365e-09
clsdoa_v1_pilot_005_ep_000448,mp3d.XcA2TqTSSAj,MP3D,239.92839686480528,239,240,240,232,-7.928396864805279,232,-7.928396864805279,12.776985803158619,0.0,0.009562421500050898,0.004272056142612702,0.0,0.0,6.075689452700317e-05,3.6924014956696283e-09
clsdoa_v1_pilot_005_ep_000449,mp3d.17DRP5sb8fy,MP3D,114.87455441500927,114,115,115,108,-6.874554415009271,108,-6.874554415009271,8.45192788808014e-06,0.005917264750467628,0.013209758022733734,0.0,0.013209758022733734,0.0,4.452291250345297e-05,1.9818540142324537e-09
clsdoa_v1_pilot_005_ep_000450,mp3d.e9zR4mvMWw7,MP3D,257.05332488221546,257,257,258,306,48.94667511778454,249,-8.053324882215463,56.013716369375466,104.90108610481177,56.62066675223264,63.312349143102296,54.810338234079815,69.94897146748308,0.5208166241645813,0.0679723396897316
clsdoa_v1_pilot_005_ep_000451,mp3d.Z6MFQCViBuw,MP3D,231.94397033818814,231,232,232,224,-7.943970338188137,224,-7.943970338188137,0.08360539091182977,0.0031265943975944564,0.02264600881882385,0.012276306898731553,0.012276306898731553,0.012260946897831377,5.803969543194398e-05,3.3678251298852047e-09
clsdoa_v1_pilot_005_ep_000452,mp3d.5LpN3gDmAk7,MP3D,72.1860975562403,72,72,73,65,-7.1860975562402984,65,-7.1860975562402984,1.1000103948581645e-05,0.0065375148517974975,0.0,0.0,0.0,0.0,2.690826113393996e-05,7.241822697068301e-10
clsdoa_v1_pilot_005_ep_000453,mp3d.qoiz87JEwZ2,MP3D,345.2029504128918,345,345,346,415,69.79704958710818,363,17.797049587108177,58.72624277760715,72.18667010045733,31.8480820442744,31.848084508264854,31.848078887627693,31.848072939027265,4.5495099243453296e-08,1.9846075127792455e-15
clsdoa_v1_pilot_005_ep_000454,mp3d.s8pcmisQ38h,MP3D,378.8614070193604,378,379,379,429,50.1385929806396,371,-7.861407019360399,62.58057777983892,115.82103253055823,36.713665896277725,35.21034834502705,46.62634642739053,33.47096255963829,2.9104270935058594,0.1905888170003891
clsdoa_v1_pilot_005_ep_000455,mp3d.8194nk5LbLH,MP3D,77.27628570345199,77,77,78,70,-7.27628570345199,70,-7.27628570345199,7.143182815269534e-06,0.02015906260438732,0.0,0.015791693039412698,0.0,0.019978420689329136,2.8696151275653392e-05,8.235271908851871e-10
clsdoa_v1_pilot_005_ep_000456,mp3d.p5wJjkQkbXX,MP3D,110.7191226950161,110,111,111,103,-7.719122695016097,103,-7.719122695016097,2.091309789151873e-06,0.0,0.012990493111542996,0.016237744342175994,0.002496196452085247,0.010056959082401364,2.6243897082167678e-05,6.888666859161674e-10
clsdoa_v1_pilot_005_ep_000457,replica.apartment_0,Replica,225.6591112361061,225,226,226,218,-7.659111236106099,218,-7.659111236106099,0.11808032051105675,0.012491692400398114,0.010604961021893162,0.010604961021893162,0.010604961021893162,0.010604961021893162,5.6613789638504386e-05,3.2046012510278388e-09
clsdoa_v1_pilot_005_ep_000458,replica.office_1,Replica,79.71407576815766,79,80,80,73,-6.714075768157656,73,-6.714075768157656,1.210433051621537e-05,0.020215605157020075,0.0,0.0,0.0,0.009874556734784948,2.797107481455896e-05,7.822907321930472e-10
clsdoa_v1_pilot_005_ep_000459,replica.frl_apartment_5,Replica,263.0007978584579,263,263,264,390,126.99920214154213,255,-8.000797858457872,32.44153256931025,68.14776063920979,81.23028099253632,157.8381580666068,87.43404979919889,41.73696677573968,0.5154799222946167,0.13390308618545532
clsdoa_v1_pilot_005_ep_000460,replica.apartment_0,Replica,102.10177663917902,102,102,103,95,-7.101776639179022,95,-7.101776639179022,0.0340291998052488,0.0,0.006130688174539142,0.0,0.01368740516211552,0.021771935040247027,4.021120912511833e-05,1.6164301008814164e-09
clsdoa_v1_pilot_005_ep_000461,replica.apartment_0,Replica,353.11900171948946,353,353,354,450,96.88099828051054,345,-8.11900171948946,5.8114763983647775,116.94767695135747,54.9506774486322,38.30218938656468,48.84871200264121,42.76920704801169,0.37505853176116943,0.03736395761370659
clsdoa_v1_pilot_005_ep_000462,replica.frl_apartment_5,Replica,260.0454491314758,260,260,261,252,-8.045449131475777,252,-8.045449131475777,0.058219702106391755,0.0,0.0,0.0,0.0,0.013104311429519119,6.494407716672868e-05,4.2171661718271025e-09
clsdoa_v1_pilot_005_ep_000463,mp3d.29hnd4uzFmX,MP3D,268.3826551553608,268,268,269,261,-7.382655155360794,261,-7.382655155360794,1.7075472925031877e-06,0.0,0.017505062592446684,0.0,0.0,0.015086578263808386,0.00011135693057440221,1.2396246695800528e-08
clsdoa_v1_pilot_005_ep_000464,mp3d.V2XKFyX4ASd,MP3D,133.4179704090678,133,133,134,126,-7.417970409067806,126,-7.417970409067806,0.9328703342953756,24.1003927557118,0.0,0.005557566349357276,0.660996812984209,4.4108883171831526,0.04047275334596634,0.0017168415943160653
clsdoa_v1_pilot_005_ep_000465,mp3d.ac26ZMwG7aT,MP3D,108.8771213244524,108,109,109,102,-6.877121324452403,102,-6.877121324452403,3.5317002632335672,0.0,0.0,0.018360413517074372,0.0,0.0,4.151970279053785e-05,1.7234088600659447e-09
clsdoa_v1_pilot_005_ep_000466,mp3d.2t7WUuJeko7,MP3D,140.1076291288712,140,140,141,133,-7.107629128871196,133,-7.107629128871196,0.1869215007214046,0.016922383823112994,0.0035432056867833435,0.0021621601408956916,0.0,0.0,5.4730520787416026e-05,2.9960451897181883e-09
clsdoa_v1_pilot_005_ep_000467,mp3d.cV4RVeZvu5T,MP3D,132.246408745718,132,132,133,125,-7.246408745718014,125,-7.246408745718014,10.695434169485317,0.0,0.01719476981729315,0.0,0.0171581085868635,0.0193121587354164,5.163959940546192e-05,2.6667448249639847e-09
clsdoa_v1_pilot_005_ep_000469,replica.office_3,Replica,229.60005704073416,229,230,230,222,-7.600057040734157,222,-7.600057040734157,0.3665870029201224,0.013870519626494751,0.01368740516211552,0.016193360434221322,0.016193360434221322,0.0,5.762162254541181e-05,3.3206311034206237e-09
clsdoa_v1_pilot_005_ep_000470,replica.room_2,Replica,110.9558956516735,110,111,111,104,-6.955895651673501,104,-6.955895651673501,2.4148365394514667e-06,0.008510460937504469,0.0,0.017068195386166104,0.014584054855002474,0.0,4.2416078940732405e-05,1.7985317679602986e-09
clsdoa_v1_pilot_005_ep_000471,replica.room_1,Replica,189.26714480862435,189,189,190,258,68.73285519137565,182,-7.2671448086243515,31.553064264476543,0.0,0.0,0.013979094895501164,0.0,0.0,9.897384734358639e-05,5.511977541061697e-09
clsdoa_v1_pilot_005_ep_000472,replica.office_3,Replica,306.94328809682054,306,307,307,299,-7.943288096820538,299,-7.943288096820538,0.23207800410044524,0.009475727550170022,0.01620908650684108,0.012943092152169586,0.024794494292507643,0.021275536863834345,7.573938637506217e-05,5.7372755435380896e-09
clsdoa_v1_pilot_005_ep_000473,replica.room_1,Replica,115.31520946300941,115,115,116,108,-7.31520946300941,108,-7.31520946300941,3.1945284701301985e-06,0.023914289238142056,0.0,0.0,0.0,0.0,4.4856984459329396e-05,2.011447453043047e-09
clsdoa_v1_pilot_005_ep_000474,replica.room_2,Replica,92.70012303356559,92,93,93,85,-7.700123033565589,85,-7.700123033565589,1.4787793334710982e-06,0.0,0.015581900013317005,0.0,0.01555140044136761,0.017768509106853406,2.256969855807256e-05,5.095117661113591e-10
clsdoa_v1_pilot_005_ep_000475,mp3d.uNb9QFRL6hY,MP3D,196.61911921070583,196,197,197,189,-7.619119210705833,189,-7.619119210705833,0.6641885932903429,0.0,0.0,0.019315667059181373,0.0,0.003910253474323821,5.0515700422693044e-05,2.551949540574583e-09
clsdoa_v1_pilot_005_ep_000476,mp3d.GdvgFV5R1Z5,MP3D,71.68180396039389,71,72,72,64,-7.681803960393893,64,-7.681803960393893,23.762768364720948,45.73502745135967,0.0,0.0202974049367892,0.007101597739724542,0.28168996580634753,0.006916350685060024,4.7872021241346374e-05
clsdoa_v1_pilot_005_ep_000477,mp3d.ur6pFq6Qu1A,MP3D,239.21047621228618,239,239,240,232,-7.210476212286181,232,-7.210476212286181,0.8269678666858047,0.007690176351122129,0.009801006766982017,0.010021682064199724,0.01765926532564129,0.004289149259837334,9.594942821422592e-05,9.206154949481515e-09
clsdoa_v1_pilot_005_ep_000479,mp3d.HxpKQynjfin,MP3D,117.11630741111652,117,117,118,110,-7.116307411116523,110,-7.116307411116523,0.0,0.0,0.013687405135487777,0.010604961021893162,0.010604961021893162,0.013687405135487777,4.416894807945937e-05,1.9501269488131356e-09
clsdoa_v1_pilot_005_ep_000480,mp3d.oLBMNvg9in8,MP3D,366.31421603243314,366,366,367,358,-8.314216032433137,358,-8.314216032433137,4.253272251844326,28.658691179709216,0.010604961056260543,0.016193360434221322,0.17983053681539546,1.1742772152846284,0.012419712729752064,0.00014537584502249956
clsdoa_v1_pilot_005_ep_000481,replica.office_0,Replica,265.7303464704339,265,266,266,258,-7.730346470433915,258,-7.730346470433915,109.77544293289341,0.02469036563239849,0.01441039421452256,0.023909426671783834,0.0,0.008017720769082413,6.600374035770074e-05,4.353953642066699e-09
clsdoa_v1_pilot_005_ep_000482,replica.frl_apartment_2,Replica,90.51786899616965,90,91,91,83,-7.517868996169653,83,-7.517868996169653,2.9575586669421963e-06,0.0,0.01803751669705776,0.0,0.0,0.018106527802171334,2.1200703486101702e-05,4.494243588393232e-10
clsdoa_v1_pilot_005_ep_000483,replica.room_0,Replica,136.91846766285815,136,137,137,130,-6.9184676628581485,130,-6.9184676628581485,7.3444386094852035e-06,0.014965683729909059,0.0,0.0,0.0,0.0,5.404563125921413e-05,2.9206399521086723e-09
clsdoa_v1_pilot_005_ep_000484,replica.frl_apartment_3,Replica,93.77223525848332,93,94,94,87,-6.77223525848332,87,-6.77223525848332,4.182619578303747e-06,0.017417249001710287,0.011194308879432473,0.0,0.014148936819882076,0.014148936819882076,3.5430784919299185e-05,1.2558878381696559e-09
clsdoa_v1_pilot_005_ep_000485,replica.apartment_2,Replica,157.89396374404123,157,158,158,150,-7.89396374404123,150,-7.89396374404123,7.362491743669274,21.42395969255128,0.0,0.0,0.0,8.75811197468561,0.34094151854515076,0.12706395983695984
clsdoa_v1_pilot_005_ep_000486,replica.frl_apartment_4,Replica,110.65649625037013,110,111,111,103,-7.656496250370125,103,-7.656496250370125,0.0,0.013851794671526448,0.0,0.010604961021893162,0.010604961021893162,0.010604961021893162,2.737995055213105e-05,7.499568743796203e-10
clsdoa_v1_pilot_005_ep_000487,replica.office_2,Replica,400.9992492084164,400,401,401,393,-7.9992492084164155,393,-7.9992492084164155,16.950632613794994,0.0,0.0,0.0,0.0,0.004034664165350072,9.616434545023367e-05,9.242752341265259e-09
clsdoa_v1_pilot_005_ep_000488,replica.frl_apartment_1,Replica,247.21384082525907,247,247,248,240,-7.213840825259069,240,-7.213840825259069,0.21851327566445508,0.0,0.0,0.0058066240374265955,0.0,0.0,0.00010123827814823017,1.0251279825013171e-08
clsdoa_v1_pilot_005_ep_000489,replica.office_4,Replica,76.02302817293635,76,76,77,69,-7.02302817293635,69,-7.02302817293635,2.831646840510158e-06,0.0,0.018360413517074372,0.0,0.0,0.0,2.783999480016064e-05,7.746681074394246e-10
clsdoa_v1_pilot_005_ep_000490,replica.hotel_0,Replica,186.89956470525013,186,187,187,179,-7.899564705250128,179,-7.899564705250128,2.4600204006086295,0.007704951786532296,0.0,0.0,0.0,0.0,4.685320527642034e-05,2.1954520423861368e-09
clsdoa_v1_pilot_005_ep_000491,replica.apartment_1,Replica,91.72401339936037,91,92,92,84,-7.7240133993603735,84,-7.7240133993603735,3.91248236030638e-06,0.0359402054118275,0.006130688115089907,0.010604961021893162,0.006130688115089907,0.010604961021893162,2.137049705197569e-05,4.5663270387130694e-10
clsdoa_v1_pilot_005_ep_000492,replica.frl_apartment_0,Replica,98.05832084884847,98,98,99,91,-7.058320848848467,91,-7.058320848848467,8.537736462515939e-07,0.0,0.006352141283729299,0.010602590507514427,0.013582347111019065,0.0,3.696187923196703e-05,1.3660342856880447e-09
clsdoa_v1_pilot_005_ep_000493,replica.office_0,Replica,265.7303464704339,265,266,266,258,-7.730346470433915,258,-7.730346470433915,104.68692918106062,0.021821919328362596,0.0,0.0,0.018608460797142096,0.0,6.600055348826572e-05,4.354605120937549e-09
clsdoa_v1_pilot_005_ep_000494,replica.room_0,Replica,155.56153288126754,155,156,156,148,-7.561532881267539,148,-7.561532881267539,1.0911792964840723,0.0,0.0,0.021111956556174576,0.003182536062333132,0.021131332215212795,4.048944902024232e-05,1.6389842816266764e-09
clsdoa_v1_pilot_005_ep_000495,replica.frl_apartment_3,Replica,295.38214032042396,295,295,296,288,-7.382140320423957,288,-7.382140320423957,0.13120105803680748,0.0,0.0,0.008966994520441484,0.002561978687107676,0.0,0.00012387703463900834,1.534441729234004e-08
clsdoa_v1_pilot_005_ep_000496,replica.frl_apartment_4,Replica,398.42857415399493,398,398,399,390,-8.42857415399493,390,-8.42857415399493,0.17263177478535768,0.007668548842628842,0.0,0.0,0.01368740516211552,0.010604961021893162,9.489262447459623e-05,9.004268441969998e-09
clsdoa_v1_pilot_005_ep_000497,replica.apartment_2,Replica,157.89396374404123,157,158,158,150,-7.89396374404123,150,-7.89396374404123,9.219912505060037,22.757011490909726,0.007627212140669157,0.007627212140669157,0.011692484249603593,10.70927917771002,0.3646300733089447,0.1456625759601593
clsdoa_v1_pilot_005_ep_000498,replica.frl_apartment_1,Replica,247.21384082525907,247,247,248,240,-7.213840825259069,240,-7.213840825259069,8.321556147031972e-06,0.011124774318885268,0.0,0.0,0.0,0.016948511884816705,0.00010124026448465884,1.0249642912185664e-08
clsdoa_v1_pilot_005_ep_000499,replica.office_2,Replica,338.25102537866326,338,338,339,330,-8.251025378663257,330,-8.251025378663257,0.08591069062151782,0.0,0.0,0.0,0.0,0.0,8.367728878511116e-05,7.004058666382207e-09
clsdoa_v1_pilot_005_ep_000500,replica.office_4,Replica,330.28459848878464,330,330,331,322,-8.284598488784638,322,-8.284598488784638,0.31817048747423554,0.010973021669582092,0.023428551354431885,0.010604961056260543,0.01368740516211552,0.006130688174539142,8.053994679357857e-05,6.483107384269715e-09
clsdoa_v1_pilot_005_ep_000501,replica.frl_apartment_2,Replica,84.67556986803332,84,85,85,77,-7.675569868033321,77,-7.675569868033321,0.16278079315951013,0.010289943381276619,0.0,0.010169397440247474,0.011254966954517777,0.011254966954517777,1.996996797970496e-05,3.985731189537489e-10
clsdoa_v1_pilot_005_ep_000502,replica.hotel_0,Replica,186.89956470525013,186,187,187,179,-7.899564705250128,179,-7.899564705250128,0.21106035805613846,0.021749170977652246,0.0,0.006005773909190167,0.010840376038964364,0.0,4.686720058089122e-05,2.1955415263619216e-09
clsdoa_v1_pilot_005_ep_000503,replica.office_0,Replica,265.7303464704339,265,266,266,258,-7.730346470433915,258,-7.730346470433915,109.77544293289341,0.02469036563239849,0.01441039421452256,0.023909426671783834,0.0,0.008017720769082413,6.600374035770074e-05,4.353953642066699e-09
clsdoa_v1_pilot_005_ep_000504,replica.apartment_1,Replica,97.6760750878806,97,98,98,202,104.3239249121194,90,-7.676075087880605,92.35020841888782,63.516928870189695,130.80190067086684,94.8848832756344,104.67558583275098,80.42560518263028,0.16377463936805725,0.021861759945750237
clsdoa_v1_pilot_005_ep_000505,replica.frl_apartment_0,Replica,113.9525409409499,113,114,114,107,-6.952540940949902,107,-6.952540940949902,8.45192788808014e-06,0.015202242140761288,0.011262583186026177,0.0,0.0,0.0,4.318305946071632e-05,1.8647283717143637e-09
clsdoa_v1_pilot_005_ep_000506,replica.frl_apartment_3,Replica,409.896055249799,409,410,410,402,-7.896055249799019,402,-7.896055249799019,3.078324659199975e-06,0.0,0.0,0.011597682725645923,0.008027917697779736,0.02006791440615508,9.94545771391131e-05,9.891730989863845e-09
clsdoa_v1_pilot_005_ep_000507,replica.room_0,Replica,136.91846766285815,136,137,137,130,-6.9184676628581485,130,-6.9184676628581485,0.09224481233893311,4.5797525621323665,0.0,0.09578389221249854,0.5400073696999984,0.8654820341977597,0.030670667067170143,0.0009406954050064087
clsdoa_v1_pilot_005_ep_000508,replica.apartment_2,Replica,224.48638936584544,224,224,225,217,-7.48638936584544,217,-7.48638936584544,0.3143389705740539,0.01739912103132555,0.0,0.020074762817267174,0.0,0.011342185000136453,9.117221634369344e-05,8.31157809244587e-09
clsdoa_v1_pilot_005_ep_000509,mp3d.EDJbREhghzL,MP3D,112.7570680708947,112,113,113,105,-7.757068070894704,105,-7.757068070894704,1.9090959104164224e-06,0.025870756658474343,0.0,0.017833863003317667,0.0,0.0,2.8116177418269217e-05,7.907052235189838e-10
clsdoa_v1_pilot_005_ep_000510,mp3d.wc2JMjhGNzB,MP3D,402.42689081256185,402,402,403,496,93.57310918743815,394,-8.426890812561851,77.65124463472624,22.690556515424184,115.40863651499602,140.17019434834333,118.66649078203696,97.40177465539877,0.3675556182861328,0.010150313377380371
clsdoa_v1_pilot_005_ep_000511,mp3d.gYvKGZ5eRqb,MP3D,148.30586485399047,148,148,149,141,-7.305864853990471,141,-7.305864853990471,1.2133837779893846,0.0,0.020284414408416114,0.018349907672514997,0.0,0.0071125776488220535,5.706102820113301e-05,3.2564813068347576e-09
clsdoa_v1_pilot_005_ep_000512,mp3d.gZ6f7yhEvPG,MP3D,164.90201377111578,164,165,165,157,-7.902013771115776,157,-7.902013771115776,9.88314448090898e-06,0.0,0.0,0.0,0.0,0.0,4.1871637222357094e-05,1.7535692897752142e-09
clsdoa_v1_pilot_005_ep_000513,mp3d.yqstnuAEVhm,MP3D,333.54533490343056,333,334,334,326,-7.5453349034305575,326,-7.5453349034305575,2.0719210370281016,0.007903086355001105,0.0,0.0,0.007101597688403032,0.011194308846874435,8.221477037295699e-05,6.757141957081103e-09
clsdoa_v1_pilot_005_ep_000514,mp3d.EU6Fwq7SyZv,MP3D,125.54544212978944,125,126,126,118,-7.545442129789436,118,-7.545442129789436,9.234973977599935e-06,0.01863929836403863,0.0,0.00998087397335452,0.00998087397335452,0.0,3.0647701350972056e-05,9.394518496463888e-10
clsdoa_v1_pilot_005_ep_000515,mp3d.i5noydFURQK,MP3D,208.40737803243465,208,208,209,295,86.59262196756535,201,-7.40737803243465,67.89266508915887,101.5309534951941,103.3428091015987,64.01226037354812,59.10125852325968,35.32615080663444,0.576751708984375,0.11124510318040848
clsdoa_v1_pilot_005_ep_000516,mp3d.jtcxE69GiFV,MP3D,186.27220029735037,186,186,187,179,-7.272200297350366,179,-7.272200297350366,0.4585136606973477,0.0,0.010060521899398371,0.0,0.010111432272919774,0.0,7.402427581837401e-05,5.480144782410434e-09
clsdoa_v1_pilot_005_ep_000517,mp3d.pLe4wQe7qrG,MP3D,234.78725798288903,234,235,235,227,-7.787257982889031,227,-7.787257982889031,0.9439920715163429,27.00315412042414,0.0,0.008227988460910746,0.011933112697019075,2.2754211543108593,0.07031354308128357,0.00494759064167738
clsdoa_v1_pilot_005_ep_000518,mp3d.x8F5xyUWy9e,MP3D,112.16732089063285,112,112,113,105,-7.167320890632851,105,-7.167320890632851,3.306651113363206e-06,0.0,0.0,0.0,0.017232876886053808,0.007345129703598289,4.204922151984647e-05,1.7680714670120778e-09
clsdoa_v1_pilot_005_ep_000519,mp3d.rPc6DW4iMge,MP3D,236.92834875404932,236,237,237,229,-7.928348754049324,229,-7.928348754049324,0.40102049718978156,0.0,0.0,0.0,0.00644649428707553,0.0,5.9841066104127094e-05,3.581597241009149e-09
clsdoa_v1_pilot_005_ep_000520,mp3d.2azQ1b91cZZ,MP3D,317.6732908569858,317,318,318,310,-7.673290856985773,310,-7.673290856985773,2.4318574650833478,0.004537512397657533,0.0,0.0,0.0,0.01368740516211552,7.752052624709904e-05,6.00762906088903e-09
clsdoa_v1_pilot_005_ep_000521,mp3d.JmbYfDe2QKZ,MP3D,74.38478999489965,74,74,75,67,-7.3847899948996485,67,-7.3847899948996485,1.9090959104164224e-06,0.0,0.013687405188743266,0.0,0.0,0.013687405188743266,2.682082777027972e-05,7.191940376571893e-10
clsdoa_v1_pilot_005_ep_000522,mp3d.2n8kARJN3HM,MP3D,102.32424891599845,102,102,103,95,-7.324248915998453,95,-7.324248915998453,1.7598041966476032,0.026604836465424147,0.009315024788450327,0.009024396900677212,0.0,0.0,3.948907396988943e-05,1.5590742030724414e-09
clsdoa_v1_pilot_005_ep_000523,mp3d.RPmz2sHmrrY,MP3D,99.04105013801878,99,99,100,92,-7.041050138018775,92,-7.041050138018775,2.2588727439225506e-06,0.01499786908237818,0.006130688174539142,0.0,0.006130688174539142,0.010604961056260543,3.760271647479385e-05,1.4133616499378832e-09
clsdoa_v1_pilot_005_ep_000524,mp3d.S9hNv5qa7GM,MP3D,137.98282938744882,137,138,138,131,-6.982829387448817,131,-6.982829387448817,1.5224965077553749e-05,0.0,0.0,0.0,0.0,0.0,5.4583928431384265e-05,2.977798452263869e-09
clsdoa_v1_pilot_005_ep_000525,mp3d.759xd9YjKW5,MP3D,385.0892452576279,385,385,386,509,123.91075474237209,507,121.91075474237209,5.745397325072944,136.56484229963797,7.938939267251351,6.206417307865312,7.340001535011246,6.1975297881912566,5.521146917430997e-08,2.007539235760261e-15
clsdoa_v1_pilot_005_ep_000526,mp3d.D7N2EKCX4Sj,MP3D,98.96539283113808,98,99,99,92,-6.965392831138075,92,-6.965392831138075,11.000324040066419,0.014420488200445395,0.0,0.011965909915918652,0.011965909915918652,0.0,3.750849646166898e-05,1.4061691810951515e-09
clsdoa_v1_pilot_005_ep_000527,mp3d.ARNzJeq3xxb,MP3D,309.73628834926046,309,310,310,302,-7.736288349260462,302,-7.736288349260462,0.2143931863679396,13.265542711753262,0.0,0.0,0.0,1.181425343398512,0.04086581990122795,0.0016700968844816089
clsdoa_v1_pilot_005_ep_000528,mp3d.B6ByNegPMKs,MP3D,312.9226376928796,312,313,313,368,55.07736230712038,305,-7.9226376928796185,84.5440480600342,49.061870556212284,41.0222384098276,51.20713869152421,59.05236116164533,30.807713825280985,0.15364424884319305,0.030467594042420387
clsdoa_v1_pilot_005_ep_000529,mp3d.sKLMLpTHeUy,MP3D,246.82781813599252,246,247,247,375,128.17218186400748,310,63.172181864007484,45.199920449771014,119.57341890666146,36.94329917701504,37.06085527782891,36.9318066597977,36.90376479814797,3.5957771871153454e-08,2.555931447460508e-15
clsdoa_v1_pilot_005_ep_000530,mp3d.sT4fr6TAbpF,MP3D,202.8337687932916,202,203,203,320,117.1662312067084,238,35.1662312067084,22.46691735949424,10.251717360843188,51.05803011674313,43.04186774652861,42.63837352346018,42.25923323748694,1.0717814191707475e-08,2.1344823959691482e-16
clsdoa_v1_pilot_005_ep_000531,mp3d.vyrNrziPKCB,MP3D,153.94583511085935,153,154,154,147,-6.945835110859349,147,-6.945835110859349,9.84619801707684e-06,0.0,0.0,0.01764198876272322,0.01764198876272322,0.019557155366381484,5.928944665356539e-05,3.515246094210056e-09
clsdoa_v1_pilot_005_ep_000532,mp3d.82sE5b5pLXE,MP3D,268.9515039861374,268,269,269,338,69.04849601386258,301,32.048496013862575,37.48002397971069,129.9238348033784,38.838225029854854,38.838222367906695,38.83820817812544,38.838201489168945,4.77596380221712e-08,1.9176421467605046e-15
clsdoa_v1_pilot_005_ep_000533,mp3d.JF19kD82Mey,MP3D,138.06207010761696,138,138,139,131,-7.062070107616961,131,-7.062070107616961,4.26886823125797e-06,0.012456110908036604,0.020537571080112203,0.0,0.006888297158600971,0.017440378424209483,5.396189953899011e-05,2.9114171073985062e-09
clsdoa_v1_pilot_005_ep_000534,mp3d.TbHJrupSAjP,MP3D,135.5688515942384,135,136,136,196,60.431148405761604,186,50.431148405761604,46.45844475882257,111.36307631756652,51.58255999942359,49.51004433791759,46.353212226331834,46.903372007934266,1.4233460632340211e-08,1.8913791755468357e-16
clsdoa_v1_pilot_005_ep_000535,mp3d.JeFG25nYj2p,MP3D,231.45701026896276,231,231,232,317,85.54298973103724,285,53.54298973103724,60.121139580657925,97.5880214464269,59.27142892233558,59.228107962727464,58.94147899226015,59.04522620816922,3.078319110727534e-08,9.02514664090641e-16
clsdoa_v1_pilot_005_ep_000536,mp3d.YVUC4YcDtcY,MP3D,110.24499731156655,110,110,111,103,-7.24499731156655,103,-7.24499731156655,2.0329854695303062e-05,0.016311501819285767,0.0024421656035354174,0.002320545305322727,0.002267946161163985,0.008983144791346376,4.236115637468174e-05,1.794879911365399e-09
clsdoa_v1_pilot_005_ep_000537,replica.apartment_0,Replica,352.8971943938293,352,353,353,345,-7.897194393829295,345,-7.897194393829295,0.32032605040537576,0.009749089199391783,0.0,0.0,0.01321478666053732,0.009719064530209256,8.582025475334376e-05,7.363476939303837e-09
clsdoa_v1_pilot_005_ep_000538,replica.office_1,Replica,174.85835173406116,174,175,175,205,30.14164826593884,167,-7.858351734061159,22.06347645422374,0.033375818153353616,0.0,0.0,0.005408605309530457,0.0,4.4403310312191024e-05,1.6591537033150416e-09
clsdoa_v1_pilot_005_ep_000539,replica.office_1,Replica,84.54391020436437,84,85,85,77,-7.543910204364366,77,-7.543910204364366,0.3883514432361399,0.017324644696028152,0.010196289358754964,0.0071298342292723145,0.0,0.0,2.084193329210393e-05,4.3447093145410065e-10
clsdoa_v1_pilot_005_ep_000540,replica.office_1,Replica,95.11304799406065,95,95,96,88,-7.113047994060651,88,-7.113047994060651,1.0173887179578492e-05,0.015940324181748414,0.0,0.013089754249098523,0.0,0.0,3.6369900044519454e-05,1.3229056738950362e-09
clsdoa_v1_pilot_005_ep_000541,replica.frl_apartment_5,Replica,260.0454491314758,260,260,261,252,-8.045449131475777,252,-8.045449131475777,2.699869328381916e-06,0.012643979684280833,0.0,0.0,0.0,0.010019465539974267,6.496185960713774e-05,4.219633975566239e-09
clsdoa_v1_pilot_005_ep_000542,replica.apartment_0,Replica,136.10284261068784,136,136,137,229,92.89715738931216,129,-7.102842610687844,24.525983880699023,27.09636614024945,150.07325611896923,155.0312993282406,157.87797130783542,98.93650115494182,0.4835052192211151,0.7088767290115356
clsdoa_v1_pilot_005_ep_000543,mp3d.YFuZgdQ5vWj,MP3D,278.13965666844985,278,278,279,327,48.860343331550155,270,-8.139656668449845,109.38202052616067,171.66311481880436,66.05222186705608,127.06551304388213,128.32051377504942,143.2959174220594,1.3855117559432983,0.3213522136211395
clsdoa_v1_pilot_005_ep_000544,mp3d.5ZKStnWn8Zo,MP3D,77.49722097676437,77,77,78,70,-7.497220976764368,70,-7.497220976764368,8.537736462515939e-07,0.0,0.010604961056260543,0.0,0.006130688174539142,0.0,2.890746691264212e-05,8.355084402111856e-10
clsdoa_v1_pilot_005_ep_000545,mp3d.b8cTxDM8gDG,MP3D,231.53825218497704,231,232,232,224,-7.53825218497704,224,-7.53825218497704,0.5747051349434782,0.015496417807986065,0.0,0.016873766714387277,0.0,0.0,5.754239464295097e-05,3.3113398689721407e-09
clsdoa_v1_pilot_005_ep_000546,mp3d.D7G3Y4RVNrH,MP3D,328.19367651622997,328,328,329,320,-8.19367651622997,320,-8.19367651622997,5.8651791076961155,0.02002703176244544,0.010604961021893162,0.006130688174539142,0.010604961021893162,0.01368740516211552,7.928688864922151e-05,6.286400733301889e-09
clsdoa_v1_pilot_005_ep_000547,mp3d.ULsKaCPVFJR,MP3D,139.31616615426043,139,139,140,132,-7.316166154260429,132,-7.316166154260429,0.2820271320563925,0.0,0.0,0.015791693039412698,0.0,0.015791693039412698,5.459949534269981e-05,2.9809390511559286e-09
clsdoa_v1_pilot_005_ep_000548,mp3d.r1Q1Z4BcV1o,MP3D,179.54059286756936,179,180,180,172,-7.540592867569359,172,-7.540592867569359,0.6125103013273135,0.021118881731840015,0.0,0.0,0.012786661146849915,0.012919424458919571,4.681270002038218e-05,2.1911501502103192e-09
clsdoa_v1_pilot_005_ep_000549,replica.office_3,Replica,233.059896584872,233,233,234,225,-8.059896584872007,225,-8.059896584872007,4.710832888430474,24.55495233290956,0.0,0.5666704441609066,3.0771901935435206,5.018306158329644,0.058079589158296585,0.0034575031604617834
clsdoa_v1_pilot_005_ep_000550,replica.room_1,Replica,189.26714480862435,189,189,190,258,68.73285519137565,182,-7.2671448086243515,31.553064264476543,0.0,0.0,0.013979094895501164,0.0,0.0,9.897384734358639e-05,5.511977541061697e-09
clsdoa_v1_pilot_005_ep_000551,replica.room_2,Replica,92.70012303356559,92,93,93,85,-7.700123033565589,85,-7.700123033565589,1.4787793334710982e-06,0.0,0.0,0.0,0.012663955881254189,0.012626409899809829,2.2566686311620288e-05,5.094107358161182e-10
clsdoa_v1_pilot_005_ep_000552,replica.office_3,Replica,368.1019353115175,368,368,369,360,-8.10193531151748,360,-8.10193531151748,0.3381766053267203,0.014935605960845285,0.0,0.0045090512734338156,0.0,0.0033215976754544887,8.914447244023904e-05,7.945728519587192e-09
clsdoa_v1_pilot_005_ep_000553,replica.room_2,Replica,92.70012303356559,92,93,93,85,-7.700123033565589,85,-7.700123033565589,1.7075472925031877e-06,0.0,0.01555140044136761,0.0,0.015428799298620965,0.015305216077477894,2.256832885905169e-05,5.094809019112745e-10
clsdoa_v1_pilot_005_ep_000554,replica.room_1,Replica,189.26714480862435,189,189,190,182,-7.2671448086243515,182,-7.2671448086243515,2.2588727439225506e-06,0.005754924263767869,0.0,0.0,0.0,0.0,7.501951768063009e-05,5.626634269617625e-09
clsdoa_v1_pilot_005_ep_000555,mp3d.q9vSo1VnCiC,MP3D,364.94638752770334,364,365,365,357,-7.946387527703337,357,-7.946387527703337,0.1933477015004711,0.01424862371248487,0.006130688174539142,0.006130688174539142,0.0,0.0,8.756168244872242e-05,7.666201895517588e-09
clsdoa_v1_pilot_005_ep_000556,mp3d.1pXnuDYAj8r,MP3D,118.59610519645523,118,119,119,111,-7.596105196455227,111,-7.596105196455227,1.801122448727122,0.0,0.0,0.007101597688403032,0.020297404918832973,0.01368740516211552,2.890898031182587e-05,8.35682079092237e-10
clsdoa_v1_pilot_005_ep_000557,mp3d.7y3sRwLe3Va,MP3D,246.1990859782057,246,246,247,239,-7.199085978205687,239,-7.199085978205687,3.0797754161894457,0.006276838753588047,0.0,0.006983550554522117,0.006735894733413932,0.010957704919744085,0.0001004503428703174,1.0090863256095872e-08
clsdoa_v1_pilot_005_ep_000558,mp3d.PuKPg4mmafe,MP3D,157.40815451380126,157,157,158,150,-7.408154513801264,150,-7.408154513801264,6.273929367455621e-06,0.0,0.0,0.018801716537228376,0.0,0.018801716537228376,6.035235492163338e-05,3.641988932656659e-09
clsdoa_v1_pilot_005_ep_000559,mp3d.8WUmhLawc2A,MP3D,114.71223686258544,114,115,115,107,-7.712236862585442,107,-7.712236862585442,6.445849674396954e-06,0.004831285393773847,0.003080803252232627,0.021371467249250407,0.021371467249250407,0.0,2.757614856818691e-05,7.601518858812994e-10
clsdoa_v1_pilot_005_ep_000560,mp3d.GdvgFV5R1Z5,MP3D,113.97376541681854,113,114,114,107,-6.973765416818537,107,-6.973765416818537,2.561320938754782e-06,0.0,0.0,0.011555378168478318,0.0076630210994295235,0.0,4.34050707553979e-05,1.8838413051724956e-09
clsdoa_v1_pilot_005_ep_000561,replica.frl_apartment_1,Replica,193.81863356162987,193,194,194,186,-7.818633561629866,186,-7.818633561629866,0.5484356870418226,0.008184371927785527,0.013043351814844195,0.0,0.01352610127142396,0.013043351814844195,4.966286360286176e-05,2.4665791631406364e-09
clsdoa_v1_pilot_005_ep_000562,replica.frl_apartment_4,Replica,299.74519026448667,299,300,300,292,-7.745190264486666,292,-7.745190264486666,0.29213246332348164,0.017782235985760824,0.0,0.018360413536924945,0.0,0.0,7.445488154189661e-05,5.542893255494619e-09
clsdoa_v1_pilot_005_ep_000563,replica.hotel_0,Replica,186.89956470525013,186,187,187,179,-7.899564705250128,179,-7.899564705250128,0.43173446154816464,0.0,0.0,0.0,0.0,0.0,4.687313412432559e-05,2.196103077167777e-09
clsdoa_v1_pilot_005_ep_000564,replica.frl_apartment_2,Replica,90.51786899616965,90,91,91,83,-7.517868996169653,83,-7.517868996169653,8.537736462515939e-07,0.0,0.0,0.0,0.0,0.01573911962398595,2.1198617105255835e-05,4.4938006094064065e-10
clsdoa_v1_pilot_005_ep_000565,replica.office_2,Replica,97.49138288933696,97,97,98,90,-7.491382889336961,90,-7.491382889336961,3.1945284701301985e-06,0.0,0.0,0.0,0.006130688174539142,0.0,3.6483419535215944e-05,1.3312463353898352e-09
clsdoa_v1_pilot_005_ep_000566,replica.office_4,Replica,74.0858447231723,74,74,75,67,-7.0858447231723005,67,-7.0858447231723005,8.144481502960801e-06,0.008864540020029132,0.018007149431229472,0.0,0.0,0.019978420671086218,2.753297121671494e-05,7.577301008865334e-10
clsdoa_v1_pilot_005_ep_000567,replica.office_0,Replica,265.7303464704339,265,266,266,258,-7.730346470433915,258,-7.730346470433915,104.68692918106062,0.021821919328362596,0.0,0.0,0.018608460797142096,0.0,6.600055348826572e-05,4.354605120937549e-09
clsdoa_v1_pilot_005_ep_000568,replica.room_0,Replica,136.91846766285815,136,137,137,130,-6.9184676628581485,130,-6.9184676628581485,0.12286547525096683,9.431279901829633,0.0,0.0,0.0,1.3174201554000973,0.054341722279787064,0.0029529824387282133
clsdoa_v1_pilot_005_ep_000569,replica.apartment_1,Replica,192.08164505069965,192,192,193,185,-7.081645050699649,185,-7.081645050699649,0.015079687348413721,0.0,0.0,0.0,0.0,0.013563947951372614,7.427069067489356e-05,5.514926293415101e-09
clsdoa_v1_pilot_005_ep_000570,replica.frl_apartment_0,Replica,320.8312474024615,320,321,321,386,65.16875259753851,313,-7.831247402461486,125.64547871064647,118.05210901299486,120.87535084874801,102.31452621800943,114.25038686806428,129.93796548400553,0.7838925719261169,0.08053744584321976
clsdoa_v1_pilot_005_ep_000571,replica.apartment_2,Replica,157.89396374404123,157,158,158,150,-7.89396374404123,150,-7.89396374404123,7.362491743669274,21.42395969255128,0.0,0.0,0.0,8.75811197468561,0.34094151854515076,0.12706395983695984
clsdoa_v1_pilot_005_ep_000572,replica.frl_apartment_3,Replica,394.0332964401557,394,394,395,386,-8.03329644015571,386,-8.03329644015571,0.08435567929986379,0.012193163083679409,0.0,0.018007149431229472,0.0,0.018007149431229472,9.422634320799261e-05,8.878807911116837e-09
clsdoa_v1_pilot_005_ep_000573,replica.frl_apartment_1,Replica,247.21384082525907,247,247,248,240,-7.213840825259069,240,-7.213840825259069,8.537736462515939e-07,0.0,0.009779944633313935,0.0044145345358422875,0.0040844833741347526,0.004252712095272677,0.00010123227548319846,1.0247199533353069e-08
clsdoa_v1_pilot_005_ep_000574,replica.frl_apartment_2,Replica,90.51786899616965,90,91,91,83,-7.517868996169653,83,-7.517868996169653,2.831646840510158e-06,0.0,0.01803751667685183,0.0,0.0,0.01802214497508813,2.1201460185693577e-05,4.495010752503248e-10
clsdoa_v1_pilot_005_ep_000575,replica.frl_apartment_4,Replica,264.95283682844644,264,265,265,257,-7.952836828446436,257,-7.952836828446436,2.699869328381916e-06,0.0,0.017115460105211203,0.017488782964282242,0.0,0.014789008438824969,6.57419441267848e-05,4.321947244534385e-09
clsdoa_v1_pilot_005_ep_000576,replica.office_2,Replica,123.191310254681,123,123,124,116,-7.1913102546809995,116,-7.1913102546809995,0.0,0.014454914572054684,0.0,0.01368740516211552,0.0,0.0,4.8667632654542103e-05,2.3679793681452566e-09
clsdoa_v1_pilot_005_ep_000577,replica.office_4,Replica,74.0858447231723,74,74,75,67,-7.0858447231723005,67,-7.0858447231723005,0.0,0.0,0.016193360411714274,0.0,0.016193360411714274,0.0,2.7538349968381226e-05,7.583609296091254e-10
clsdoa_v1_pilot_005_ep_000578,replica.apartment_1,Replica,394.071033960264,394,394,395,516,121.928966039736,386,-8.071033960264003,122.54109870389341,152.70053009377872,144.68938897920106,118.87000466580864,126.73708266849562,122.58599812856927,0.4638437032699585,0.13444916903972626
clsdoa_v1_pilot_005_ep_000579,replica.hotel_0,Replica,186.89956470525013,186,187,187,179,-7.899564705250128,179,-7.899564705250128,0.21106035805613846,0.021749170977652246,0.0,0.006005773909190167,0.010840376038964364,0.0,4.686720058089122e-05,2.1955415263619216e-09
clsdoa_v1_pilot_005_ep_000580,replica.office_0,Replica,265.7303464704339,265,266,266,258,-7.730346470433915,258,-7.730346470433915,109.77544293289341,0.02469036563239849,0.01441039421452256,0.023909426671783834,0.0,0.008017720769082413,6.600374035770074e-05,4.353953642066699e-09
clsdoa_v1_pilot_005_ep_000581,replica.apartment_2,Replica,224.48638936584544,224,224,225,217,-7.48638936584544,217,-7.48638936584544,1.7049046095885998,0.016414525151558494,0.013255804012331424,0.0,0.0,0.0,9.116408182308078e-05,8.311835664187583e-09
clsdoa_v1_pilot_005_ep_000582,replica.room_0,Replica,155.56153288126754,155,156,156,148,-7.561532881267539,148,-7.561532881267539,1.2003490321353003,0.011139208861460146,0.0,0.021086094654842614,0.0029948299767873377,0.009123066411342428,4.048570917802863e-05,1.638832736183815e-09
clsdoa_v1_pilot_005_ep_000583,replica.frl_apartment_0,Replica,96.05847168368939,96,96,97,89,-7.05847168368939,89,-7.05847168368939,3.7215130446689415e-06,0.0,0.0,0.0,0.0,0.0,3.67326574632898e-05,1.3489508399189276e-09
clsdoa_v1_pilot_005_ep_000584,replica.frl_apartment_3,Replica,316.9989406597135,316,317,317,309,-7.998940659713526,309,-7.998940659713526,0.16468958772590908,0.0,0.018440625956112996,0.0,0.01018064105712943,0.0,7.796846330165863e-05,6.078284098265385e-09
clsdoa_v1_pilot_005_ep_000585,replica.frl_apartment_4,Replica,339.59280810530913,339,340,340,332,-7.592808105309132,332,-7.592808105309132,1.4787793334710982e-06,0.016646932647168104,0.01824064992472522,0.0,0.0,0.006438347148663398,8.17696054582484e-05,6.685469511324982e-09
clsdoa_v1_pilot_005_ep_000586,replica.frl_apartment_2,Replica,90.51786899616965,90,91,91,83,-7.517868996169653,83,-7.517868996169653,2.831646840510158e-06,0.018188819184010274,0.01802983248436681,0.0,0.0,0.006247454575590623,2.1199135517235845e-05,4.4936068754886094e-10
clsdoa_v1_pilot_005_ep_000587,replica.office_2,Replica,136.27096145773197,136,136,137,129,-7.270961457731971,129,-7.270961457731971,0.2590301073972757,0.011587033937687905,0.007101597688403032,0.020297404918832973,0.018360413517074372,0.0,5.442257315735333e-05,2.962420309060576e-09
clsdoa_v1_pilot_005_ep_000588,replica.hotel_0,Replica,109.82993712642518,109,110,110,103,-6.829937126425179,103,-6.829937126425179,0.0,0.014609896937186095,0.018075649787390357,0.0,0.0,0.014192118468725673,4.238446490489878e-05,1.7963834864076489e-09
clsdoa_v1_pilot_005_ep_000589,mp3d.PX4nDJXEHrG,MP3D,92.4257731679345,92,92,93,85,-7.425773167934494,85,-7.425773167934494,7.393896667355496e-06,0.019788361028862056,0.0017932941811430426,0.00949409889201945,0.00949409889201945,0.010746345663674578,3.632717198343016e-05,1.3196831405437592e-09
clsdoa_v1_pilot_005_ep_000590,mp3d.YmJkqBEsHnH,MP3D,109.97207981983193,109,110,110,103,-6.972079819831933,103,-6.972079819831933,5.399738656763834e-06,0.012334578667951963,0.006130688233988377,0.0,0.0,0.006130688233988377,4.157610237598419e-05,1.728245990761934e-09
clsdoa_v1_pilot_005_ep_000591,mp3d.ZMojNkEp431,MP3D,91.88423942673242,91,92,92,85,-6.884239426732421,85,-6.884239426732421,5.263014220319208e-06,0.023091289867052504,0.011194308879432473,0.007101597688403032,0.0,0.011194308879432473,3.435858525335789e-05,1.181265640859408e-09
clsdoa_v1_pilot_005_ep_000592,mp3d.QUCTc6BB5sX,MP3D,391.4474278781666,391,391,392,383,-8.447427878166593,383,-8.447427878166593,4.094554566467037e-06,0.013062732463367954,0.0,0.012963440474853089,0.012968861508243982,0.0,9.355827933177352e-05,8.750950186708906e-09
clsdoa_v1_pilot_005_ep_000593,mp3d.gTV8FGcVJC9,MP3D,95.0976562783978,95,95,96,88,-7.097656278397807,88,-7.097656278397807,5.4668187275950014e-06,0.013703581171355348,0.0,0.006130688115089907,0.0,0.0,3.6243407521396875e-05,1.31331312491767e-09
clsdoa_v1_pilot_005_ep_000594,mp3d.UwV83HsGsw3,MP3D,111.60252946180725,111,112,112,104,-7.602529461807251,104,-7.602529461807251,1.0173887179578492e-05,0.0,0.0,0.011762996154883897,0.0,0.011762996154883897,2.8270289476495236e-05,7.990758610354476e-10
clsdoa_v1_pilot_005_ep_000595,mp3d.jh4fc5c5qoQ,MP3D,125.72547836633012,125,126,126,118,-7.7254783663301225,118,-7.7254783663301225,2.831646840510158e-06,0.008797558993996655,0.0,0.0,0.0,0.011102448188134795,3.114475475740619e-05,9.699964165221786e-10
clsdoa_v1_pilot_005_ep_000596,mp3d.Pm6F8kyY3z2,MP3D,271.56932341475044,271,272,272,264,-7.569323414750443,264,-7.569323414750443,0.7471366089090374,0.0,0.0,0.0,0.0,0.0,6.69861474307254e-05,4.487768379135559e-09
clsdoa_v1_pilot_005_ep_000597,mp3d.SN83YJsR3w2,MP3D,242.15736140161405,242,242,243,355,112.84263859838595,265,22.842638598385946,48.102109615680256,88.20845073728032,33.080108507036236,33.33324997774963,31.579267717026255,36.622787722904235,7.798809598114076e-09,3.0975538277391634e-17
clsdoa_v1_pilot_005_ep_000598,mp3d.Uxmj2M2itWa,MP3D,208.46124589891855,208,208,209,201,-7.461245898918548,201,-7.461245898918548,1.4787793334710982e-06,0.0,0.003945063253774459,0.003945063253774459,0.0,0.01256335114613229,8.260877075372264e-05,6.823991594018253e-09
clsdoa_v1_pilot_005_ep_000599,mp3d.VLzqgDo317F,MP3D,250.00935585477586,250,250,251,242,-8.009355854775862,242,-8.009355854775862,0.6420692112248879,0.0,0.0,0.014152670426581346,0.0,0.014133761276181335,6.242329982342198e-05,3.898215972242269e-09
clsdoa_v1_pilot_005_ep_000600,mp3d.mJXqzFtmKg4,MP3D,108.89063173906212,108,109,109,102,-6.8906317390621155,102,-6.8906317390621155,3.4150945850063763e-06,0.0,0.019978420689329136,0.006130688174539142,0.0,0.0,4.071147122886032e-05,1.6572035965722876e-09
clsdoa_v1_pilot_005_ep_000601,mp3d.VVfe2KiqLaN,MP3D,264.53427036778004,264,265,265,257,-7.534270367780039,257,-7.534270367780039,0.649216799661897,0.017037460267642208,0.0,0.015519360847478838,0.0,0.0,6.645717803621665e-05,4.4173384949885985e-09
clsdoa_v1_pilot_005_ep_000602,mp3d.Vt2qJdWjCF2,MP3D,164.66741010052408,164,165,165,157,-7.66741010052408,157,-7.66741010052408,1.211147575936752,0.0,0.0214220268736551,0.0,0.010999797184201004,0.0,4.276072286302224e-05,1.828474482934439e-09
clsdoa_v1_pilot_005_ep_000603,mp3d.Vvot9Ly1tCj,MP3D,342.83730583292373,342,343,343,335,-7.837305832923732,335,-7.837305832923732,2.091309789151873e-06,0.01675235611730053,0.0,0.0,0.007604299371398536,0.0,8.159488788805902e-05,6.656720508146918e-09
clsdoa_v1_pilot_005_ep_000604,mp3d.WYY7iVyf5p8,MP3D,178.36199679160086,178,178,179,285,106.63800320839914,233,54.63800320839914,22.641763468408293,93.1295152558909,20.627832522019293,20.62781832669699,20.62782728489415,20.627813066751052,4.9078772157429285e-09,2.780901015971086e-16
clsdoa_v1_pilot_005_ep_000605,mp3d.aayBHfsNo7d,MP3D,313.96667385966697,313,314,314,366,52.03332614033303,365,51.03332614033303,2.4316432584094123,91.00338231530843,2.4053329133001653,2.4052466536790376,2.405209151394151,2.405310333071067,2.268070460331728e-07,6.032892555744157e-14
clsdoa_v1_pilot_005_ep_000606,mp3d.pRbA3pwrgk9,MP3D,305.32223341508563,305,305,306,297,-8.322233415085634,297,-8.322233415085634,0.10626044498535613,0.015055717054397937,0.01521166243421483,0.012503681980116135,0.012525370243356614,0.002621097469738072,7.582339458167553e-05,5.7501923222957885e-09
clsdoa_v1_pilot_005_ep_000607,mp3d.r47D5H71a5s,MP3D,102.87505526632617,102,103,103,96,-6.8750552663261715,96,-6.8750552663261715,4.270649614491816,0.0,0.0,0.007101597739724542,0.007101597739724542,0.01119430891199051,3.9373499021166936e-05,1.5511328887996e-09
clsdoa_v1_pilot_005_ep_000608,mp3d.pa4otMbVnkk,MP3D,283.1156734456488,283,283,284,275,-8.115673445648781,275,-8.115673445648781,0.42426913051699217,0.016670760991953446,0.016193360411714274,0.018360413497223796,0.0,0.0,7.210701733129099e-05,5.2009858642065865e-09
clsdoa_v1_pilot_005_ep_000609,mp3d.X7HyMhZNoso,MP3D,270.6547741100523,270,271,271,263,-7.654774110052301,263,-7.654774110052301,1.1392651926721595,0.0,0.0,0.007497509567631299,0.0,0.007528723282410317,6.783796561649069e-05,4.601253156266694e-09
clsdoa_v1_pilot_005_ep_000610,mp3d.rqfALeAoiTq,MP3D,85.5646320150499,85,86,86,78,-7.564632015049895,78,-7.564632015049895,1.2074182697257333e-06,0.01766088644373971,0.0,0.016193360434221322,0.016193360434221322,0.0,2.0768686226801947e-05,4.3150910622458127e-10
clsdoa_v1_pilot_005_ep_000611,mp3d.Z6MFQCViBuw,MP3D,136.23345100485147,136,136,137,129,-7.233451004851474,129,-7.233451004851474,2.9575586669421963e-06,0.013772589741762724,0.020002341353380894,0.020002341353380894,0.010868403927082071,0.0,5.31064833921846e-05,2.8197892909531674e-09
clsdoa_v1_pilot_005_ep_000612,mp3d.XcA2TqTSSAj,MP3D,272.16401459654537,272,272,273,264,-8.164014596545371,264,-8.164014596545371,5.533085616490783e-06,0.013401327820481708,0.0,0.0,0.014149467294072762,0.0070480185821270545,6.75479241181165e-05,4.562934030616361e-09
clsdoa_v1_pilot_005_ep_000613,mp3d.qoiz87JEwZ2,MP3D,345.2029504128918,345,345,346,438,92.79704958710818,373,27.797049587108177,37.36925534245927,39.96235465674269,36.81648714370458,35.66129274495518,35.490488219616054,34.625798099905474,2.4447267321647814e-08,4.441022859211859e-16
clsdoa_v1_pilot_005_ep_000614,mp3d.e9zR4mvMWw7,MP3D,239.24819354130815,239,239,240,232,-7.248193541308154,232,-7.248193541308154,0.005517750829643464,0.0,0.0,0.015449707696211817,0.0,0.0,9.699131624074653e-05,9.408797296828197e-09
clsdoa_v1_pilot_005_ep_000615,mp3d.gYvKGZ5eRqb,MP3D,148.30586485399047,148,148,149,141,-7.305864853990471,141,-7.305864853990471,1.0339978524759657,0.005934739124463012,0.010133454490535166,0.019642080260289883,0.005142526379145178,0.004683660756910665,5.70561496715527e-05,3.2556259910165863e-09
clsdoa_v1_pilot_005_ep_000616,mp3d.17DRP5sb8fy,MP3D,114.87455441500927,114,115,115,108,-6.874554415009271,108,-6.874554415009271,8.45192788808014e-06,0.01643641672718935,0.016585302989772403,0.016585302989772403,0.0,0.011194308879432473,4.4528664147946984e-05,1.9824757391262438e-09
clsdoa_v1_pilot_005_ep_000617,replica.frl_apartment_5,Replica,260.0454491314758,260,260,261,252,-8.045449131475777,252,-8.045449131475777,0.18948704153066995,0.0,0.0,0.0,0.0,0.018107035868940018,6.4964457124006e-05,4.220217508787982e-09
clsdoa_v1_pilot_005_ep_000618,replica.frl_apartment_5,Replica,260.0454491314758,260,260,261,252,-8.045449131475777,252,-8.045449131475777,0.0023236773229119503,0.010936412463505013,0.0,0.0,0.021472849708083427,0.010350231128363557,6.494650733657181e-05,4.218567717373389e-09
clsdoa_v1_pilot_005_ep_000619,replica.office_1,Replica,214.7898013260471,214,215,215,207,-7.7898013260470975,207,-7.7898013260470975,44.03414773725924,0.0,0.0,0.010382883527298561,0.005994278803154213,0.013586697687678222,5.410243829828687e-05,2.9239095589161934e-09
clsdoa_v1_pilot_005_ep_000620,replica.apartment_0,Replica,323.79702593257616,323,324,324,450,126.20297406742384,447,123.20297406742384,58.77945900599959,96.80602471346016,58.58417311042056,59.002733641942726,59.08100937453343,59.026763913556564,5.626129251368184e-08,5.75137827581217e-15
clsdoa_v1_pilot_005_ep_000621,replica.office_1,Replica,94.82854276358864,94,95,95,88,-6.8285427635886435,88,-6.8285427635886435,0.0,0.012716043606554376,0.00785027834468034,0.011626301104362495,0.011626301104362495,0.0,3.5214055969845504e-05,1.2399586912792415e-09
clsdoa_v1_pilot_005_ep_000622,replica.apartment_0,Replica,123.77678300153754,123,124,124,116,-7.776783001537538,116,-7.776783001537538,4.182619578303747e-06,0.012200482575121931,0.018757016885700906,0.0,0.0,0.0,2.9893117243773304e-05,8.940530538126268e-10
clsdoa_v1_pilot_005_ep_000624,mp3d.29hnd4uzFmX,MP3D,249.39658083707442,249,249,250,327,77.60341916292558,242,-7.396580837074424,160.4262854137106,111.01450993257463,59.77598352770943,124.34057323802706,48.13665237314195,121.43026942186569,1.4451419115066528,0.18488837778568268
clsdoa_v1_pilot_005_ep_000625,mp3d.ac26ZMwG7aT,MP3D,108.8771213244524,108,109,109,102,-6.877121324452403,102,-6.877121324452403,1.2282405908681995,0.01385413669138444,0.016193360411714274,0.0,0.0,0.0,4.1529729060130194e-05,1.7244710104336036e-09
clsdoa_v1_pilot_005_ep_000626,mp3d.cV4RVeZvu5T,MP3D,81.62990890561561,81,82,82,74,-7.629908905615608,74,-7.629908905615608,1.4802256691770477,0.018063401918344234,0.018826355518215182,0.0,0.00824631458869765,0.0081235192780601,1.9677374439197592e-05,3.8705741389755133e-10
clsdoa_v1_pilot_005_ep_000627,mp3d.5ZKStnWn8Zo,MP3D,105.32631568294299,105,105,106,98,-7.32631568294299,98,-7.32631568294299,2.2813496432377448e-05,0.0,0.0011169307528659214,0.0011169307528659214,0.008725101471038823,0.008725101471038823,3.9877788367448375e-05,1.590396925266191e-09
clsdoa_v1_pilot_005_ep_000628,mp3d.zsNo4HB9uLZ,MP3D,212.9323786295036,212,213,213,205,-7.932378629503603,205,-7.932378629503603,6.668185343934157e-06,0.0,0.0,0.006905755834130548,0.0,0.0,5.500205952557735e-05,3.0247842008890302e-09
clsdoa_v1_pilot_005_ep_000629,replica.office_3,Replica,243.3368747507951,243,243,244,236,-7.33687475079509,236,-7.33687475079509,7.138707805214773,20.063482669441257,0.0,0.0,0.5971284356509883,10.48030122154094,0.37540289759635925,0.14556042850017548
clsdoa_v1_pilot_005_ep_000630,replica.room_1,Replica,189.26714480862435,189,189,190,182,-7.2671448086243515,182,-7.2671448086243515,2.2588727439225506e-06,0.005754924263767869,0.0,0.0,0.0,0.0,7.501951768063009e-05,5.626634269617625e-09
clsdoa_v1_pilot_005_ep_000631,replica.room_2,Replica,344.88130221826583,344,345,345,337,-7.88130221826583,337,-7.88130221826583,0.3750339859326019,0.006129497647468267,0.01236975956581307,0.0,0.021395346555184554,0.0,8.437139331363142e-05,7.1179608873706e-09
clsdoa_v1_pilot_005_ep_000632,replica.office_3,Replica,115.4006257989413,115,115,116,108,-7.400625798941306,108,-7.400625798941306,4.123455936664381,0.0,0.0,0.0,0.0,0.00043929122423597096,4.3483571062097326e-05,1.889648659769705e-09
clsdoa_v1_pilot_005_ep_000633,replica.room_2,Replica,110.9558956516735,110,111,111,104,-6.955895651673501,104,-6.955895651673501,3.1945284701301985e-06,0.0,0.008731589379485946,0.0,0.0,0.012444649032613431,4.243724106345326e-05,1.8015240410562683e-09
clsdoa_v1_pilot_005_ep_000634,replica.room_1,Replica,115.31520946300941,115,115,116,108,-7.31520946300941,108,-7.31520946300941,1.4787793334710982e-06,0.023152273909703154,0.004988358095165081,0.012990010815387403,0.0,0.0,4.485235331230797e-05,2.0120625165986894e-09
clsdoa_v1_pilot_005_ep_000635,mp3d.gxdoqLR6rwA,MP3D,195.7685526789272,195,196,196,188,-7.768552678927193,188,-7.768552678927193,2.2588727439225506e-06,0.010367550615275561,0.008690744801248982,0.009556701505246989,0.0,0.0012776119997187454,5.051015250501223e-05,2.55132137638725e-09
clsdoa_v1_pilot_005_ep_000636,mp3d.HxpKQynjfin,MP3D,102.83767638467819,102,103,103,96,-6.83767638467819,96,-6.83767638467819,0.39552431441625424,0.013016767605678459,0.013978941720921864,0.023599628420308952,0.010976921834042525,0.010975600083150438,4.004729998996481e-05,1.604222310547243e-09
clsdoa_v1_pilot_005_ep_000637,mp3d.VFuaQ6m2Qom,MP3D,183.91263732921615,183,184,184,266,82.08736267078385,247,63.08736267078385,27.014960934124648,146.2634929516552,27.248125641469215,27.221252605473506,28.941861525744052,28.329022991308552,1.4471079445854684e-08,1.5477465115241367e-16
clsdoa_v1_pilot_005_ep_000638,mp3d.oLBMNvg9in8,MP3D,136.65048588528515,136,137,137,248,111.34951411471485,129,-7.65048588528515,63.84894567628259,116.85115976623452,43.35085353973082,67.03373697049366,56.09080655639932,56.64615952406687,0.8532539010047913,0.19193509221076965
clsdoa_v1_pilot_005_ep_000639,mp3d.uNb9QFRL6hY,MP3D,196.61911921070583,196,197,197,189,-7.619119210705833,189,-7.619119210705833,0.18300870383111273,0.005592374907445692,0.0,0.019276207731438136,0.0,0.0002489873889587147,5.049932951806113e-05,2.5508013479225156e-09
clsdoa_v1_pilot_005_ep_000640,mp3d.q9vSo1VnCiC,MP3D,338.4493771511722,338,338,339,425,86.5506228488278,358,19.5506228488278,23.874614865559394,18.33967047661326,9.895089811943603,9.895078404250729,9.895078404250729,14.951491592603785,6.258876084075382e-08,2.0584630683074265e-15
clsdoa_v1_pilot_005_ep_000641,replica.frl_apartment_1,Replica,247.21384082525907,247,247,248,240,-7.213840825259069,240,-7.213840825259069,8.233494873389921e-06,0.002089916687224494,0.0,0.0,0.0,0.02099935755423782,0.00010123661922989413,1.024743401245587e-08
clsdoa_v1_pilot_005_ep_000642,replica.office_0,Replica,93.82700672971991,93,94,94,87,-6.827006729719912,87,-6.827006729719912,2.091309789151873e-06,0.015940969674251987,0.0,0.0,0.00605135981769119,0.020033241394790215,3.493648182484321e-05,1.2198555499054464e-09
clsdoa_v1_pilot_005_ep_000643,replica.office_4,Replica,159.6790803206373,159,160,160,152,-7.679080320637297,152,-7.679080320637297,32.36087078836238,0.0,0.0,0.002664405001691947,0.0,0.0,4.01481484004762e-05,1.610882427449667e-09
clsdoa_v1_pilot_005_ep_000644,replica.room_0,Replica,155.56153288126754,155,156,156,148,-7.561532881267539,148,-7.561532881267539,1.6231609471220672,0.0,0.009051762040776276,0.0027452954523753347,0.009070580710707836,0.022783532353042243,4.047140828333795e-05,1.6378491896062997e-09
clsdoa_v1_pilot_005_ep_000645,replica.apartment_1,Replica,342.45896688996913,342,342,343,337,-5.458966889969133,334,-8.458966889969133,152.4695369785208,127.03157233460149,16.204288780772735,45.08027779871539,99.71659316224101,126.78852733938152,0.5640760660171509,0.05571327358484268
clsdoa_v1_pilot_005_ep_000646,replica.frl_apartment_0,Replica,378.1333763179704,378,378,379,370,-8.133376317970374,370,-8.133376317970374,0.0,0.0,0.0,0.0,0.0,0.016193360411714274,9.155432053375989e-05,8.381488392217307e-09
clsdoa_v1_pilot_005_ep_000647,replica.frl_apartment_2,Replica,90.51786899616965,90,91,91,83,-7.517868996169653,83,-7.517868996169653,0.0,0.022675043936300484,0.0,0.0,0.0,0.0,2.1198315153014846e-05,4.494343230909692e-10
clsdoa_v1_pilot_005_ep_000648,replica.frl_apartment_3,Replica,100.08602254913305,100,100,101,93,-7.086022549133048,93,-7.086022549133048,1.9090959104164224e-06,0.0,0.0,0.0,0.014825107928483619,0.0,3.8314072298817337e-05,1.467809429556155e-09
clsdoa_v1_pilot_005_ep_000649,replica.frl_apartment_4,Replica,119.61831193266795,119,120,120,112,-7.61831193266795,112,-7.61831193266795,3.4150945850063763e-06,0.006710770299751848,0.0,0.0,0.01661907797987889,0.0,3.074819323956035e-05,9.456406768748593e-10
clsdoa_v1_pilot_005_ep_000650,replica.office_2,Replica,136.27096145773197,136,136,137,129,-7.270961457731971,129,-7.270961457731971,0.10539118928793624,0.01590451764804635,0.018007149431229472,0.0,0.0,0.0,5.443633199320175e-05,2.9634652509713533e-09
clsdoa_v1_pilot_005_ep_000651,replica.apartment_2,Replica,157.89396374404123,157,158,158,150,-7.89396374404123,150,-7.89396374404123,8.354251752287839,21.156620332900758,0.0,0.0,0.0,9.600525826960853,0.34097346663475037,0.12681549787521362
clsdoa_v1_pilot_005_ep_000652,replica.office_4,Replica,355.9572372424721,355,356,356,348,-7.957237242472104,348,-7.957237242472104,0.3854267172821862,0.015330278948488308,0.006130688174539142,0.010604961056260543,0.010604961056260543,0.006130688174539142,8.481164695695043e-05,7.193983186937203e-09
clsdoa_v1_pilot_005_ep_000653,replica.frl_apartment_1,Replica,193.81863356162987,193,194,194,186,-7.818633561629866,186,-7.818633561629866,0.3939023696337072,0.010042030400859133,0.0,0.0,0.015632101354647855,0.013043351814844195,4.9378530093235895e-05,2.4386690444799797e-09
clsdoa_v1_pilot_005_ep_000655,replica.frl_apartment_0,Replica,352.8889601921525,352,353,353,345,-7.888960192152524,345,-7.888960192152524,2.839740689004683,0.020063615829859743,0.0,0.019486777128403757,0.0,0.0,8.658033038955182e-05,7.495982501382059e-09
clsdoa_v1_pilot_005_ep_000656,replica.frl_apartment_2,Replica,90.51786899616965,90,91,91,83,-7.517868996169653,83,-7.517868996169653,2.9575586669421963e-06,0.0,0.01803751669705776,0.0,0.0,0.018106527802171334,2.1200703486101702e-05,4.494243588393232e-10
clsdoa_v1_pilot_005_ep_000657,replica.hotel_0,Replica,186.89956470525013,186,187,187,179,-7.899564705250128,179,-7.899564705250128,0.43173446154816464,0.0,0.0,0.0,0.0,0.0,4.687313412432559e-05,2.196103077167777e-09
clsdoa_v1_pilot_005_ep_000658,replica.frl_apartment_3,Replica,315.74765158385844,315,316,316,425,109.25234841614156,407,91.25234841614156,35.24846684989364,24.278131527302083,41.78296242712721,39.26661493713504,31.39446986880402,31.425005955008206,5.48114051923676e-08,1.4635960646154677e-15
clsdoa_v1_pilot_005_ep_000659,replica.frl_apartment_4,Replica,87.20206067579288,87,87,88,80,-7.202060675792879,80,-7.202060675792879,2.951378751203679,0.019559755941819766,0.003448279406137292,0.003448279406137292,0.003448279406137292,0.003448279406137292,3.3076841646106914e-05,1.0946604733774734e-09
clsdoa_v1_pilot_005_ep_000660,replica.office_0,Replica,265.7303464704339,265,266,266,258,-7.730346470433915,258,-7.730346470433915,109.77544293289341,0.02469036563239849,0.01441039421452256,0.023909426671783834,0.0,0.008017720769082413,6.600374035770074e-05,4.353953642066699e-09
clsdoa_v1_pilot_005_ep_000661,replica.room_0,Replica,155.56153288126754,155,156,156,148,-7.561532881267539,148,-7.561532881267539,1.099670342181542,0.024857179745640452,0.0,0.021066677406798247,0.002644047248081816,0.021087711982048934,4.048183836857788e-05,1.6384734680130464e-09
clsdoa_v1_pilot_005_ep_000662,replica.office_2,Replica,123.191310254681,123,123,124,116,-7.1913102546809995,116,-7.1913102546809995,2.4148365394514667e-06,0.0,0.0,0.016193360411714274,0.0,0.0,4.8674522986402735e-05,2.36907959916266e-09
clsdoa_v1_pilot_005_ep_000663,replica.office_4,Replica,382.24010485570994,382,382,383,480,97.75989514429006,374,-8.240104855709944,30.848481730630247,0.014707841384446705,0.0,0.0,0.0,0.0047084224073196965,0.00011623081081779674,8.334271939247628e-09
clsdoa_v1_pilot_005_ep_000664,replica.apartment_2,Replica,157.89396374404123,157,158,158,150,-7.89396374404123,150,-7.89396374404123,7.9440506508105555,22.673231236386933,0.007367243866416595,0.0,0.011692484249603593,11.337160477312793,0.20526988804340363,0.04578721523284912
clsdoa_v1_pilot_005_ep_000665,replica.apartment_1,Replica,102.19953826047953,102,102,103,95,-7.199538260479528,95,-7.199538260479528,2.561320938754782e-06,0.0,0.010604961056260543,0.0,0.0,0.013687405188743266,3.976878724643029e-05,1.5812923193081474e-09
clsdoa_v1_pilot_005_ep_000666,replica.frl_apartment_1,Replica,247.21384082525907,247,247,248,240,-7.213840825259069,240,-7.213840825259069,8.537736462515939e-07,0.0,0.009779944633313935,0.0044145345358422875,0.0040844833741347526,0.004252712095272677,0.00010123227548319846,1.0247199533353069e-08
clsdoa_v1_pilot_005_ep_000667,replica.hotel_0,Replica,186.89956470525013,186,187,187,179,-7.899564705250128,179,-7.899564705250128,0.38013804039637483,0.0,0.0,0.0057182176916124264,0.006280177126621353,0.006543082604145633,4.686951797339134e-05,2.1967123675636913e-09
clsdoa_v1_pilot_005_ep_000668,replica.frl_apartment_0,Replica,132.1278953643394,132,132,133,125,-7.127895364339395,125,-7.127895364339395,0.32172008849797407,0.0,0.010604961021893162,0.010604961021893162,0.010604961021893162,0.0,5.1439365051919594e-05,2.6457758206532844e-09
clsdoa_v1_pilot_005_ep_000669,mp3d.5LpN3gDmAk7,MP3D,70.36010897110228,70,70,71,135,64.63989102889772,63,-7.360108971102278,119.17120173471,173.37290394929715,136.79226954572155,160.44188449478992,125.36934321536002,133.84607883599026,1.6916085481643677,0.05321810021996498
clsdoa_v1_pilot_005_ep_000670,mp3d.p5wJjkQkbXX,MP3D,110.7191226950161,110,111,111,103,-7.719122695016097,103,-7.719122695016097,2.2588727439225506e-06,0.020136287732198305,0.012990493139599261,0.01554753691296694,0.0,0.005307488594878496,2.623767068143934e-05,6.883340009089522e-10
clsdoa_v1_pilot_005_ep_000671,mp3d.8194nk5LbLH,MP3D,83.85720219172865,83,84,84,77,-6.857202191728646,77,-6.857202191728646,21.249141611206642,0.0,0.0,0.013687405188743266,0.024975525660582858,0.013687405188743266,3.110307079623453e-05,9.674296919115477e-10
clsdoa_v1_pilot_005_ep_000672,mp3d.s8pcmisQ38h,MP3D,316.05656366241425,316,316,317,434,117.94343633758575,424,107.94343633758575,46.48055700904096,68.93233034382044,43.106571078559945,43.762054104547246,43.429617209436195,43.49817859472633,4.463407776711392e-08,9.746602718565525e-16
clsdoa_v1_pilot_005_ep_000674,mp3d.EDJbREhghzL,MP3D,102.63800284995831,102,103,103,95,-7.638002849958312,95,-7.638002849958312,9.659346157805877e-06,0.013202973553292708,0.014157622641125625,0.01659459107010546,0.0,0.01871355461936598,2.547963595134206e-05,6.491258641716513e-10
clsdoa_v1_pilot_005_ep_000675,mp3d.EU6Fwq7SyZv,MP3D,128.93825742403217,128,129,129,122,-6.938257424032173,122,-6.938257424032173,2.091309789151873e-06,0.005678948622124494,0.0,0.016517113446746844,0.0,0.016287248378154914,4.8558638809481636e-05,2.3574990848374e-09
clsdoa_v1_pilot_005_ep_000676,mp3d.gZ6f7yhEvPG,MP3D,164.90201377111578,164,165,165,157,-7.902013771115776,157,-7.902013771115776,3.91248236030638e-06,0.026843705706558165,0.0,0.0,0.0,0.01433306763998455,4.1881994548020884e-05,1.754169587364629e-09
clsdoa_v1_pilot_005_ep_000677,mp3d.i5noydFURQK,MP3D,221.49582287454714,221,221,222,311,89.50417712545286,250,28.504177125452856,34.639225340262946,131.904139202599,45.14000553376051,37.41962552654286,35.9891049405946,31.97398685612257,1.5995318847217277e-08,1.3833204758031319e-16
clsdoa_v1_pilot_005_ep_000678,mp3d.JmbYfDe2QKZ,MP3D,74.38478999489965,74,74,75,67,-7.3847899948996485,67,-7.3847899948996485,1.2074182697257333e-06,0.01190350350195443,0.010604961021893162,0.0,0.0,0.018360413497223796,2.6824267479241826e-05,7.195695705952687e-10
clsdoa_v1_pilot_005_ep_000679,mp3d.RPmz2sHmrrY,MP3D,99.04105013801878,99,99,100,92,-7.041050138018775,92,-7.041050138018775,0.011714197592450595,0.01895803013653184,0.0,0.0,0.010604961056260543,0.0,3.761672633117996e-05,1.415068284771337e-09
clsdoa_v1_pilot_005_ep_000680,mp3d.yqstnuAEVhm,MP3D,333.54533490343056,333,334,334,326,-7.5453349034305575,326,-7.5453349034305575,1.914405067128253,0.018351576138475316,0.006130688115089907,0.006130688115089907,0.0,0.015791692993253656,8.220283052651212e-05,6.755934034430311e-09
clsdoa_v1_pilot_005_ep_000681,mp3d.2azQ1b91cZZ,MP3D,370.7207793957507,370,371,371,415,44.2792206042493,391,20.279220604249304,18.5271032803316,121.0272355554701,34.96811349496311,33.374429881343275,33.26988965138719,33.11661416367952,1.3657906805519815e-08,2.8709443240333623e-16
clsdoa_v1_pilot_005_ep_000682,mp3d.jtcxE69GiFV,MP3D,187.66022188017791,187,188,188,180,-7.6602218801779145,180,-7.6602218801779145,2.6494330459259996,34.40328043835246,0.00845659078004342,0.0,0.8854421084131145,12.141103719799995,0.2107224464416504,0.046473752707242966
clsdoa_v1_pilot_005_ep_000683,mp3d.S9hNv5qa7GM,MP3D,139.40737182143494,139,139,140,132,-7.4073718214349356,132,-7.4073718214349356,2.4148365394514667e-06,0.024578895303659747,0.0,0.0,0.0,0.01368740516211552,5.523421714315191e-05,3.051562336153779e-09
clsdoa_v1_pilot_005_ep_000684,mp3d.pLe4wQe7qrG,MP3D,225.8056087197084,225,226,226,286,60.1943912802916,223,-2.8056087197084025,6.164067818537211,8.252128260417289,8.252107321728996,8.25208780370286,8.252116031063107,8.171181242978744,0.030388159677386284,0.0009421025170013309
clsdoa_v1_pilot_005_ep_000685,mp3d.rPc6DW4iMge,MP3D,236.92834875404932,236,237,237,229,-7.928348754049324,229,-7.928348754049324,0.33858567773672704,0.0,0.013656041821237678,0.016128057851998168,0.0,0.016091816070999302,5.9839378081960604e-05,3.5818437105206158e-09
clsdoa_v1_pilot_005_ep_000686,mp3d.759xd9YjKW5,MP3D,385.0892452576279,385,385,386,414,28.91075474237209,377,-8.089245257627908,38.52514063704623,11.88277426321205,26.24212182082879,38.52892951224085,63.12192742247971,51.02281100586676,0.5542479753494263,0.2181280106306076
clsdoa_v1_pilot_005_ep_000687,mp3d.TbHJrupSAjP,MP3D,135.5688515942384,135,136,136,256,120.4311484057616,179,43.431148405761604,41.39661778699106,44.88356773153394,49.425180020101465,49.425173295531664,49.42517658302088,50.11983700082323,3.9973748755528504e-08,1.3716747786300101e-15
clsdoa_v1_pilot_005_ep_000688,mp3d.sKLMLpTHeUy,MP3D,246.82781813599252,246,247,247,313,66.17218186400748,310,63.172181864007484,37.499750905785646,124.2159475217367,36.494669444903124,36.980337491962274,37.11245936687591,37.01964794474049,8.964203601635745e-08,4.913572481968784e-15
clsdoa_v1_pilot_005_ep_000689,mp3d.vyrNrziPKCB,MP3D,160.19162978952298,160,160,161,153,-7.1916297895229775,153,-7.1916297895229775,5.006055744194389e-05,0.012270209956670794,0.0,0.014920692964666915,0.0,0.01433416248744535,6.186449172673747e-05,3.8265244306501245e-09
clsdoa_v1_pilot_005_ep_000690,mp3d.sT4fr6TAbpF,MP3D,202.8337687932916,202,203,203,318,115.1662312067084,240,37.1662312067084,26.995239902431013,151.42458721404364,42.070184740701215,42.070179260264354,42.07017906093552,42.07017828577057,1.3981408919505611e-08,9.567711610036683e-17
clsdoa_v1_pilot_005_ep_000691,mp3d.ARNzJeq3xxb,MP3D,382.2810517024566,382,382,383,384,1.7189482975434203,374,-8.28105170245658,53.19561541163618,61.581830541169644,94.45132714318942,104.86798998897262,90.55253377409495,74.30785937059053,0.6050859689712524,0.21443228423595428
clsdoa_v1_pilot_005_ep_000692,mp3d.B6ByNegPMKs,MP3D,269.05660897632004,269,269,270,261,-8.056608976320035,261,-8.056608976320035,3.489349627554876,0.020782990933149226,0.021025170602003207,0.0,0.0,0.006015700322595423,6.72546520945616e-05,4.523717400672922e-09
clsdoa_v1_pilot_005_ep_000693,mp3d.x8F5xyUWy9e,MP3D,141.43938776437597,141,141,142,240,98.56061223562403,191,49.560612235624035,68.19831935626989,24.048021854695094,35.56694170701664,36.05605425366131,36.24828067842826,36.55961787977782,1.5287362487015344e-08,1.1227385716955493e-15
clsdoa_v1_pilot_005_ep_000694,mp3d.2n8kARJN3HM,MP3D,278.4052896497784,278,278,279,271,-7.40528964977841,271,-7.40528964977841,166.55964988373736,0.012362222573740908,0.017732337512828652,0.021634591558341302,0.0,0.0058290584616727805,0.00011564523447304964,1.337335042705945e-08
clsdoa_v1_pilot_005_ep_000695,mp3d.D7N2EKCX4Sj,MP3D,98.96539283113808,98,99,99,92,-6.965392831138075,92,-6.965392831138075,16.486702271235117,0.013201998407256926,0.0,0.0,0.0,0.0,3.7504065403481945e-05,1.407061023250833e-09
clsdoa_v1_pilot_005_ep_000696,mp3d.YVUC4YcDtcY,MP3D,110.24499731156655,110,110,111,103,-7.24499731156655,103,-7.24499731156655,1.1358719589327517e-05,0.0,0.008231245146895667,0.008219508236569308,0.011918543647029326,0.014741620419072638,4.236325912643224e-05,1.7949323138921613e-09
clsdoa_v1_pilot_005_ep_000697,replica.office_1,Replica,118.00473553617027,118,118,119,111,-7.004735536170273,111,-7.004735536170273,5.911416400605834,0.0,0.015528107258547008,0.010683861537959503,0.006387531830557323,0.007778946847580104,4.519560752669349e-05,2.0430286351569293e-09
clsdoa_v1_pilot_005_ep_000698,replica.frl_apartment_5,Replica,263.0007978584579,263,263,264,353,89.99920214154213,255,-8.000797858457872,24.55938561637234,46.35431187943228,87.98508572504981,97.82374382343424,66.12093482706702,17.022026164281613,0.14279340207576752,0.09285794198513031
clsdoa_v1_pilot_005_ep_000699,replica.apartment_0,Replica,79.64788132305385,79,80,80,72,-7.647881323053852,72,-7.647881323053852,2.4215868943575853,0.0,0.010604961056260543,0.02342855136998832,0.0,0.024975525660582858,1.9254906874266453e-05,3.7068836888920487e-10
clsdoa_v1_pilot_005_ep_000700,replica.frl_apartment_5,Replica,260.0454491314758,260,260,261,252,-8.045449131475777,252,-8.045449131475777,0.18948704153066995,0.0,0.0,0.0,0.0,0.018107035868940018,6.4964457124006e-05,4.220217508787982e-09
clsdoa_v1_pilot_005_ep_000701,replica.apartment_0,Replica,381.558211739698,381,382,382,488,106.44178826030202,487,105.44178826030202,84.04146357727535,93.34904335175547,76.04015840806342,76.0400886516964,76.04008674721109,76.04007351151864,6.124698188614275e-07,5.279457426787815e-13
clsdoa_v1_pilot_005_ep_000702,replica.office_1,Replica,94.82854276358864,94,95,95,88,-6.8285427635886435,88,-6.8285427635886435,0.0,0.012716043606554376,0.00785027834468034,0.011626301104362495,0.011626301104362495,0.0,3.5214055969845504e-05,1.2399586912792415e-09
clsdoa_v1_pilot_005_ep_000703,mp3d.2t7WUuJeko7,MP3D,140.1076291288712,140,140,141,133,-7.107629128871196,133,-7.107629128871196,0.2945786293935643,0.0,0.000857467192499705,0.0,0.0,0.0,5.470354881254025e-05,2.9929081435398075e-09
clsdoa_v1_pilot_005_ep_000704,mp3d.D7G3Y4RVNrH,MP3D,101.3279127181221,101,101,102,94,-7.327912718122107,94,-7.327912718122107,6.445849674396954e-06,0.015348806093506764,0.0,0.007920188144391056,0.020611987020727824,0.00794340865693675,3.863930396619253e-05,1.4924896873935722e-09
clsdoa_v1_pilot_005_ep_000705,mp3d.1LXtFkjw3qL,MP3D,410.74481088019724,410,411,411,505,94.25518911980276,466,55.255189119802765,38.82389935651751,120.45802556332556,45.351498263024176,45.35149123019978,45.35148679528665,45.35148771378726,2.083938532848606e-08,1.9609830491962738e-16
clsdoa_v1_pilot_005_ep_000706,mp3d.ULsKaCPVFJR,MP3D,139.31616615426043,139,139,140,132,-7.316166154260429,132,-7.316166154260429,0.33583455905151904,0.018939489939456027,0.0,0.0,0.007954875450229697,0.0,5.4591022490058094e-05,2.9810849344613644e-09
clsdoa_v1_pilot_005_ep_000707,mp3d.YFuZgdQ5vWj,MP3D,180.29699576619342,180,180,181,173,-7.296995766193419,173,-7.296995766193419,5.3318147119265075e-06,0.011143331652072604,0.019319353778035054,0.0,0.0,0.0,6.95384806022048e-05,4.8347348347022034e-09
clsdoa_v1_pilot_005_ep_000708,mp3d.r1Q1Z4BcV1o,MP3D,260.34755532541027,260,260,261,253,-7.347555325410269,253,-7.347555325410269,3.52019892386405e-06,0.0,0.007326303996581369,0.0,0.007326303996581369,0.0,0.0001072649538400583,1.1504623920188806e-08
clsdoa_v1_pilot_005_ep_000709,replica.office_3,Replica,89.9319528208016,89,90,90,83,-6.931952820801598,83,-6.931952820801598,0.0,0.015389721198958118,0.0,0.006130688174539142,0.0,0.01368740516211552,3.389591074665077e-05,1.1488529017000815e-09
clsdoa_v1_pilot_005_ep_000710,replica.room_2,Replica,92.70012303356559,92,93,93,85,-7.700123033565589,85,-7.700123033565589,8.537736462515939e-07,0.0,0.0,0.0,0.012886934927824474,0.0,2.2560399884241633e-05,5.092357646674373e-10
clsdoa_v1_pilot_005_ep_000711,replica.room_1,Replica,189.26714480862435,189,189,190,258,68.73285519137565,182,-7.2671448086243515,31.553064264476543,0.0,0.0,0.013979094895501164,0.0,0.0,9.897384734358639e-05,5.511977541061697e-09
clsdoa_v1_pilot_005_ep_000712,replica.office_3,Replica,264.48720361687424,264,264,265,257,-7.48720361687424,257,-7.48720361687424,0.0,0.007886648512350226,0.010604960987525783,0.013687405135487777,0.013687405135487777,0.0,0.00010891364217968658,1.1860590731771481e-08
clsdoa_v1_pilot_005_ep_000713,replica.room_2,Replica,338.3360880565286,338,338,339,330,-8.336088056528581,330,-8.336088056528581,0.6984084963127154,0.0,0.015592836712930025,0.015532322036517141,0.0,0.0,8.319229527842253e-05,6.920172435087579e-09
clsdoa_v1_pilot_005_ep_000714,replica.office_3,Replica,274.37098402963164,274,274,275,267,-7.370984029631643,267,-7.370984029631643,3.6222548091772e-06,0.011833741987517906,0.0,0.0,0.007124108218395061,0.00795160521944291,0.00011362068471498787,1.2906795632261492e-08
clsdoa_v1_pilot_005_ep_000715,mp3d.7y3sRwLe3Va,MP3D,74.81974502542887,74,75,75,68,-6.8197450254288725,68,-6.8197450254288725,1.2164402004367092e-05,0.02231533010656179,0.003808516770060436,0.013756125096791198,0.0,0.0,2.8539301638375036e-05,8.143541951888267e-10
clsdoa_v1_pilot_005_ep_000716,mp3d.ur6pFq6Qu1A,MP3D,185.48066374316215,185,185,186,178,-7.480663743162154,178,-7.480663743162154,0.33350829256546266,0.008880547634066855,0.0,0.0,0.0,0.0,7.290695066330954e-05,5.313143258689479e-09
clsdoa_v1_pilot_005_ep_000717,mp3d.1pXnuDYAj8r,MP3D,343.09134641957786,343,343,344,385,41.90865358042214,335,-8.09134641957786,85.3742541240133,111.26342333134582,80.76249190040382,126.81616856314656,140.74530819780946,77.03530653594261,0.9979736804962158,0.4773319363594055
clsdoa_v1_pilot_005_ep_000718,mp3d.5q7pvUzZiYa,MP3D,272.7159123045578,272,273,273,265,-7.715912304557776,265,-7.715912304557776,10.217977687130926,0.012809078945139264,0.0,0.0,0.0,0.0,6.751843466190621e-05,4.55882043226552e-09
clsdoa_v1_pilot_005_ep_000719,mp3d.GdvgFV5R1Z5,MP3D,115.52722964984235,115,116,116,108,-7.527229649842354,108,-7.527229649842354,1.9090959104164224e-06,0.010268074595223381,0.011717048821114776,0.014559682194735272,0.0,0.01156957518945868,2.8977021429454908e-05,8.392470052243084e-10
clsdoa_v1_pilot_005_ep_000720,mp3d.HxpKQynjfin,MP3D,75.71790587636241,75,76,76,200,124.28209412363759,107,31.28209412363759,59.27809819038682,73.70323030114598,25.77078848250373,27.400736428120613,26.319766673799027,25.09610162658963,2.779402663577457e-08,9.312075875415253e-16
clsdoa_v1_pilot_005_ep_000721,replica.office_0,Replica,265.7303464704339,265,266,266,258,-7.730346470433915,258,-7.730346470433915,109.77544293289341,0.02469036563239849,0.01441039421452256,0.023909426671783834,0.0,0.008017720769082413,6.600374035770074e-05,4.353953642066699e-09
clsdoa_v1_pilot_005_ep_000722,replica.room_0,Replica,155.56153288126754,155,156,156,148,-7.561532881267539,148,-7.561532881267539,1.2003490321353003,0.011139208861460146,0.0,0.021086094654842614,0.0029948299767873377,0.009123066411342428,4.048570917802863e-05,1.638832736183815e-09
clsdoa_v1_pilot_005_ep_000723,replica.frl_apartment_3,Replica,319.02515347067197,319,319,320,433,113.97484652932803,364,44.97484652932803,174.83100294072875,105.52009143190853,30.356849239400677,30.356850757236224,30.35684973895341,30.35684498684252,4.3072589051007526e-08,2.853332550296255e-15
clsdoa_v1_pilot_005_ep_000724,replica.frl_apartment_4,Replica,404.85968386372843,404,405,405,397,-7.859683863728435,397,-7.859683863728435,1.4754025360441407,0.013623209221488975,0.0,0.0,0.019749718443050027,0.0,9.639969357522205e-05,9.291912128617241e-09
clsdoa_v1_pilot_005_ep_000725,replica.apartment_2,Replica,157.89396374404123,157,158,158,150,-7.89396374404123,150,-7.89396374404123,7.497050020245089,21.201338328315106,0.0,0.26027560484316115,1.7834408764450649,10.43024526442085,0.3060080111026764,0.10279101133346558
clsdoa_v1_pilot_005_ep_000726,replica.frl_apartment_2,Replica,90.51786899616965,90,91,91,83,-7.517868996169653,83,-7.517868996169653,1.7075472925031877e-06,0.0,0.0,0.015800630663011676,0.0,0.013252575078154789,2.1536319763981737e-05,4.638307238291617e-10
clsdoa_v1_pilot_005_ep_000727,replica.frl_apartment_1,Replica,247.21384082525907,247,247,248,240,-7.213840825259069,240,-7.213840825259069,0.21851327566445508,0.0,0.0,0.0058066240374265955,0.0,0.0,0.00010123827814823017,1.0251279825013171e-08
clsdoa_v1_pilot_005_ep_000728,replica.office_2,Replica,121.92268961002185,121,122,122,115,-6.922689610021848,115,-6.922689610021848,4.182619578303747e-06,0.01560688734948007,0.007101597688403032,0.018360413497223796,0.016193360411714274,0.0,4.689753404818475e-05,2.2005499644706106e-09
clsdoa_v1_pilot_005_ep_000729,replica.office_4,Replica,113.96657071683649,113,114,114,107,-6.966570716836486,107,-6.966570716836486,4.094554566467037e-06,0.0,0.0,0.0,0.0,0.0,4.300438376958482e-05,1.8495328601986216e-09
clsdoa_v1_pilot_005_ep_000730,replica.hotel_0,Replica,186.89956470525013,186,187,187,179,-7.899564705250128,179,-7.899564705250128,0.43173446154816464,0.0,0.0,0.0,0.0,0.0,4.687313412432559e-05,2.196103077167777e-09
clsdoa_v1_pilot_005_ep_000731,replica.apartment_1,Replica,91.72401339936037,91,92,92,84,-7.7240133993603735,84,-7.7240133993603735,1.2074182697257333e-06,0.008974800516830334,0.016193360434221322,0.018360413517074372,0.0,0.007101597688403032,2.1368725356296636e-05,4.567809186450944e-10
clsdoa_v1_pilot_005_ep_000732,replica.office_0,Replica,93.82700672971991,93,94,94,87,-6.827006729719912,87,-6.827006729719912,7.68396281626435e-06,0.0,0.015960106579988136,0.0132300951018215,0.0,0.013620454163772142,3.493561962386593e-05,1.220758938380584e-09
clsdoa_v1_pilot_005_ep_000733,replica.apartment_2,Replica,224.48638936584544,224,224,225,217,-7.48638936584544,217,-7.48638936584544,0.14306218713225163,0.010810229943407634,0.0,0.020074762817267174,0.0,0.0004846908406899264,9.116811270359904e-05,8.31178592619608e-09
clsdoa_v1_pilot_005_ep_000734,replica.room_0,Replica,155.56153288126754,155,156,156,148,-7.561532881267539,148,-7.561532881267539,1.0911792964840723,0.0,0.0,0.021111956556174576,0.003182536062333132,0.021131332215212795,4.048944902024232e-05,1.6389842816266764e-09
clsdoa_v1_pilot_005_ep_000735,replica.frl_apartment_0,Replica,98.05832084884847,98,98,99,91,-7.058320848848467,91,-7.058320848848467,8.537736462515939e-07,0.012664941489718137,0.0,0.0,0.006244955921186961,0.0,3.69657609553542e-05,1.3664646081323895e-09
clsdoa_v1_pilot_005_ep_000736,replica.frl_apartment_2,Replica,90.51786899616965,90,91,91,83,-7.517868996169653,83,-7.517868996169653,2.831646840510158e-06,0.019114623806028942,0.018014454205464936,0.0,0.0,0.0,2.1204266886343248e-05,4.496667760367501e-10
clsdoa_v1_pilot_005_ep_000737,replica.frl_apartment_3,Replica,115.0407704574882,115,115,116,108,-7.040770457488193,108,-7.040770457488193,2.4148365394514667e-06,0.02479184172814501,0.0,0.0,0.0,0.0,4.413000351632945e-05,1.9474679646691584e-09
clsdoa_v1_pilot_005_ep_000738,replica.frl_apartment_4,Replica,119.84123788951237,119,120,120,113,-6.841237889512371,113,-6.841237889512371,2.4148365394514667e-06,0.018916081056797214,0.0,0.0,0.006130688174539142,0.010604961021893162,4.60663104604464e-05,2.1219290768925703e-09
clsdoa_v1_pilot_005_ep_000739,replica.frl_apartment_1,Replica,247.21384082525907,247,247,248,240,-7.213840825259069,240,-7.213840825259069,1.2074182697257333e-06,0.0,0.00948878784731441,0.0040844833741347526,0.009635466064767123,0.012891714303210237,0.00010123314859811217,1.0249637583115145e-08
clsdoa_v1_pilot_005_ep_000740,replica.office_2,Replica,148.50029309253432,148,149,149,141,-7.500293092534321,141,-7.500293092534321,1.0050084846226928,0.014767745579546528,0.0,0.008881851650578155,0.003788090241206607,0.008881851650578155,3.7512945709750056e-05,1.4078923582516722e-09
clsdoa_v1_pilot_005_ep_000741,replica.office_4,Replica,307.2363681426239,307,307,308,299,-8.236368142623917,299,-8.236368142623917,0.18945596603945228,0.018500531877515387,0.018360413517074372,0.0,0.0,0.0,7.515913603128865e-05,5.648501666399852e-09
clsdoa_v1_pilot_005_ep_000742,replica.apartment_1,Replica,244.46674417482578,244,244,245,337,92.53325582517422,329,84.53325582517422,44.60045100401234,46.9013593540594,44.13642277726473,44.13642238596797,44.13643066031981,43.07165373230485,3.0202453871197577e-08,1.1140364728328138e-15
clsdoa_v1_pilot_005_ep_000743,replica.hotel_0,Replica,109.82993712642518,109,110,110,103,-6.829937126425179,103,-6.829937126425179,5.663293681020318e-06,0.0,0.017040836226739145,0.0,0.0,0.011810518268658567,4.238767724018544e-05,1.7967413112884856e-09
clsdoa_v1_pilot_005_ep_000744,replica.frl_apartment_0,Replica,366.2202206508112,366,366,367,358,-8.2202206508112,358,-8.2202206508112,3.1945284701301985e-06,0.0,0.0,0.01060099359680685,0.0064391572209355225,0.013812444679119072,8.852050814311951e-05,7.836983506592787e-09
clsdoa_v1_pilot_005_ep_000745,replica.frl_apartment_3,Replica,409.896055249799,409,410,410,402,-7.896055249799019,402,-7.896055249799019,3.078324659199975e-06,0.01721185111031812,0.0,0.011597682725645923,0.0,0.01826596842288194,9.944623889168724e-05,9.890475993756809e-09
clsdoa_v1_pilot_005_ep_000746,replica.office_0,Replica,265.7303464704339,265,266,266,345,79.26965352956609,258,-7.730346470433915,20.227276052976322,0.0,0.0,0.0,0.0,0.0,6.561427289852872e-05,3.751302379839672e-09
clsdoa_v1_pilot_005_ep_000747,replica.frl_apartment_4,Replica,340.0158971994834,340,340,341,332,-8.01589719948339,332,-8.01589719948339,0.006952865245762046,0.0,0.008740999936674296,0.0012947949544551876,0.0,0.012419401223889638,8.339570922544226e-05,6.953979170276625e-09
clsdoa_v1_pilot_005_ep_000748,replica.frl_apartment_2,Replica,90.51786899616965,90,91,91,83,-7.517868996169653,83,-7.517868996169653,0.0,0.022675043936300484,0.0,0.0,0.0,0.0,2.1198315153014846e-05,4.494343230909692e-10
clsdoa_v1_pilot_005_ep_000749,mp3d.QUCTc6BB5sX,MP3D,377.93494719271445,377,378,378,493,115.06505280728555,492,114.06505280728555,36.03603750979048,112.27656926414058,37.166094428215956,37.1660983473638,37.16610355551038,37.16609792665041,3.3656252895752914e-08,5.653420821286341e-16
clsdoa_v1_pilot_005_ep_000750,mp3d.82sE5b5pLXE,MP3D,268.9515039861374,268,269,269,340,71.04849601386258,306,37.048496013862575,39.21556716345151,122.40082146462582,47.10934895982134,48.77971793464012,47.75589990614228,45.59340048456176,2.7378854738913105e-08,6.75107281818306e-16
clsdoa_v1_pilot_005_ep_000751,mp3d.JF19kD82Mey,MP3D,273.28494876849055,273,273,274,266,-7.284948768490551,266,-7.284948768490551,0.0411657939029764,0.011901745117742347,0.0037348171781143888,0.0,0.0,0.0,0.00011385881953174248,1.2960430950670343e-08
clsdoa_v1_pilot_005_ep_000752,mp3d.YmJkqBEsHnH,MP3D,107.26717584487133,107,107,108,100,-7.267175844871332,100,-7.267175844871332,2.4684405560891785,0.012015407524518053,0.0,0.0,0.0,0.0,4.0479808376403525e-05,1.6382666334635587e-09
clsdoa_v1_pilot_005_ep_000753,mp3d.ZMojNkEp431,MP3D,91.88423942673242,91,92,92,85,-6.884239426732421,85,-6.884239426732421,5.263014220319208e-06,0.01668371114048884,0.011194308879432473,0.007101597739724542,0.0,0.0,3.436418774072081e-05,1.181108655323726e-09
clsdoa_v1_pilot_005_ep_000754,mp3d.JeFG25nYj2p,MP3D,231.45701026896276,231,231,232,317,85.54298973103724,285,53.54298973103724,60.121139580657925,97.5880214464269,59.27142892233558,59.228107962727464,58.94147899226015,59.04522620816922,3.078319110727534e-08,9.02514664090641e-16
clsdoa_v1_pilot_005_ep_000755,mp3d.Pm6F8kyY3z2,MP3D,187.3422913903249,187,187,188,180,-7.3422913903249025,180,-7.3422913903249025,1.652062556306761,0.009476394782459053,0.0,0.0,0.0,0.0,7.226493471534923e-05,5.222649424041492e-09
clsdoa_v1_pilot_005_ep_000756,mp3d.gTV8FGcVJC9,MP3D,95.0976562783978,95,95,96,88,-7.097656278397807,88,-7.097656278397807,4.7536104815230715e-06,0.0,0.0,0.0,0.007101597688403032,0.0,3.624194869189523e-05,1.3134512366619333e-09
clsdoa_v1_pilot_005_ep_000757,mp3d.jh4fc5c5qoQ,MP3D,121.35094771803838,121,121,122,114,-7.350947718038384,114,-7.350947718038384,8.537736462515939e-07,0.021130461003820062,0.01368740516211552,0.016193360434221322,0.0,0.0,4.638987229554914e-05,2.1521922022316176e-09
clsdoa_v1_pilot_005_ep_000758,mp3d.SN83YJsR3w2,MP3D,174.1777241475111,174,174,175,167,-7.1777241475111,167,-7.1777241475111,1.4946046690631003,0.0,0.008547755431259857,0.0,0.009433149490337535,0.01024228960942207,6.89319203956984e-05,4.7522568102920104e-09
clsdoa_v1_pilot_005_ep_000759,mp3d.PX4nDJXEHrG,MP3D,208.8379042372418,208,209,209,201,-7.837904237241787,201,-7.837904237241787,1.5403453706701187,0.00552520774704054,0.0,0.013254351056297735,0.0,0.0,5.32030790054705e-05,2.830328638125934e-09
clsdoa_v1_pilot_005_ep_000760,mp3d.UwV83HsGsw3,MP3D,170.68768472508128,170,171,171,277,106.31231527491872,163,-7.687684725081283,58.89988526913602,156.78848070330812,133.11050456454862,111.1730035347662,100.2567491438594,110.09605063514712,0.45738115906715393,0.24435853958129883
clsdoa_v1_pilot_005_ep_000761,mp3d.mJXqzFtmKg4,MP3D,108.89063173906212,108,109,109,102,-6.8906317390621155,102,-6.8906317390621155,0.0648300888992156,0.01231178743593397,0.019978420689329136,0.006130688174539142,0.0,0.0,4.071165676577948e-05,1.6574576156003218e-09
clsdoa_v1_pilot_005_ep_000762,mp3d.pRbA3pwrgk9,MP3D,134.70968904859026,134,135,135,127,-7.709689048590263,127,-7.709689048590263,0.21135891812621646,0.0,0.015378676572805571,0.0,0.013110623893453308,0.01590658534364693,3.267286592745222e-05,1.0674536810029167e-09
clsdoa_v1_pilot_005_ep_000763,mp3d.Uxmj2M2itWa,MP3D,290.63534466941854,290,291,291,283,-7.635344669418544,283,-7.635344669418544,0.18040010008103305,0.004508821388248636,0.0,0.0,0.0,0.0,7.161425310187042e-05,5.129067393028208e-09
clsdoa_v1_pilot_005_ep_000764,mp3d.Vt2qJdWjCF2,MP3D,294.8500571060239,294,295,295,322,27.149942893976117,287,-7.850057106023883,22.426655670714577,0.008169984509560822,0.006130688115089907,0.010604961021893162,0.0,0.0,5.132405931362882e-05,2.2465860283205075e-09
clsdoa_v1_pilot_005_ep_000765,mp3d.VLzqgDo317F,MP3D,250.00935585477586,250,250,251,242,-8.009355854775862,242,-8.009355854775862,0.7927531047318359,9.560323484321811,0.0,0.016574487397728502,0.0,1.1742842579483992,0.05800817906856537,0.0033649983815848827
clsdoa_v1_pilot_005_ep_000766,mp3d.VVfe2KiqLaN,MP3D,152.61481449594865,152,153,153,273,120.38518550405135,145,-7.61481449594865,122.9028917702643,40.641740257335556,66.20661385852499,104.51706461563299,134.86057888626814,66.54811687831207,0.192454993724823,0.03826682269573212
clsdoa_v1_pilot_005_ep_000767,mp3d.Vvot9Ly1tCj,MP3D,358.93061029200953,358,359,359,351,-7.930610292009533,351,-7.930610292009533,0.569339762233701,0.014956403146597642,0.006130688174539142,0.010604961056260543,0.01368740516211552,0.010604961056260543,8.75643891049549e-05,7.667357415641618e-09
clsdoa_v1_pilot_005_ep_000768,mp3d.aayBHfsNo7d,MP3D,364.3963619786948,364,364,365,356,-8.396361978694813,356,-8.396361978694813,0.08313295719896863,0.0,0.012795462538404977,0.012610603343005936,0.0,0.012232506974606911,8.793464803602546e-05,7.730058371180348e-09
clsdoa_v1_pilot_005_ep_000769,mp3d.r47D5H71a5s,MP3D,76.45359381676309,76,76,77,69,-7.453593816763089,69,-7.453593816763089,1.9090959104164224e-06,0.0,0.02342855136998832,0.010604961056260543,0.0,0.0,2.791909355437383e-05,7.792950174057012e-10
clsdoa_v1_pilot_005_ep_000770,mp3d.pa4otMbVnkk,MP3D,285.2691086586777,285,285,286,350,64.73089134132232,302,16.73089134132232,19.194742414104777,47.22042501074544,25.569741667374334,25.731063182502652,25.860246194838968,21.05152627816147,4.297774225392459e-08,9.042765985000484e-16
clsdoa_v1_pilot_005_ep_000771,mp3d.Z6MFQCViBuw,MP3D,136.23345100485147,136,136,137,129,-7.233451004851474,129,-7.233451004851474,2.9575586669421963e-06,0.013772589741762724,0.020002341353380894,0.020002341353380894,0.010868403927082071,0.0,5.31064833921846e-05,2.8197892909531674e-09
clsdoa_v1_pilot_005_ep_000773,mp3d.rqfALeAoiTq,MP3D,85.5646320150499,85,86,86,78,-7.564632015049895,78,-7.564632015049895,1.2074182697257333e-06,0.01766088644373971,0.0,0.016193360434221322,0.016193360434221322,0.0,2.0768686226801947e-05,4.3150910622458127e-10
clsdoa_v1_pilot_005_ep_000774,mp3d.X7HyMhZNoso,MP3D,270.6547741100523,270,271,271,263,-7.654774110052301,263,-7.654774110052301,1.2316824609371655,0.0,0.0,0.011510248279956654,0.0,0.0,6.78084761602804e-05,4.5980490526176254e-09
clsdoa_v1_pilot_005_ep_000775,mp3d.17DRP5sb8fy,MP3D,114.87455441500927,114,115,115,108,-6.874554415009271,108,-6.874554415009271,8.45192788808014e-06,0.005917264750467628,0.013209758022733734,0.0,0.013209758022733734,0.0,4.452291250345297e-05,1.9818540142324537e-09
clsdoa_v1_pilot_005_ep_000776,mp3d.5LpN3gDmAk7,MP3D,72.1860975562403,72,72,73,65,-7.1860975562402984,65,-7.1860975562402984,1.1000103948581645e-05,0.004344014324564873,0.0,0.0,0.0,0.0,2.691179179237224e-05,7.240013588649674e-10
clsdoa_v1_pilot_005_ep_000777,replica.frl_apartment_5,Replica,260.0454491314758,260,260,261,252,-8.045449131475777,252,-8.045449131475777,0.10162310004830902,0.0,0.0,0.0,0.019656581256896687,0.010186191016411167,6.494765693787485e-05,4.217882043633381e-09
clsdoa_v1_pilot_005_ep_000778,replica.frl_apartment_5,Replica,263.0007978584579,263,263,264,263,-0.0007978584578722803,255,-8.000797858457872,41.576356959699275,89.302340817835,132.4383001981083,44.31537490196639,122.81761237082053,111.36481268633678,1.0,1.0
clsdoa_v1_pilot_005_ep_000779,replica.office_1,Replica,174.85835173406116,174,175,175,167,-7.858351734061159,167,-7.858351734061159,3.5814583638384483,0.02952068336495897,0.005192526591709734,0.005301666863869218,0.005081042466552875,0.0,4.436612653080374e-05,1.9688990438027076e-09
clsdoa_v1_pilot_005_ep_000780,replica.apartment_0,Replica,352.8971943938293,352,353,353,397,44.102805606170705,345,-7.897194393829295,121.5128997793281,0.007682383747704091,0.017860320612865563,0.005493163054914235,0.0,0.0,0.00013473554281517863,7.150295466828993e-09
clsdoa_v1_pilot_005_ep_000781,replica.office_1,Replica,120.55717055367677,120,121,121,113,-7.5571705536767695,113,-7.5571705536767695,0.4437117399217638,0.04785518614288341,0.0036766057816068538,0.003526080404900681,0.0,0.009533853266832362,2.8176225896459073e-05,7.934704560064176e-10
clsdoa_v1_pilot_005_ep_000782,replica.apartment_0,Replica,136.10284261068784,136,136,137,249,112.89715738931216,129,-7.102842610687844,28.706674272163923,54.93921756964307,100.23241441917632,58.14839909987186,57.86175728368499,51.31305851813697,0.2399580329656601,0.570679247379303
clsdoa_v1_pilot_005_ep_000783,mp3d.V2XKFyX4ASd,MP3D,341.8253454465872,341,342,342,334,-7.825345446587221,334,-7.825345446587221,0.2450092484739646,0.011227195436136612,0.0,0.01077574755333883,0.01077574755333883,0.005504668227393278,8.320918277604505e-05,6.924342876857281e-09
clsdoa_v1_pilot_005_ep_000784,mp3d.29hnd4uzFmX,MP3D,249.39658083707442,249,249,250,326,76.60341916292558,242,-7.396580837074424,66.08009123098572,39.688555736885554,118.93377094049714,67.19980773737869,41.06301057674862,31.107787545163823,1.6641005277633667,0.18023714423179626
clsdoa_v1_pilot_005_ep_000785,mp3d.ac26ZMwG7aT,MP3D,108.8771213244524,108,109,109,102,-6.877121324452403,102,-6.877121324452403,1.8280207861926308,0.006348035918568527,0.0,0.018360413517074372,0.0,0.007101597739724542,4.1519258957123384e-05,1.723677311993299e-09
clsdoa_v1_pilot_005_ep_000786,mp3d.cV4RVeZvu5T,MP3D,118.69168747602077,118,119,119,111,-7.691687476020775,111,-7.691687476020775,8.537736462515939e-07,0.016503334571270553,0.0,0.010604961021893162,0.0,0.0,2.9063192414469086e-05,8.448093891111341e-10
clsdoa_v1_pilot_005_ep_000787,mp3d.2t7WUuJeko7,MP3D,160.4963279967383,160,160,161,268,107.5036720032617,181,20.5036720032617,26.241804610694405,59.62049470975613,40.94370869779443,40.703449047802565,40.65701652211908,40.43248229438486,9.616980989335389e-09,1.466792528730389e-16
clsdoa_v1_pilot_005_ep_000788,mp3d.5ZKStnWn8Zo,MP3D,105.32631568294299,105,105,106,98,-7.32631568294299,98,-7.32631568294299,2.2829466680348277e-05,0.014428727373775988,0.0011169310791750192,0.0011169310791750192,0.008725101512810798,0.008725101512810798,3.9879800169728696e-05,1.5904270123101583e-09
clsdoa_v1_pilot_005_ep_000789,replica.room_1,Replica,189.26714480862435,189,189,190,182,-7.2671448086243515,182,-7.2671448086243515,2.091309789151873e-06,0.010528554087649425,0.0,0.0,0.0,0.0,7.503157394239679e-05,5.6302944528852095e-09
clsdoa_v1_pilot_005_ep_000790,replica.room_2,Replica,178.54408425614213,178,179,179,171,-7.544084256142128,171,-7.544084256142128,1.504795282967496,6.239429689918359,0.007129564370870393,0.15318343996513306,0.6878885016564869,2.2263809546445565,0.11036544293165207,0.012195986695587635
clsdoa_v1_pilot_005_ep_000791,replica.office_3,Replica,137.98443535780382,137,138,138,131,-6.984435357803818,131,-6.984435357803818,0.1393733506651099,0.011927074911314343,0.0,0.0,0.0,0.018360413497223796,5.48806092410814e-05,3.0113067595038956e-09
clsdoa_v1_pilot_005_ep_000792,replica.room_1,Replica,115.31520946300941,115,115,116,108,-7.31520946300941,108,-7.31520946300941,3.078324659199975e-06,0.029509472822397416,0.0,0.0,0.016659243470795063,0.0,4.486171019379981e-05,2.011741440099968e-09
clsdoa_v1_pilot_005_ep_000793,replica.room_2,Replica,92.70012303356559,92,93,93,85,-7.700123033565589,85,-7.700123033565589,1.4787793334710982e-06,0.02541402789144968,0.015428799251376236,0.0,0.015459540677115701,0.015367131862038932,2.2566286133951508e-05,5.094678567907351e-10
clsdoa_v1_pilot_005_ep_000794,replica.office_3,Replica,298.86161160369,298,299,299,291,-7.861611603689994,291,-7.861611603689994,1.2074182697257333e-06,0.017154382840302677,0.016193360411714274,0.0,0.0,0.007101597637081522,7.434812869178131e-05,5.529410262994361e-09
clsdoa_v1_pilot_005_ep_000795,mp3d.8WUmhLawc2A,MP3D,164.59467548109834,164,165,165,157,-7.594675481098335,157,-7.594675481098335,0.08186884332415076,10.670066556136662,0.019779606425651786,0.019536230246269493,0.6625568654129991,1.564270250867244,0.025903191417455673,0.0006709567969664931
clsdoa_v1_pilot_005_ep_000796,mp3d.oLBMNvg9in8,MP3D,366.31421603243314,366,366,367,358,-8.314216032433137,358,-8.314216032433137,3.8299300937323495,0.0,0.010604961021893162,0.010604961021893162,0.010604961021893162,0.010604961021893162,8.870016608852893e-05,7.867509310699461e-09
clsdoa_v1_pilot_005_ep_000797,mp3d.PuKPg4mmafe,MP3D,229.8966753778513,229,230,230,222,-7.896675377851295,222,-7.896675377851295,0.09923675162578133,0.0,0.011074511473488646,0.0,0.016493422210838275,0.0,5.7442026445642114e-05,3.2994837972921687e-09
clsdoa_v1_pilot_005_ep_000798,mp3d.q9vSo1VnCiC,MP3D,106.33209976503564,106,106,107,99,-7.332099765035636,99,-7.332099765035636,7.294645231227028e-06,0.019862542314636272,0.0,0.0140340798190779,0.0,0.0,4.06944309361279e-05,1.6558434623448193e-09
clsdoa_v1_pilot_005_ep_000799,mp3d.VFuaQ6m2Qom,MP3D,183.91263732921615,183,184,184,260,76.08736267078385,238,54.08736267078385,25.118285637779657,11.92754378598498,29.52140062319524,29.521404189734675,29.521397974482507,27.53629936343259,4.822455679232007e-08,2.761348160356227e-15
clsdoa_v1_pilot_005_ep_000800,mp3d.7y3sRwLe3Va,MP3D,74.81974502542887,74,75,75,68,-6.8197450254288725,68,-6.8197450254288725,1.344524082641768e-05,0.020642468759551495,0.0,0.012200977351189692,0.0,0.008274452605846017,2.8530719646369107e-05,8.140420004743021e-10
clsdoa_v1_pilot_005_ep_000801,replica.apartment_2,Replica,224.48638936584544,224,224,225,217,-7.48638936584544,217,-7.48638936584544,0.14306218713225163,0.010810229943407634,0.0,0.020074762817267174,0.0,0.0004846908406899264,9.116811270359904e-05,8.31178592619608e-09
clsdoa_v1_pilot_005_ep_000802,replica.room_0,Replica,155.56153288126754,155,156,156,148,-7.561532881267539,148,-7.561532881267539,1.099670342181542,0.024857179745640452,0.0,0.021066677406798247,0.002644047248081816,0.021087711982048934,4.048183836857788e-05,1.6384734680130464e-09
clsdoa_v1_pilot_005_ep_000803,replica.office_2,Replica,107.38944077682952,107,107,108,100,-7.389440776829517,100,-7.389440776829517,8.537736462515939e-07,0.0,0.0,0.0,0.010604961021893162,0.006130688115089907,4.028806870337576e-05,1.6233414612543129e-09
clsdoa_v1_pilot_005_ep_000804,replica.office_4,Replica,289.8622632046783,289,290,290,282,-7.8622632046783,282,-7.8622632046783,0.6656614043108781,0.012337659836401324,0.016193360434221322,0.0,0.0,0.020297404918832973,7.150154851842672e-05,5.110887713044576e-09
clsdoa_v1_pilot_005_ep_000805,replica.frl_apartment_1,Replica,193.81863356162987,193,194,194,186,-7.818633561629866,186,-7.818633561629866,1.740641139681522,0.01875366286048951,0.0,0.0,0.016037112617937544,0.0,4.9377718823961914e-05,2.4379320784362335e-09
clsdoa_v1_pilot_005_ep_000806,replica.apartment_1,Replica,91.72401339936037,91,92,92,84,-7.7240133993603735,84,-7.7240133993603735,1.2074182697257333e-06,0.009502840816277645,0.016193360411714274,0.016193360411714274,0.0,0.018360413497223796,2.1367764929891564e-05,4.5674491966352093e-10
clsdoa_v1_pilot_005_ep_000807,replica.hotel_0,Replica,186.89956470525013,186,187,187,179,-7.899564705250128,179,-7.899564705250128,6.2155659652833185e-06,0.010721686541853888,0.0,0.006491803662185701,0.006491803662185701,0.0,4.6861990995239466e-05,2.196005599586215e-09
clsdoa_v1_pilot_005_ep_000808,replica.office_0,Replica,93.82700672971991,93,94,94,87,-6.827006729719912,87,-6.827006729719912,7.68396281626435e-06,0.0,0.015960106579988136,0.0132300951018215,0.0,0.013620454163772142,3.493561962386593e-05,1.220758938380584e-09
clsdoa_v1_pilot_005_ep_000809,replica.frl_apartment_0,Replica,389.71076135047497,389,390,390,382,-7.710761350474968,382,-7.710761350474968,0.18412106204555811,0.0033561919141287836,0.0,0.0,0.0,0.013687405188743266,9.295291238231584e-05,8.640201443199658e-09
clsdoa_v1_pilot_005_ep_000810,replica.frl_apartment_3,Replica,281.2866274300302,281,281,282,399,117.7133725699698,273,-8.286627430030194,63.31402416460919,83.15125261213126,73.03214797611486,94.36859212784103,103.85137994114693,86.74414963009208,1.0390205383300781,0.18471193313598633
clsdoa_v1_pilot_005_ep_000811,replica.frl_apartment_2,Replica,90.51786899616965,90,91,91,83,-7.517868996169653,83,-7.517868996169653,2.831646840510158e-06,0.0,0.01803751667685183,0.0,0.0,0.01802214497508813,2.1201460185693577e-05,4.495010752503248e-10
clsdoa_v1_pilot_005_ep_000812,replica.frl_apartment_4,Replica,110.65649625037013,110,111,111,103,-7.656496250370125,103,-7.656496250370125,0.0,0.018452872429813954,0.013687405135487777,0.013687405135487777,0.013687405135487777,0.013687405135487777,2.7388037779019214e-05,7.501302357049155e-10
clsdoa_v1_pilot_005_ep_000813,replica.room_0,Replica,155.56153288126754,155,156,156,148,-7.561532881267539,148,-7.561532881267539,1.8503147616367877,0.004461354466211856,0.014373780394597203,0.011474412933348846,0.011486295450081582,0.0,4.048703340231441e-05,1.6370667044185438e-09
clsdoa_v1_pilot_005_ep_000814,replica.apartment_2,Replica,157.89396374404123,157,158,158,150,-7.89396374404123,150,-7.89396374404123,7.944355211839346,21.74633234338669,0.007627212140669157,0.007627212140669157,0.011524587011650185,9.880019856329048,0.34176021814346313,0.12753652036190033
clsdoa_v1_pilot_005_ep_000815,replica.office_2,Replica,340.05548955141177,340,340,341,332,-8.055489551411767,332,-8.055489551411767,0.5142589565120556,0.0048985585690259565,0.014702498326397116,0.0,0.0,0.005654147221528742,8.227533544413745e-05,6.771602834021451e-09
clsdoa_v1_pilot_005_ep_000816,replica.frl_apartment_1,Replica,247.21384082525907,247,247,248,240,-7.213840825259069,240,-7.213840825259069,1.2074182697257333e-06,0.0,0.00948878784731441,0.0040844833741347526,0.009635466064767123,0.012891714303210237,0.00010123314859811217,1.0249637583115145e-08
clsdoa_v1_pilot_005_ep_000817,replica.hotel_0,Replica,186.89956470525013,186,187,187,179,-7.899564705250128,179,-7.899564705250128,6.2155659652833185e-06,0.010721686541853888,0.0,0.006491803662185701,0.006491803662185701,0.0,4.6861990995239466e-05,2.196005599586215e-09
clsdoa_v1_pilot_005_ep_000818,replica.office_0,Replica,265.7303464704339,265,266,266,349,83.26965352956609,258,-7.730346470433915,16.80435959443748,0.009176179712982372,0.0,0.0,0.007790598963084267,0.0,5.163747846381739e-05,3.269337023326102e-09
clsdoa_v1_pilot_005_ep_000819,replica.office_4,Replica,315.1033245251514,315,315,316,307,-8.103324525151379,307,-8.103324525151379,2.831646840510158e-06,0.0,0.01468307291410616,0.012818238022186585,0.0,0.0,7.751109660603106e-05,6.007092157034322e-09
clsdoa_v1_pilot_005_ep_000821,replica.frl_apartment_0,Replica,365.74840773388974,365,366,366,358,-7.748407733889735,358,-7.748407733889735,8.537736462515939e-07,0.0,0.0,0.0,0.0,0.014316035498551531,8.905662252800539e-05,7.930262668764954e-09
clsdoa_v1_pilot_005_ep_000822,replica.room_0,Replica,155.56153288126754,155,156,156,148,-7.561532881267539,148,-7.561532881267539,2.7557338802872664,0.013751040667659193,0.0,0.011510023619082647,0.01444006152807757,0.0,4.049388735438697e-05,1.6393664203917524e-09
clsdoa_v1_pilot_005_ep_000823,replica.frl_apartment_2,Replica,90.51786899616965,90,91,91,83,-7.517868996169653,83,-7.517868996169653,2.831646840510158e-06,0.018188819184010274,0.01802983248436681,0.0,0.0,0.006247454575590623,2.1199135517235845e-05,4.4936068754886094e-10
clsdoa_v1_pilot_005_ep_000824,replica.frl_apartment_3,Replica,77.80909498252397,77,78,78,71,-6.809094982523973,71,-6.809094982523973,18.231733455800274,0.007693891392080252,0.01368740516211552,0.0,0.019978420689329136,0.019978420689329136,2.9657499908353202e-05,8.801612771947021e-10
clsdoa_v1_pilot_005_ep_000825,replica.frl_apartment_4,Replica,94.96559381373011,94,95,95,88,-6.965593813730109,88,-6.965593813730109,4.7536104815230715e-06,0.0,0.01716535327039827,0.002511669731974067,0.007085266316534129,0.01716535327039827,3.681785165099427e-05,1.3558901779120447e-09
clsdoa_v1_pilot_005_ep_000826,replica.office_2,Replica,132.84599930406944,132,133,133,125,-7.845999304069437,125,-7.845999304069437,96.8882799915047,0.014426864480014458,0.021771935056987143,0.010604961056260543,0.006130688174539142,0.0,3.3256630558753386e-05,1.105404101586771e-09
clsdoa_v1_pilot_005_ep_000827,replica.apartment_2,Replica,157.89396374404123,157,158,158,150,-7.89396374404123,150,-7.89396374404123,7.497050020245089,21.201338328315106,0.0,0.26027560484316115,1.7834408764450649,10.43024526442085,0.3060080111026764,0.10279101133346558
clsdoa_v1_pilot_005_ep_000828,replica.office_4,Replica,113.96657071683649,113,114,114,107,-6.966570716836486,107,-6.966570716836486,7.091976543484069e-06,0.019603069746986584,0.015791693016333177,0.0,0.0,0.0,4.3003226892324165e-05,1.8495608378188422e-09
clsdoa_v1_pilot_005_ep_000829,mp3d.XcA2TqTSSAj,MP3D,239.92839686480528,239,240,240,232,-7.928396864805279,232,-7.928396864805279,13.464525678047194,0.015531959522707828,0.0,0.0036417400387487907,0.0035492504171779665,0.0030990745013384155,6.0776026657549664e-05,3.692375294406247e-09
clsdoa_v1_pilot_005_ep_000830,mp3d.e9zR4mvMWw7,MP3D,239.24819354130815,239,239,240,232,-7.248193541308154,232,-7.248193541308154,0.11003778598329081,0.0,0.002129626395154709,0.009111581363488424,0.00952332211767008,0.004458789852824501,9.698207577457651e-05,9.404304890381354e-09
clsdoa_v1_pilot_005_ep_000831,mp3d.gYvKGZ5eRqb,MP3D,148.30586485399047,148,148,149,141,-7.305864853990471,141,-7.305864853990471,0.974222451062152,0.020538367320854928,0.020395253570005812,0.01826781809167451,0.0,0.0073208397916877796,5.706544834538363e-05,3.256835245935008e-09
clsdoa_v1_pilot_005_ep_000833,mp3d.p5wJjkQkbXX,MP3D,110.7191226950161,110,111,111,103,-7.719122695016097,103,-7.719122695016097,2.091309789151873e-06,0.0,0.012990493139599261,0.014065881731368563,0.010145816830455984,0.0,2.624387343530543e-05,6.892355020049479e-10
clsdoa_v1_pilot_005_ep_000834,mp3d.gZ6f7yhEvPG,MP3D,253.07704684319083,253,253,254,245,-8.077046843190828,245,-8.077046843190828,2.9575586669421963e-06,0.0,0.0,0.014942255576012005,0.0,0.0048032160347035715,6.235852924874052e-05,3.888360300408067e-09
clsdoa_v1_pilot_005_ep_000835,mp3d.s8pcmisQ38h,MP3D,378.8614070193604,378,379,379,481,102.1385929806396,371,-7.861407019360399,56.024888128381455,136.62360923691767,15.062966414256856,147.60224433480536,155.72026661169465,151.5674755913142,0.3406253755092621,0.11947570741176605
clsdoa_v1_pilot_005_ep_000836,mp3d.i5noydFURQK,MP3D,221.49582287454714,221,221,222,311,89.50417712545286,250,28.504177125452856,34.639225340262946,131.904139202599,45.14000553376051,37.41962552654286,35.9891049405946,31.97398685612257,1.5995318847217277e-08,1.3833204758031319e-16
clsdoa_v1_pilot_005_ep_000837,mp3d.8194nk5LbLH,MP3D,113.13394579299406,113,113,114,106,-7.133945792994055,106,-7.133945792994055,2.4148365394514667e-06,0.0,0.010604961021893162,0.010604961021893162,0.01368740516211552,0.006130688115089907,4.235330197843723e-05,1.7937994423178338e-09
clsdoa_v1_pilot_005_ep_000839,mp3d.jtcxE69GiFV,MP3D,186.27220029735037,186,186,187,179,-7.272200297350366,179,-7.272200297350366,0.6595013216824038,0.0,0.010009352621208223,0.004829015294435628,0.0,0.0,7.40282193874009e-05,5.479991127543826e-09
clsdoa_v1_pilot_005_ep_000840,mp3d.x8F5xyUWy9e,MP3D,112.16732089063285,112,112,113,105,-7.167320890632851,105,-7.167320890632851,3.306651113363206e-06,0.0,0.0,0.0,0.015436326240954099,0.015436326240954099,4.2043746361741796e-05,1.7680662489638621e-09
clsdoa_v1_pilot_005_ep_000841,mp3d.EDJbREhghzL,MP3D,78.22361619537402,78,78,79,71,-7.223616195374021,71,-7.223616195374021,16.124353709494926,43.308624310049424,0.020297404918832973,0.0,0.022065006443999897,5.006898020438989,0.03846811503171921,0.001523318700492382
clsdoa_v1_pilot_005_ep_000842,mp3d.EU6Fwq7SyZv,MP3D,125.54544212978944,125,126,126,118,-7.545442129789436,118,-7.545442129789436,9.234973977599935e-06,0.0,0.0,0.00998087397335452,0.015791693016333177,0.00998087397335452,3.064281554543413e-05,9.391487587606662e-10
clsdoa_v1_pilot_005_ep_000843,mp3d.JmbYfDe2QKZ,MP3D,74.38478999489965,74,74,75,67,-7.3847899948996485,67,-7.3847899948996485,1.2074182697257333e-06,0.01190350350195443,0.010604961021893162,0.0,0.0,0.018360413497223796,2.6824267479241826e-05,7.195695705952687e-10
clsdoa_v1_pilot_005_ep_000844,mp3d.RPmz2sHmrrY,MP3D,109.60556741989706,109,110,110,102,-7.605567419897056,102,-7.605567419897056,3.6222548091772e-06,0.019812231601833014,0.0,0.0,0.007101597688403032,0.014148936819882076,2.6751939003588632e-05,7.15499992587354e-10
clsdoa_v1_pilot_005_ep_000845,mp3d.S9hNv5qa7GM,MP3D,139.40737182143494,139,139,140,132,-7.4073718214349356,132,-7.4073718214349356,2.561320938754782e-06,0.019964078759181648,0.0,0.0,0.0,0.010604961021893162,5.522905848920345e-05,3.0489366587005406e-09
clsdoa_v1_pilot_005_ep_000846,mp3d.pLe4wQe7qrG,MP3D,225.8056087197084,225,226,226,287,61.1943912802916,222,-3.8056087197084025,8.740262123955311,8.612287421874383,8.612284913682473,8.612266191564503,8.612299567703772,8.61227656599864,0.06939183175563812,0.004877998027950525
clsdoa_v1_pilot_005_ep_000847,mp3d.yqstnuAEVhm,MP3D,333.54533490343056,333,334,334,326,-7.5453349034305575,326,-7.5453349034305575,3.2183864469487733,0.021602552351886187,0.0,0.0,0.0,0.0,8.22219080873765e-05,6.759086179641827e-09
clsdoa_v1_pilot_005_ep_000848,mp3d.2n8kARJN3HM,MP3D,102.32424891599845,102,102,103,95,-7.324248915998453,95,-7.324248915998453,1.0611347375783091,0.0,0.018521730654254557,0.01837728379548622,0.01638964457435047,0.0,3.949196616304107e-05,1.5595728042328005e-09
clsdoa_v1_pilot_005_ep_000849,mp3d.rPc6DW4iMge,MP3D,236.92834875404932,236,237,237,229,-7.928348754049324,229,-7.928348754049324,0.2878403956663777,0.008653532421695358,0.013783707594631356,0.016236297820667128,0.0,0.016200298185733007,5.984656672808342e-05,3.581984708844743e-09
clsdoa_v1_pilot_005_ep_000850,mp3d.2azQ1b91cZZ,MP3D,369.06627652964943,369,369,370,459,89.93372347035057,383,13.933723470350571,20.127180350760185,161.60122952606352,13.561939552151806,13.56193119231894,13.561939552151806,19.153509996610687,1.6518532319764745e-08,1.345711551200551e-16
clsdoa_v1_pilot_005_ep_000851,mp3d.sKLMLpTHeUy,MP3D,148.49662191592387,148,148,149,141,-7.496621915923868,141,-7.496621915923868,3.205983797475814,0.0,0.0,0.012712532050963643,0.013635039442188551,0.0,5.718364627682604e-05,3.268895598651511e-09
clsdoa_v1_pilot_005_ep_000852,mp3d.sT4fr6TAbpF,MP3D,275.2271201829281,275,275,276,374,98.7728798170719,277,1.772879817071896,8.268347863339041,78.10034946537189,34.901146803112326,34.9011562137705,34.901149931013315,34.90116035734855,5.768616517798364e-08,2.1585906212441205e-15
clsdoa_v1_pilot_005_ep_000853,mp3d.TbHJrupSAjP,MP3D,135.5688515942384,135,136,136,256,120.4311484057616,179,43.431148405761604,41.39661778699106,44.88356773153394,49.425180020101465,49.425173295531664,49.42517658302088,50.11983700082323,3.9973748755528504e-08,1.3716747786300101e-15
clsdoa_v1_pilot_005_ep_000854,mp3d.vyrNrziPKCB,MP3D,153.94583511085935,153,154,154,147,-6.945835110859349,147,-6.945835110859349,9.734517300533532e-06,0.0,0.0,0.01793298787649588,0.01793298787649588,0.019820055820726736,5.9293084632372484e-05,3.5161222822210902e-09
clsdoa_v1_pilot_005_ep_000855,mp3d.YVUC4YcDtcY,MP3D,110.24499731156655,110,110,111,103,-7.24499731156655,103,-7.24499731156655,1.463916852406315e-05,0.0032899851464249495,0.0,0.00534649670492134,0.0053102604183701205,0.021559456521894282,4.236100357957184e-05,1.7948365016451362e-09
clsdoa_v1_pilot_005_ep_000856,mp3d.759xd9YjKW5,MP3D,385.0892452576279,385,385,386,414,28.91075474237209,377,-8.089245257627908,38.52514063704623,11.88277426321205,26.24212182082879,38.52892951224085,63.12192742247971,51.02281100586676,0.5542479753494263,0.2181280106306076
clsdoa_v1_pilot_005_ep_000857,replica.office_1,Replica,104.60875025237227,104,105,105,97,-7.608750252372275,97,-7.608750252372275,6.557959812547711e-06,0.019010208835296288,0.0,0.00885369574468085,0.008939219163642487,0.012312636506893326,2.5102313884417526e-05,6.295311494319833e-10
clsdoa_v1_pilot_005_ep_000858,replica.apartment_0,Replica,136.10284261068784,136,136,137,249,112.89715738931216,129,-7.102842610687844,28.706674272163923,54.93921756964307,100.23241441917632,58.14839909987186,57.86175728368499,51.31305851813697,0.2399580329656601,0.570679247379303
clsdoa_v1_pilot_005_ep_000859,replica.apartment_0,Replica,323.79702593257616,323,324,324,450,126.20297406742384,447,123.20297406742384,58.77945900599959,96.80602471346016,58.58417311042056,59.002733641942726,59.08100937453343,59.026763913556564,5.626129251368184e-08,5.75137827581217e-15
clsdoa_v1_pilot_005_ep_000860,replica.office_1,Replica,97.51110992503,97,98,98,90,-7.511109925029999,90,-7.511109925029999,2.091309789151873e-06,0.015868559693835316,0.011796567072078875,0.014516819521294843,0.0,0.0,2.3235455955727957e-05,5.400588309889542e-10
clsdoa_v1_pilot_005_ep_000861,replica.frl_apartment_5,Replica,263.0007978584579,263,263,264,304,40.99920214154213,255,-8.000797858457872,48.48029607973154,68.3130377239197,67.19257542279976,29.76441189410635,30.016444085752926,29.388396387487724,2.1930625438690186,0.10115408152341843
clsdoa_v1_pilot_005_ep_000862,replica.frl_apartment_5,Replica,263.0007978584579,263,263,264,308,44.99920214154213,255,-8.000797858457872,65.36419714212681,64.14127508681982,34.93205159468921,69.510260042287,10.36029121196215,44.17357141179433,0.0778941735625267,0.07824453711509705
clsdoa_v1_pilot_005_ep_000863,mp3d.D7G3Y4RVNrH,MP3D,128.27709561606656,128,128,129,121,-7.2770956160665605,121,-7.2770956160665605,0.6295717736044071,0.02042730374379398,0.005590798050762621,0.0,0.005440031558391683,0.0,4.988765431335196e-05,2.4882065297049394e-09
clsdoa_v1_pilot_005_ep_000864,mp3d.b8cTxDM8gDG,MP3D,249.44556574388258,249,249,250,242,-7.445565743882582,242,-7.445565743882582,1.9090959104164224e-06,0.010407537252294857,0.015033830915708766,0.0,0.0,0.0,0.0001017580580082722,1.0353084611836039e-08
clsdoa_v1_pilot_005_ep_000865,mp3d.zsNo4HB9uLZ,MP3D,212.9323786295036,212,213,213,205,-7.932378629503603,205,-7.932378629503603,6.557959812547711e-06,0.013815767894290064,0.0,0.011175136973607565,0.011139990918296264,0.007399193734341187,5.4989908676361665e-05,3.0245914661719553e-09
clsdoa_v1_pilot_005_ep_000866,mp3d.ULsKaCPVFJR,MP3D,139.31616615426043,139,139,140,132,-7.316166154260429,132,-7.316166154260429,0.9707922782761135,0.0,0.0,0.018707007696257234,0.0,0.0223542358990467,5.459694148157723e-05,2.980313107414645e-09
clsdoa_v1_pilot_005_ep_000867,mp3d.YFuZgdQ5vWj,MP3D,180.29699576619342,180,180,181,173,-7.296995766193419,173,-7.296995766193419,5.3318147119265075e-06,0.011143331652072604,0.019319353778035054,0.0,0.0,0.0,6.95384806022048e-05,4.8347348347022034e-09
clsdoa_v1_pilot_005_ep_000869,replica.room_2,Replica,348.3328782302048,348,348,349,423,74.66712176979519,340,-8.332878230204813,6.029960498405602,16.834843654830827,0.01617683872051797,0.016132292172135666,0.0,0.2836143400038516,0.018139086663722992,0.0002701024350244552
clsdoa_v1_pilot_005_ep_000870,replica.office_3,Replica,89.9319528208016,89,90,90,83,-6.931952820801598,83,-6.931952820801598,4.00455336570039e-06,0.00789968483490396,0.0,0.0,0.0,0.0202974049367892,3.3894051739480346e-05,1.1487900630768877e-09
clsdoa_v1_pilot_005_ep_000871,replica.room_2,Replica,92.70012303356559,92,93,93,85,-7.700123033565589,85,-7.700123033565589,1.7075472925031877e-06,0.02930251945348872,0.015581900013317005,0.0,0.015612340002776453,0.0,2.257897358504124e-05,5.096549848815357e-10
clsdoa_v1_pilot_005_ep_000872,replica.room_1,Replica,189.26714480862435,189,189,190,182,-7.2671448086243515,182,-7.2671448086243515,2.4148365394514667e-06,0.0,0.0,0.0,0.013954246541636104,0.0,7.501374057028443e-05,5.626430432670304e-09
clsdoa_v1_pilot_005_ep_000873,replica.office_3,Replica,206.64456721260112,206,207,207,199,-7.6445672126011175,199,-7.6445672126011175,0.1822930426223354,0.009173565104036512,0.0,0.00868442249523214,0.00959077360941644,0.0,5.247075023362413e-05,2.753883787676159e-09
clsdoa_v1_pilot_005_ep_000874,replica.room_1,Replica,189.26714480862435,189,189,190,182,-7.2671448086243515,182,-7.2671448086243515,2.2588727439225506e-06,0.005754924263767869,0.0,0.0,0.0,0.0,7.501951768063009e-05,5.626634269617625e-09
clsdoa_v1_pilot_005_ep_000875,mp3d.1pXnuDYAj8r,MP3D,118.59610519645523,118,119,119,111,-7.596105196455227,111,-7.596105196455227,1.801122448727122,0.0,0.0,0.007101597688403032,0.020297404918832973,0.01368740516211552,2.890898031182587e-05,8.35682079092237e-10
clsdoa_v1_pilot_005_ep_000876,mp3d.gxdoqLR6rwA,MP3D,195.7685526789272,195,196,196,188,-7.768552678927193,188,-7.768552678927193,2.091309789151873e-06,0.023007315348433383,0.008690744801248982,0.009556701505246989,0.0,0.001277611714448444,5.051025073044002e-05,2.550966327063975e-09
clsdoa_v1_pilot_005_ep_000877,mp3d.GdvgFV5R1Z5,MP3D,296.4312430507842,296,296,297,289,-7.43124305078419,289,-7.43124305078419,2.912511597025132,0.01835187947962548,0.0,0.0,0.0,0.0,0.00012436328688636422,1.546935202156874e-08
clsdoa_v1_pilot_005_ep_000878,mp3d.uNb9QFRL6hY,MP3D,274.3441927631016,274,274,275,320,45.6558072368984,267,-7.344192763101603,39.94034945727648,70.05133116177491,69.82293741546206,65.01716927502906,90.91604676218891,62.07622666023295,0.5627315044403076,0.19078461825847626
clsdoa_v1_pilot_005_ep_000879,mp3d.HxpKQynjfin,MP3D,120.00485475666981,120,120,121,113,-7.004854756669815,113,-7.004854756669815,106.2566157603198,0.011475055867175848,0.0,0.0,0.01368740516211552,0.016193360411714274,4.687936234404333e-05,2.1978556752344502e-09
clsdoa_v1_pilot_005_ep_000880,mp3d.oLBMNvg9in8,MP3D,136.65048588528515,136,137,137,193,56.34951411471485,129,-7.65048588528515,71.77954250660171,132.79095339757518,49.938222959586525,47.676809650947924,39.67424699178837,54.50691959992013,0.7892724871635437,0.05149209871888161
clsdoa_v1_pilot_005_ep_000881,replica.apartment_1,Replica,102.19953826047953,102,102,103,95,-7.199538260479528,95,-7.199538260479528,2.561320938754782e-06,0.0,0.010604961056260543,0.0,0.0,0.01368740516211552,3.977252708864398e-05,1.5821173260377464e-09
clsdoa_v1_pilot_005_ep_000882,replica.frl_apartment_0,Replica,88.52210976031604,88,89,89,81,-7.522109760316042,81,-7.522109760316042,3.306651113363206e-06,0.009993310838273197,0.016193360411714274,0.0,0.016193360411714274,0.016193360411714274,2.2199759769137017e-05,4.928292773875853e-10
clsdoa_v1_pilot_005_ep_000883,replica.frl_apartment_3,Replica,395.5833900808133,395,396,396,387,-8.583390080813274,387,-8.583390080813274,0.1083434673014151,0.004579202994311949,0.012329096818241405,0.0,0.0,0.0,0.000164303564815782,2.6994731783247516e-08
clsdoa_v1_pilot_005_ep_000884,replica.frl_apartment_2,Replica,90.51786899616965,90,91,91,83,-7.517868996169653,83,-7.517868996169653,2.831646840510158e-06,0.018188819184010274,0.01802983248436681,0.0,0.0,0.006247454575590623,2.1199135517235845e-05,4.4936068754886094e-10
clsdoa_v1_pilot_005_ep_000885,replica.frl_apartment_4,Replica,379.8695492625985,379,380,380,372,-7.869549262598525,372,-7.869549262598525,0.12342522106961201,0.0,0.010523139044924124,0.0,0.01790979585049188,0.0,9.15433483896777e-05,8.378505889083954e-09
clsdoa_v1_pilot_005_ep_000886,replica.frl_apartment_1,Replica,193.81863356162987,193,194,194,186,-7.818633561629866,186,-7.818633561629866,0.3939023696337072,0.010042030400859133,0.0,0.0,0.015632101354647855,0.013043351814844195,4.9378530093235895e-05,2.4386690444799797e-09
clsdoa_v1_pilot_005_ep_000887,replica.hotel_0,Replica,109.82993712642518,109,110,110,103,-6.829937126425179,103,-6.829937126425179,8.537736462515939e-07,0.0,0.018075649787390357,0.0,0.0,0.0,4.239152985974215e-05,1.7967567433885279e-09
clsdoa_v1_pilot_005_ep_000888,replica.office_2,Replica,96.85296481652061,96,97,97,90,-6.852964816520611,90,-6.852964816520611,0.4942887763615864,0.0,0.0,0.01368740516211552,0.0,0.0,3.6118941352469847e-05,1.3047195546178614e-09
clsdoa_v1_pilot_005_ep_000889,replica.office_0,Replica,93.82700672971991,93,94,94,87,-6.827006729719912,87,-6.827006729719912,2.091309789151873e-06,0.015940969674251987,0.0,0.0,0.00605135981769119,0.020033241394790215,3.493648182484321e-05,1.2198555499054464e-09
clsdoa_v1_pilot_005_ep_000890,replica.room_0,Replica,136.91846766285815,136,137,137,130,-6.9184676628581485,130,-6.9184676628581485,0.19664235380769618,55.53992082560585,0.0,0.19226216089220463,0.9826521632380864,1.4888906122412555,0.013094889931380749,0.00010949209536192939
clsdoa_v1_pilot_005_ep_000891,replica.apartment_2,Replica,157.89396374404123,157,158,158,150,-7.89396374404123,150,-7.89396374404123,7.9440506508105555,22.673231236386933,0.007367243866416595,0.0,0.011692484249603593,11.337160477312793,0.20526988804340363,0.04578721523284912
clsdoa_v1_pilot_005_ep_000892,replica.office_4,Replica,294.1725726760544,294,294,295,286,-8.172572676054415,286,-8.172572676054415,6.557959812547711e-06,0.011342459192444301,0.0,0.0,0.0,0.0,7.273077062563971e-05,5.289810811603957e-09
clsdoa_v1_pilot_005_ep_000893,replica.frl_apartment_1,Replica,247.21384082525907,247,247,248,240,-7.213840825259069,240,-7.213840825259069,8.233494873389921e-06,0.002089916687224494,0.0,0.0,0.0,0.02099935755423782,0.00010123661922989413,1.024743401245587e-08
clsdoa_v1_pilot_005_ep_000894,replica.hotel_0,Replica,186.89956470525013,186,187,187,179,-7.899564705250128,179,-7.899564705250128,6.2155659652833185e-06,0.010721686541853888,0.0,0.006491803662185701,0.006491803662185701,0.0,4.6861990995239466e-05,2.196005599586215e-09
clsdoa_v1_pilot_005_ep_000895,replica.office_0,Replica,265.7303464704339,265,266,266,349,83.26965352956609,258,-7.730346470433915,16.80435959443748,0.009176179712982372,0.0,0.0,0.007790598963084267,0.0,5.163747846381739e-05,3.269337023326102e-09
clsdoa_v1_pilot_005_ep_000896,replica.room_0,Replica,155.56153288126754,155,156,156,148,-7.561532881267539,148,-7.561532881267539,0.9900398306692456,0.01817323117698013,0.0,0.023819839283027933,0.011405848344483228,0.014319105642097766,4.0483810153091326e-05,1.6386547674329677e-09
clsdoa_v1_pilot_005_ep_000897,replica.apartment_1,Replica,102.19953826047953,102,102,103,95,-7.199538260479528,95,-7.199538260479528,8.144481502960801e-06,0.01466677364359347,0.0,0.007101597739724542,0.007101597739724542,0.007101597739724542,3.976943844463676e-05,1.5814143328185537e-09
clsdoa_v1_pilot_005_ep_000898,replica.frl_apartment_0,Replica,96.05847168368939,96,96,97,89,-7.05847168368939,89,-7.05847168368939,5.72728773124927e-06,0.013659746645311168,0.018007149431229472,0.018007149431229472,0.0,0.0,3.6729983548866585e-05,1.3494113604295421e-09
clsdoa_v1_pilot_005_ep_000899,replica.frl_apartment_3,Replica,313.707269432563,313,314,314,389,75.29273056743699,361,47.29273056743699,62.455541365035,82.00180837370614,53.684487631199865,53.34971341034629,53.218686516888894,53.13249567233125,2.8828397447000498e-08,3.952293054277804e-16
clsdoa_v1_pilot_005_ep_000900,replica.frl_apartment_4,Replica,416.9263447445759,416,417,417,409,-7.926344744575886,409,-7.926344744575886,1.2074182697257333e-06,0.0,0.0,0.01619336045672837,0.013687405188743266,0.0,0.00010118960926774889,1.0241681280831472e-08
clsdoa_v1_pilot_005_ep_000901,replica.office_2,Replica,397.9967304504152,397,398,398,390,-7.996730450415214,390,-7.996730450415214,23.221342256832088,0.011347197434036317,0.007101597688403032,0.007101597688403032,0.0,0.018360413477373223,9.491940727457404e-05,9.009555768102473e-09
clsdoa_v1_pilot_005_ep_000902,replica.apartment_2,Replica,157.89396374404123,157,158,158,150,-7.89396374404123,150,-7.89396374404123,9.219912505060037,22.757011490909726,0.007627212140669157,0.007627212140669157,0.011692484249603593,10.70927917771002,0.3646300733089447,0.1456625759601593
clsdoa_v1_pilot_005_ep_000903,replica.frl_apartment_1,Replica,247.21384082525907,247,247,248,240,-7.213840825259069,240,-7.213840825259069,8.537736462515939e-07,0.0,0.009779944633313935,0.005009824012723888,0.0047215702793779145,0.005009824012723888,0.00010123009269591421,1.0249227244685244e-08
clsdoa_v1_pilot_005_ep_000904,replica.frl_apartment_2,Replica,90.51786899616965,90,91,91,83,-7.517868996169653,83,-7.517868996169653,8.537736462515939e-07,0.0,0.0,0.0,0.0,0.01573911962398595,2.1198617105255835e-05,4.4938006094064065e-10
clsdoa_v1_pilot_005_ep_000905,replica.office_4,Replica,278.50523221051,278,279,279,271,-7.505232210509973,271,-7.505232210509973,0.5756749731858265,0.008105029090257895,0.009056274406044479,0.0,0.0,0.019851276307356423,6.94455811753869e-05,4.821744337135669e-09
clsdoa_v1_pilot_005_ep_000906,replica.hotel_0,Replica,186.89956470525013,186,187,187,179,-7.899564705250128,179,-7.899564705250128,0.21106035805613846,0.021749170977652246,0.0,0.006005773909190167,0.010840376038964364,0.0,4.686720058089122e-05,2.1955415263619216e-09
clsdoa_v1_pilot_005_ep_000907,replica.office_0,Replica,265.7303464704339,265,266,266,258,-7.730346470433915,258,-7.730346470433915,104.68692918106062,0.021821919328362596,0.0,0.0,0.018608460797142096,0.0,6.600055348826572e-05,4.354605120937549e-09
clsdoa_v1_pilot_005_ep_000908,replica.apartment_1,Replica,97.6760750878806,97,98,98,211,113.3239249121194,90,-7.676075087880605,88.87990109375669,97.12748846699958,74.00877289335715,107.91085037112734,106.62306582094735,119.81633684046406,0.9067948460578918,0.11558644473552704
clsdoa_v1_pilot_005_ep_000909,mp3d.ARNzJeq3xxb,MP3D,309.73628834926046,309,310,310,302,-7.736288349260462,302,-7.736288349260462,0.03084653289728697,13.242627448059997,0.017636754044544473,0.014635996699144572,0.0,1.1653292172912706,0.040338754653930664,0.0016272951615974307
clsdoa_v1_pilot_005_ep_000910,mp3d.82sE5b5pLXE,MP3D,186.37232565085478,186,186,187,179,-7.372325650854776,179,-7.372325650854776,18.059605158652566,0.0,0.004714216160425689,0.0,0.0,0.0,7.372790423687547e-05,5.436126215840886e-09
clsdoa_v1_pilot_005_ep_000911,mp3d.YmJkqBEsHnH,MP3D,90.61549453858305,90,91,91,83,-7.61549453858305,83,-7.61549453858305,0.10036834652685771,0.0,0.01119430891199051,0.01119430891199051,0.01119430891199051,0.01119430891199051,2.181938907597214e-05,4.762727989771065e-10
clsdoa_v1_pilot_005_ep_000912,mp3d.B6ByNegPMKs,MP3D,310.9607650111763,310,311,311,379,68.0392349888237,303,-7.960765011176306,62.79174899372371,59.4531866105093,99.91028202102017,82.43722526071093,40.07479330072563,79.87501985898045,0.5502293705940247,0.1417054533958435
clsdoa_v1_pilot_005_ep_000913,mp3d.ZMojNkEp431,MP3D,91.88423942673242,91,92,92,85,-6.884239426732421,85,-6.884239426732421,2.2588727439225506e-06,0.00780334905382766,0.0,0.006130688115089907,0.006130688115089907,0.0,3.435550752328709e-05,1.1812099076635718e-09
clsdoa_v1_pilot_005_ep_000914,mp3d.gTV8FGcVJC9,MP3D,95.0976562783978,95,95,96,88,-7.097656278397807,88,-7.097656278397807,5.4668187275950014e-06,0.0,0.0,0.006130688115089907,0.0,0.0,3.624010059866123e-05,1.313302355754331e-09
clsdoa_v1_pilot_005_ep_000915,mp3d.D7N2EKCX4Sj,MP3D,243.72102851348276,243,244,244,236,-7.721028513482764,236,-7.721028513482764,1.2946863280220273,5.6689641673185776,0.0,0.006130688115089907,0.010604961021893162,1.288795106080006,0.05462627112865448,0.0029840469360351562
clsdoa_v1_pilot_005_ep_000916,mp3d.QUCTc6BB5sX,MP3D,392.87417509328543,392,393,393,474,81.12582490671457,385,-7.87417509328543,5.324613692309103,0.0,0.009923269589693674,0.0,0.0,0.009923269589693674,9.5792391221039e-05,8.306061616281113e-09
clsdoa_v1_pilot_005_ep_000917,mp3d.JF19kD82Mey,MP3D,273.28494876849055,273,273,274,266,-7.284948768490551,266,-7.284948768490551,0.14018119392888365,0.0,0.01772668550208939,0.0155067222746952,0.015406206106569294,0.012789614652978598,0.00011386084224795923,1.2963722539893752e-08
clsdoa_v1_pilot_005_ep_000918,mp3d.JeFG25nYj2p,MP3D,231.45701026896276,231,231,232,301,69.54298973103724,284,52.54298973103724,59.635759853693436,56.42283821060921,47.882575334355295,49.90693710385837,52.485990620728835,57.875475934526854,2.914752883498295e-08,5.238215858454124e-16
clsdoa_v1_pilot_005_ep_000919,mp3d.PX4nDJXEHrG,MP3D,92.4257731679345,92,92,93,85,-7.425773167934494,85,-7.425773167934494,1.1197136397927998e-05,0.010556251138659151,0.006270060416375985,0.006270060416375985,0.0,0.018336944668958324,3.632565858424641e-05,1.319415909861732e-09
clsdoa_v1_pilot_005_ep_000920,mp3d.UwV83HsGsw3,MP3D,93.63457612225575,93,94,94,86,-7.634576122255751,86,-7.634576122255751,1.1197136397927998e-05,0.02166928088547342,0.01409693560062252,0.0,0.01639432483317801,0.0,2.1716161427320912e-05,4.718140877990606e-10
clsdoa_v1_pilot_005_ep_000921,mp3d.jh4fc5c5qoQ,MP3D,125.72547836633012,125,126,126,118,-7.7254783663301225,118,-7.7254783663301225,2.831646840510158e-06,0.008797558993996655,0.0,0.0,0.0,0.011102448188134795,3.114475475740619e-05,9.699964165221786e-10
clsdoa_v1_pilot_005_ep_000922,mp3d.Pm6F8kyY3z2,MP3D,271.56932341475044,271,272,272,264,-7.569323414750443,264,-7.569323414750443,0.8048533352120696,0.0,0.0,0.018451766057932886,0.0,0.013853225587529643,6.699508230667561e-05,4.488367455479647e-09
clsdoa_v1_pilot_005_ep_000923,mp3d.SN83YJsR3w2,MP3D,242.15736140161405,242,242,243,358,115.84263859838595,272,29.842638598385946,45.42473204728136,103.22003697197972,56.60464215881291,54.5271969139975,50.12724442936948,47.84044386268687,1.0063460287312864e-08,5.471919196918731e-17
clsdoa_v1_pilot_005_ep_000924,mp3d.Uxmj2M2itWa,MP3D,198.7018839655482,198,199,199,191,-7.701883965548205,191,-7.701883965548205,5.663293681020318e-06,0.0,0.0,0.0,0.0,0.0,5.024351048632525e-05,2.525364140026909e-09
clsdoa_v1_pilot_005_ep_000925,mp3d.VLzqgDo317F,MP3D,250.00935585477586,250,250,251,242,-8.009355854775862,242,-8.009355854775862,0.8503686706316197,8.850856442529167,0.0,0.016576792330991914,0.20440707836696692,1.4213186100903517,0.013258485123515129,0.00017577751714270562
clsdoa_v1_pilot_005_ep_000926,mp3d.mJXqzFtmKg4,MP3D,108.89063173906212,108,109,109,102,-6.8906317390621155,102,-6.8906317390621155,3.4150945850063763e-06,0.0,0.019978420689329136,0.006130688174539142,0.0,0.0,4.071147122886032e-05,1.6572035965722876e-09
clsdoa_v1_pilot_005_ep_000927,mp3d.Vt2qJdWjCF2,MP3D,88.67540660289347,88,89,89,81,-7.675406602893474,81,-7.675406602893474,1.6018213462801612e-05,0.034774169598041776,0.0,0.008692917584868932,0.008692917584868932,0.017065002833381325,2.0722070985357277e-05,4.290552357844035e-10
clsdoa_v1_pilot_005_ep_000928,mp3d.Vvot9Ly1tCj,MP3D,343.2927140646308,343,343,344,335,-8.292714064630786,335,-8.292714064630786,3.306651113363206e-06,0.0,0.0051559911484888934,0.0051559911484888934,0.0051559911484888934,0.004508469586257227,8.304408402182162e-05,6.8961130139655324e-09
clsdoa_v1_pilot_005_ep_000929,mp3d.pRbA3pwrgk9,MP3D,134.70968904859026,134,135,135,127,-7.709689048590263,127,-7.709689048590263,0.04132705329264015,0.020049818073059063,0.015378676549106218,0.0,0.005821551694994575,0.0,3.3353539038216695e-05,1.112394287794416e-09
clsdoa_v1_pilot_005_ep_000930,mp3d.Z6MFQCViBuw,MP3D,136.23345100485147,136,136,137,129,-7.233451004851474,129,-7.233451004851474,1.2605816820395112e-05,0.011263051176292095,0.019527124654155566,0.0,0.0,0.0,5.309458720148541e-05,2.8191577960967606e-09
clsdoa_v1_pilot_005_ep_000931,mp3d.aayBHfsNo7d,MP3D,362.7130116482931,362,363,363,355,-7.713011648293104,355,-7.713011648293104,4.353408482428142e-06,0.0,0.0,0.0,0.007101597688403032,0.020297404900876753,8.816440094960853e-05,7.771893351105064e-09
clsdoa_v1_pilot_005_ep_000932,mp3d.pa4otMbVnkk,MP3D,283.1156734456488,283,283,284,275,-8.115673445648781,275,-8.115673445648781,0.4339203946668737,0.007950795909068152,0.010604961021893162,0.0,0.006130688115089907,0.0,7.209921750472859e-05,5.199417341117396e-09
clsdoa_v1_pilot_005_ep_000933,mp3d.VVfe2KiqLaN,MP3D,264.53427036778004,264,265,265,257,-7.534270367780039,257,-7.534270367780039,0.921564077482659,0.012860543115537878,0.0,0.0,0.0052512059372948885,0.010120037807264996,6.644926179433241e-05,4.4149781608382455e-09
clsdoa_v1_pilot_005_ep_000934,mp3d.p5wJjkQkbXX,MP3D,110.7191226950161,110,111,111,103,-7.719122695016097,103,-7.719122695016097,3.078324659199975e-06,0.0276869742681067,0.02094532032751782,0.019689385185203488,0.007567400600468312,0.012336003429905765,2.6241823434247635e-05,6.88396839532146e-10
clsdoa_v1_pilot_005_ep_000935,mp3d.WYY7iVyf5p8,MP3D,178.36199679160086,178,178,179,289,110.63800320839914,236,57.63800320839914,21.89293804166218,18.182140163916397,22.141479407327047,22.14148539264777,22.141485035686035,22.141487192236017,3.97581345623621e-08,8.131054131289438e-16
clsdoa_v1_pilot_005_ep_000936,mp3d.X7HyMhZNoso,MP3D,149.24304052102988,149,149,150,142,-7.243040521029883,142,-7.243040521029883,6.722620413208828e-06,0.0,0.010304484396908974,0.010304484396908974,0.0,0.007522727265360675,5.714665530831553e-05,3.2659175364102566e-09
clsdoa_v1_pilot_005_ep_000937,replica.frl_apartment_5,Replica,260.0454491314758,260,260,261,252,-8.045449131475777,252,-8.045449131475777,0.058219702106391755,0.0,0.0,0.0,0.0,0.013104311429519119,6.494407716672868e-05,4.2171661718271025e-09
clsdoa_v1_pilot_005_ep_000938,replica.office_1,Replica,104.60875025237227,104,105,105,97,-7.608750252372275,97,-7.608750252372275,0.0,0.013033240762266361,0.0,0.0,0.017569267986172758,0.005352502487137055,2.52221852861112e-05,6.358477078194369e-10
clsdoa_v1_pilot_005_ep_000939,replica.frl_apartment_5,Replica,263.0007978584579,263,263,264,263,-0.0007978584578722803,255,-8.000797858457872,41.576356959699275,89.302340817835,132.4383001981083,44.31537490196639,122.81761237082053,111.36481268633678,1.0,1.0
clsdoa_v1_pilot_005_ep_000940,replica.apartment_0,Replica,381.558211739698,381,382,382,496,114.44178826030202,495,113.44178826030202,87.54135124236046,63.76342871088171,78.690721167001,78.69068761073486,78.6906801187573,78.69064766659675,7.619561301908107e-07,7.705943630594014e-13
clsdoa_v1_pilot_005_ep_000941,replica.frl_apartment_5,Replica,260.0454491314758,260,260,261,252,-8.045449131475777,252,-8.045449131475777,0.0023236773229119503,0.010936412463505013,0.0,0.0,0.021472849708083427,0.010350231128363557,6.494650733657181e-05,4.218567717373389e-09
clsdoa_v1_pilot_005_ep_000942,replica.office_1,Replica,94.82854276358864,94,95,95,88,-6.8285427635886435,88,-6.8285427635886435,1.4787793334710982e-06,0.007493472807947669,0.007822125519337794,0.007836214621457513,0.007779705168540315,0.011616809605705235,3.521417238516733e-05,1.2406500271566756e-09
clsdoa_v1_pilot_005_ep_000943,mp3d.zsNo4HB9uLZ,MP3D,74.19588727623226,74,74,75,67,-7.195887276232256,67,-7.195887276232256,1.4688877218970437e-05,0.0,0.0,0.0,0.01143206366936201,0.01212720829478178,2.7655039957608096e-05,7.646965283214513e-10
clsdoa_v1_pilot_005_ep_000944,mp3d.V2XKFyX4ASd,MP3D,128.74927193480227,128,129,129,121,-7.749271934802266,121,-7.749271934802266,0.5665852965940711,24.35068569082645,0.0,0.0,2.280468378925682,5.48434247994363,0.07371079921722412,0.005835485644638538
clsdoa_v1_pilot_005_ep_000945,mp3d.ac26ZMwG7aT,MP3D,290.1555651460657,290,290,291,398,107.84443485393427,282,-8.155565146065726,95.86429525255967,164.56199343321398,81.39037447553554,16.995668450071587,7.229403370831819,7.962028081452392,0.5705851316452026,0.2227659821510315
clsdoa_v1_pilot_005_ep_000946,mp3d.cV4RVeZvu5T,MP3D,81.62990890561561,81,82,82,74,-7.629908905615608,74,-7.629908905615608,1.0154917640916254,0.014837507630502494,0.01199263887680896,0.0,0.0,0.0,1.967643402167596e-05,3.872037135366213e-10
clsdoa_v1_pilot_005_ep_000947,mp3d.r1Q1Z4BcV1o,MP3D,260.34755532541027,260,260,261,253,-7.347555325410269,253,-7.347555325410269,1.4787793334710982e-06,0.0,0.0,0.0,0.01785566585898465,0.0,0.0001072662926162593,1.150499606694666e-08
clsdoa_v1_pilot_005_ep_000948,mp3d.b8cTxDM8gDG,MP3D,231.53825218497704,231,232,232,224,-7.53825218497704,224,-7.53825218497704,0.19513692705643002,0.008809896076071808,0.0,0.0,0.0,0.00917609117986644,5.742165012634359e-05,3.296138695318973e-09
clsdoa_v1_pilot_005_ep_000949,replica.room_2,Replica,320.6199491291116,320,321,321,313,-7.619949129111603,313,-7.619949129111603,1.3080863693795226,0.004065347909419029,0.0,0.008517309148275561,0.011024280211121203,0.0,7.977342465892434e-05,6.363867655068134e-09
clsdoa_v1_pilot_005_ep_000950,replica.office_3,Replica,118.33510955997694,118,118,119,111,-7.335109559976942,111,-7.335109559976942,1.7934793750485916,0.0,0.02248366481430731,0.014707146082351196,0.0,0.0,4.494554377743043e-05,2.0195343175544167e-09
clsdoa_v1_pilot_005_ep_000951,replica.room_2,Replica,92.70012303356559,92,93,93,85,-7.700123033565589,85,-7.700123033565589,1.7075472925031877e-06,0.0,0.01555140044136761,0.0,0.015428799298620965,0.015305216077477894,2.256832885905169e-05,5.094809019112745e-10
clsdoa_v1_pilot_005_ep_000952,replica.room_1,Replica,115.31520946300941,115,115,116,108,-7.31520946300941,108,-7.31520946300941,4.00455336570039e-06,0.007541432449441098,0.0,0.0,0.012296627807684826,0.008903860012617067,4.4862277718493715e-05,2.0116028842664946e-09
clsdoa_v1_pilot_005_ep_000953,replica.room_1,Replica,189.26714480862435,189,189,190,182,-7.2671448086243515,182,-7.2671448086243515,2.091309789151873e-06,0.010528554087649425,0.0,0.0,0.0,0.0,7.503157394239679e-05,5.6302944528852095e-09
clsdoa_v1_pilot_005_ep_000954,replica.room_1,Replica,189.26714480862435,189,189,190,182,-7.2671448086243515,182,-7.2671448086243515,2.2588727439225506e-06,0.0,0.0,0.016398195153332174,0.0,0.0,7.500604988308623e-05,5.6279216842369806e-09
clsdoa_v1_pilot_005_ep_000955,mp3d.ur6pFq6Qu1A,MP3D,239.21047621228618,239,239,240,232,-7.210476212286181,232,-7.210476212286181,1.990048058695841,0.0,0.0,0.0,0.0,0.0,9.597452299203724e-05,9.210624263289446e-09
clsdoa_v1_pilot_005_ep_000956,mp3d.5q7pvUzZiYa,MP3D,272.7159123045578,272,273,273,265,-7.715912304557776,265,-7.715912304557776,9.584034084939148,0.011484260018572081,0.0,0.0,0.01925885430131187,0.0,6.752297485945746e-05,4.5603356646495286e-09
clsdoa_v1_pilot_005_ep_000957,mp3d.8WUmhLawc2A,MP3D,164.59467548109834,164,165,165,157,-7.594675481098335,157,-7.594675481098335,1.1799386545725382e-05,0.0,0.007699335150047731,0.007050618733453058,0.007050618733453058,0.0,4.1473173041595146e-05,1.7195390666913113e-09
clsdoa_v1_pilot_005_ep_000958,mp3d.VFuaQ6m2Qom,MP3D,94.21497809884579,94,94,95,87,-7.2149780988457906,87,-7.2149780988457906,9.468807791963592e-06,0.011051302950746746,0.0162438431502948,0.0,0.0,0.0,3.507401197566651e-05,1.2302148189036188e-09
clsdoa_v1_pilot_005_ep_000959,mp3d.q9vSo1VnCiC,MP3D,105.23589659303921,105,105,106,98,-7.2358965930392145,98,-7.2358965930392145,8.913658556096819e-06,0.01608590432432865,0.0,0.014148936819882076,0.0,0.0,4.0372393414145336e-05,1.6297230231998583e-09
clsdoa_v1_pilot_005_ep_000960,mp3d.1pXnuDYAj8r,MP3D,379.1721623756448,379,379,380,487,107.8278376243552,486,106.8278376243552,76.52705213756745,114.37576610711601,68.05521027936913,68.05521367865263,68.05521041525638,68.05520914311428,4.468861547479719e-08,9.63293470869226e-15
