episode_id,family,split,yaw_deg,frozen_distance,independent_distance,distance_error,frozen_doa_x,frozen_doa_y,frozen_doa_z,independent_doa_x,independent_doa_y,independent_doa_z,vector_component_max_error,angular_error_deg,frozen_azimuth,independent_azimuth,azimuth_error_deg,frozen_elevation,independent_elevation,elevation_error_deg,status
clsdoa_v1_pilot_005_ep_000001,Replica,train,-27.531957204470917,5.261074456793334,5.261074456793334,0.0,0.375706932047216,-0.19007524189450606,-0.9070367708259759,0.37570693204721606,-0.19007524189450606,-0.9070367708259757,2.220446049250313e-16,0.0,22.5,22.5,0.0,-10.957175261054712,-10.957175261054713,1.7763568394002505e-15,PASS
clsdoa_v1_pilot_005_ep_000002,Replica,train,-22.15701154726382,2.2565678985085893,2.2565678985085893,0.0,-0.9209415595810639,0.07968666965524807,-0.3814664841315066,-0.9209415595810639,0.07968666965524807,-0.3814664841315066,0.0,8.537736462515939e-07,-67.5,-67.5,0.0,4.570555731066136,4.570555731066136,0.0,PASS
clsdoa_v1_pilot_005_ep_000003,Replica,train,-117.25141211291879,2.267325943098967,2.267325943098967,0.0,0.9238795325112866,0.0,-0.3826834323650898,0.9238795325112866,0.0,-0.3826834323650898,0.0,1.2074182697257333e-06,67.5,67.5,0.0,0.0,0.0,0.0,PASS
clsdoa_v1_pilot_005_ep_000004,Replica,train,-93.64575259641893,3.5330978084609943,3.5330978084609943,0.0,0.3820537283564878,0.05734356188123995,0.9223592925534385,0.3820537283564877,0.05734356188123995,0.9223592925534385,1.1102230246251565e-16,0.0,157.5,157.5,0.0,3.287347381436396,3.2873473814363963,4.440892098500626e-16,PASS
clsdoa_v1_pilot_005_ep_000005,Replica,train,-72.00540982028025,2.804452646041798,2.804452646041798,0.0,0.9238795325112867,0.0,0.3826834323650897,0.9238795325112866,0.0,0.3826834323650897,1.1102230246251565e-16,1.2074182697257333e-06,112.5,112.5,0.0,0.0,0.0,0.0,PASS
clsdoa_v1_pilot_005_ep_000006,Replica,train,-165.66607471903478,5.786119648552452,5.786119648552452,0.0,0.920423613363339,0.0864136987082678,0.38125194378354516,0.920423613363339,0.0864136987082678,0.38125194378354504,1.1102230246251565e-16,0.0,112.5,112.5,0.0,4.957322990754195,4.957322990754195,0.0,PASS
clsdoa_v1_pilot_005_ep_000007,Replica,train,-63.07294581794884,1.293651211070258,1.293651211070258,0.0,0.923642254831719,-0.02266250336934549,0.3825851487321645,0.923642254831719,-0.02266250336934549,0.3825851487321645,0.0,0.0,112.5,112.5,0.0,-1.2985769682643469,-1.2985769682643469,0.0,PASS
clsdoa_v1_pilot_005_ep_000008,Replica,train,-55.409835559014624,2.671106278912533,2.671106278912533,0.0,0.38177353643370643,0.06891800908405869,0.9216828494133928,0.38177353643370643,0.06891800908405869,0.9216828494133928,0.0,0.0,157.5,157.5,0.0,3.951843613204478,3.951843613204478,0.0,PASS
clsdoa_v1_pilot_005_ep_000009,Replica,train,-124.92824325760736,5.688036606020518,5.688036606020518,0.0,0.38268343236509,0.0,0.9238795325112868,0.38268343236509,0.0,0.9238795325112866,2.220446049250313e-16,0.0,157.5,157.5,0.0,0.0,0.0,0.0,PASS
clsdoa_v1_pilot_005_ep_000010,Replica,train,42.913167691468146,4.1726799246694934,4.1726799246694934,0.0,-0.3799261137826335,0.11982706774222651,0.9172227765937374,-0.3799261137826335,0.11982706774222651,0.9172227765937373,1.1102230246251565e-16,1.2074182697257333e-06,-157.5,-157.5,0.0,6.882122276341225,6.882122276341226,8.881784197001252e-16,PASS
clsdoa_v1_pilot_005_ep_000011,Replica,train,76.08798340944858,3.7977295349732847,3.7977295349732847,0.0,-0.9232571887896313,-0.03669858602931108,-0.38242564915512245,-0.9232571887896313,-0.03669858602931108,-0.38242564915512245,0.0,0.0,-67.5,-67.5,0.0,-2.103146355263823,-2.103146355263823,0.0,PASS
clsdoa_v1_pilot_005_ep_000012,Replica,train,-14.340832847104267,1.3959539064642936,1.3959539064642936,0.0,-0.9238795325112866,0.0,-0.3826834323650897,-0.9238795325112866,0.0,-0.3826834323650897,0.0,1.478779333471098e-06,-67.5,-67.5,0.0,0.0,0.0,0.0,PASS
clsdoa_v1_pilot_005_ep_000013,Replica,train,249.84926533269805,3.208284648020208,3.208284648020208,0.0,-0.8841712346276258,-0.2900217708476507,0.3662357168429271,-0.8841712346276258,-0.2900217708476507,0.3662357168429271,0.0,0.0,-112.50000000000004,-112.50000000000004,0.0,-16.859259415659917,-16.859259415659917,0.0,PASS
clsdoa_v1_pilot_005_ep_000014,Replica,train,149.4816505963885,2.223233574094782,2.223233574094782,0.0,-0.38265962350985305,-0.011154694221757213,0.9238220528500695,-0.382659623509853,-0.011154694221757213,0.9238220528500695,5.551115123125783e-17,8.537736462515939e-07,-157.5,-157.5,0.0,-0.6391301553292358,-0.6391301553292358,0.0,PASS
clsdoa_v1_pilot_005_ep_000015,Replica,train,35.05282950534388,1.6126221145635782,1.6126221145635782,0.0,-0.7247986388334039,-0.6201080779985637,0.30022142619435443,-0.7247986388334039,-0.6201080779985637,0.30022142619435443,0.0,0.0,-112.5,-112.5,0.0,-38.324027331135795,-38.324027331135795,0.0,PASS
clsdoa_v1_pilot_005_ep_000016,Replica,train,200.98927591669386,4.634635713356225,4.634635713356224,8.881784197001252e-16,-0.3804499234746284,0.1078833442203636,0.9184873650562537,-0.38044992347462847,0.10788334422036361,0.918487365056254,2.220446049250313e-16,0.0,-157.5,-157.5,0.0,6.193313966763687,6.193313966763687,0.0,PASS
clsdoa_v1_pilot_005_ep_000017,Replica,train,116.92705418205117,1.293651211070258,1.293651211070258,0.0,-0.923642254831719,-0.02266250336934549,-0.3825851487321644,-0.923642254831719,-0.02266250336934549,-0.3825851487321644,0.0,0.0,-67.5,-67.5,0.0,-1.2985769682643469,-1.2985769682643469,0.0,PASS
clsdoa_v1_pilot_005_ep_000018,Replica,train,40.30464270586173,1.5814657589115397,1.5814657589115397,0.0,-0.3826834323650898,0.0,-0.9238795325112867,-0.3826834323650898,0.0,-0.9238795325112867,0.0,0.0,-22.5,-22.5,0.0,0.0,0.0,0.0,PASS
clsdoa_v1_pilot_005_ep_000019,Replica,train,-142.7036158177774,1.384190288836107,1.384190288836107,0.0,-0.38268343236508956,0.0,-0.9238795325112868,-0.38268343236508956,0.0,-0.9238795325112868,0.0,0.0,-22.5,-22.5,0.0,0.0,0.0,0.0,PASS
clsdoa_v1_pilot_005_ep_000020,Replica,train,28.25689525448228,2.7699913046516267,2.7699913046516267,0.0,-0.3793804521296858,0.13110190941797373,-0.9159054328307243,-0.37938045212968574,0.13110190941797373,-0.9159054328307243,5.551115123125783e-17,8.537736462515939e-07,-22.5,-22.5,0.0,7.533272075678038,7.533272075678038,0.0,PASS
clsdoa_v1_pilot_005_ep_000021,Replica,train,278.74522378424496,1.6287722398281215,1.6287722398281215,0.0,-0.9238795325112866,0.0,0.38268343236509,-0.9238795325112867,0.0,0.38268343236509,1.1102230246251565e-16,0.0,-112.50000000000003,-112.50000000000001,0.0,0.0,0.0,0.0,PASS
clsdoa_v1_pilot_005_ep_000022,Replica,train,-28.03405620157153,2.0676931257451736,2.0676931257451736,0.0,-0.8964608918988702,0.24181538051968207,0.3713262595615934,-0.8964608918988702,0.24181538051968207,0.3713262595615933,5.551115123125783e-17,0.0,-112.50000000000003,-112.50000000000001,0.0,13.99371039068953,13.99371039068953,0.0,PASS
clsdoa_v1_pilot_005_ep_000023,Replica,train,44.08088605121968,1.8883278379153503,1.8883278379153503,0.0,0.9238795325112866,0.0,-0.38268343236509,0.9238795325112865,0.0,-0.38268343236508995,1.1102230246251565e-16,1.2074182697257333e-06,67.5,67.5,0.0,0.0,0.0,0.0,PASS
clsdoa_v1_pilot_005_ep_000024,Replica,train,71.92705418205117,1.293651211070258,1.293651211070258,0.0,-0.3825851487321644,-0.02266250336934549,-0.923642254831719,-0.3825851487321645,-0.02266250336934549,-0.923642254831719,5.551115123125783e-17,0.0,-22.5,-22.5,0.0,-1.2985769682643469,-1.2985769682643469,0.0,PASS
clsdoa_v1_pilot_005_ep_000025,Replica,train,51.855469579448624,1.4987061170424056,1.4987061170424056,0.0,0.9238795325112866,0.0,-0.38268343236509006,0.9238795325112866,0.0,-0.38268343236509006,0.0,0.0,67.5,67.5,0.0,0.0,0.0,0.0,PASS
clsdoa_v1_pilot_005_ep_000026,Replica,train,175.30464270586174,1.5814657589115397,1.5814657589115397,0.0,-0.38268343236508967,0.0,0.9238795325112868,-0.38268343236508967,0.0,0.9238795325112868,0.0,0.0,-157.50000000000003,-157.50000000000003,0.0,0.0,0.0,0.0,PASS
clsdoa_v1_pilot_005_ep_000027,Replica,train,-162.6761030584911,4.834170904370063,4.834170904370063,0.0,0.3826834323650899,0.0,-0.9238795325112866,0.3826834323650899,0.0,-0.9238795325112866,0.0,8.537736462515939e-07,22.5,22.5,0.0,0.0,0.0,0.0,PASS
clsdoa_v1_pilot_005_ep_000028,Replica,train,79.59016444098538,2.671106278912533,2.671106278912533,0.0,0.38177353643370643,0.06891800908405869,-0.9216828494133928,0.38177353643370643,0.06891800908405869,-0.9216828494133928,0.0,0.0,22.5,22.5,0.0,3.951843613204478,3.951843613204478,0.0,PASS
clsdoa_v1_pilot_005_ep_000029,MP3D,train,11.296183463585109,3.2531325217329576,3.2531325217329576,0.0,-0.9238795325112867,0.0,-0.3826834323650899,-0.9238795325112867,0.0,-0.3826834323650899,0.0,0.0,-67.5,-67.5,0.0,0.0,0.0,0.0,PASS
clsdoa_v1_pilot_005_ep_000030,MP3D,train,-183.8101586622184,4.540080781831088,4.540080781831088,0.0,0.3826834323650896,0.0,-0.9238795325112867,0.3826834323650896,0.0,-0.9238795325112867,0.0,8.537736462515939e-07,22.5,22.5,0.0,0.0,0.0,0.0,PASS
clsdoa_v1_pilot_005_ep_000031,MP3D,train,63.65422687316901,1.0055632240453367,1.0055632240453367,0.0,-0.9238795325112867,0.0,0.3826834323650899,-0.9238795325112868,0.0,0.3826834323650899,1.1102230246251565e-16,0.0,-112.50000000000001,-112.50000000000001,0.0,0.0,0.0,0.0,PASS
clsdoa_v1_pilot_005_ep_000032,MP3D,train,98.66111032952355,5.574051332014181,5.574051332014181,0.0,0.9238795325112867,0.0,-0.38268343236508967,0.9238795325112867,0.0,-0.38268343236508967,0.0,8.537736462515939e-07,67.5,67.5,0.0,0.0,0.0,0.0,PASS
clsdoa_v1_pilot_005_ep_000033,MP3D,train,71.57679884470545,3.6843600147919298,3.6843600147919298,0.0,0.9070516046871144,0.1899922909785275,-0.3757130764336816,0.9070516046871144,0.1899922909785275,-0.3757130764336817,5.551115123125783e-17,0.0,67.50000000000003,67.50000000000003,0.0,10.952334309691128,10.952334309691128,0.0,PASS
clsdoa_v1_pilot_005_ep_000034,MP3D,train,-67.7717555182872,1.1179458481255538,1.1179458481255538,0.0,0.3826834323650896,0.0,0.923879532511287,0.3826834323650896,0.0,0.923879532511287,0.0,0.0,157.5,157.5,0.0,0.0,0.0,0.0,PASS
clsdoa_v1_pilot_005_ep_000035,MP3D,train,152.91675537977136,3.6027532342567787,3.6027532342567787,0.0,-0.8711251430947834,-0.33307861228837865,-0.3608318487940623,-0.8711251430947834,-0.33307861228837865,-0.3608318487940623,0.0,0.0,-67.50000000000001,-67.50000000000001,0.0,-19.455741631430534,-19.455741631430534,0.0,PASS
clsdoa_v1_pilot_005_ep_000036,MP3D,train,206.2311642139877,3.978875597911416,3.978875597911416,0.0,-0.9231131027251059,-0.04072428079457962,0.38236596675304724,-0.9231131027251059,-0.04072428079457962,0.38236596675304724,0.0,0.0,-112.50000000000001,-112.50000000000001,0.0,-2.33397485337306,-2.33397485337306,0.0,PASS
clsdoa_v1_pilot_005_ep_000037,MP3D,train,72.72099290400377,1.8427425956851264,1.8427425956851264,0.0,-0.38154508576092194,0.07707423405813092,-0.9211313207008235,-0.381545085760922,0.07707423405813092,-0.9211313207008235,5.551115123125783e-17,0.0,-22.5,-22.5,0.0,4.4204122400352,4.4204122400352,0.0,PASS
clsdoa_v1_pilot_005_ep_000038,MP3D,train,-298.6378141214001,3.843765244468547,3.843765244468547,0.0,0.38162104046650525,0.07446220887108145,0.9213146915811673,0.3816210404665053,0.07446220887108145,0.9213146915811673,5.551115123125783e-17,0.0,157.5,157.5,0.0,4.270322738549427,4.270322738549427,0.0,PASS
clsdoa_v1_pilot_005_ep_000039,MP3D,train,-154.84068379913052,4.472186030360738,4.472186030360738,0.0,0.3802841934438253,-0.11180214700497795,0.9180872573681963,0.38028419344382525,-0.11180214700497795,0.9180872573681963,5.551115123125783e-17,0.0,157.5,157.5,0.0,-6.419211891089046,-6.419211891089046,0.0,PASS
clsdoa_v1_pilot_005_ep_000040,MP3D,train,173.88267463818445,3.483179699171858,3.483179699171858,0.0,-0.3826834323650902,0.0,-0.9238795325112865,-0.3826834323650902,0.0,-0.9238795325112866,1.1102230246251565e-16,0.0,-22.50000000000003,-22.50000000000003,0.0,0.0,0.0,0.0,PASS
clsdoa_v1_pilot_005_ep_000041,MP3D,train,96.32966188063432,1.0630826236771074,1.0630826236771074,0.0,0.3826834323650896,0.0,-0.9238795325112867,0.3826834323650896,0.0,-0.9238795325112867,0.0,8.537736462515939e-07,22.5,22.5,0.0,0.0,0.0,0.0,PASS
clsdoa_v1_pilot_005_ep_000042,MP3D,train,68.24286550926738,1.9731370852880257,1.9731370852880257,0.0,0.8994184419271184,-0.22858692570098246,-0.3725513168946904,0.8994184419271184,-0.22858692570098246,-0.3725513168946904,0.0,1.2074182697257333e-06,67.5,67.5,0.0,-13.213892426947783,-13.213892426947783,0.0,PASS
clsdoa_v1_pilot_005_ep_000043,MP3D,train,129.76198372813434,5.618643285074764,5.618643285074764,0.0,-0.9198923753498508,0.09280469081401421,-0.3810318977935106,-0.9198923753498508,0.09280469081401421,-0.3810318977935106,0.0,8.537736462515939e-07,-67.49999999999997,-67.49999999999997,0.0,5.324979589882489,5.324979589882489,0.0,PASS
clsdoa_v1_pilot_005_ep_000044,MP3D,train,114.95053263997978,5.20959836211637,5.20959836211637,0.0,-0.38268343236508995,0.0,0.9238795325112867,-0.38268343236508995,0.0,0.9238795325112867,0.0,0.0,-157.5,-157.5,0.0,0.0,0.0,0.0,PASS
clsdoa_v1_pilot_005_ep_000045,MP3D,train,337.0346564290845,1.972004603328956,1.972004603328956,0.0,-0.3826834323650895,0.0,0.9238795325112868,-0.38268343236508945,0.0,0.9238795325112868,5.551115123125783e-17,0.0,-157.50000000000003,-157.50000000000003,0.0,0.0,0.0,0.0,PASS
clsdoa_v1_pilot_005_ep_000046,MP3D,train,75.10114874623238,3.3079064384272594,3.3079064384272594,0.0,0.9222936117208625,0.05856816466564923,-0.38202652246484703,0.9222936117208625,0.05856816466564923,-0.38202652246484703,0.0,0.0,67.49999999999997,67.49999999999997,0.0,3.3576300919590505,3.3576300919590505,0.0,PASS
clsdoa_v1_pilot_005_ep_000047,MP3D,train,66.66778443811229,1.3209183415250638,1.3209183415250638,0.0,0.37945930499395814,0.12953424329920674,-0.9160958004850824,0.37945930499395814,0.12953424329920674,-0.9160958004850824,0.0,1.2074182697257333e-06,22.5,22.5,0.0,7.4426788561420345,7.4426788561420345,0.0,PASS
clsdoa_v1_pilot_005_ep_000048,MP3D,train,47.27398732972782,1.9375048373676569,1.9375048373676569,0.0,0.9238773457379085,0.0021757498235708125,0.38268252657389845,0.9238773457379085,0.0021757498235708125,0.38268252657389845,0.0,0.0,112.5,112.5,0.0,0.12466138052256054,0.12466138052256054,0.0,PASS
clsdoa_v1_pilot_005_ep_000049,MP3D,train,-58.20118402985402,1.5755847532444718,1.5755847532444718,0.0,0.9238507453633061,0.007894111603194968,0.38267150833797386,0.9238507453633062,0.007894111603194968,0.3826715083379739,1.1102230246251565e-16,0.0,112.5,112.5,0.0,0.452303975655596,0.45230397565559594,5.551115123125783e-17,PASS
clsdoa_v1_pilot_005_ep_000050,MP3D,train,17.856197395121377,2.67743358112006,2.67743358112006,0.0,-0.3759163372354246,-0.18722672193090453,-0.9075423196713804,-0.3759163372354247,-0.18722672193090453,-0.9075423196713804,1.1102230246251565e-16,8.537736462515939e-07,-22.5,-22.5,0.0,-10.790982908778137,-10.790982908778137,0.0,PASS
clsdoa_v1_pilot_005_ep_000051,MP3D,train,-107.69865264519208,1.2784861496651896,1.2784861496651896,0.0,0.3826200888195786,-0.018194007917484052,0.9237266076646253,0.38262008881957865,-0.018194007917484052,0.9237266076646253,5.551115123125783e-17,0.0,157.5,157.5,0.0,-1.042497386409776,-1.042497386409776,0.0,PASS
clsdoa_v1_pilot_005_ep_000052,MP3D,train,35.40616326923957,4.919689624882465,4.919689624882465,0.0,0.38268343236508984,0.0,-0.923879532511287,0.38268343236508984,0.0,-0.9238795325112867,2.220446049250313e-16,0.0,22.5,22.5,0.0,0.0,0.0,0.0,PASS
clsdoa_v1_pilot_005_ep_000053,MP3D,train,267.83652118293395,3.4608322900314006,3.4608322900314006,0.0,-0.38268317443353006,0.0011610404129959169,0.9238789098094163,-0.38268317443353006,0.0011610404129959169,0.9238789098094163,0.0,8.537736462515939e-07,-157.5,-157.5,0.0,0.06652273045440245,0.06652273045440245,0.0,PASS
clsdoa_v1_pilot_005_ep_000054,MP3D,train,-123.67605746085457,1.3131789218070509,1.3131789218070509,0.0,0.9238795325112868,0.0,0.38268343236508945,0.9238795325112868,0.0,0.38268343236508956,1.1102230246251565e-16,0.0,112.5,112.5,0.0,0.0,0.0,0.0,PASS
clsdoa_v1_pilot_005_ep_000055,MP3D,train,-270.82170821410944,3.9148014471314245,3.9148014471314245,0.0,0.9238795325112866,0.0,0.38268343236508995,0.9238795325112866,0.0,0.38268343236508995,0.0,8.537736462515939e-07,112.5,112.5,0.0,0.0,0.0,0.0,PASS
clsdoa_v1_pilot_005_ep_000056,MP3D,train,17.76524263030427,3.573050377424505,3.573050377424505,0.0,-0.9238073958002244,-0.012496172625939815,0.38265355236102283,-0.9238073958002244,-0.012496172625939815,0.38265355236102283,0.0,1.2074182697257333e-06,-112.50000000000001,-112.50000000000001,0.0,-0.7159965866856958,-0.7159965866856958,0.0,PASS
clsdoa_v1_pilot_005_ep_000057,Replica,val,196.74808482439659,5.038972511468278,5.038972511468278,0.0,-0.38268343236508984,0.0,0.9238795325112868,-0.38268343236508984,0.0,0.9238795325112868,0.0,0.0,-157.5,-157.5,0.0,0.0,0.0,0.0,PASS
clsdoa_v1_pilot_005_ep_000058,Replica,val,-13.682093157345754,1.7513687112605847,1.7513687112605847,0.0,0.8320271826042002,0.43469086109798805,-0.34463694329773553,0.8320271826042002,0.43469086109798805,-0.3446369432977356,5.551115123125783e-17,8.537736462515939e-07,67.5,67.5,0.0,25.76562452348209,25.76562452348209,0.0,PASS
clsdoa_v1_pilot_005_ep_000059,Replica,val,270.9525780022871,3.7587197360604603,3.7587197360604603,0.0,-0.7564137136547776,-0.5741697177240096,0.31331681896080743,-0.7564137136547776,-0.5741697177240096,0.31331681896080743,0.0,0.0,-112.49999999999999,-112.49999999999999,0.0,-35.04150773437811,-35.04150773437811,0.0,PASS
clsdoa_v1_pilot_005_ep_000060,Replica,val,151.74979692171823,1.9451364589777471,1.9451364589777471,0.0,-0.3826834323650898,0.0,-0.9238795325112868,-0.3826834323650898,0.0,-0.9238795325112868,0.0,0.0,-22.5,-22.5,0.0,0.0,0.0,0.0,PASS
clsdoa_v1_pilot_005_ep_000061,Replica,val,-11.42138638826475,1.5661011089375845,1.5661011089375845,0.0,-0.9219941963468178,-0.06385281490864364,-0.3819025005561343,-0.9219941963468178,-0.06385281490864364,-0.3819025005561343,0.0,0.0,-67.5,-67.5,0.0,-3.660987436184192,-3.660987436184192,0.0,PASS
clsdoa_v1_pilot_005_ep_000062,Replica,val,-36.365894083413984,3.716482877170675,3.716482877170675,0.0,0.38177489134068343,0.06886673881467985,-0.9216861204481925,0.38177489134068343,0.06886673881467985,-0.9216861204481925,0.0,0.0,22.5,22.5,0.0,3.9488990471537284,3.9488990471537284,0.0,PASS
clsdoa_v1_pilot_005_ep_000063,MP3D,val,-67.43834674509822,3.5599046003783252,3.5599046003783252,0.0,-0.9238795325112867,0.0,-0.3826834323650898,-0.9238795325112867,0.0,-0.38268343236508984,5.551115123125783e-17,0.0,-67.5,-67.5,0.0,0.0,0.0,0.0,PASS
clsdoa_v1_pilot_005_ep_000064,MP3D,val,255.794068508347,3.835635446595364,3.835635446595364,0.0,-0.3824804938605709,0.0325626552113663,0.9233895956213495,-0.38248049386057087,0.0325626552113663,0.9233895956213495,5.551115123125783e-17,1.2074182697257333e-06,-157.5,-157.5,0.0,1.8660325797791335,1.8660325797791335,0.0,PASS
clsdoa_v1_pilot_005_ep_000065,MP3D,val,35.606672083780296,4.732287377266349,4.732287377266349,0.0,-0.3743944250388825,-0.20700549466773904,-0.9038680986057473,-0.37439442503888243,-0.20700549466773904,-0.9038680986057473,5.551115123125783e-17,1.478779333471098e-06,-22.5,-22.5,0.0,-11.946924052150901,-11.946924052150901,0.0,PASS
clsdoa_v1_pilot_005_ep_000066,MP3D,val,-296.2526482609598,2.002371532966784,2.002371532966784,0.0,0.38144032705406256,-0.08053713057364653,0.9208784108099468,0.38144032705406256,-0.08053713057364653,0.9208784108099468,0.0,0.0,157.5,157.5,0.0,-4.6194406760916005,-4.6194406760916005,0.0,PASS
clsdoa_v1_pilot_005_ep_000067,MP3D,val,207.63390694713956,1.3094856711623626,1.3094856711623626,0.0,-0.9236338112323474,0.023062151963827385,0.38258165127878957,-0.9236338112323474,0.023062151963827385,0.3825816512787895,5.551115123125783e-17,1.7075472925031877e-06,-112.50000000000001,-112.50000000000001,0.0,1.321481132794957,1.321481132794957,0.0,PASS
clsdoa_v1_pilot_005_ep_000068,MP3D,val,-214.7520117187106,1.991060207954639,1.991060207954639,0.0,0.9238795325112866,0.0,0.38268343236509006,0.9238795325112866,0.0,0.38268343236509006,0.0,0.0,112.5,112.5,0.0,0.0,0.0,0.0,PASS
clsdoa_v1_pilot_005_ep_000069,Replica,test,-138.0241510302137,2.8429158062021576,2.8429158062021576,0.0,0.38268343236508995,0.0,0.9238795325112865,0.38268343236508995,0.0,0.9238795325112865,0.0,1.478779333471098e-06,157.5,157.5,0.0,0.0,0.0,0.0,PASS
clsdoa_v1_pilot_005_ep_000070,Replica,test,92.18165764158033,1.5857446753551672,1.5857446753551672,0.0,-0.38140225232389335,-0.0817591660923864,-0.9207864902799882,-0.38140225232389335,-0.0817591660923864,-0.9207864902799882,0.0,0.0,-22.5,-22.5,0.0,-4.6896898363669015,-4.6896898363669015,0.0,PASS
clsdoa_v1_pilot_005_ep_000071,Replica,test,-198.6960793273515,1.5516122140386461,1.5516122140386461,0.0,0.9238795325112867,0.0,-0.3826834323650898,0.9238795325112867,0.0,-0.3826834323650897,5.551115123125783e-17,0.0,67.5,67.5,0.0,0.0,0.0,0.0,PASS
clsdoa_v1_pilot_005_ep_000072,Replica,test,12.37484003755003,4.83182063364462,4.83182063364462,0.0,0.9238757546489846,0.002859762342949663,0.3826818675232874,0.9238757546489846,0.002859762342949663,0.3826818675232875,5.551115123125783e-17,8.537736462515939e-07,112.5,112.5,0.0,0.16385253599955577,0.16385253599955577,0.0,PASS
clsdoa_v1_pilot_005_ep_000073,Replica,test,98.03521279331916,2.70494294455659,2.70494294455659,0.0,-0.9238060458836732,0.012612548445201554,-0.38265299320727925,-0.9238060458836732,0.012612548445201554,-0.38265299320727925,0.0,0.0,-67.5,-67.5,0.0,0.7226649554986114,0.7226649554986114,0.0,PASS
clsdoa_v1_pilot_005_ep_000074,Replica,test,-9.03466777554275,3.218168056693533,3.218168056693533,0.0,0.36373919684816625,-0.3107357920354966,-0.87814410219754,0.36373919684816625,-0.3107357920354966,-0.87814410219754,0.0,0.0,22.5,22.5,0.0,-18.103578320545964,-18.103578320545964,0.0,PASS
clsdoa_v1_pilot_005_ep_000075,MP3D,test,299.6606017416444,3.1326871381541257,3.1326871381541257,0.0,-0.38268343236508995,0.0,0.9238795325112865,-0.38268343236509,0.0,0.9238795325112865,5.551115123125783e-17,1.2074182697257333e-06,-157.5,-157.5,0.0,0.0,0.0,0.0,PASS
clsdoa_v1_pilot_005_ep_000076,MP3D,test,75.58125757134329,4.800899559180414,4.800899559180414,0.0,0.9188553825280771,-0.10414714864090127,-0.3806023613026478,0.9188553825280771,-0.10414714864090127,-0.3806023613026478,0.0,0.0,67.5,67.5,0.0,-5.978032379962035,-5.978032379962035,0.0,PASS
clsdoa_v1_pilot_005_ep_000077,MP3D,test,117.09315721830086,3.897564913352638,3.897564913352638,0.0,0.3821774978979696,-0.05140421266039,-0.9226580986590931,0.3821774978979696,-0.05140421266039,-0.9226580986590932,1.1102230246251565e-16,0.0,22.5,22.5,0.0,-2.9465430616458437,-2.9465430616458432,4.440892098500626e-16,PASS
clsdoa_v1_pilot_005_ep_000078,MP3D,test,-136.83589419172637,1.4421547860431334,1.4421547860431334,0.0,-0.38268343236508967,0.0,-0.9238795325112867,-0.38268343236508967,0.0,-0.9238795325112867,0.0,8.537736462515939e-07,-22.5,-22.5,0.0,0.0,0.0,0.0,PASS
clsdoa_v1_pilot_005_ep_000079,MP3D,test,246.40724043432982,1.9529631941105337,1.9529631941105337,0.0,-0.923705206487355,-0.019425309614945808,-0.38261122416170223,-0.923705206487355,-0.019425309614945808,-0.38261122416170223,0.0,0.0,-67.50000000000003,-67.50000000000003,0.0,-1.1130582648833391,-1.1130582648833391,0.0,PASS
clsdoa_v1_pilot_005_ep_000080,MP3D,test,-59.44464213817702,1.069298855988421,1.069298855988421,0.0,-0.49805600470264577,-0.8422469268775874,0.2063015519691938,-0.4980560047026459,-0.8422469268775874,0.20630155196919384,1.1102230246251565e-16,0.0,-112.5,-112.5,0.0,-57.378155713374476,-57.378155713374476,0.0,PASS
clsdoa_v1_pilot_005_ep_000081,Replica,train,76.08798340944858,3.7977295349732847,3.7977295349732847,0.0,-0.9232571887896313,-0.03669858602931108,-0.38242564915512245,-0.9232571887896313,-0.03669858602931108,-0.38242564915512245,0.0,0.0,-67.5,-67.5,0.0,-2.103146355263823,-2.103146355263823,0.0,PASS
clsdoa_v1_pilot_005_ep_000082,Replica,train,96.36280821103439,1.3679345425717602,1.3679345425717602,0.0,-0.9238795325112868,0.0,0.38268343236508967,-0.9238795325112868,0.0,0.38268343236508967,0.0,0.0,-112.5,-112.5,0.0,0.0,0.0,0.0,PASS
clsdoa_v1_pilot_005_ep_000083,Replica,train,-83.42508395490363,4.3625830103039185,4.3625830103039185,0.0,0.38268343236508967,0.0,-0.9238795325112868,0.38268343236508967,0.0,-0.9238795325112866,2.220446049250313e-16,8.537736462515939e-07,22.5,22.5,0.0,0.0,0.0,0.0,PASS
clsdoa_v1_pilot_005_ep_000084,Replica,train,204.84926533269805,3.208284648020208,3.208284648020208,0.0,-0.884171234627626,-0.2900217708476507,-0.36623571684292655,-0.884171234627626,-0.2900217708476507,-0.36623571684292655,0.0,0.0,-67.50000000000001,-67.50000000000001,0.0,-16.859259415659917,-16.859259415659917,0.0,PASS
clsdoa_v1_pilot_005_ep_000085,Replica,train,-50.00308742075539,1.9567931003483474,1.9567931003483474,0.0,0.3646352470214507,-0.3034799678498995,0.8803073586784501,0.3646352470214507,-0.3034799678498995,0.8803073586784501,0.0,8.537736462515939e-07,157.5,157.5,0.0,-17.66673848369628,-17.66673848369628,0.0,PASS
clsdoa_v1_pilot_005_ep_000086,Replica,train,28.574586631662097,5.404156169877661,5.404156169877661,0.0,-0.3826834323650898,0.0,-0.9238795325112867,-0.3826834323650898,0.0,-0.9238795325112867,0.0,0.0,-22.5,-22.5,0.0,0.0,0.0,0.0,PASS
clsdoa_v1_pilot_005_ep_000087,Replica,train,-63.07294581794884,1.293651211070258,1.293651211070258,0.0,0.923642254831719,-0.02266250336934549,0.3825851487321645,0.923642254831719,-0.02266250336934549,0.3825851487321645,0.0,0.0,112.5,112.5,0.0,-1.2985769682643469,-1.2985769682643469,0.0,PASS
clsdoa_v1_pilot_005_ep_000088,Replica,train,-61.74310474551772,2.7699913046516267,2.7699913046516267,0.0,0.9159054328307243,0.13110190941797373,-0.3793804521296859,0.9159054328307243,0.13110190941797373,-0.3793804521296859,0.0,0.0,67.5,67.5,0.0,7.533272075678038,7.533272075678038,0.0,PASS
clsdoa_v1_pilot_005_ep_000089,Replica,train,259.5901644409854,2.671106278912533,2.671106278912533,0.0,-0.3817735364337061,0.06891800908405869,0.9216828494133928,-0.3817735364337061,0.06891800908405869,0.9216828494133928,0.0,1.478779333471098e-06,-157.50000000000003,-157.50000000000003,0.0,3.9518436132044785,3.9518436132044785,0.0,PASS
clsdoa_v1_pilot_005_ep_000090,Replica,train,279.1113149589963,4.51256018721931,4.51256018721931,0.0,-0.9228960568941046,0.046128944283276664,0.38227606342618947,-0.9228960568941046,0.046128944283276664,0.38227606342618947,0.0,0.0,-112.5,-112.5,0.0,2.6439320482281365,2.6439320482281365,0.0,PASS
clsdoa_v1_pilot_005_ep_000091,Replica,train,31.08798340944859,3.7977295349732847,3.7977295349732847,0.0,-0.3824256491551223,-0.03669858602931108,-0.9232571887896313,-0.3824256491551223,-0.03669858602931108,-0.9232571887896313,0.0,0.0,-22.5,-22.5,0.0,-2.103146355263823,-2.103146355263823,0.0,PASS
clsdoa_v1_pilot_005_ep_000092,Replica,train,104.4816505963885,2.223233574094782,2.223233574094782,0.0,-0.9238220528500695,-0.011154694221757213,0.38265962350985294,-0.9238220528500695,-0.011154694221757213,0.38265962350985294,0.0,8.537736462515939e-07,-112.5,-112.5,0.0,-0.6391301553292358,-0.6391301553292358,0.0,PASS
clsdoa_v1_pilot_005_ep_000093,Replica,train,42.89972309129929,1.2462627838248732,1.2462627838248732,0.0,0.3826834323650895,0.0,-0.9238795325112867,0.3826834323650895,0.0,-0.9238795325112867,0.0,1.2074182697257333e-06,22.5,22.5,0.0,0.0,0.0,0.0,PASS
clsdoa_v1_pilot_005_ep_000094,Replica,train,-134.81198493559714,1.9475391575000862,1.9475391575000862,0.0,0.9238795325112868,0.0,0.38268343236508967,0.9238795325112868,0.0,0.3826834323650896,5.551115123125783e-17,0.0,112.5,112.5,0.0,0.0,0.0,0.0,PASS
clsdoa_v1_pilot_005_ep_000095,Replica,train,294.84926533269805,3.208284648020208,3.208284648020208,0.0,-0.3662357168429261,-0.2900217708476507,0.8841712346276263,-0.3662357168429261,-0.2900217708476507,0.8841712346276263,0.0,0.0,-157.50000000000006,-157.50000000000006,0.0,-16.859259415659917,-16.859259415659917,0.0,PASS
clsdoa_v1_pilot_005_ep_000096,Replica,train,131.35424740358107,3.5330978084609943,3.5330978084609943,0.0,-0.9223592925534386,0.05734356188123995,-0.38205372835648754,-0.9223592925534386,0.05734356188123995,-0.38205372835648754,0.0,0.0,-67.5,-67.5,0.0,3.287347381436396,3.287347381436396,0.0,PASS
clsdoa_v1_pilot_005_ep_000097,Replica,train,-24.298103927287773,1.2681644230952123,1.2681644230952123,0.0,0.3826834323650897,0.0,-0.9238795325112866,0.3826834323650897,0.0,-0.9238795325112866,0.0,1.2074182697257333e-06,22.5,22.5,0.0,0.0,0.0,0.0,PASS
clsdoa_v1_pilot_005_ep_000098,Replica,train,213.28404976929733,4.790985377683601,4.790985377683601,0.0,-0.9238795325112867,0.0,-0.38268343236509,-0.9238795325112867,0.0,-0.38268343236509,0.0,0.0,-67.49999999999999,-67.49999999999999,0.0,0.0,0.0,0.0,PASS
clsdoa_v1_pilot_005_ep_000099,Replica,train,-61.4254133683379,5.404156169877661,5.404156169877661,0.0,0.9238795325112867,0.0,-0.3826834323650899,0.9238795325112865,0.0,-0.3826834323650899,2.220446049250313e-16,8.537736462515939e-07,67.5,67.5,0.0,0.0,0.0,0.0,PASS
clsdoa_v1_pilot_005_ep_000100,Replica,train,124.59016444098538,2.671106278912533,2.671106278912533,0.0,-0.38177353643370643,0.06891800908405869,-0.9216828494133928,-0.38177353643370643,0.06891800908405869,-0.9216828494133928,0.0,0.0,-22.5,-22.5,0.0,3.951843613204478,3.951843613204478,0.0,PASS
clsdoa_v1_pilot_005_ep_000101,Replica,train,-148.91201659055142,3.7977295349732847,3.7977295349732847,0.0,0.38242564915512206,-0.03669858602931108,0.9232571887896313,0.38242564915512206,-0.03669858602931108,0.9232571887896313,0.0,0.0,157.5,157.5,0.0,-2.1031463552638234,-2.1031463552638234,0.0,PASS
clsdoa_v1_pilot_005_ep_000102,Replica,train,264.9969125792446,1.9567931003483474,1.9567931003483474,0.0,-0.36463524702145095,-0.3034799678498995,0.8803073586784501,-0.36463524702145095,-0.3034799678498995,0.8803073586784501,0.0,0.0,-157.5,-157.5,0.0,-17.66673848369628,-17.66673848369628,0.0,PASS
clsdoa_v1_pilot_005_ep_000103,Replica,train,-102.3788252351048,1.2101550193639763,1.2101550193639763,0.0,0.23772245697495895,-0.7836530831533737,-0.5739127797096004,0.23772245697495895,-0.7836530831533737,-0.5739127797096004,0.0,8.537736462515939e-07,22.5,22.5,0.0,-51.59627596698827,-51.59627596698827,0.0,PASS
clsdoa_v1_pilot_005_ep_000104,Replica,train,-57.94224187279525,1.4890430008087883,1.4890430008087883,0.0,0.3826834323650899,0.0,0.9238795325112868,0.3826834323650899,0.0,0.9238795325112868,0.0,0.0,157.5,157.5,0.0,0.0,0.0,0.0,PASS
clsdoa_v1_pilot_005_ep_000105,Replica,train,19.097209748012613,4.853347215838376,4.853347215838376,0.0,-0.38238613468375465,0.039410011712125416,-0.9231617924169456,-0.38238613468375465,0.039410011712125416,-0.9231617924169456,0.0,0.0,-22.5,-22.5,0.0,2.2586122593938565,2.2586122593938565,0.0,PASS
clsdoa_v1_pilot_005_ep_000106,Replica,train,-61.34325506356771,1.5696528514318266,1.5696528514318266,0.0,-0.7730650783196478,-0.5475704093957311,0.3202140400370171,-0.7730650783196478,-0.5475704093957311,0.32021404003701714,5.551115123125783e-17,0.0,-112.50000000000001,-112.50000000000001,0.0,-33.200492041874284,-33.200492041874284,0.0,PASS
clsdoa_v1_pilot_005_ep_000107,Replica,train,-157.15701154726383,2.2565678985085893,2.2565678985085893,0.0,0.9209415595810642,0.07968666965524807,-0.38146648413150624,0.9209415595810642,0.07968666965524807,-0.38146648413150624,0.0,0.0,67.5,67.5,0.0,4.570555731066135,4.570555731066135,0.0,PASS
clsdoa_v1_pilot_005_ep_000108,Replica,train,-84.71942401863632,1.1600372441817404,1.1600372441817404,0.0,0.9238795325112868,0.0,0.38268343236508967,0.9238795325112868,0.0,0.38268343236508967,0.0,0.0,112.5,112.5,0.0,0.0,0.0,0.0,PASS
clsdoa_v1_pilot_005_ep_000109,MP3D,train,-60.05710028070085,4.243458793290187,4.243458793290187,0.0,-0.38001764816458306,0.11782840940758199,-0.9174437601400635,-0.380017648164583,0.11782840940758199,-0.9174437601400635,5.551115123125783e-17,8.537736462515939e-07,-22.5,-22.5,0.0,6.7667904294975685,6.7667904294975685,0.0,PASS
clsdoa_v1_pilot_005_ep_000110,MP3D,train,-249.37869403771595,3.78063561400619,3.78063561400619,0.0,0.382479723450307,-0.03262438862629847,0.9233877356864433,0.382479723450307,-0.03262438862629847,0.9233877356864433,0.0,8.537736462515939e-07,157.5,157.5,0.0,-1.8695715241867257,-1.8695715241867257,0.0,PASS
clsdoa_v1_pilot_005_ep_000111,MP3D,train,-101.50458868750385,3.708777972138765,3.708777972138765,0.0,0.9238795325112868,0.0,-0.38268343236508956,0.9238795325112868,0.0,-0.3826834323650895,5.551115123125783e-17,0.0,67.5,67.5,0.0,0.0,0.0,0.0,PASS
clsdoa_v1_pilot_005_ep_000112,MP3D,train,5.797807457778973,1.359104004312102,1.359104004312102,0.0,-0.3826834323650897,0.0,-0.9238795325112868,-0.3826834323650897,0.0,-0.9238795325112867,1.1102230246251565e-16,0.0,-22.5,-22.5,0.0,0.0,0.0,0.0,PASS
clsdoa_v1_pilot_005_ep_000113,MP3D,train,-133.64935122046998,1.3264945860928117,1.3264945860928117,0.0,0.38218183271227807,-0.051183669962866885,0.922668563826587,0.38218183271227807,-0.051183669962866885,0.922668563826587,0.0,0.0,157.5,157.5,0.0,-2.933890239666216,-2.933890239666216,0.0,PASS
clsdoa_v1_pilot_005_ep_000114,MP3D,train,242.41997433920005,1.5562286119374296,1.5562286119374296,0.0,-0.923879532511287,0.0,0.3826834323650891,-0.9238795325112871,0.0,0.3826834323650891,1.1102230246251565e-16,0.0,-112.49999999999996,-112.49999999999996,0.0,0.0,0.0,0.0,PASS
clsdoa_v1_pilot_005_ep_000115,MP3D,train,42.58921772024229,4.736776382629889,4.736776382629889,0.0,-0.3025798282607422,-0.6122306840708035,0.7304923250876055,-0.3025798282607422,-0.6122306840708035,0.7304923250876055,0.0,0.0,-157.5,-157.5,0.0,-37.75097130375492,-37.75097130375492,0.0,PASS
clsdoa_v1_pilot_005_ep_000116,MP3D,train,294.2055803611092,2.549090204146629,2.549090204146629,0.0,-0.3826832627478465,-0.0009415212354815399,0.9238791230190375,-0.38268326274784653,-0.0009415212354815399,0.9238791230190375,5.551115123125783e-17,0.0,-157.5,-157.5,0.0,-0.053945201085101105,-0.053945201085101105,0.0,PASS
clsdoa_v1_pilot_005_ep_000117,MP3D,train,178.89180810789435,1.9252259726527692,1.9252259726527692,0.0,-0.9226323831554207,0.051942152708409614,-0.38216684618758506,-0.9226323831554207,0.051942152708409614,-0.38216684618758506,0.0,0.0,-67.50000000000001,-67.50000000000001,0.0,2.977405987769936,2.977405987769936,0.0,PASS
clsdoa_v1_pilot_005_ep_000118,MP3D,train,55.775484988187,2.132931787446385,2.132931787446385,0.0,0.8937155922232007,0.2534412283759847,0.37018911920315234,0.8937155922232007,0.2534412283759847,0.3701891192031524,5.551115123125783e-17,0.0,112.5,112.5,0.0,14.681240227424514,14.681240227424514,0.0,PASS
clsdoa_v1_pilot_005_ep_000119,MP3D,train,255.89800139164822,1.9470030706110024,1.9470030706110024,0.0,-0.9087304344288241,0.18034872024079698,0.3764084704816132,-0.9087304344288241,0.18034872024079698,0.37640847048161324,5.551115123125783e-17,0.0,-112.49999999999999,-112.49999999999999,0.0,10.39007242598788,10.390072425987878,1.7763568394002505e-15,PASS
clsdoa_v1_pilot_005_ep_000120,MP3D,train,45.85494293956593,5.2868058580055255,5.2868058580055255,0.0,-0.3826834323650899,0.0,0.9238795325112868,-0.38268343236508984,0.0,0.9238795325112868,5.551115123125783e-17,0.0,-157.5,-157.5,0.0,0.0,0.0,0.0,PASS
clsdoa_v1_pilot_005_ep_000121,MP3D,train,14.95574405875044,3.8896773752756273,3.8896773752756273,0.0,-0.382442753400801,-0.035460588527338445,0.9232984820915221,-0.382442753400801,-0.035460588527338445,0.9232984820915221,0.0,8.537736462515939e-07,-157.5,-157.5,0.0,-2.0321681062627546,-2.0321681062627546,0.0,PASS
clsdoa_v1_pilot_005_ep_000122,MP3D,train,-128.49501627676602,3.4192554326945293,3.4192554326945293,0.0,0.9210339843318956,0.07842519949011305,-0.3815047677167996,0.9210339843318958,0.07842519949011305,-0.3815047677167996,1.1102230246251565e-16,0.0,67.5,67.50000000000003,2.842170943040401e-14,4.498051885848919,4.498051885848919,0.0,PASS
clsdoa_v1_pilot_005_ep_000123,MP3D,train,-92.6877092307513,3.0108143953113484,3.0108143953113484,0.0,0.9044292323284802,-0.2041138990713229,0.3746268542371434,0.9044292323284802,-0.2041138990713229,0.3746268542371434,0.0,0.0,112.5,112.5,0.0,-11.777632467017332,-11.777632467017332,0.0,PASS
clsdoa_v1_pilot_005_ep_000124,MP3D,train,-201.6309409001544,3.6168927944672693,3.6168927944672693,0.0,0.9047735120720055,-0.20231842234922656,0.37476945957616203,0.9047735120720055,-0.20231842234922656,0.37476945957616203,0.0,0.0,112.5,112.5,0.0,-11.672566903687382,-11.672566903687382,0.0,PASS
clsdoa_v1_pilot_005_ep_000125,MP3D,train,-65.64297856704775,1.5823607951829386,1.5823607951829386,0.0,0.9003522749245655,-0.2242385723102751,0.37293812318722447,0.9003522749245655,-0.2242385723102751,0.3729381231872244,5.551115123125783e-17,0.0,112.5,112.5,0.0,-12.958107526624966,-12.958107526624966,0.0,PASS
clsdoa_v1_pilot_005_ep_000126,MP3D,train,-10.743441321097215,5.985452582210307,5.985452582210307,0.0,-0.38134586603556553,0.0835358718714233,-0.9206503617379758,-0.38134586603556553,0.0835358718714233,-0.9206503617379758,0.0,0.0,-22.5,-22.5,0.0,4.791837054510991,4.791837054510991,0.0,PASS
clsdoa_v1_pilot_005_ep_000127,MP3D,train,16.90242649743277,1.0926492782979058,1.0926492782979058,0.0,0.3826834323650898,0.0,-0.9238795325112868,0.3826834323650898,0.0,-0.9238795325112868,0.0,0.0,22.5,22.5,0.0,0.0,0.0,0.0,PASS
clsdoa_v1_pilot_005_ep_000128,MP3D,train,-24.97645189345039,3.1655444685820697,3.1655444685820697,0.0,0.38211343865549946,0.05455925382230775,0.9225034459671264,0.38211343865549946,0.05455925382230775,0.9225034459671264,0.0,0.0,157.5,157.5,0.0,3.1275679329928523,3.1275679329928523,0.0,PASS
clsdoa_v1_pilot_005_ep_000129,MP3D,train,122.57788380354489,1.2228611992150882,1.2228611992150882,0.0,0.3826834323650896,0.0,-0.9238795325112868,0.3826834323650896,0.0,-0.9238795325112868,0.0,0.0,22.5,22.5,0.0,0.0,0.0,0.0,PASS
clsdoa_v1_pilot_005_ep_000130,MP3D,train,3.6257035437171297,5.414560941985026,5.414560941985026,0.0,-0.923867623538974,0.005077419751490823,-0.3826784995072441,-0.923867623538974,0.005077419751490823,-0.3826784995072441,0.0,0.0,-67.5,-67.5,0.0,0.29091597256415697,0.29091597256415697,0.0,PASS
clsdoa_v1_pilot_005_ep_000131,MP3D,train,-132.5650677631953,2.662140195916299,2.662140195916299,0.0,0.9230648007985847,-0.04198738889929325,-0.38234595943999294,0.9230648007985847,-0.04198738889929325,-0.38234595943999294,0.0,0.0,67.5,67.5,0.0,-2.4064075892309953,-2.4064075892309953,0.0,PASS
clsdoa_v1_pilot_005_ep_000132,MP3D,train,80.26654454468525,5.733065367623996,5.733065367623996,0.0,-0.9233171847242201,-0.03488540131283777,0.38245050028491606,-0.9233171847242201,-0.03488540131283777,0.38245050028491606,0.0,8.537736462515939e-07,-112.5,-112.5,0.0,-1.9991919015888435,-1.9991919015888435,0.0,PASS
clsdoa_v1_pilot_005_ep_000133,MP3D,train,72.36805080186944,1.0420637082028303,1.0420637082028303,0.0,-0.9238795325112867,0.0,-0.3826834323650898,-0.9238795325112867,0.0,-0.3826834323650898,0.0,0.0,-67.5,-67.5,0.0,0.0,0.0,0.0,PASS
clsdoa_v1_pilot_005_ep_000134,MP3D,train,5.233131835822007,3.355501228672122,3.355501228672122,0.0,0.38267952045882725,0.004521559784302824,-0.9238700883341332,0.38267952045882725,0.004521559784302824,-0.9238700883341332,0.0,0.0,22.5,22.5,0.0,0.25906717521168315,0.25906717521168315,0.0,PASS
clsdoa_v1_pilot_005_ep_000135,MP3D,train,48.07903923623837,1.0316596442412675,1.0316596442412675,0.0,0.9238795325112866,0.0,-0.3826834323650897,0.9238795325112866,0.0,-0.3826834323650897,0.0,1.478779333471098e-06,67.5,67.5,0.0,0.0,0.0,0.0,PASS
clsdoa_v1_pilot_005_ep_000136,MP3D,train,-170.34300662568424,1.6168726419582067,1.6168726419582067,0.0,0.3826834323650902,0.0,0.9238795325112866,0.3826834323650902,0.0,0.9238795325112866,0.0,0.0,157.5,157.5,0.0,0.0,0.0,0.0,PASS
clsdoa_v1_pilot_005_ep_000137,Replica,val,-16.589836974255547,5.046659066241037,5.046659066241037,0.0,-0.9238795325112867,0.0,0.38268343236508956,-0.9238795325112867,0.0,0.38268343236508956,0.0,1.2074182697257333e-06,-112.49999999999999,-112.49999999999999,0.0,0.0,0.0,0.0,PASS
clsdoa_v1_pilot_005_ep_000138,Replica,val,-36.365894083413984,3.716482877170675,3.716482877170675,0.0,0.38177489134068343,0.06886673881467985,-0.9216861204481925,0.38177489134068343,0.06886673881467985,-0.9216861204481925,0.0,0.0,22.5,22.5,0.0,3.9488990471537284,3.9488990471537284,0.0,PASS
clsdoa_v1_pilot_005_ep_000139,Replica,val,144.4682291886266,1.2696089305273963,1.2696089305273963,0.0,-0.8386565577772621,-0.4195000413688302,-0.3473829204044773,-0.8386565577772621,-0.4195000413688302,-0.3473829204044773,0.0,8.537736462515939e-07,-67.49999999999999,-67.49999999999999,0.0,-24.803027038524835,-24.803027038524835,0.0,PASS
clsdoa_v1_pilot_005_ep_000140,Replica,val,-269.2504890881101,3.4978819769990936,3.4978819769990936,0.0,0.923879532511287,0.0,0.38268343236508934,0.923879532511287,0.0,0.38268343236508934,0.0,0.0,112.5,112.5,0.0,0.0,0.0,0.0,PASS
clsdoa_v1_pilot_005_ep_000141,Replica,val,182.088518951554,1.4215521679188856,1.4215521679188856,0.0,-0.3825852796776177,0.022647403398441783,-0.9236425709620077,-0.3825852796776177,0.022647403398441783,-0.9236425709620077,0.0,0.0,-22.5,-22.5,0.0,1.2977115815537543,1.2977115815537543,0.0,PASS
clsdoa_v1_pilot_005_ep_000142,Replica,val,-81.36589408341398,3.716482877170675,3.716482877170675,0.0,0.9216861204481925,0.06886673881467985,-0.3817748913406835,0.9216861204481924,0.06886673881467985,-0.38177489134068354,1.1102230246251565e-16,0.0,67.5,67.5,0.0,3.9488990471537284,3.9488990471537284,0.0,PASS
clsdoa_v1_pilot_005_ep_000143,MP3D,val,41.38392124089174,3.773088235464971,3.773088235464971,0.0,-0.9238795325112867,0.0,0.38268343236508967,-0.9238795325112867,0.0,0.38268343236508967,0.0,8.537736462515939e-07,-112.5,-112.5,0.0,0.0,0.0,0.0,PASS
clsdoa_v1_pilot_005_ep_000144,MP3D,val,-5.818582736608974,4.869810040222258,4.869810040222258,0.0,-0.91925844019117,0.09989319407269405,-0.38076931325311936,-0.91925844019117,0.09989319407269405,-0.38076931325311936,0.0,8.537736462515939e-07,-67.5,-67.5,0.0,5.733020152513626,5.733020152513626,0.0,PASS
clsdoa_v1_pilot_005_ep_000145,MP3D,val,-174.57755773188794,1.8900215916575531,1.8900215916575531,0.0,0.38217577922909396,-0.0514913913229626,0.9226539494253847,0.38217577922909396,-0.0514913913229626,0.9226539494253847,0.0,0.0,157.5,157.5,0.0,-2.9515446547615847,-2.9515446547615847,0.0,PASS
clsdoa_v1_pilot_005_ep_000146,MP3D,val,207.1293305656094,2.5767445644918476,2.576744564491847,4.440892098500626e-16,-0.3814790463186915,0.07927496369355212,0.9209718873837396,-0.38147904631869156,0.07927496369355214,0.9209718873837397,1.1102230246251565e-16,0.0,-157.50000000000003,-157.50000000000003,0.0,4.546891853745546,4.546891853745546,0.0,PASS
clsdoa_v1_pilot_005_ep_000147,MP3D,val,-201.8633167218811,1.060382888989486,1.060382888989486,0.0,0.37728375520036184,-0.1673946823986826,-0.9108435586677646,0.37728375520036184,-0.1673946823986826,-0.9108435586677646,0.0,8.537736462515939e-07,22.5,22.5,0.0,-9.636374792094422,-9.636374792094422,0.0,PASS
clsdoa_v1_pilot_005_ep_000148,MP3D,val,-21.47518543221429,1.107564449792924,1.107564449792924,0.0,-0.3826834323650897,0.0,-0.9238795325112868,-0.3826834323650897,0.0,-0.9238795325112866,2.220446049250313e-16,8.537736462515939e-07,-22.5,-22.5,0.0,0.0,0.0,0.0,PASS
clsdoa_v1_pilot_005_ep_000149,Replica,test,-201.02883100283546,1.648046535242176,1.648046535242176,0.0,0.36759925224637713,0.2779928692773577,0.887463100291413,0.36759925224637713,0.2779928692773577,0.887463100291413,0.0,0.0,157.5,157.5,0.0,16.140449332760785,16.140449332760788,3.552713678800501e-15,PASS
clsdoa_v1_pilot_005_ep_000150,Replica,test,113.97116899716454,1.648046535242176,1.648046535242176,0.0,-0.36759925224637763,0.2779928692773577,0.8874631002914126,-0.36759925224637763,0.2779928692773577,0.8874631002914126,0.0,8.537736462515939e-07,-157.5,-157.5,0.0,16.140449332760788,16.140449332760788,0.0,PASS
clsdoa_v1_pilot_005_ep_000151,Replica,test,-66.20756957992009,4.915555958330656,4.915555958330656,0.0,0.38257249270888055,0.024077261948904916,-0.9236117004886617,0.3825724927088805,0.024077261948904916,-0.9236117004886617,5.551115123125783e-17,0.0,22.5,22.5,0.0,1.3796588151847016,1.3796588151847016,0.0,PASS
clsdoa_v1_pilot_005_ep_000152,Replica,test,-74.5049252549978,2.61454535741533,2.61454535741533,0.0,-0.3826834323650897,0.0,-0.9238795325112868,-0.3826834323650897,0.0,-0.9238795325112868,0.0,0.0,-22.5,-22.5,0.0,0.0,0.0,0.0,PASS
clsdoa_v1_pilot_005_ep_000153,Replica,test,-81.96478720668084,2.70494294455659,2.70494294455659,0.0,0.9238060458836733,0.012612548445201554,0.3826529932072792,0.9238060458836732,0.012612548445201554,0.3826529932072792,1.1102230246251565e-16,0.0,112.5,112.5,0.0,0.7226649554986114,0.7226649554986115,1.1102230246251565e-16,PASS
clsdoa_v1_pilot_005_ep_000154,Replica,test,108.37174624167702,1.3248392583547082,1.3248392583547082,0.0,0.9231830408345769,-0.03882249330103352,-0.38239493606651626,0.9231830408345769,-0.03882249330103352,-0.38239493606651626,0.0,8.537736462515939e-07,67.50000000000003,67.50000000000003,0.0,-2.2249241509278996,-2.2249241509278996,0.0,PASS
clsdoa_v1_pilot_005_ep_000155,MP3D,test,167.28360068859033,2.3523322370840303,2.3523322370840303,0.0,-0.9219136138633571,0.06520170308112988,-0.381869122198595,-0.9219136138633569,0.06520170308112988,-0.38186912219859503,2.220446049250313e-16,0.0,-67.50000000000001,-67.5,0.0,3.7384344453038936,3.7384344453038945,8.881784197001252e-16,PASS
clsdoa_v1_pilot_005_ep_000156,MP3D,test,-127.1082413886108,3.2856066522751246,3.2856066522751246,0.0,0.9215873990999544,-0.07039758060329805,-0.38173399961934723,0.9215873990999544,-0.07039758060329805,-0.38173399961934723,0.0,0.0,67.5,67.5,0.0,-4.036823244771692,-4.036823244771692,0.0,PASS
clsdoa_v1_pilot_005_ep_000157,MP3D,test,-24.295079027381533,1.5196629258086343,1.5196629258086343,0.0,0.38185398994347136,-0.06580408203921043,-0.921877081367808,0.38185398994347136,-0.06580408203921043,-0.921877081367808,0.0,0.0,22.5,22.5,0.0,-3.7730224998187696,-3.7730224998187696,0.0,PASS
clsdoa_v1_pilot_005_ep_000158,MP3D,test,159.5221172485671,2.628418108496714,2.628418108496714,0.0,-0.38217081396800684,-0.05174242449998621,-0.9226419622247268,-0.38217081396800684,-0.05174242449998621,-0.9226419622247268,0.0,8.537736462515939e-07,-22.5,-22.5,0.0,-2.9659469952726676,-2.9659469952726676,0.0,PASS
clsdoa_v1_pilot_005_ep_000159,MP3D,test,52.826428654557816,1.7880176633282658,1.7880176633282658,0.0,-0.9238795325112868,0.0,0.3826834323650897,-0.9238795325112868,0.0,0.3826834323650897,0.0,0.0,-112.5,-112.5,0.0,0.0,0.0,0.0,PASS
clsdoa_v1_pilot_005_ep_000160,MP3D,test,-132.85493017044038,4.971885677741359,4.971885677741359,0.0,0.9201567074689859,-0.08968208432995048,0.3811413877422268,0.9201567074689861,-0.08968208432995048,0.3811413877422268,2.220446049250313e-16,8.537736462515939e-07,112.5,112.5,0.0,-5.145317905307166,-5.145317905307165,8.881784197001252e-16,PASS
clsdoa_v1_pilot_005_ep_000161,Replica,train,-323.0172602793634,1.340944304512247,1.340944304512247,0.0,0.38048098613452175,-0.10713270080897988,0.9185623569510538,0.38048098613452175,-0.10713270080897988,0.9185623569510538,0.0,1.2074182697257333e-06,157.50000000000006,157.50000000000006,0.0,-6.150054544088054,-6.150054544088054,0.0,PASS
clsdoa_v1_pilot_005_ep_000162,Replica,train,-69.29810392728777,1.2681644230952123,1.2681644230952123,0.0,0.9238795325112868,0.0,-0.3826834323650898,0.9238795325112866,0.0,-0.3826834323650898,2.220446049250313e-16,0.0,67.5,67.5,0.0,0.0,0.0,0.0,PASS
clsdoa_v1_pilot_005_ep_000163,Replica,train,219.99691257924462,1.9567931003483474,1.9567931003483474,0.0,-0.8803073586784501,-0.3034799678498995,0.364635247021451,-0.88030735867845,-0.3034799678498995,0.364635247021451,1.1102230246251565e-16,0.0,-112.50000000000001,-112.50000000000003,0.0,-17.666738483696278,-17.66673848369628,3.552713678800501e-15,PASS
clsdoa_v1_pilot_005_ep_000164,Replica,train,-93.64575259641893,3.5330978084609943,3.5330978084609943,0.0,0.3820537283564878,0.05734356188123995,0.9223592925534385,0.3820537283564877,0.05734356188123995,0.9223592925534385,1.1102230246251565e-16,0.0,157.5,157.5,0.0,3.287347381436396,3.2873473814363963,4.440892098500626e-16,PASS
clsdoa_v1_pilot_005_ep_000165,Replica,train,-28.03405620157153,2.0676931257451736,2.0676931257451736,0.0,-0.8964608918988702,-0.24181538051968207,0.3713262595615934,-0.8964608918988702,-0.24181538051968207,0.3713262595615933,5.551115123125783e-17,0.0,-112.50000000000003,-112.50000000000001,0.0,-13.99371039068953,-13.99371039068953,0.0,PASS
clsdoa_v1_pilot_005_ep_000166,Replica,train,285.7498124837445,1.7233534982075687,1.7233534982075687,0.0,-0.8705710847123493,-0.33477146148160525,0.36060235029771154,-0.8705710847123493,-0.33477146148160525,0.36060235029771154,0.0,8.537736462515939e-07,-112.5,-112.5,0.0,-19.558641238626606,-19.558641238626606,0.0,PASS
clsdoa_v1_pilot_005_ep_000167,Replica,train,24.849265332698053,3.208284648020208,3.208284648020208,0.0,0.884171234627626,-0.2900217708476507,0.3662357168429265,0.884171234627626,-0.2900217708476507,0.36623571684292655,5.551115123125783e-17,0.0,112.5,112.5,0.0,-16.859259415659917,-16.859259415659917,0.0,PASS
clsdoa_v1_pilot_005_ep_000168,Replica,train,86.35424740358107,3.5330978084609943,3.5330978084609943,0.0,-0.3820537283564879,0.05734356188123995,-0.9223592925534385,-0.3820537283564879,0.05734356188123995,-0.9223592925534385,0.0,0.0,-22.50000000000003,-22.50000000000003,0.0,3.287347381436396,3.287347381436396,0.0,PASS
clsdoa_v1_pilot_005_ep_000169,Replica,train,116.92705418205117,1.293651211070258,1.293651211070258,0.0,-0.923642254831719,-0.02266250336934549,-0.3825851487321644,-0.923642254831719,-0.02266250336934549,-0.3825851487321644,0.0,0.0,-67.5,-67.5,0.0,-1.2985769682643469,-1.2985769682643469,0.0,PASS
clsdoa_v1_pilot_005_ep_000170,Replica,train,68.8443287396318,1.3401615289024906,1.3401615289024906,0.0,-0.3826834323650898,0.0,-0.923879532511287,-0.3826834323650898,0.0,-0.923879532511287,0.0,0.0,-22.5,-22.5,0.0,0.0,0.0,0.0,PASS
clsdoa_v1_pilot_005_ep_000171,Replica,train,85.30464270586174,1.5814657589115397,1.5814657589115397,0.0,-0.9238795325112868,0.0,-0.3826834323650896,-0.9238795325112868,0.0,-0.3826834323650896,0.0,0.0,-67.50000000000001,-67.50000000000001,0.0,0.0,0.0,0.0,PASS
clsdoa_v1_pilot_005_ep_000172,Replica,train,79.59016444098538,2.671106278912533,2.671106278912533,0.0,0.38177353643370643,0.06891800908405869,-0.9216828494133928,0.38177353643370643,0.06891800908405869,-0.9216828494133928,0.0,0.0,22.5,22.5,0.0,3.951843613204478,3.951843613204478,0.0,PASS
clsdoa_v1_pilot_005_ep_000173,Replica,train,-188.0172602793634,1.340944304512247,1.340944304512247,0.0,0.3804809861345223,-0.10713270080897988,-0.9185623569510537,0.3804809861345223,-0.10713270080897988,-0.9185623569510537,0.0,0.0,22.5,22.5,0.0,-6.150054544088054,-6.150054544088054,0.0,PASS
clsdoa_v1_pilot_005_ep_000174,Replica,train,-72.6761030584911,4.834170904370063,4.834170904370063,0.0,-0.9238795325112866,0.0,-0.3826834323650898,-0.9238795325112866,0.0,-0.3826834323650898,0.0,1.2074182697257333e-06,-67.5,-67.5,0.0,0.0,0.0,0.0,PASS
clsdoa_v1_pilot_005_ep_000175,Replica,train,76.67620519607857,5.807441649152578,5.807441649152578,0.0,0.9204489907706369,0.0860964311321079,-0.38126245544982557,0.9204489907706368,0.0860964311321079,-0.3812624554498257,1.1102230246251565e-16,0.0,67.5,67.5,0.0,4.93907689597656,4.9390768959765605,8.881784197001252e-16,PASS
clsdoa_v1_pilot_005_ep_000176,Replica,train,-117.82117091971713,4.0663916535646605,4.0663916535646605,0.0,0.37977952894813033,0.12295913492781553,-0.9168688894982421,0.37977952894813033,0.12295913492781553,-0.9168688894982421,0.0,0.0,22.5,22.5,0.0,7.062913625477308,7.062913625477308,0.0,PASS
clsdoa_v1_pilot_005_ep_000177,Replica,train,-165.5183494036115,2.223233574094782,2.223233574094782,0.0,0.38265962350985316,-0.011154694221757213,0.9238220528500695,0.38265962350985316,-0.011154694221757213,0.9238220528500695,0.0,0.0,157.5,157.5,0.0,-0.6391301553292357,-0.6391301553292357,0.0,PASS
clsdoa_v1_pilot_005_ep_000178,Replica,train,331.82704701274804,1.4332825806835572,1.4332825806835572,0.0,-0.38268343236508945,0.0,0.9238795325112868,-0.38268343236508945,0.0,0.9238795325112868,0.0,8.537736462515939e-07,-157.50000000000003,-157.50000000000003,0.0,0.0,0.0,0.0,PASS
clsdoa_v1_pilot_005_ep_000179,Replica,train,-67.15701154726382,2.2565678985085893,2.2565678985085893,0.0,-0.38146648413150647,0.07968666965524807,-0.9209415595810639,-0.38146648413150647,0.07968666965524807,-0.9209415595810639,0.0,8.537736462515939e-07,-22.5,-22.5,0.0,4.570555731066136,4.570555731066136,0.0,PASS
clsdoa_v1_pilot_005_ep_000180,Replica,train,-22.761383475167804,4.418700660872144,4.418700660872144,0.0,0.9238795325112866,0.0,0.38268343236508984,0.9238795325112866,0.0,0.38268343236508984,0.0,1.2074182697257333e-06,112.5,112.5,0.0,0.0,0.0,0.0,PASS
clsdoa_v1_pilot_005_ep_000181,Replica,train,64.09720974801262,4.859393864142617,4.859393864142617,0.0,-0.9220130823426609,-0.06353251825477828,-0.3819103233917513,-0.9220130823426609,-0.06353251825477828,-0.38191032339175135,5.551115123125783e-17,0.0,-67.50000000000001,-67.5,0.0,-3.64259845193079,-3.64259845193079,0.0,PASS
clsdoa_v1_pilot_005_ep_000182,Replica,train,-34.92824325760737,5.688036606020518,5.688036606020518,0.0,0.9238795325112868,0.0,-0.3826834323650898,0.9238795325112868,0.0,-0.3826834323650898,0.0,0.0,67.5,67.5,0.0,0.0,0.0,0.0,PASS
clsdoa_v1_pilot_005_ep_000183,Replica,train,-3.6457525964189372,3.5330978084609943,3.5330978084609943,0.0,0.9223592925534385,0.05734356188123995,-0.38205372835648765,0.9223592925534385,0.05734356188123995,-0.38205372835648765,0.0,0.0,67.5,67.5,0.0,3.2873473814363963,3.2873473814363963,0.0,PASS
clsdoa_v1_pilot_005_ep_000184,Replica,train,259.5901644409854,2.671106278912533,2.671106278912533,0.0,-0.3817735364337061,0.06891800908405869,0.9216828494133928,-0.3817735364337061,0.06891800908405869,0.9216828494133928,0.0,1.478779333471098e-06,-157.50000000000003,-157.50000000000003,0.0,3.9518436132044785,3.9518436132044785,0.0,PASS
clsdoa_v1_pilot_005_ep_000185,Replica,train,31.08798340944859,3.7977295349732847,3.7977295349732847,0.0,-0.3824256491551223,-0.03669858602931108,-0.9232571887896313,-0.3824256491551223,-0.03669858602931108,-0.9232571887896313,0.0,0.0,-22.5,-22.5,0.0,-2.103146355263823,-2.103146355263823,0.0,PASS
clsdoa_v1_pilot_005_ep_000186,Replica,train,251.5717533814689,3.6256298453422415,3.6256298453422415,0.0,-0.38268343236508945,0.0,0.923879532511287,-0.38268343236508945,0.0,0.923879532511287,0.0,0.0,-157.50000000000003,-157.50000000000003,0.0,0.0,0.0,0.0,PASS
clsdoa_v1_pilot_005_ep_000187,Replica,train,-63.07294581794884,1.293651211070258,1.293651211070258,0.0,0.923642254831719,-0.02266250336934549,0.3825851487321645,0.923642254831719,-0.02266250336934549,0.3825851487321645,0.0,0.0,112.5,112.5,0.0,-1.2985769682643469,-1.2985769682643469,0.0,PASS
clsdoa_v1_pilot_005_ep_000188,Replica,train,52.9931462494296,1.46060173430602,1.46060173430602,0.0,0.3826834323650899,0.0,-0.9238795325112867,0.3826834323650899,0.0,-0.9238795325112867,0.0,0.0,22.5,22.5,0.0,0.0,0.0,0.0,PASS
clsdoa_v1_pilot_005_ep_000189,MP3D,train,247.2282444817128,1.1179458481255538,1.1179458481255538,0.0,-0.3826834323650895,0.0,0.923879532511287,-0.3826834323650895,0.0,0.923879532511287,0.0,0.0,-157.50000000000003,-157.50000000000003,0.0,0.0,0.0,0.0,PASS
clsdoa_v1_pilot_005_ep_000190,MP3D,train,74.16459858125877,3.3861009842766214,3.3861009842766214,0.0,-0.9228260459886588,0.047741710685444305,-0.38224706395964,-0.9228260459886589,0.047741710685444305,-0.38224706395964,1.1102230246251565e-16,0.0,-67.5,-67.5,0.0,2.7364387153164222,2.736438715316422,4.440892098500626e-16,PASS
clsdoa_v1_pilot_005_ep_000191,MP3D,train,74.1302441845846,3.527580900860227,3.527580900860227,0.0,-0.9219997075109085,-0.06375951537092625,0.38190478335504496,-0.9219997075109085,-0.06375951537092625,0.3819047833550449,5.551115123125783e-17,0.0,-112.5,-112.49999999999999,0.0,-3.6556308513841893,-3.6556308513841893,0.0,PASS
clsdoa_v1_pilot_005_ep_000192,MP3D,train,-250.08069989583427,3.9334542592810138,3.9334542592810138,0.0,0.9204966394510982,0.08549752444386037,0.3812821921795019,0.9204966394510982,0.08549752444386037,0.3812821921795019,0.0,0.0,112.5,112.5,0.0,4.904635070514339,4.904635070514339,0.0,PASS
clsdoa_v1_pilot_005_ep_000193,MP3D,train,-19.785626767984077,4.766918744661528,4.766918744661528,0.0,-0.38268343236508984,0.0,-0.9238795325112868,-0.38268343236508984,0.0,-0.9238795325112868,0.0,0.0,-22.5,-22.5,0.0,0.0,0.0,0.0,PASS
clsdoa_v1_pilot_005_ep_000194,MP3D,train,-62.279007095996235,1.8427425956851264,1.8427425956851264,0.0,0.9211313207008235,0.07707423405813092,0.3815450857609219,0.9211313207008235,0.07707423405813092,0.3815450857609219,0.0,0.0,112.5,112.5,0.0,4.4204122400352,4.4204122400352,0.0,PASS
clsdoa_v1_pilot_005_ep_000195,MP3D,train,71.84283959367208,2.2001425601260314,2.2001425601260314,0.0,-0.3817300870611769,0.07054230314795197,0.921577953348955,-0.3817300870611769,0.07054230314795197,0.921577953348955,0.0,8.537736462515939e-07,-157.5,-157.5,0.0,4.0451359018574236,4.0451359018574236,0.0,PASS
clsdoa_v1_pilot_005_ep_000196,MP3D,train,141.32966188063432,1.0630826236771074,1.0630826236771074,0.0,-0.3826834323650899,0.0,-0.9238795325112867,-0.3826834323650899,0.0,-0.9238795325112867,0.0,0.0,-22.5,-22.5,0.0,0.0,0.0,0.0,PASS
clsdoa_v1_pilot_005_ep_000197,MP3D,train,-72.9095560958802,1.6030579610619613,1.6030579610619613,0.0,0.29995259953078207,-0.6209957695673478,0.7241496338562795,0.29995259953078207,-0.6209957695673478,0.7241496338562795,0.0,0.0,157.5,157.5,0.0,-38.388887360528635,-38.388887360528635,0.0,PASS
clsdoa_v1_pilot_005_ep_000198,MP3D,train,-58.19161002994364,5.201982405577874,5.201982405577874,0.0,0.2896311846437513,-0.6535970001977996,-0.6992315340531308,0.2896311846437513,-0.6535970001977996,-0.6992315340531308,0.0,8.537736462515939e-07,22.5,22.5,0.0,-40.813352497977945,-40.813352497977945,0.0,PASS
clsdoa_v1_pilot_005_ep_000199,MP3D,train,-57.29151046128368,1.4154616748891848,1.4154616748891848,0.0,-0.9238795325112868,0.0,0.38268343236508967,-0.9238795325112868,0.0,0.38268343236508967,0.0,0.0,-112.5,-112.5,0.0,0.0,0.0,0.0,PASS
clsdoa_v1_pilot_005_ep_000200,MP3D,train,112.03465642908452,1.972004603328956,1.972004603328956,0.0,0.9238795325112867,0.0,-0.3826834323650897,0.9238795325112867,0.0,-0.3826834323650897,0.0,8.537736462515939e-07,67.5,67.5,0.0,0.0,0.0,0.0,PASS
clsdoa_v1_pilot_005_ep_000201,MP3D,train,26.231164213987697,3.978875597911416,3.978875597911416,0.0,0.923113102725106,-0.04072428079457962,-0.382365966753047,0.923113102725106,-0.04072428079457962,-0.382365966753047,0.0,0.0,67.5,67.5,0.0,-2.33397485337306,-2.33397485337306,0.0,PASS
clsdoa_v1_pilot_005_ep_000202,MP3D,train,58.6032108980242,2.7083984857254166,2.7083984857254166,0.0,-0.8585993790347642,-0.36922188713015774,-0.3556435074413171,-0.8585993790347642,-0.36922188713015774,-0.3556435074413171,0.0,8.537736462515939e-07,-67.5,-67.5,0.0,-21.667637055161826,-21.667637055161826,0.0,PASS
clsdoa_v1_pilot_005_ep_000203,MP3D,train,47.27398732972782,1.9375048373676569,1.9375048373676569,0.0,0.9238773457379085,0.0021757498235708125,0.38268252657389845,0.9238773457379085,0.0021757498235708125,0.38268252657389845,0.0,0.0,112.5,112.5,0.0,0.12466138052256054,0.12466138052256054,0.0,PASS
clsdoa_v1_pilot_005_ep_000204,MP3D,train,76.79881597014598,1.5755847532444718,1.5755847532444718,0.0,-0.3826715083379743,0.007894111603194968,-0.9238507453633061,-0.3826715083379743,0.007894111603194968,-0.9238507453633061,0.0,0.0,-22.5,-22.5,0.0,0.45230397565559594,0.45230397565559594,0.0,PASS
clsdoa_v1_pilot_005_ep_000205,MP3D,train,-124.21154588038951,5.554196982636793,5.554196982636793,0.0,0.3764298311235076,-0.1800440285294421,-0.9087820035801858,0.3764298311235076,-0.1800440285294421,-0.9087820035801858,0.0,1.2074182697257333e-06,22.5,22.5,0.0,-10.372324352470157,-10.372324352470157,0.0,PASS
clsdoa_v1_pilot_005_ep_000206,MP3D,train,-28.637814121400112,3.843765244468547,3.843765244468547,0.0,-0.9213146915811674,0.07446220887108145,0.3816210404665049,-0.9213146915811674,0.07446220887108145,0.3816210404665049,0.0,8.537736462515939e-07,-112.50000000000001,-112.50000000000001,0.0,4.270322738549427,4.270322738549427,0.0,PASS
clsdoa_v1_pilot_005_ep_000207,MP3D,train,70.15931620086948,4.555265951638141,4.555265951638141,0.0,-0.9013429842834366,-0.2195261507487582,-0.373348488440039,-0.9013429842834366,-0.2195261507487582,-0.373348488440039,0.0,0.0,-67.5,-67.5,0.0,-12.681203081618191,-12.681203081618191,0.0,PASS
clsdoa_v1_pilot_005_ep_000208,MP3D,train,263.8826746381844,3.483179699171858,3.483179699171858,0.0,-0.923879532511287,0.0,0.38268343236508934,-0.923879532511287,0.0,0.38268343236508934,0.0,0.0,-112.49999999999997,-112.49999999999997,0.0,0.0,0.0,0.0,PASS
clsdoa_v1_pilot_005_ep_000209,MP3D,train,-31.120335419990575,3.9056973928163443,3.9056973928163443,0.0,0.9230507909665217,-0.042346689566864916,-0.38234015637754604,0.9230507909665217,-0.042346689566864916,-0.3823401563775461,5.551115123125783e-17,0.0,67.5,67.5,0.0,-2.4270123275428133,-2.4270123275428133,0.0,PASS
clsdoa_v1_pilot_005_ep_000210,MP3D,train,-57.513730186593044,4.45939899782814,4.45939899782814,0.0,0.9238795325112867,0.0,0.3826834323650897,0.9238795325112867,0.0,0.3826834323650897,0.0,8.537736462515939e-07,112.5,112.5,0.0,0.0,0.0,0.0,PASS
clsdoa_v1_pilot_005_ep_000211,MP3D,train,-127.17595228087477,2.6605117611595377,2.6605117611595377,0.0,0.37306071238823607,0.22284180057417738,0.9006482314362475,0.37306071238823607,0.22284180057417738,0.9006482314362474,1.1102230246251565e-16,0.0,157.5,157.5,0.0,12.87600065539694,12.876000655396941,1.7763568394002505e-15,PASS
clsdoa_v1_pilot_005_ep_000212,MP3D,train,-17.5561717713677,2.984641714723914,2.984641714723914,0.0,-0.3823202093730833,0.04355908580959746,0.9230026346378183,-0.3823202093730833,0.04355908580959746,0.9230026346378183,0.0,0.0,-157.5,-157.5,0.0,2.496541688362186,2.496541688362186,0.0,PASS
clsdoa_v1_pilot_005_ep_000213,MP3D,train,-122.49462928168046,1.5330267214496194,1.5330267214496194,0.0,0.3820764239541097,0.05630153496798078,0.9224140845730234,0.38207642395410957,0.05630153496798078,0.9224140845730234,1.1102230246251565e-16,0.0,157.5,157.5,0.0,3.2275470146044434,3.2275470146044434,0.0,PASS
clsdoa_v1_pilot_005_ep_000214,MP3D,train,123.73964553621707,1.3381941504139052,1.3381941504139052,0.0,-0.3810531338151975,0.09220738437547052,0.9199436436414198,-0.3810531338151975,0.09220738437547052,0.9199436436414198,0.0,0.0,-157.5,-157.5,0.0,5.290609074829866,5.290609074829866,0.0,PASS
clsdoa_v1_pilot_005_ep_000215,MP3D,train,-102.53802467041777,5.648519233608356,5.648519233608356,0.0,0.38268343236508995,0.0,0.9238795325112866,0.38268343236508995,0.0,0.9238795325112866,0.0,8.537736462515939e-07,157.5,157.5,0.0,0.0,0.0,0.0,PASS
clsdoa_v1_pilot_005_ep_000216,MP3D,train,-33.676057460854565,1.3131789218070509,1.3131789218070509,0.0,0.3826834323650897,0.0,-0.9238795325112868,0.3826834323650898,0.0,-0.9238795325112868,5.551115123125783e-17,0.0,22.5,22.5,0.0,0.0,0.0,0.0,PASS
clsdoa_v1_pilot_005_ep_000217,Replica,val,-197.21001900273995,4.32328044737066,4.32328044737066,0.0,0.9236691877762081,0.021337740393725855,0.3825963047230461,0.9236691877762081,0.021337740393725855,0.3825963047230461,0.0,8.537736462515939e-07,112.5,112.5,0.0,1.2226552598642364,1.2226552598642364,0.0,PASS
clsdoa_v1_pilot_005_ep_000218,Replica,val,191.47040296540348,1.2241919096782317,1.2241919096782317,0.0,-0.2742174364907671,-0.6975206375191002,-0.6620194542151916,-0.2742174364907671,-0.6975206375191002,-0.6620194542151916,0.0,0.0,-22.50000000000003,-22.50000000000003,0.0,-44.22842132726225,-44.22842132726225,0.0,PASS
clsdoa_v1_pilot_005_ep_000219,Replica,val,116.17094771098667,1.4592045578016002,1.4592045578016002,0.0,0.38268343236508956,0.0,-0.9238795325112867,0.38268343236508945,0.0,-0.9238795325112867,1.1102230246251565e-16,1.2074182697257333e-06,22.5,22.49999999999997,2.842170943040401e-14,0.0,0.0,0.0,PASS
clsdoa_v1_pilot_005_ep_000220,Replica,val,-81.36589408341398,3.716482877170675,3.716482877170675,0.0,0.9216861204481925,0.06886673881467985,-0.3817748913406835,0.9216861204481924,0.06886673881467985,-0.38177489134068354,1.1102230246251565e-16,0.0,67.5,67.5,0.0,3.9488990471537284,3.9488990471537284,0.0,PASS
clsdoa_v1_pilot_005_ep_000221,Replica,val,-171.365894083414,3.716482877170675,3.716482877170675,0.0,0.3817748913406834,0.06886673881467985,0.9216861204481925,0.3817748913406833,0.06886673881467985,0.9216861204481925,5.551115123125783e-17,0.0,157.5,157.5,0.0,3.9488990471537284,3.9488990471537284,0.0,PASS
clsdoa_v1_pilot_005_ep_000222,Replica,val,-10.085356827639501,1.0232468127175247,1.0232468127175247,0.0,-0.2532984956284423,-0.9616817220338727,-0.10491967221800295,-0.2532984956284423,-0.9616817220338727,-0.10491967221800295,0.0,0.0,-67.5,-67.5,0.0,-74.08754263228555,-74.08754263228555,0.0,PASS
clsdoa_v1_pilot_005_ep_000223,MP3D,val,41.398285261163934,3.5649928770896553,3.5649928770896553,0.0,-0.9230184340928197,0.043165075159494054,0.3823267537216224,-0.9230184340928197,0.043165075159494054,0.3823267537216224,0.0,1.2074182697257333e-06,-112.49999999999999,-112.49999999999999,0.0,2.4739452872177075,2.4739452872177075,0.0,PASS
clsdoa_v1_pilot_005_ep_000224,MP3D,val,-44.97990028997789,2.5659343063990123,2.5659343063990123,0.0,-0.38226928046744907,0.04651119113814428,-0.9228796813831205,-0.38226928046744907,0.04651119113814428,-0.9228796813831205,0.0,0.0,-22.5,-22.5,0.0,2.6658567127255846,2.6658567127255846,0.0,PASS
clsdoa_v1_pilot_005_ep_000225,MP3D,val,178.9490405176423,5.891483332586115,5.891483332586115,0.0,-0.38130277948737973,-0.08486827031054689,0.9205463416089897,-0.38130277948737973,-0.08486827031054689,0.9205463416089897,0.0,0.0,-157.5,-157.5,0.0,-4.868449942881682,-4.868449942881682,0.0,PASS
clsdoa_v1_pilot_005_ep_000226,MP3D,val,70.45307130806685,1.1481998433847163,1.1481998433847163,0.0,-0.9238795325112867,0.0,-0.3826834323650896,-0.9238795325112867,0.0,-0.3826834323650896,0.0,8.537736462515939e-07,-67.50000000000001,-67.50000000000001,0.0,0.0,0.0,0.0,PASS
clsdoa_v1_pilot_005_ep_000227,MP3D,val,-92.57529771388239,1.9341643310306051,1.9341643310306051,0.0,0.8924756618265507,0.2585095754162619,-0.36967552321646135,0.8924756618265507,0.2585095754162619,-0.36967552321646135,0.0,0.0,67.5,67.5,0.0,14.981643987868164,14.981643987868164,0.0,PASS
clsdoa_v1_pilot_005_ep_000228,MP3D,val,75.79406850834701,3.835635446595364,3.835635446595364,0.0,0.3824804938605708,0.0325626552113663,-0.9233895956213495,0.3824804938605708,0.0325626552113663,-0.9233895956213495,0.0,1.2074182697257333e-06,22.5,22.5,0.0,1.8660325797791335,1.8660325797791335,0.0,PASS
clsdoa_v1_pilot_005_ep_000229,Replica,test,-18.696079327351498,1.5516122140386461,1.5516122140386461,0.0,-0.923879532511287,0.0,0.38268343236508956,-0.923879532511287,0.0,0.38268343236508956,0.0,0.0,-112.49999999999999,-112.49999999999999,0.0,0.0,0.0,0.0,PASS
clsdoa_v1_pilot_005_ep_000230,Replica,test,-126.96478720668084,2.70494294455659,2.70494294455659,0.0,0.3826529932072791,0.012612548445201554,0.9238060458836733,0.3826529932072791,0.012612548445201554,0.9238060458836733,0.0,0.0,157.5,157.5,0.0,0.7226649554986114,0.7226649554986114,0.0,PASS
clsdoa_v1_pilot_005_ep_000231,Replica,test,108.37174624167702,1.3248392583547082,1.3248392583547082,0.0,0.9231830408345769,-0.03882249330103352,-0.38239493606651626,0.9231830408345769,-0.03882249330103352,-0.38239493606651626,0.0,8.537736462515939e-07,67.50000000000003,67.50000000000003,0.0,-2.2249241509278996,-2.2249241509278996,0.0,PASS
clsdoa_v1_pilot_005_ep_000232,Replica,test,176.9758489697863,3.013663929696552,3.013663929696552,0.0,-0.36100136047749465,-0.331822002495378,0.8715343804999062,-0.36100136047749465,-0.331822002495378,0.8715343804999063,1.1102230246251565e-16,0.0,-157.5,-157.5,0.0,-19.379400989829183,-19.37940098982918,3.552713678800501e-15,PASS
clsdoa_v1_pilot_005_ep_000233,Replica,test,8.035212793319157,2.70494294455659,2.70494294455659,0.0,0.38265299320727925,0.012612548445201554,-0.9238060458836733,0.38265299320727925,0.012612548445201554,-0.9238060458836732,1.1102230246251565e-16,0.0,22.5,22.5,0.0,0.7226649554986113,0.7226649554986114,1.1102230246251565e-16,PASS
clsdoa_v1_pilot_005_ep_000234,Replica,test,-35.241465469288514,4.447434444752442,4.447434444752442,0.0,0.9236050063163875,-0.02437625338544236,0.3825697198919358,0.9236050063163875,-0.02437625338544236,0.38256971989193583,5.551115123125783e-17,1.2074182697257333e-06,112.5,112.5,0.0,-1.3967947922700303,-1.3967947922700303,0.0,PASS
clsdoa_v1_pilot_005_ep_000235,MP3D,test,218.3599928932366,1.0877282812951998,1.0877282812951998,0.0,-0.9238795325112868,0.0,-0.3826834323650899,-0.9238795325112868,0.0,-0.38268343236508984,5.551115123125783e-17,0.0,-67.5,-67.5,0.0,0.0,0.0,0.0,PASS
clsdoa_v1_pilot_005_ep_000236,MP3D,test,-108.68070251706425,5.412970207650773,5.412970207650773,0.0,-0.3826834323650894,0.0,-0.923879532511287,-0.3826834323650894,0.0,-0.923879532511287,0.0,0.0,-22.49999999999997,-22.49999999999997,0.0,0.0,0.0,0.0,PASS
clsdoa_v1_pilot_005_ep_000237,MP3D,test,-91.23399858761529,1.503996355475519,1.503996355475519,0.0,0.3826834323650899,0.0,-0.9238795325112865,0.38268343236508984,0.0,-0.9238795325112865,5.551115123125783e-17,1.478779333471098e-06,22.5,22.5,0.0,0.0,0.0,0.0,PASS
clsdoa_v1_pilot_005_ep_000238,MP3D,test,-107.51639839154535,1.0677694393111117,1.0677694393111117,0.0,0.9238795325112867,0.0,-0.38268343236508984,0.9238795325112867,0.0,-0.38268343236508984,0.0,0.0,67.5,67.5,0.0,0.0,0.0,0.0,PASS
clsdoa_v1_pilot_005_ep_000239,MP3D,test,61.408215341652635,2.797858898703001,2.797858898703001,0.0,0.9117497923523493,0.16151129391916333,0.37765912948319613,0.9117497923523493,0.16151129391916333,0.37765912948319613,0.0,0.0,112.5,112.5,0.0,9.294628012619498,9.294628012619498,0.0,PASS
clsdoa_v1_pilot_005_ep_000240,MP3D,test,-104.24615849333728,3.920835754905994,3.920835754905994,0.0,0.38121058156743726,-0.08765087783321339,0.920323756140242,0.38121058156743726,-0.08765087783321339,0.9203237561402419,1.1102230246251565e-16,0.0,157.5,157.5,0.0,-5.02847813659826,-5.0284781365982605,8.881784197001252e-16,PASS
clsdoa_v1_pilot_005_ep_000241,Replica,train,14.4816505963885,2.223233574094782,2.223233574094782,0.0,-0.38265962350985294,-0.011154694221757213,-0.9238220528500695,-0.38265962350985294,-0.011154694221757213,-0.9238220528500695,0.0,8.537736462515939e-07,-22.5,-22.5,0.0,-0.6391301553292358,-0.6391301553292358,0.0,PASS
clsdoa_v1_pilot_005_ep_000242,Replica,train,-58.01619872427129,1.1267934969233628,1.1267934969233628,0.0,0.3826834323650899,0.0,0.9238795325112866,0.3826834323650899,0.0,0.9238795325112866,0.0,8.537736462515939e-07,157.5,157.5,0.0,0.0,0.0,0.0,PASS
clsdoa_v1_pilot_005_ep_000243,Replica,train,116.92705418205117,1.293651211070258,1.293651211070258,0.0,-0.923642254831719,-0.02266250336934549,-0.3825851487321644,-0.923642254831719,-0.02266250336934549,-0.3825851487321644,0.0,0.0,-67.5,-67.5,0.0,-1.2985769682643469,-1.2985769682643469,0.0,PASS
clsdoa_v1_pilot_005_ep_000244,Replica,train,-4.573114108180757,4.04328985172263,4.04328985172263,0.0,-0.38235362615224466,0.04150792202146613,-0.9230833098792813,-0.38235362615224466,0.04150792202146613,-0.9230833098792813,0.0,8.537736462515939e-07,-22.5,-22.5,0.0,2.3789121895924312,2.3789121895924312,0.0,PASS
clsdoa_v1_pilot_005_ep_000245,Replica,train,69.84926533269805,3.208284648020208,3.208284648020208,0.0,0.8841712346276259,-0.2900217708476507,-0.36623571684292683,0.884171234627626,-0.2900217708476507,-0.36623571684292683,1.1102230246251565e-16,0.0,67.5,67.5,0.0,-16.859259415659917,-16.859259415659913,3.552713678800501e-15,PASS
clsdoa_v1_pilot_005_ep_000246,Replica,train,41.35424740358106,3.5330978084609943,3.5330978084609943,0.0,0.38205372835648754,0.05734356188123995,-0.9223592925534386,0.38205372835648754,0.05734356188123995,-0.9223592925534386,0.0,0.0,22.5,22.5,0.0,3.287347381436396,3.287347381436396,0.0,PASS
clsdoa_v1_pilot_005_ep_000247,Replica,train,-147.59098833713477,2.1320392023945667,2.1320392023945667,0.0,0.9238795325112868,0.0,0.38268343236508995,0.9238795325112868,0.0,0.38268343236508995,0.0,0.0,112.5,112.5,0.0,0.0,0.0,0.0,PASS
clsdoa_v1_pilot_005_ep_000248,Replica,train,-17.705898886956938,1.8985907400539923,1.8985907400539923,0.0,0.3826834323650898,0.0,-0.9238795325112867,0.3826834323650898,0.0,-0.9238795325112867,0.0,0.0,22.5,22.5,0.0,0.0,0.0,0.0,PASS
clsdoa_v1_pilot_005_ep_000249,Replica,train,-38.522909574859284,1.5978768738947706,1.5978768738947706,0.0,-0.9238795325112867,0.0,0.3826834323650898,-0.9238795325112867,0.0,0.3826834323650898,0.0,0.0,-112.5,-112.5,0.0,0.0,0.0,0.0,PASS
clsdoa_v1_pilot_005_ep_000250,Replica,train,-59.34083284710427,1.3959539064642936,1.3959539064642936,0.0,-0.3826834323650897,0.0,-0.9238795325112866,-0.3826834323650897,0.0,-0.9238795325112866,0.0,1.2074182697257333e-06,-22.5,-22.5,0.0,0.0,0.0,0.0,PASS
clsdoa_v1_pilot_005_ep_000251,Replica,train,-20.150734667301947,3.208284648020208,3.208284648020208,0.0,0.36623571684292683,-0.2900217708476507,0.8841712346276259,0.36623571684292683,-0.2900217708476507,0.884171234627626,1.1102230246251565e-16,0.0,157.5,157.5,0.0,-16.859259415659917,-16.859259415659913,3.552713678800501e-15,PASS
clsdoa_v1_pilot_005_ep_000252,Replica,train,169.59016444098538,2.671106278912533,2.671106278912533,0.0,-0.9216828494133928,0.06891800908405869,-0.38177353643370643,-0.9216828494133928,0.06891800908405869,-0.38177353643370643,0.0,0.0,-67.5,-67.5,0.0,3.951843613204478,3.951843613204478,0.0,PASS
clsdoa_v1_pilot_005_ep_000253,Replica,train,-278.0172602793634,1.340944304512247,1.340944304512247,0.0,0.9185623569510534,-0.10713270080897988,0.3804809861345231,0.9185623569510534,-0.10713270080897988,0.3804809861345231,0.0,8.537736462515939e-07,112.50000000000006,112.50000000000006,0.0,-6.150054544088054,-6.150054544088054,0.0,PASS
clsdoa_v1_pilot_005_ep_000254,Replica,train,12.17665201941601,1.4014168354647927,1.4014168354647927,0.0,-0.9224707041748844,-0.05520402404796274,0.3820998765610961,-0.9224707041748844,-0.05520402404796274,0.3820998765610961,0.0,0.0,-112.49999999999999,-112.49999999999999,0.0,-3.1645663077930815,-3.1645663077930815,0.0,PASS
clsdoa_v1_pilot_005_ep_000255,Replica,train,149.4816505963885,2.223233574094782,2.223233574094782,0.0,-0.38265962350985305,-0.011154694221757213,0.9238220528500695,-0.382659623509853,-0.011154694221757213,0.9238220528500695,5.551115123125783e-17,8.537736462515939e-07,-157.5,-157.5,0.0,-0.6391301553292358,-0.6391301553292358,0.0,PASS
clsdoa_v1_pilot_005_ep_000256,Replica,train,176.35424740358107,3.5330978084609943,3.5330978084609943,0.0,-0.9223592925534386,0.05734356188123995,0.3820537283564876,-0.9223592925534386,0.05734356188123995,0.3820537283564876,0.0,0.0,-112.5,-112.5,0.0,3.287347381436396,3.287347381436396,0.0,PASS
clsdoa_v1_pilot_005_ep_000257,Replica,train,-72.82711118473728,5.635591193783315,5.635591193783315,0.0,0.9092184496313774,-0.1774436728311861,0.3766106129971553,0.9092184496313775,-0.1774436728311861,0.3766106129971553,1.1102230246251565e-16,8.537736462515939e-07,112.5,112.5,0.0,-10.220896245744926,-10.220896245744925,1.7763568394002505e-15,PASS
clsdoa_v1_pilot_005_ep_000258,Replica,train,79.05236846198723,3.457504138139794,3.457504138139794,0.0,-0.9238652236997831,-0.005565541488817918,-0.3826775054613036,-0.9238652236997831,-0.005565541488817918,-0.3826775054613036,0.0,0.0,-67.5,-67.5,0.0,-0.3188836842790882,-0.3188836842790882,0.0,PASS
clsdoa_v1_pilot_005_ep_000259,Replica,train,259.5901644409854,2.671106278912533,2.671106278912533,0.0,-0.3817735364337061,0.06891800908405869,0.9216828494133928,-0.3817735364337061,0.06891800908405869,0.9216828494133928,0.0,1.478779333471098e-06,-157.50000000000003,-157.50000000000003,0.0,3.9518436132044785,3.9518436132044785,0.0,PASS
clsdoa_v1_pilot_005_ep_000260,Replica,train,-34.92824325760737,5.688036606020518,5.688036606020518,0.0,0.9238795325112868,0.0,-0.3826834323650898,0.9238795325112868,0.0,-0.3826834323650898,0.0,0.0,67.5,67.5,0.0,0.0,0.0,0.0,PASS
clsdoa_v1_pilot_005_ep_000261,Replica,train,-57.3788252351048,1.2101550193639763,1.2101550193639763,0.0,-0.237722456974959,-0.7836530831533737,-0.5739127797096005,-0.237722456974959,-0.7836530831533737,-0.5739127797096005,0.0,0.0,-22.5,-22.5,0.0,-51.59627596698827,-51.59627596698827,0.0,PASS
clsdoa_v1_pilot_005_ep_000262,Replica,train,-128.6371917889656,1.3679345425717602,1.3679345425717602,0.0,0.923879532511287,0.0,0.3826834323650895,0.923879532511287,0.0,0.3826834323650895,0.0,0.0,112.5,112.5,0.0,0.0,0.0,0.0,PASS
clsdoa_v1_pilot_005_ep_000263,Replica,train,-82.49898317094018,4.573589221844486,4.573589221844486,0.0,0.9238795325112868,0.0,-0.3826834323650899,0.9238795325112868,0.0,-0.3826834323650899,0.0,0.0,67.5,67.5,0.0,0.0,0.0,0.0,PASS
clsdoa_v1_pilot_005_ep_000264,Replica,train,294.84926533269805,3.208284648020208,3.208284648020208,0.0,-0.3662357168429261,-0.2900217708476507,0.8841712346276263,-0.3662357168429261,-0.2900217708476507,0.8841712346276263,0.0,0.0,-157.50000000000006,-157.50000000000006,0.0,-16.859259415659917,-16.859259415659917,0.0,PASS
clsdoa_v1_pilot_005_ep_000265,Replica,train,-109.42750786061725,4.789846698853243,4.789846698853243,0.0,0.38268343236508995,0.0,-0.9238795325112865,0.38268343236508995,0.0,-0.9238795325112865,0.0,1.478779333471098e-06,22.5,22.5,0.0,0.0,0.0,0.0,PASS
clsdoa_v1_pilot_005_ep_000266,Replica,train,-108.07294581794883,1.293651211070258,1.293651211070258,0.0,0.38258514873216454,-0.02266250336934549,0.9236422548317188,0.38258514873216454,-0.02266250336934549,0.9236422548317188,0.0,1.2074182697257333e-06,157.5,157.5,0.0,-1.298576968264347,-1.298576968264347,0.0,PASS
clsdoa_v1_pilot_005_ep_000267,Replica,train,-6.512125467831339,1.7919996311884014,1.7919996311884014,0.0,0.3826834323650898,0.0,-0.9238795325112867,0.3826834323650898,0.0,-0.9238795325112867,0.0,0.0,22.5,22.5,0.0,0.0,0.0,0.0,PASS
clsdoa_v1_pilot_005_ep_000268,Replica,train,103.9739508795843,4.876062700196216,4.876062700196216,0.0,0.9202530799555102,-0.08851598941463387,-0.3811813065331846,0.9202530799555102,-0.08851598941463387,-0.3811813065331846,0.0,8.537736462515939e-07,67.5,67.5,0.0,-5.078238795301978,-5.078238795301978,0.0,PASS
clsdoa_v1_pilot_005_ep_000269,MP3D,train,-39.20219254222103,1.359104004312102,1.359104004312102,0.0,0.3826834323650897,0.0,-0.9238795325112868,0.3826834323650897,0.0,-0.9238795325112868,0.0,0.0,22.5,22.5,0.0,0.0,0.0,0.0,PASS
clsdoa_v1_pilot_005_ep_000270,MP3D,train,33.056951947503215,5.530498072852537,5.530498072852537,0.0,-0.3826834323650897,0.0,-0.9238795325112867,-0.3826834323650897,0.0,-0.9238795325112866,1.1102230246251565e-16,8.537736462515939e-07,-22.5,-22.5,0.0,0.0,0.0,0.0,PASS
clsdoa_v1_pilot_005_ep_000271,MP3D,train,-126.99078796590365,1.2257811661057683,1.2257811661057683,0.0,0.5833138609878149,0.7754781754140357,-0.2416165123413671,0.5833138609878149,0.7754781754140357,-0.24161651234136713,2.7755575615628914e-17,1.2074182697257333e-06,67.5,67.5,0.0,50.84840573890384,50.84840573890384,0.0,PASS
clsdoa_v1_pilot_005_ep_000272,MP3D,train,255.89800139164822,1.9470030706110024,1.9470030706110024,0.0,-0.9087304344288241,0.18034872024079698,0.3764084704816132,-0.9087304344288241,0.18034872024079698,0.37640847048161324,5.551115123125783e-17,0.0,-112.49999999999999,-112.49999999999999,0.0,10.39007242598788,10.390072425987878,1.7763568394002505e-15,PASS
clsdoa_v1_pilot_005_ep_000273,MP3D,train,-130.7860531149285,1.7343072944702986,1.7343072944702986,0.0,0.3826834323650894,0.0,-0.923879532511287,0.3826834323650894,0.0,-0.923879532511287,0.0,0.0,22.49999999999997,22.49999999999997,0.0,0.0,0.0,0.0,PASS
clsdoa_v1_pilot_005_ep_000274,MP3D,train,208.67777131670073,3.881178247135808,3.881178247135808,0.0,-0.9237591679663243,-0.016141447147391522,-0.38263357573813683,-0.9237591679663243,-0.016141447147391522,-0.3826335757381368,5.551115123125783e-17,0.0,-67.50000000000004,-67.50000000000004,0.0,-0.9248769619584469,-0.9248769619584469,0.0,PASS
clsdoa_v1_pilot_005_ep_000275,MP3D,train,287.41997433920005,1.5562286119374296,1.5562286119374296,0.0,-0.38268343236509045,0.0,0.9238795325112864,-0.38268343236509045,0.0,0.9238795325112864,0.0,8.537736462515939e-07,-157.49999999999997,-157.49999999999997,0.0,0.0,0.0,0.0,PASS
clsdoa_v1_pilot_005_ep_000276,MP3D,train,-265.5812955962786,2.489289974274846,2.489289974274846,0.0,0.3775828572029913,-0.16272443877204348,0.911565654779045,0.37758285720299134,-0.16272443877204348,0.911565654779045,5.551115123125783e-17,0.0,157.5,157.5,0.0,-9.365067918644801,-9.365067918644801,0.0,PASS
clsdoa_v1_pilot_005_ep_000277,MP3D,train,-46.10819189210565,1.9252259726527692,1.9252259726527692,0.0,0.38216684618758534,0.051942152708409614,0.9226323831554207,0.38216684618758534,0.051942152708409614,0.9226323831554207,0.0,0.0,157.5,157.5,0.0,2.9774059877699357,2.9774059877699357,0.0,PASS
clsdoa_v1_pilot_005_ep_000278,MP3D,train,196.90242649743277,1.0926492782979058,1.0926492782979058,0.0,-0.3826834323650899,0.0,0.9238795325112867,-0.3826834323650899,0.0,0.9238795325112867,0.0,0.0,-157.5,-157.5,0.0,0.0,0.0,0.0,PASS
clsdoa_v1_pilot_005_ep_000279,MP3D,train,89.04912011042762,5.183773458140188,5.183773458140188,0.0,0.9238795325112865,0.0,-0.3826834323650899,0.9238795325112865,0.0,-0.3826834323650899,0.0,1.478779333471098e-06,67.5,67.5,0.0,0.0,0.0,0.0,PASS
clsdoa_v1_pilot_005_ep_000280,MP3D,train,88.71618913345483,4.249288024680371,4.249288024680371,0.0,0.9238795325112867,0.0,-0.38268343236508984,0.9238795325112867,0.0,-0.38268343236508984,0.0,0.0,67.5,67.5,0.0,0.0,0.0,0.0,PASS
clsdoa_v1_pilot_005_ep_000281,MP3D,train,-27.23475736969573,3.573050377424505,3.573050377424505,0.0,-0.9238073958002244,-0.012496172625939815,-0.3826535523610228,-0.9238073958002244,-0.012496172625939815,-0.3826535523610228,0.0,1.478779333471098e-06,-67.5,-67.5,0.0,-0.7159965866856958,-0.7159965866856958,0.0,PASS
clsdoa_v1_pilot_005_ep_000282,MP3D,train,-44.06622952597213,5.847366613191135,5.847366613191135,0.0,0.9237100540123364,0.01915334852498326,0.38261323207229375,0.9237100540123364,0.01915334852498326,0.3826132320722937,5.551115123125783e-17,1.2074182697257333e-06,112.5,112.5,0.0,1.0974731424765896,1.0974731424765896,0.0,PASS
clsdoa_v1_pilot_005_ep_000283,MP3D,train,-69.37869403771593,3.78063561400619,3.78063561400619,0.0,-0.3824797234503075,-0.03262438862629847,-0.9233877356864432,-0.3824797234503075,-0.03262438862629847,-0.9233877356864432,0.0,0.0,-22.5,-22.5,0.0,-1.8695715241867257,-1.8695715241867257,0.0,PASS
clsdoa_v1_pilot_005_ep_000284,MP3D,train,159.20558036110918,2.549090204146629,2.549090204146629,0.0,-0.38268326274784653,-0.0009415212354815399,-0.9238791230190375,-0.38268326274784653,-0.0009415212354815399,-0.9238791230190375,0.0,0.0,-22.5,-22.5,0.0,-0.053945201085101105,-0.053945201085101105,0.0,PASS
clsdoa_v1_pilot_005_ep_000285,MP3D,train,24.35702143295226,1.5823607951829386,1.5823607951829386,0.0,0.37293812318722447,-0.2242385723102751,-0.9003522749245655,0.3729381231872244,-0.2242385723102751,-0.9003522749245655,5.551115123125783e-17,0.0,22.5,22.5,0.0,-12.958107526624966,-12.958107526624966,0.0,PASS
clsdoa_v1_pilot_005_ep_000286,MP3D,train,32.57788380354489,1.2228611992150882,1.2228611992150882,0.0,0.9238795325112868,0.0,0.3826834323650894,0.9238795325112868,0.0,0.38268343236508945,5.551115123125783e-17,8.537736462515939e-07,112.5,112.5,0.0,0.0,0.0,0.0,PASS
clsdoa_v1_pilot_005_ep_000287,MP3D,train,325.77548498818703,2.132931787446385,2.132931787446385,0.0,-0.370189119203152,0.2534412283759847,0.8937155922232008,-0.370189119203152,0.2534412283759847,0.8937155922232008,0.0,0.0,-157.50000000000003,-157.50000000000003,0.0,14.681240227424514,14.681240227424514,0.0,PASS
clsdoa_v1_pilot_005_ep_000288,MP3D,train,-12.884357942230096,4.752734891700874,4.752734891700874,0.0,-0.8775694015201435,0.31263214948891976,0.3635011480332834,-0.8775694015201435,0.31263214948891976,0.3635011480332835,5.551115123125783e-17,0.0,-112.49999999999999,-112.5,0.0,18.217927850399526,18.217927850399526,0.0,PASS
clsdoa_v1_pilot_005_ep_000289,MP3D,train,-300.04425594124956,3.8896773752756273,3.8896773752756273,0.0,0.38244275340080075,-0.035460588527338445,0.9232984820915222,0.38244275340080075,-0.035460588527338445,0.9232984820915221,1.1102230246251565e-16,1.2074182697257333e-06,157.5,157.5,0.0,-2.0321681062627546,-2.0321681062627546,0.0,PASS
clsdoa_v1_pilot_005_ep_000290,MP3D,train,-218.49501627676602,3.4192554326945293,3.4192554326945293,0.0,0.3815047677167996,0.07842519949011305,0.9210339843318956,0.3815047677167996,0.07842519949011305,0.9210339843318958,1.1102230246251565e-16,8.537736462515939e-07,157.5,157.5,0.0,4.498051885848919,4.498051885848919,0.0,PASS
clsdoa_v1_pilot_005_ep_000291,MP3D,train,132.3122907692487,3.0108143953113484,3.0108143953113484,0.0,-0.9044292323284803,-0.2041138990713229,0.37462685423714337,-0.9044292323284802,-0.2041138990713229,0.37462685423714337,1.1102230246251565e-16,0.0,-112.5,-112.5,0.0,-11.77763246701733,-11.777632467017334,3.552713678800501e-15,PASS
clsdoa_v1_pilot_005_ep_000292,MP3D,train,125.26654454468525,5.733065367623996,5.733065367623996,0.0,-0.38245050028491645,-0.03488540131283777,0.92331718472422,-0.38245050028491645,-0.03488540131283777,0.92331718472422,0.0,0.0,-157.5,-157.5,0.0,-1.9991919015888435,-1.9991919015888435,0.0,PASS
clsdoa_v1_pilot_005_ep_000293,MP3D,train,188.78921404067677,1.7462916452412538,1.7462916452412538,0.0,-0.9238795325112867,0.0,0.3826834323650898,-0.9238795325112867,0.0,0.3826834323650898,0.0,0.0,-112.5,-112.5,0.0,0.0,0.0,0.0,PASS
clsdoa_v1_pilot_005_ep_000294,MP3D,train,135.80485140638672,2.356724613478863,2.356724613478863,0.0,-0.9224018497752214,0.05653588552828724,-0.382071356134927,-0.9224018497752214,0.05653588552828724,-0.382071356134927,0.0,0.0,-67.5,-67.5,0.0,3.2409957338407076,3.2409957338407076,0.0,PASS
clsdoa_v1_pilot_005_ep_000295,MP3D,train,3.0790392362383727,1.0316596442412675,1.0316596442412675,0.0,0.9238795325112867,0.0,0.3826834323650898,0.9238795325112867,0.0,0.3826834323650898,0.0,0.0,112.5,112.5,0.0,0.0,0.0,0.0,PASS
clsdoa_v1_pilot_005_ep_000296,MP3D,train,200.0235481065496,3.1655444685820697,3.1655444685820697,0.0,-0.9225034459671264,0.05455925382230775,-0.38211343865549957,-0.9225034459671264,0.05455925382230775,-0.38211343865549957,0.0,0.0,-67.5,-67.5,0.0,3.1275679329928514,3.1275679329928514,0.0,PASS
clsdoa_v1_pilot_005_ep_000297,Replica,val,61.74979692171823,1.9451364589777471,1.9451364589777471,0.0,0.9238795325112868,0.0,-0.38268343236508956,0.9238795325112868,0.0,-0.38268343236508956,0.0,0.0,67.5,67.5,0.0,0.0,0.0,0.0,PASS
clsdoa_v1_pilot_005_ep_000298,Replica,val,111.97826750728768,5.052709011992353,5.052709011992353,0.0,0.3818002112217197,0.06790146851338014,-0.9217472480483881,0.38180021122171975,0.06790146851338014,-0.9217472480483881,5.551115123125783e-17,0.0,22.5,22.5,0.0,3.89346335939253,3.89346335939253,0.0,PASS
clsdoa_v1_pilot_005_ep_000299,Replica,val,-43.06205900373109,1.8757081895778147,1.8757081895778147,0.0,0.9235861629794443,0.02519882842357077,0.3825619147262135,0.9235861629794443,0.02519882842357077,0.3825619147262135,0.0,8.537736462515939e-07,112.5,112.5,0.0,1.4439393571782777,1.4439393571782777,0.0,PASS
clsdoa_v1_pilot_005_ep_000300,Replica,val,143.634105916586,3.716482877170675,3.716482877170675,0.0,-0.38177489134068365,0.06886673881467985,0.9216861204481924,-0.38177489134068365,0.06886673881467985,0.9216861204481924,0.0,0.0,-157.5,-157.5,0.0,3.9488990471537284,3.9488990471537284,0.0,PASS
clsdoa_v1_pilot_005_ep_000301,Replica,val,-171.365894083414,3.716482877170675,3.716482877170675,0.0,0.3817748913406834,0.06886673881467985,0.9216861204481925,0.3817748913406833,0.06886673881467985,0.9216861204481925,5.551115123125783e-17,0.0,157.5,157.5,0.0,3.9488990471537284,3.9488990471537284,0.0,PASS
clsdoa_v1_pilot_005_ep_000302,Replica,val,-78.3398776925788,3.2118015945097538,3.2118015945097538,0.0,-0.3656966696083821,0.2946298644967981,-0.8828698594832289,-0.3656966696083821,0.2946298644967981,-0.8828698594832289,0.0,0.0,-22.5,-22.5,0.0,17.135343760326663,17.135343760326666,3.552713678800501e-15,PASS
clsdoa_v1_pilot_005_ep_000303,MP3D,val,-2.991067188835828,2.2937600209533846,2.2937600209533846,0.0,-0.889073657002656,-0.27189688412496604,0.36826636667914536,-0.889073657002656,-0.27189688412496604,0.36826636667914536,0.0,0.0,-112.5,-112.5,0.0,-15.777173738404976,-15.777173738404976,0.0,PASS
clsdoa_v1_pilot_005_ep_000304,MP3D,val,-93.40125444697325,1.8400416780682156,1.8400416780682156,0.0,0.9238795325112867,0.0,0.3826834323650899,0.9238795325112867,0.0,0.3826834323650899,0.0,0.0,112.5,112.5,0.0,0.0,0.0,0.0,PASS
clsdoa_v1_pilot_005_ep_000305,MP3D,val,88.0881418678945,4.176841525796223,4.176841525796223,0.0,0.9172360829338698,0.11970767789775935,-0.37993162544918196,0.9172360829338698,0.11970767789775935,-0.37993162544918196,0.0,0.0,67.5,67.5,0.0,6.875232146859479,6.875232146859479,0.0,PASS
clsdoa_v1_pilot_005_ep_000306,MP3D,val,117.12933056560938,2.5767445644918476,2.576744564491847,4.440892098500626e-16,-0.9209718873837394,0.07927496369355212,-0.3814790463186919,-0.9209718873837396,0.07927496369355214,-0.38147904631869195,2.220446049250313e-16,0.0,-67.49999999999999,-67.49999999999999,0.0,4.546891853745546,4.546891853745546,0.0,PASS
clsdoa_v1_pilot_005_ep_000307,MP3D,val,-98.96619997757546,1.1666274481094232,1.1666274481094232,0.0,0.38236020041531266,0.041092312566524215,-0.9230991815543425,0.38236020041531266,0.041092312566524215,-0.9230991815543425,0.0,8.537736462515939e-07,22.5,22.5,0.0,2.3550791870785885,2.3550791870785885,0.0,PASS
clsdoa_v1_pilot_005_ep_000308,MP3D,val,-130.5925607185588,1.505288594968727,1.505288594968727,0.0,-0.3826834323650898,0.0,-0.923879532511287,-0.3826834323650898,0.0,-0.923879532511287,0.0,0.0,-22.5,-22.5,0.0,0.0,0.0,0.0,PASS
clsdoa_v1_pilot_005_ep_000309,Replica,test,-101.15020696219011,1.871283881564131,1.871283881564131,0.0,-0.833260848041823,0.43191348172782595,-0.3451479442534301,-0.833260848041823,0.43191348172782595,-0.3451479442534301,0.0,0.0,-67.49999999999999,-67.49999999999999,0.0,25.589055922860705,25.589055922860705,0.0,PASS
clsdoa_v1_pilot_005_ep_000310,Replica,test,-42.81834235841967,1.5857446753551672,1.5857446753551672,0.0,0.9207864902799882,-0.0817591660923864,0.3814022523238929,0.9207864902799882,-0.0817591660923864,0.3814022523238929,0.0,1.478779333471098e-06,112.5,112.5,0.0,-4.6896898363669015,-4.6896898363669015,0.0,PASS
clsdoa_v1_pilot_005_ep_000311,Replica,test,-198.6960793273515,1.5516122140386461,1.5516122140386461,0.0,0.9238795325112867,0.0,-0.3826834323650898,0.9238795325112867,0.0,-0.3826834323650897,5.551115123125783e-17,0.0,67.5,67.5,0.0,0.0,0.0,0.0,PASS
clsdoa_v1_pilot_005_ep_000312,Replica,test,106.19490712431205,4.732386035925768,4.732386035925768,0.0,-0.3790960466031051,0.13660418801114224,0.9152188171512388,-0.37909604660310514,0.13660418801114224,0.9152188171512388,5.551115123125783e-17,1.2074182697257333e-06,-157.5,-157.5,0.0,7.8513925491294545,7.8513925491294545,0.0,PASS
clsdoa_v1_pilot_005_ep_000313,Replica,test,143.03521279331915,2.70494294455659,2.70494294455659,0.0,-0.9238060458836735,0.012612548445201554,0.38265299320727886,-0.9238060458836735,0.012612548445201554,0.3826529932072789,5.551115123125783e-17,0.0,-112.49999999999997,-112.49999999999999,0.0,0.7226649554986113,0.7226649554986113,0.0,PASS
clsdoa_v1_pilot_005_ep_000314,Replica,test,-126.96478720668084,2.70494294455659,2.70494294455659,0.0,0.3826529932072791,0.012612548445201554,0.9238060458836733,0.3826529932072791,0.012612548445201554,0.9238060458836733,0.0,0.0,157.5,157.5,0.0,0.7226649554986114,0.7226649554986114,0.0,PASS
clsdoa_v1_pilot_005_ep_000315,MP3D,test,-207.01130444500902,1.9298935624363807,1.9298935624363807,0.0,0.9238795325112867,0.0,0.38268343236508995,0.9238795325112867,0.0,0.38268343236508995,0.0,0.0,112.5,112.5,0.0,0.0,0.0,0.0,PASS
clsdoa_v1_pilot_005_ep_000316,MP3D,test,19.973619154908278,3.41871638920059,3.41871638920059,0.0,0.3820027957496782,0.05961556002792296,0.9222363303633115,0.3820027957496782,0.05961556002792296,0.9222363303633115,0.0,0.0,157.5,157.5,0.0,3.417746478914467,3.417746478914467,0.0,PASS
clsdoa_v1_pilot_005_ep_000317,MP3D,test,-136.83589419172637,1.4421547860431334,1.4421547860431334,0.0,-0.38268343236508967,0.0,-0.9238795325112867,-0.38268343236508967,0.0,-0.9238795325112867,0.0,8.537736462515939e-07,-22.5,-22.5,0.0,0.0,0.0,0.0,PASS
clsdoa_v1_pilot_005_ep_000318,MP3D,test,150.71041178735658,3.5291606121151533,3.5291606121151533,0.0,0.2635240813451312,0.7251208713963723,-0.6362034111953269,0.2635240813451312,0.7251208713963723,-0.6362034111953269,0.0,1.2074182697257333e-06,22.5,22.5,0.0,46.47890383568557,46.47890383568557,0.0,PASS
clsdoa_v1_pilot_005_ep_000319,MP3D,test,285.1030602959202,3.518595270438523,3.518595270438523,0.0,-0.3817592156478666,-0.06945758889220506,0.9216482759779933,-0.38175921564786663,-0.06945758889220506,0.9216482759779933,5.551115123125783e-17,0.0,-157.49999999999997,-157.49999999999997,0.0,-3.982833521878829,-3.982833521878829,0.0,PASS
clsdoa_v1_pilot_005_ep_000320,MP3D,test,92.09973358696132,5.235240670796856,5.235240670796856,0.0,0.9238795325112867,0.0,-0.3826834323650899,0.9238795325112867,0.0,-0.3826834323650898,1.1102230246251565e-16,0.0,67.5,67.5,0.0,0.0,0.0,0.0,PASS
clsdoa_v1_pilot_005_ep_000321,Replica,train,-72.6761030584911,4.859959704838927,4.859959704838927,0.0,-0.9189770752136514,-0.10288151144590024,-0.3806527680634543,-0.9189770752136514,-0.10288151144590024,-0.3806527680634543,0.0,8.537736462515939e-07,-67.5,-67.5,0.0,-5.905125044289712,-5.905125044289712,0.0,PASS
clsdoa_v1_pilot_005_ep_000322,Replica,train,-278.0172602793634,1.340944304512247,1.340944304512247,0.0,0.9185623569510534,-0.10713270080897988,0.3804809861345231,0.9185623569510534,-0.10713270080897988,0.3804809861345231,0.0,8.537736462515939e-07,112.50000000000006,112.50000000000006,0.0,-6.150054544088054,-6.150054544088054,0.0,PASS
clsdoa_v1_pilot_005_ep_000323,Replica,train,-61.74310474551772,2.7699913046516267,2.7699913046516267,0.0,0.9159054328307243,0.13110190941797373,-0.3793804521296859,0.9159054328307243,0.13110190941797373,-0.3793804521296859,0.0,0.0,67.5,67.5,0.0,7.533272075678038,7.533272075678038,0.0,PASS
clsdoa_v1_pilot_005_ep_000324,Replica,train,-165.5183494036115,2.223233574094782,2.223233574094782,0.0,0.38265962350985316,-0.011154694221757213,0.9238220528500695,0.38265962350985316,-0.011154694221757213,0.9238220528500695,0.0,0.0,157.5,157.5,0.0,-0.6391301553292357,-0.6391301553292357,0.0,PASS
clsdoa_v1_pilot_005_ep_000325,Replica,train,259.5901644409854,2.671106278912533,2.671106278912533,0.0,-0.3817735364337061,0.06891800908405869,0.9216828494133928,-0.3817735364337061,0.06891800908405869,0.9216828494133928,0.0,1.478779333471098e-06,-157.50000000000003,-157.50000000000003,0.0,3.9518436132044785,3.9518436132044785,0.0,PASS
clsdoa_v1_pilot_005_ep_000326,Replica,train,-13.91201659055141,3.7977295349732847,3.7977295349732847,0.0,0.3824256491551223,-0.03669858602931108,-0.9232571887896313,0.3824256491551223,-0.03669858602931108,-0.9232571887896313,0.0,0.0,22.5,22.5,0.0,-2.103146355263823,-2.103146355263823,0.0,PASS
clsdoa_v1_pilot_005_ep_000327,Replica,train,70.07522385895487,1.196023860475062,1.196023860475062,0.0,0.8392735666002303,0.41805186043813497,-0.34763849382705403,0.8392735666002304,0.41805186043813497,-0.34763849382705403,1.1102230246251565e-16,0.0,67.50000000000003,67.50000000000003,0.0,24.71165425918382,24.711654259183813,7.105427357601002e-15,PASS
clsdoa_v1_pilot_005_ep_000328,Replica,train,52.9931462494296,1.46060173430602,1.46060173430602,0.0,0.3826834323650899,0.0,-0.9238795325112867,0.3826834323650899,0.0,-0.9238795325112867,0.0,0.0,22.5,22.5,0.0,0.0,0.0,0.0,PASS
clsdoa_v1_pilot_005_ep_000329,Replica,train,47.61733129449084,5.323853904719826,5.323853904719826,0.0,0.9238795325112867,0.0,0.3826834323650898,0.9238795325112867,0.0,0.3826834323650898,0.0,0.0,112.5,112.5,0.0,0.0,0.0,0.0,PASS
clsdoa_v1_pilot_005_ep_000330,Replica,train,14.4816505963885,2.223233574094782,2.223233574094782,0.0,-0.38265962350985294,-0.011154694221757213,-0.9238220528500695,-0.38265962350985294,-0.011154694221757213,-0.9238220528500695,0.0,8.537736462515939e-07,-22.5,-22.5,0.0,-0.6391301553292358,-0.6391301553292358,0.0,PASS
clsdoa_v1_pilot_005_ep_000331,Replica,train,249.84926533269805,3.208284648020208,3.208284648020208,0.0,-0.8841712346276258,-0.2900217708476507,0.3662357168429271,-0.8841712346276258,-0.2900217708476507,0.3662357168429271,0.0,0.0,-112.50000000000004,-112.50000000000004,0.0,-16.859259415659917,-16.859259415659917,0.0,PASS
clsdoa_v1_pilot_005_ep_000332,Replica,train,221.35424740358107,3.5330978084609943,3.5330978084609943,0.0,-0.38205372835648754,0.05734356188123995,0.9223592925534386,-0.38205372835648754,0.05734356188123995,0.9223592925534386,0.0,0.0,-157.5,-157.5,0.0,3.287347381436396,3.287347381436396,0.0,PASS
clsdoa_v1_pilot_005_ep_000333,Replica,train,161.92705418205117,1.293651211070258,1.293651211070258,0.0,-0.923642254831719,-0.02266250336934549,0.38258514873216437,-0.923642254831719,-0.02266250336934549,0.3825851487321644,5.551115123125783e-17,0.0,-112.5,-112.5,0.0,-1.2985769682643469,-1.2985769682643469,0.0,PASS
clsdoa_v1_pilot_005_ep_000334,Replica,train,23.844328739631806,1.3401615289024906,1.3401615289024906,0.0,0.3826834323650898,0.0,-0.923879532511287,0.3826834323650898,0.0,-0.923879532511287,0.0,0.0,22.5,22.5,0.0,0.0,0.0,0.0,PASS
clsdoa_v1_pilot_005_ep_000335,Replica,train,79.05236846198723,3.457504138139794,3.457504138139794,0.0,-0.9238652236997831,-0.005565541488817918,-0.3826775054613036,-0.9238652236997831,-0.005565541488817918,-0.3826775054613036,0.0,0.0,-67.5,-67.5,0.0,-0.3188836842790882,-0.3188836842790882,0.0,PASS
clsdoa_v1_pilot_005_ep_000336,Replica,train,79.59016444098538,2.671106278912533,2.671106278912533,0.0,0.38177353643370643,0.06891800908405869,-0.9216828494133928,0.38177353643370643,0.06891800908405869,-0.9216828494133928,0.0,0.0,22.5,22.5,0.0,3.951843613204478,3.951843613204478,0.0,PASS
clsdoa_v1_pilot_005_ep_000337,Replica,train,42.01308945358019,1.7424784390098957,1.7424784390098957,0.0,0.9238795325112868,0.0,0.38268343236508956,0.9238795325112868,0.0,0.3826834323650895,5.551115123125783e-17,0.0,112.5,112.5,0.0,0.0,0.0,0.0,PASS
clsdoa_v1_pilot_005_ep_000338,Replica,train,76.08798340944858,3.7977295349732847,3.7977295349732847,0.0,-0.9232571887896313,-0.03669858602931108,-0.38242564915512245,-0.9232571887896313,-0.03669858602931108,-0.38242564915512245,0.0,0.0,-67.5,-67.5,0.0,-2.103146355263823,-2.103146355263823,0.0,PASS
clsdoa_v1_pilot_005_ep_000339,Replica,train,-258.4174963031014,4.720317386735547,4.720317386735547,0.0,0.3826834323650894,0.0,0.923879532511287,0.3826834323650894,0.0,0.923879532511287,0.0,0.0,157.5,157.5,0.0,0.0,0.0,0.0,PASS
clsdoa_v1_pilot_005_ep_000340,Replica,train,-149.34083284710425,1.3959539064642936,1.3959539064642936,0.0,0.9238795325112865,0.0,-0.38268343236509,0.9238795325112865,0.0,-0.38268343236509,0.0,1.478779333471098e-06,67.5,67.5,0.0,0.0,0.0,0.0,PASS
clsdoa_v1_pilot_005_ep_000341,Replica,train,35.05282950534388,1.2651284853245168,1.2651284853245168,0.0,-0.9238795325112868,0.0,0.38268343236508967,-0.9238795325112868,0.0,0.38268343236508967,0.0,0.0,-112.5,-112.5,0.0,0.0,0.0,0.0,PASS
clsdoa_v1_pilot_005_ep_000342,Replica,train,-108.07294581794883,1.293651211070258,1.293651211070258,0.0,0.38258514873216454,-0.02266250336934549,0.9236422548317188,0.38258514873216454,-0.02266250336934549,0.9236422548317188,0.0,1.2074182697257333e-06,157.5,157.5,0.0,-1.298576968264347,-1.298576968264347,0.0,PASS
clsdoa_v1_pilot_005_ep_000343,Replica,train,-101.27690337308199,5.631392528290559,5.631392528290559,0.0,-0.3826834323650897,0.0,-0.9238795325112867,-0.38268343236508984,0.0,-0.9238795325112867,1.1102230246251565e-16,0.0,-22.5,-22.5,0.0,0.0,0.0,0.0,PASS
clsdoa_v1_pilot_005_ep_000344,Replica,train,33.27099157096472,5.958572343641231,5.958572343641231,0.0,-0.3826834323650897,0.0,-0.9238795325112866,-0.3826834323650897,0.0,-0.9238795325112866,0.0,1.2074182697257333e-06,-22.5,-22.5,0.0,0.0,0.0,0.0,PASS
clsdoa_v1_pilot_005_ep_000345,Replica,train,264.9969125792446,1.9567931003483474,1.9567931003483474,0.0,-0.36463524702145095,-0.3034799678498995,0.8803073586784501,-0.36463524702145095,-0.3034799678498995,0.8803073586784501,0.0,0.0,-157.5,-157.5,0.0,-17.66673848369628,-17.66673848369628,0.0,PASS
clsdoa_v1_pilot_005_ep_000346,Replica,train,-107.70589888695693,1.8985907400539923,1.8985907400539923,0.0,0.923879532511287,0.0,0.3826834323650895,0.9238795325112868,0.0,0.3826834323650895,1.1102230246251565e-16,0.0,112.5,112.5,0.0,0.0,0.0,0.0,PASS
clsdoa_v1_pilot_005_ep_000347,Replica,train,-260.12456235252546,4.461232284801841,4.461232284801841,0.0,0.38268343236508895,0.0,0.9238795325112872,0.382683432365089,0.0,0.9238795325112872,5.551115123125783e-17,0.0,157.50000000000006,157.50000000000006,0.0,0.0,0.0,0.0,PASS
clsdoa_v1_pilot_005_ep_000348,Replica,train,69.84926533269805,3.208284648020208,3.208284648020208,0.0,0.8841712346276259,-0.2900217708476507,-0.36623571684292683,0.884171234627626,-0.2900217708476507,-0.36623571684292683,1.1102230246251565e-16,0.0,67.5,67.5,0.0,-16.859259415659917,-16.859259415659913,3.552713678800501e-15,PASS
clsdoa_v1_pilot_005_ep_000349,MP3D,train,-93.39671213399775,1.1984591813234553,1.1984591813234553,0.0,-0.3826834323650897,0.0,-0.9238795325112867,-0.3826834323650898,0.0,-0.9238795325112867,5.551115123125783e-17,8.537736462515939e-07,-22.5,-22.5,0.0,0.0,0.0,0.0,PASS
clsdoa_v1_pilot_005_ep_000350,MP3D,train,-15.158905962186822,1.4668681240639876,1.4668681240639876,0.0,-0.3826811933959074,0.003420728375956311,0.9238741271615208,-0.3826811933959074,0.003420728375956311,0.9238741271615208,0.0,8.537736462515939e-07,-157.5,-157.5,0.0,0.19599368103704642,0.19599368103704642,0.0,PASS
clsdoa_v1_pilot_005_ep_000351,MP3D,train,-72.67562215764312,1.7942536104382405,1.7942536104382405,0.0,0.38268343236508995,0.0,-0.9238795325112867,0.38268343236508995,0.0,-0.9238795325112867,0.0,0.0,22.5,22.5,0.0,0.0,0.0,0.0,PASS
clsdoa_v1_pilot_005_ep_000352,MP3D,train,45.18054667146603,2.6819773377042093,2.6819773377042093,0.0,-0.37856277786790093,0.14635447702720278,0.9139313925383197,-0.37856277786790093,0.14635447702720278,0.9139313925383197,0.0,8.537736462515939e-07,-157.5,-157.5,0.0,8.415721825192271,8.415721825192271,0.0,PASS
clsdoa_v1_pilot_005_ep_000353,MP3D,train,-133.53517386309244,3.2271384912858325,3.2271384912858325,0.0,0.9091691231242878,-0.17773953109587462,0.37659018128893434,0.9091691231242878,-0.17773953109587462,0.37659018128893434,0.0,0.0,112.5,112.5,0.0,-10.238121483366166,-10.238121483366166,0.0,PASS
clsdoa_v1_pilot_005_ep_000354,MP3D,train,74.16459858125877,3.3861009842766214,3.3861009842766214,0.0,-0.9228260459886588,0.047741710685444305,-0.38224706395964,-0.9228260459886589,0.047741710685444305,-0.38224706395964,1.1102230246251565e-16,0.0,-67.5,-67.5,0.0,2.7364387153164222,2.736438715316422,4.440892098500626e-16,PASS
clsdoa_v1_pilot_005_ep_000355,MP3D,train,102.00658319036879,2.122264221548412,2.122264221548412,0.0,-0.37068563128741405,0.2484363037431152,0.8949142784309067,-0.37068563128741405,0.2484363037431152,0.8949142784309067,0.0,0.0,-157.5,-157.5,0.0,14.384999974946789,14.384999974946789,0.0,PASS
clsdoa_v1_pilot_005_ep_000356,MP3D,train,26.024080831612338,1.3506675215373192,1.3506675215373192,0.0,0.923879532511287,0.0,0.38268343236508967,0.923879532511287,0.0,0.38268343236508956,1.1102230246251565e-16,0.0,112.5,112.5,0.0,0.0,0.0,0.0,PASS
clsdoa_v1_pilot_005_ep_000357,MP3D,train,-70.08069989583427,3.9334542592810138,3.9334542592810138,0.0,-0.920496639451098,0.08549752444386037,-0.381282192179502,-0.920496639451098,0.08549752444386037,-0.381282192179502,0.0,0.0,-67.49999999999999,-67.49999999999999,0.0,4.904635070514339,4.904635070514339,0.0,PASS
clsdoa_v1_pilot_005_ep_000358,MP3D,train,-154.78562676798407,4.766918744661528,4.766918744661528,0.0,0.9238795325112868,0.0,0.3826834323650898,0.9238795325112868,0.0,0.3826834323650898,0.0,0.0,112.5,112.5,0.0,0.0,0.0,0.0,PASS
clsdoa_v1_pilot_005_ep_000359,MP3D,train,202.406020057114,4.307427955562946,4.307427955562946,0.0,-0.38268343236508967,0.0,-0.9238795325112867,-0.38268343236508967,0.0,-0.9238795325112867,0.0,8.537736462515939e-07,-22.5,-22.5,0.0,0.0,0.0,0.0,PASS
clsdoa_v1_pilot_005_ep_000360,MP3D,train,-192.29151046128368,1.4154616748891848,1.4154616748891848,0.0,0.3826834323650897,0.0,-0.9238795325112868,0.3826834323650897,0.0,-0.9238795325112868,0.0,0.0,22.5,22.5,0.0,0.0,0.0,0.0,PASS
clsdoa_v1_pilot_005_ep_000361,MP3D,train,292.0346564290845,1.972004603328956,1.972004603328956,0.0,-0.923879532511287,0.0,0.3826834323650892,-0.923879532511287,0.0,0.3826834323650892,0.0,0.0,-112.49999999999997,-112.49999999999997,0.0,0.0,0.0,0.0,PASS
clsdoa_v1_pilot_005_ep_000362,MP3D,train,197.0904439041198,1.6030579610619613,1.6030579610619613,0.0,-0.7241496338562795,-0.6209957695673478,0.29995259953078224,-0.7241496338562795,-0.6209957695673478,0.29995259953078224,0.0,0.0,-112.50000000000003,-112.50000000000003,0.0,-38.38888736052863,-38.38888736052863,0.0,PASS
clsdoa_v1_pilot_005_ep_000363,MP3D,train,26.842839593672082,2.2001425601260314,2.2001425601260314,0.0,-0.9215779533489552,0.07054230314795197,0.38173008706117645,-0.9215779533489552,0.07054230314795197,0.38173008706117645,0.0,0.0,-112.49999999999999,-112.49999999999999,0.0,4.0451359018574236,4.0451359018574236,0.0,PASS
clsdoa_v1_pilot_005_ep_000364,MP3D,train,-18.502823650178186,5.3503401075576145,5.3503401075576145,0.0,-0.9238795325112867,0.0,-0.3826834323650897,-0.9238795325112867,0.0,-0.3826834323650897,0.0,8.537736462515939e-07,-67.5,-67.5,0.0,0.0,0.0,0.0,PASS
clsdoa_v1_pilot_005_ep_000365,MP3D,train,-206.00497247259432,2.411097276188936,2.411097276188936,0.0,0.37436452142205334,-0.20737446180119176,0.9037959048884339,0.37436452142205334,-0.20737446180119176,0.9037959048884341,2.220446049250313e-16,0.0,157.5,157.5,0.0,-11.96853321493632,-11.968533214936318,1.7763568394002505e-15,PASS
clsdoa_v1_pilot_005_ep_000366,MP3D,train,227.27398732972782,1.9375048373676569,1.9375048373676569,0.0,-0.9238773457379085,0.0021757498235708125,-0.38268252657389845,-0.9238773457379085,0.0021757498235708125,-0.38268252657389845,0.0,0.0,-67.50000000000001,-67.50000000000001,0.0,0.12466138052256054,0.12466138052256054,0.0,PASS
clsdoa_v1_pilot_005_ep_000367,MP3D,train,116.2311642139877,3.978875597911416,3.978875597911416,0.0,-0.38236596675304685,-0.04072428079457962,-0.923113102725106,-0.38236596675304685,-0.04072428079457962,-0.923113102725106,0.0,0.0,-22.5,-22.5,0.0,-2.33397485337306,-2.33397485337306,0.0,PASS
clsdoa_v1_pilot_005_ep_000368,MP3D,train,-103.20118402985402,1.5755847532444718,1.5755847532444718,0.0,0.38267150833797414,0.007894111603194968,0.9238507453633059,0.3826715083379741,0.007894111603194968,0.9238507453633059,5.551115123125783e-17,1.2074182697257333e-06,157.5,157.5,0.0,0.452303975655596,0.452303975655596,0.0,PASS
clsdoa_v1_pilot_005_ep_000369,MP3D,train,115.15931620086948,4.444147599951394,4.444147599951394,0.0,-0.9238795325112866,0.0,0.38268343236508967,-0.9238795325112866,0.0,0.38268343236508967,0.0,1.478779333471098e-06,-112.5,-112.5,0.0,0.0,0.0,0.0,PASS
clsdoa_v1_pilot_005_ep_000370,MP3D,train,109.14319081473292,5.697132377905046,5.697132377905046,0.0,0.8588250449296321,-0.3686064870917565,-0.3557369813155362,0.8588250449296321,-0.3686064870917565,-0.3557369813155362,0.0,0.0,67.5,67.5,0.0,-21.62970137786265,-21.62970137786265,0.0,PASS
clsdoa_v1_pilot_005_ep_000371,MP3D,train,-86.47350928990673,2.663571154093466,2.663571154093466,0.0,0.381951743684932,0.061808847276617576,-0.9221130797762146,0.381951743684932,0.061808847276617576,-0.9221130797762146,0.0,1.478779333471098e-06,22.5,22.5,0.0,3.5436448502096294,3.5436448502096294,0.0,PASS
clsdoa_v1_pilot_005_ep_000372,MP3D,train,15.638210997791276,1.571684307425098,1.571684307425098,0.0,0.9238795325112867,0.0,-0.3826834323650897,0.9238795325112867,0.0,-0.3826834323650898,5.551115123125783e-17,0.0,67.5,67.5,0.0,0.0,0.0,0.0,PASS
clsdoa_v1_pilot_005_ep_000373,MP3D,train,-127.17595228087477,2.6605117611595377,2.6605117611595377,0.0,0.37306071238823607,0.22284180057417738,0.9006482314362475,0.37306071238823607,0.22284180057417738,0.9006482314362474,1.1102230246251565e-16,0.0,157.5,157.5,0.0,12.87600065539694,12.876000655396941,1.7763568394002505e-15,PASS
clsdoa_v1_pilot_005_ep_000374,MP3D,train,146.32394253914543,1.3131789218070509,1.3131789218070509,0.0,-0.3826834323650897,0.0,0.9238795325112868,-0.3826834323650898,0.0,0.9238795325112868,5.551115123125783e-17,0.0,-157.5,-157.5,0.0,0.0,0.0,0.0,PASS
clsdoa_v1_pilot_005_ep_000375,MP3D,train,-31.120335419990575,3.9056973928163443,3.9056973928163443,0.0,0.9230507909665217,-0.042346689566864916,-0.38234015637754604,0.9230507909665217,-0.042346689566864916,-0.3823401563775461,5.551115123125783e-17,0.0,67.5,67.5,0.0,-2.4270123275428133,-2.4270123275428133,0.0,PASS
clsdoa_v1_pilot_005_ep_000376,MP3D,train,84.76198372813435,5.594436156758797,5.594436156758797,0.0,-0.3826806230240626,0.0038317450168240097,-0.9238727501620778,-0.3826806230240626,0.0038317450168240097,-0.9238727501620778,0.0,1.478779333471098e-06,-22.5,-22.5,0.0,0.2195433548689995,0.2195433548689995,0.0,PASS
clsdoa_v1_pilot_005_ep_000377,Replica,val,-79.7822389265258,1.1383009705753113,1.1383009705753113,0.0,0.38268343236508984,0.0,0.9238795325112866,0.38268343236508984,0.0,0.9238795325112866,0.0,1.2074182697257333e-06,157.5,157.5,0.0,0.0,0.0,0.0,PASS
clsdoa_v1_pilot_005_ep_000378,Replica,val,-28.251915175603408,5.038972511468278,5.038972511468278,0.0,0.9238795325112868,0.0,-0.3826834323650898,0.9238795325112868,0.0,-0.38268343236508984,5.551115123125783e-17,0.0,67.5,67.5,0.0,0.0,0.0,0.0,PASS
clsdoa_v1_pilot_005_ep_000379,Replica,val,98.63410591658602,3.716482877170675,3.716482877170675,0.0,-0.9216861204481925,0.06886673881467985,0.3817748913406834,-0.9216861204481925,0.06886673881467985,0.3817748913406834,0.0,0.0,-112.5,-112.5,0.0,3.9488990471537284,3.9488990471537284,0.0,PASS
clsdoa_v1_pilot_005_ep_000380,Replica,val,47.08851895155399,1.7194247978080655,1.7194247978080655,0.0,0.7636310124217384,-0.562865869932187,0.3163063219937811,0.7636310124217384,-0.562865869932187,0.3163063219937811,0.0,0.0,112.5,112.5,0.0,-34.25422436962618,-34.25422436962618,0.0,PASS
clsdoa_v1_pilot_005_ep_000381,Replica,val,143.634105916586,3.716482877170675,3.716482877170675,0.0,-0.38177489134068365,0.06886673881467985,0.9216861204481924,-0.38177489134068365,0.06886673881467985,0.9216861204481924,0.0,0.0,-157.5,-157.5,0.0,3.9488990471537284,3.9488990471537284,0.0,PASS
clsdoa_v1_pilot_005_ep_000382,Replica,val,-107.98363865361688,1.8341906842542703,1.8341906842542703,0.0,0.3803291000631964,0.11075416206404685,-0.9181956715377229,0.38032910006319637,0.11075416206404685,-0.9181956715377229,5.551115123125783e-17,8.537736462515939e-07,22.5,22.5,0.0,6.3587915212885395,6.3587915212885395,0.0,PASS
clsdoa_v1_pilot_005_ep_000383,MP3D,val,128.02000878817427,1.8332934915129513,1.8332934915129513,0.0,-0.9233454525624816,-0.033997555217415175,-0.3824622092069031,-0.9233454525624817,-0.033997555217415175,-0.3824622092069031,1.1102230246251565e-16,0.0,-67.5,-67.50000000000001,0.0,-1.9482918676244638,-1.9482918676244634,4.440892098500626e-16,PASS
clsdoa_v1_pilot_005_ep_000384,MP3D,val,-96.79216843773128,3.309067520810297,3.309067520810297,0.0,-0.38265893769137355,0.011314205101372498,-0.9238203971377952,-0.3826589376913736,0.011314205101372498,-0.9238203971377952,5.551115123125783e-17,0.0,-22.5,-22.5,0.0,0.6482700323305097,0.6482700323305097,0.0,PASS
clsdoa_v1_pilot_005_ep_000385,MP3D,val,-134.97990028997788,2.5659343063990123,2.5659343063990123,0.0,0.9228796813831202,0.04651119113814428,-0.3822692804674495,0.9228796813831203,0.04651119113814428,-0.3822692804674495,1.1102230246251565e-16,0.0,67.49999999999997,67.5,2.842170943040401e-14,2.665856712725585,2.6658567127255846,4.440892098500626e-16,PASS
clsdoa_v1_pilot_005_ep_000386,MP3D,val,143.57870549826762,3.043158577913322,3.043158577913322,0.0,0.38248664228628343,-0.032065714951282964,-0.923404439234092,0.3824866422862835,-0.032065714951282964,-0.923404439234092,5.551115123125783e-17,0.0,22.5,22.5,0.0,-1.837545122632497,-1.837545122632497,0.0,PASS
clsdoa_v1_pilot_005_ep_000387,MP3D,val,-174.26095684506788,4.938822759539543,4.938822759539543,0.0,0.3826834323650902,0.0,0.9238795325112865,0.3826834323650902,0.0,0.9238795325112865,0.0,8.537736462515939e-07,157.5,157.5,0.0,0.0,0.0,0.0,PASS
clsdoa_v1_pilot_005_ep_000388,MP3D,val,-137.57529771388238,1.9952422558253593,1.9952422558253593,0.0,0.8651553897167154,0.3508345906148803,0.358359095980844,0.8651553897167155,0.3508345906148803,0.3583590959808439,1.1102230246251565e-16,0.0,112.5,112.5,0.0,20.538370896096414,20.53837089609641,3.552713678800501e-15,PASS
clsdoa_v1_pilot_005_ep_000389,Replica,test,-197.36837603142374,1.7467041740430977,1.7467041740430977,0.0,0.8712925742075192,-0.3325651413252687,0.36090120103172085,0.8712925742075192,-0.3325651413252687,0.36090120103172085,0.0,1.2074182697257333e-06,112.5,112.5,0.0,-19.424543285159345,-19.424543285159345,0.0,PASS
clsdoa_v1_pilot_005_ep_000390,Replica,test,182.18165764158033,1.5857446753551672,1.5857446753551672,0.0,-0.9207864902799882,-0.0817591660923864,0.3814022523238931,-0.9207864902799882,-0.0817591660923864,0.3814022523238931,0.0,1.2074182697257333e-06,-112.5,-112.5,0.0,-4.6896898363669015,-4.6896898363669015,0.0,PASS
clsdoa_v1_pilot_005_ep_000391,Replica,test,188.03521279331915,2.70494294455659,2.70494294455659,0.0,-0.38265299320727947,0.012612548445201554,0.9238060458836732,-0.3826529932072796,0.012612548445201554,0.923806045883673,2.220446049250313e-16,0.0,-157.5,-157.49999999999997,2.842170943040401e-14,0.7226649554986114,0.7226649554986115,1.1102230246251565e-16,PASS
clsdoa_v1_pilot_005_ep_000392,Replica,test,89.35512104007502,2.910661947048679,2.910661947048679,0.0,-0.9238795325112867,0.0,-0.3826834323650898,-0.9238795325112867,0.0,-0.3826834323650898,0.0,0.0,-67.5,-67.5,0.0,0.0,0.0,0.0,PASS
clsdoa_v1_pilot_005_ep_000393,Replica,test,126.9373941485565,4.879837393683965,4.879837393683965,0.0,-0.38208396619618423,-0.05595093670809157,-0.922432293156132,-0.38208396619618423,-0.05595093670809157,-0.922432293156132,0.0,8.537736462515939e-07,-22.49999999999997,-22.49999999999997,0.0,-3.207427499118048,-3.2074274991180487,8.881784197001252e-16,PASS
clsdoa_v1_pilot_005_ep_000394,Replica,test,-126.96478720668084,2.70494294455659,2.70494294455659,0.0,0.3826529932072791,0.012612548445201554,0.9238060458836733,0.3826529932072791,0.012612548445201554,0.9238060458836733,0.0,0.0,157.5,157.5,0.0,0.7226649554986114,0.7226649554986114,0.0,PASS
clsdoa_v1_pilot_005_ep_000395,MP3D,test,-16.74055086735072,1.6394290518277834,1.6394290518277834,0.0,-0.37271668876783703,0.2267386243500976,0.8998176849461033,-0.37271668876783703,0.2267386243500976,0.8998176849461034,1.1102230246251565e-16,0.0,-157.5,-157.5,0.0,13.105136618325737,13.105136618325735,1.7763568394002505e-15,PASS
clsdoa_v1_pilot_005_ep_000396,MP3D,test,-41.99552649629989,5.41421162970096,5.41421162970096,0.0,0.38268343236509,0.0,0.9238795325112865,0.38268343236509,0.0,0.9238795325112867,2.220446049250313e-16,8.537736462515939e-07,157.5,157.5,0.0,0.0,0.0,0.0,PASS
clsdoa_v1_pilot_005_ep_000397,MP3D,test,-82.1082413886108,3.2856066522751246,3.2856066522751246,0.0,0.3817339996193473,-0.07039758060329805,-0.9215873990999544,0.38173399961934734,-0.07039758060329805,-0.9215873990999544,5.551115123125783e-17,0.0,22.5,22.5,0.0,-4.036823244771692,-4.036823244771691,8.881784197001252e-16,PASS
clsdoa_v1_pilot_005_ep_000398,MP3D,test,-272.6041762897545,1.3464890619960044,1.3464890619960044,0.0,0.9117667577167313,-0.1613990506644958,0.377666156767215,0.9117667577167314,-0.1613990506644958,0.377666156767215,1.1102230246251565e-16,8.537736462515939e-07,112.50000000000006,112.50000000000006,0.0,-9.288111450861074,-9.288111450861072,1.7763568394002505e-15,PASS
clsdoa_v1_pilot_005_ep_000399,MP3D,test,-107.51639839154535,1.0677694393111117,1.0677694393111117,0.0,0.9238795325112867,0.0,-0.38268343236508984,0.9238795325112867,0.0,-0.38268343236508984,0.0,0.0,67.5,67.5,0.0,0.0,0.0,0.0,PASS
clsdoa_v1_pilot_005_ep_000400,MP3D,test,118.92344568123788,3.7793308972773936,3.7793308972773936,0.0,-0.9232429645226512,0.03711546454445132,0.38241975727082445,-0.9232429645226512,0.03711546454445132,0.38241975727082445,0.0,0.0,-112.50000000000001,-112.50000000000001,0.0,2.1270480190409957,2.1270480190409957,0.0,PASS
clsdoa_v1_pilot_005_ep_000401,Replica,train,97.9931462494296,1.46060173430602,1.46060173430602,0.0,-0.38268343236508967,0.0,-0.923879532511287,-0.38268343236508967,0.0,-0.923879532511287,0.0,0.0,-22.5,-22.5,0.0,0.0,0.0,0.0,PASS
clsdoa_v1_pilot_005_ep_000402,Replica,train,-286.3432550635677,1.5696528514318266,1.5696528514318266,0.0,0.7730650783196479,-0.5475704093957311,0.32021404003701687,0.7730650783196479,-0.5475704093957311,0.32021404003701687,0.0,0.0,112.5,112.5,0.0,-33.200492041874284,-33.200492041874284,0.0,PASS
clsdoa_v1_pilot_005_ep_000403,Replica,train,-48.64575259641894,3.5330978084609943,3.5330978084609943,0.0,0.9223592925534385,0.05734356188123995,0.3820537283564874,0.9223592925534385,0.05734356188123995,0.3820537283564874,0.0,1.2074182697257333e-06,112.5,112.5,0.0,3.2873473814363967,3.2873473814363967,0.0,PASS
clsdoa_v1_pilot_005_ep_000404,Replica,train,-148.91201659055142,3.7977295349732847,3.7977295349732847,0.0,0.38242564915512206,-0.03669858602931108,0.9232571887896313,0.38242564915512206,-0.03669858602931108,0.9232571887896313,0.0,0.0,157.5,157.5,0.0,-2.1031463552638234,-2.1031463552638234,0.0,PASS
clsdoa_v1_pilot_005_ep_000405,Replica,train,-234.94717049465612,1.2651284853245168,1.2651284853245168,0.0,0.3826834323650894,0.0,0.923879532511287,0.3826834323650894,0.0,0.923879532511287,0.0,0.0,157.5,157.5,0.0,0.0,0.0,0.0,PASS
clsdoa_v1_pilot_005_ep_000406,Replica,train,-63.07294581794884,1.293651211070258,1.293651211070258,0.0,0.923642254831719,-0.02266250336934549,0.3825851487321645,0.923642254831719,-0.02266250336934549,0.3825851487321645,0.0,0.0,112.5,112.5,0.0,-1.2985769682643469,-1.2985769682643469,0.0,PASS
clsdoa_v1_pilot_005_ep_000407,Replica,train,130.42688589181924,4.04328985172263,4.04328985172263,0.0,-0.3823536261522449,0.04150792202146613,0.9230833098792812,-0.38235362615224494,0.04150792202146613,0.9230833098792813,1.1102230246251565e-16,0.0,-157.5,-157.5,0.0,2.3789121895924312,2.3789121895924312,0.0,PASS
clsdoa_v1_pilot_005_ep_000408,Replica,train,-30.518349403611502,2.223233574094782,2.223233574094782,0.0,0.38265962350985294,-0.011154694221757213,-0.9238220528500695,0.38265962350985294,-0.011154694221757213,-0.9238220528500695,0.0,8.537736462515939e-07,22.5,22.5,0.0,-0.6391301553292358,-0.6391301553292358,0.0,PASS
clsdoa_v1_pilot_005_ep_000409,Replica,train,-157.15701154726383,2.2565678985085893,2.2565678985085893,0.0,0.9209415595810642,0.07968666965524807,-0.38146648413150624,0.9209415595810642,0.07968666965524807,-0.38146648413150624,0.0,0.0,67.5,67.5,0.0,4.570555731066135,4.570555731066135,0.0,PASS
clsdoa_v1_pilot_005_ep_000410,Replica,train,327.0735657677749,1.4571742598991042,1.4571742598991042,0.0,-0.2612928949053391,-0.730613525764794,0.6308168506321973,-0.26129289490533913,-0.730613525764794,0.6308168506321973,5.551115123125783e-17,1.2074182697257333e-06,-157.5,-157.5,0.0,-46.937852767303575,-46.937852767303575,0.0,PASS
clsdoa_v1_pilot_005_ep_000411,Replica,train,73.25689525448229,2.7699913046516267,2.7699913046516267,0.0,-0.9159054328307243,0.13110190941797373,-0.3793804521296859,-0.9159054328307243,0.13110190941797373,-0.3793804521296859,0.0,0.0,-67.5,-67.5,0.0,7.533272075678038,7.533272075678038,0.0,PASS
clsdoa_v1_pilot_005_ep_000412,Replica,train,-207.6761030584911,4.859959704838927,4.859959704838927,0.0,0.9189770752136516,0.10288151144590024,-0.38065276806345416,0.9189770752136516,0.10288151144590024,-0.3806527680634541,5.551115123125783e-17,0.0,67.5,67.5,0.0,5.9051250442897105,5.9051250442897105,0.0,PASS
clsdoa_v1_pilot_005_ep_000413,Replica,train,-2.0868323085318536,4.261602721246997,4.261602721246997,0.0,-0.8980839643406252,-0.23465350137269195,0.371998558179682,-0.8980839643406252,-0.23465350137269195,0.371998558179682,0.0,1.7075472925031877e-06,-112.5,-112.5,0.0,-13.571198752886115,-13.571198752886115,0.0,PASS
clsdoa_v1_pilot_005_ep_000414,Replica,train,124.59016444098538,2.671106278912533,2.671106278912533,0.0,-0.38177353643370643,0.06891800908405869,-0.9216828494133928,-0.38177353643370643,0.06891800908405869,-0.9216828494133928,0.0,0.0,-22.5,-22.5,0.0,3.951843613204478,3.951843613204478,0.0,PASS
clsdoa_v1_pilot_005_ep_000415,Replica,train,-162.82117091971713,4.035534794817204,4.035534794817204,0.0,0.9238795325112866,0.0,-0.38268343236508995,0.9238795325112866,0.0,-0.38268343236508995,0.0,8.537736462515939e-07,67.5,67.5,0.0,0.0,0.0,0.0,PASS
clsdoa_v1_pilot_005_ep_000416,Replica,train,-148.91201659055142,3.7977295349732847,3.7977295349732847,0.0,0.38242564915512206,-0.03669858602931108,0.9232571887896313,0.38242564915512206,-0.03669858602931108,0.9232571887896313,0.0,0.0,157.5,157.5,0.0,-2.1031463552638234,-2.1031463552638234,0.0,PASS
clsdoa_v1_pilot_005_ep_000417,Replica,train,14.4816505963885,2.223233574094782,2.223233574094782,0.0,-0.38265962350985294,-0.011154694221757213,-0.9238220528500695,-0.38265962350985294,-0.011154694221757213,-0.9238220528500695,0.0,8.537736462515939e-07,-22.5,-22.5,0.0,-0.6391301553292358,-0.6391301553292358,0.0,PASS
clsdoa_v1_pilot_005_ep_000418,Replica,train,-247.15701154726383,2.2565678985085893,2.2565678985085893,0.0,0.38146648413150597,0.07968666965524807,0.9209415595810642,0.38146648413150597,0.07968666965524807,0.9209415595810642,0.0,8.537736462515939e-07,157.5,157.5,0.0,4.570555731066136,4.570555731066136,0.0,PASS
clsdoa_v1_pilot_005_ep_000419,Replica,train,-103.57749984754025,1.3831214036022645,1.3831214036022645,0.0,-0.6297908361505815,-0.7316498058692554,-0.26086790579186286,-0.6297908361505815,-0.7316498058692554,-0.26086790579186286,0.0,0.0,-67.49999999999999,-67.49999999999999,0.0,-47.02488198901708,-47.02488198901708,0.0,PASS
clsdoa_v1_pilot_005_ep_000420,Replica,train,32.6211747648952,1.2101550193639763,1.2101550193639763,0.0,-0.5739127797096005,-0.7836530831533737,0.2377224569749589,-0.5739127797096005,-0.7836530831533737,0.2377224569749589,0.0,0.0,-112.5,-112.5,0.0,-51.59627596698827,-51.59627596698827,0.0,PASS
clsdoa_v1_pilot_005_ep_000421,Replica,train,51.14479237360939,1.2365825813352131,1.2365825813352131,0.0,0.9238795325112867,0.0,-0.3826834323650899,0.9238795325112867,0.0,-0.3826834323650899,0.0,0.0,67.5,67.5,0.0,0.0,0.0,0.0,PASS
clsdoa_v1_pilot_005_ep_000422,Replica,train,-48.64575259641894,3.5330978084609943,3.5330978084609943,0.0,0.9223592925534385,0.05734356188123995,0.3820537283564874,0.9223592925534385,0.05734356188123995,0.3820537283564874,0.0,1.2074182697257333e-06,112.5,112.5,0.0,3.2873473814363967,3.2873473814363967,0.0,PASS
clsdoa_v1_pilot_005_ep_000423,Replica,train,202.02778859207928,4.775803285821411,4.775803285821411,0.0,-0.9237961110359331,0.013438056235082227,0.3826488780586046,-0.9237961110359331,0.013438056235082227,0.38264887805860465,5.551115123125783e-17,0.0,-112.49999999999997,-112.49999999999997,0.0,0.7699670819319958,0.7699670819319958,0.0,PASS
clsdoa_v1_pilot_005_ep_000424,Replica,train,-17.705898886956938,1.8985907400539923,1.8985907400539923,0.0,0.3826834323650898,0.0,-0.9238795325112867,0.3826834323650898,0.0,-0.9238795325112867,0.0,0.0,22.5,22.5,0.0,0.0,0.0,0.0,PASS
clsdoa_v1_pilot_005_ep_000425,Replica,train,121.67620519607857,5.807441649152578,5.807441649152578,0.0,0.3812624554498257,-0.0860964311321079,-0.9204489907706369,0.3812624554498257,-0.0860964311321079,-0.9204489907706369,0.0,0.0,22.5,22.5,0.0,-4.93907689597656,-4.93907689597656,0.0,PASS
clsdoa_v1_pilot_005_ep_000426,Replica,train,259.5901644409854,2.671106278912533,2.671106278912533,0.0,-0.3817735364337061,0.06891800908405869,0.9216828494133928,-0.3817735364337061,0.06891800908405869,0.9216828494133928,0.0,1.478779333471098e-06,-157.50000000000003,-157.50000000000003,0.0,3.9518436132044785,3.9518436132044785,0.0,PASS
clsdoa_v1_pilot_005_ep_000427,Replica,train,-18.259908840156726,1.3108890248325253,1.3108890248325253,0.0,-0.3826834323650898,0.0,0.9238795325112867,-0.3826834323650898,0.0,0.9238795325112867,0.0,0.0,-157.5,-157.5,0.0,0.0,0.0,0.0,PASS
clsdoa_v1_pilot_005_ep_000428,Replica,train,240.7498124837445,1.6257360519284425,1.6257360519284425,0.0,-0.9228445924525892,-0.04731983962164779,-0.38225474615653415,-0.922844592452589,-0.04731983962164779,-0.38225474615653415,2.220446049250313e-16,0.0,-67.5,-67.49999999999999,0.0,-2.712239933589068,-2.7122399335890686,4.440892098500626e-16,PASS
clsdoa_v1_pilot_005_ep_000429,MP3D,train,152.85619739512137,2.67743358112006,2.67743358112006,0.0,-0.3759163372354247,-0.18722672193090453,0.9075423196713804,-0.3759163372354248,-0.18722672193090453,0.9075423196713807,2.220446049250313e-16,0.0,-157.5,-157.5,0.0,-10.790982908778137,-10.790982908778135,1.7763568394002505e-15,PASS
clsdoa_v1_pilot_005_ep_000430,MP3D,train,-107.5561717713677,2.984641714723914,2.984641714723914,0.0,-0.9230026346378183,0.04355908580959746,-0.38232020937308325,-0.9230026346378183,0.04355908580959746,-0.38232020937308325,0.0,8.537736462515939e-07,-67.49999999999999,-67.49999999999999,0.0,2.496541688362186,2.496541688362186,0.0,PASS
clsdoa_v1_pilot_005_ep_000431,MP3D,train,-101.26035446378293,1.384692096390303,1.384692096390303,0.0,0.8890519458012436,-0.27198004421744326,-0.36825737360506483,0.8890519458012436,-0.27198004421744326,-0.36825737360506483,0.0,0.0,67.5,67.5,0.0,-15.782125052780644,-15.782125052780644,0.0,PASS
clsdoa_v1_pilot_005_ep_000432,MP3D,train,177.83652118293395,3.4608322900314006,3.4608322900314006,0.0,-0.9238789098094163,0.0011610404129959169,-0.38268317443353006,-0.9238789098094163,0.0011610404129959169,-0.38268317443353006,0.0,8.537736462515939e-07,-67.49999999999999,-67.49999999999999,0.0,0.06652273045440245,0.06652273045440245,0.0,PASS
clsdoa_v1_pilot_005_ep_000433,MP3D,train,13.298975367603845,4.153663467567107,4.153663467567107,0.0,0.38268343236509006,0.0,0.9238795325112866,0.3826834323650901,0.0,0.9238795325112865,1.1102230246251565e-16,8.537736462515939e-07,157.5,157.5,0.0,0.0,0.0,0.0,PASS
clsdoa_v1_pilot_005_ep_000434,MP3D,train,-174.20219254222104,1.359104004312102,1.359104004312102,0.0,0.3826834323650897,0.0,0.9238795325112868,0.3826834323650897,0.0,0.9238795325112867,1.1102230246251565e-16,0.0,157.5,157.5,0.0,0.0,0.0,0.0,PASS
clsdoa_v1_pilot_005_ep_000435,MP3D,train,91.35064877953002,1.3264945860928117,1.3264945860928117,0.0,-0.922668563826587,-0.051183669962866885,-0.3821818327122781,-0.922668563826587,-0.051183669962866885,-0.3821818327122781,0.0,0.0,-67.5,-67.5,0.0,-2.933890239666216,-2.933890239666216,0.0,PASS
clsdoa_v1_pilot_005_ep_000436,MP3D,train,-72.23475736969573,3.573050377424505,3.573050377424505,0.0,-0.3826535523610228,-0.012496172625939815,-0.9238073958002245,-0.3826535523610228,-0.012496172625939815,-0.9238073958002245,0.0,0.0,-22.5,-22.5,0.0,-0.7159965866856958,-0.7159965866856958,0.0,PASS
clsdoa_v1_pilot_005_ep_000437,MP3D,train,-114.37869403771593,3.78063561400619,3.78063561400619,0.0,0.3824797234503075,-0.03262438862629847,-0.9233877356864431,0.3824797234503075,-0.03262438862629847,-0.9233877356864431,0.0,8.537736462515939e-07,22.5,22.5,0.0,-1.8695715241867257,-1.8695715241867257,0.0,PASS
clsdoa_v1_pilot_005_ep_000438,MP3D,train,152.41997433920005,1.5562286119374296,1.5562286119374296,0.0,-0.38268343236508956,0.0,-0.9238795325112868,-0.38268343236508956,0.0,-0.9238795325112868,0.0,0.0,-22.5,-22.5,0.0,0.0,0.0,0.0,PASS
clsdoa_v1_pilot_005_ep_000439,MP3D,train,223.89180810789435,1.9252259726527692,1.9252259726527692,0.0,-0.9226323831554206,0.051942152708409614,0.38216684618758523,-0.9226323831554206,0.051942152708409614,0.38216684618758523,0.0,0.0,-112.50000000000001,-112.50000000000001,0.0,2.977405987769936,2.977405987769936,0.0,PASS
clsdoa_v1_pilot_005_ep_000440,MP3D,train,150.70470346788773,2.478223180925081,2.478223180925081,0.0,-0.38268343236508984,0.0,-0.9238795325112867,-0.38268343236508984,0.0,-0.9238795325112867,0.0,0.0,-22.5,-22.5,0.0,0.0,0.0,0.0,PASS
clsdoa_v1_pilot_005_ep_000441,MP3D,train,265.7305666339413,5.129716638756636,5.129716638756636,0.0,-0.9238795325112865,0.0,0.38268343236509017,-0.9238795325112865,0.0,0.38268343236509017,0.0,1.2074182697257333e-06,-112.50000000000003,-112.50000000000003,0.0,0.0,0.0,0.0,PASS
clsdoa_v1_pilot_005_ep_000442,MP3D,train,44.05539511905485,1.834355863136897,1.834355863136897,0.0,-0.9238795325112866,0.0,0.38268343236508984,-0.9238795325112866,0.0,0.38268343236508984,0.0,1.2074182697257333e-06,-112.50000000000001,-112.50000000000001,0.0,0.0,0.0,0.0,PASS
clsdoa_v1_pilot_005_ep_000443,MP3D,train,69.20558036110918,2.549090204146629,2.549090204146629,0.0,0.9238791230190375,-0.0009415212354815399,-0.3826832627478466,0.9238791230190375,-0.0009415212354815399,-0.3826832627478466,0.0,0.0,67.5,67.5,0.0,-0.053945201085101105,-0.053945201085101105,0.0,PASS
clsdoa_v1_pilot_005_ep_000444,MP3D,train,122.57788380354489,1.2228611992150882,1.2228611992150882,0.0,0.3826834323650896,0.0,-0.9238795325112868,0.3826834323650896,0.0,-0.9238795325112868,0.0,0.0,22.5,22.5,0.0,0.0,0.0,0.0,PASS
clsdoa_v1_pilot_005_ep_000445,MP3D,train,-186.82445812672057,5.104300474765058,5.104300474765058,0.0,0.9194363057135878,0.09795661569531997,0.380842987564783,0.9194363057135878,0.09795661569531997,0.3808429875647831,5.551115123125783e-17,0.0,112.5,112.5,0.0,5.621515425104765,5.621515425104765,0.0,PASS
clsdoa_v1_pilot_005_ep_000446,MP3D,train,271.7867845466276,5.1547360718654955,5.1547360718654955,0.0,-0.3236242291665398,-0.5337047765802371,0.7812980031663987,-0.3236242291665398,-0.5337047765802371,0.7812980031663987,0.0,8.537736462515939e-07,-157.5,-157.5,0.0,-32.25611512256177,-32.25611512256177,0.0,PASS
clsdoa_v1_pilot_005_ep_000447,MP3D,train,-81.78106677857149,3.868107813322831,3.868107813322831,0.0,0.3826130653424457,-0.019176078114722443,-0.9237096514908759,0.3826130653424457,-0.019176078114722443,-0.9237096514908759,0.0,0.0,22.5,22.5,0.0,-1.0987756912648259,-1.0987756912648259,0.0,PASS
clsdoa_v1_pilot_005_ep_000448,MP3D,train,117.43140197884776,3.428976671859509,3.428976671859509,0.0,-0.38254192364745254,-0.02719234196176889,-0.9235379002459729,-0.38254192364745254,-0.02719234196176889,-0.9235379002459729,0.0,1.2074182697257333e-06,-22.5,-22.5,0.0,-1.5581984978194572,-1.5581984978194572,0.0,PASS
clsdoa_v1_pilot_005_ep_000449,MP3D,train,107.47540842896198,1.6417488401811742,1.6417488401811742,0.0,-0.9238795325112867,0.0,-0.3826834323650898,-0.9238795325112867,0.0,-0.3826834323650897,5.551115123125783e-17,0.0,-67.5,-67.5,0.0,0.0,0.0,0.0,PASS
clsdoa_v1_pilot_005_ep_000450,MP3D,train,-74.40673726001985,3.673720434774996,3.673720434774996,0.0,0.3199640311351723,-0.5485674475266291,0.7724615034380998,0.3199640311351723,-0.5485674475266291,0.7724615034380998,0.0,0.0,157.5,157.5,0.0,-33.268789290989574,-33.268789290989574,0.0,PASS
clsdoa_v1_pilot_005_ep_000451,MP3D,train,-173.6953291281022,3.3148659094166053,3.3148659094166053,0.0,0.9234406855136901,0.030818557806979324,0.3825016559868783,0.9234406855136901,0.030818557806979324,0.3825016559868783,0.0,0.0,112.5,112.5,0.0,1.7660529296117327,1.7660529296117327,0.0,PASS
clsdoa_v1_pilot_005_ep_000452,MP3D,train,3.0790392362383727,1.0316596442412675,1.0316596442412675,0.0,0.9238795325112867,0.0,0.3826834323650898,0.9238795325112867,0.0,0.3826834323650898,0.0,0.0,112.5,112.5,0.0,0.0,0.0,0.0,PASS
clsdoa_v1_pilot_005_ep_000453,MP3D,train,-143.65186383526918,4.933525499650912,4.933525499650912,0.0,0.3807130322191738,0.10134740360324056,-0.9191225657557126,0.3807130322191738,0.10134740360324056,-0.9191225657557126,0.0,0.0,22.500000000000057,22.500000000000057,0.0,5.816765243547028,5.816765243547028,0.0,PASS
clsdoa_v1_pilot_005_ep_000454,MP3D,train,-131.37429645628288,5.414560941985026,5.414560941985026,0.0,0.923867623538974,0.005077419751490823,-0.382678499507244,0.923867623538974,0.005077419751490823,-0.382678499507244,0.0,8.537736462515939e-07,67.5,67.5,0.0,0.29091597256415697,0.29091597256415697,0.0,PASS
clsdoa_v1_pilot_005_ep_000455,MP3D,train,142.2780671933573,1.1044069165118346,1.1044069165118346,0.0,-0.9238795325112866,0.0,0.38268343236508984,-0.9238795325112866,0.0,0.3826834323650899,5.551115123125783e-17,1.2074182697257333e-06,-112.50000000000001,-112.50000000000001,0.0,0.0,0.0,0.0,PASS
clsdoa_v1_pilot_005_ep_000456,MP3D,train,204.35702143295225,1.5823607951829386,1.5823607951829386,0.0,-0.3729381231872247,-0.2242385723102751,0.9003522749245653,-0.3729381231872247,-0.2242385723102751,0.9003522749245655,2.220446049250313e-16,0.0,-157.5,-157.5,0.0,-12.958107526624966,-12.958107526624964,1.7763568394002505e-15,PASS
clsdoa_v1_pilot_005_ep_000457,Replica,val,1.0502906423500917,3.225044798082683,3.225044798082683,0.0,0.38268343236508967,0.0,0.9238795325112868,0.38268343236508967,0.0,0.9238795325112868,0.0,0.0,157.5,157.5,0.0,0.0,0.0,0.0,PASS
clsdoa_v1_pilot_005_ep_000458,Replica,val,46.526214926955774,1.13924699951992,1.13924699951992,0.0,-0.922880868633345,-0.04648358355546657,-0.3822697722425942,-0.9228808686333447,-0.04648358355546657,-0.3822697722425942,2.220446049250313e-16,0.0,-67.5,-67.5,0.0,-2.6642732020487134,-2.664273202048714,4.440892098500626e-16,PASS
clsdoa_v1_pilot_005_ep_000459,Replica,val,315.9525780022871,3.7587197360604603,3.7587197360604603,0.0,-0.3133168189608079,-0.5741697177240096,0.7564137136547773,-0.3133168189608079,-0.5741697177240096,0.7564137136547773,0.0,8.537736462515939e-07,-157.49999999999997,-157.49999999999997,0.0,-35.041507734378115,-35.041507734378115,0.0,PASS
clsdoa_v1_pilot_005_ep_000460,Replica,val,71.17094771098667,1.4592045578016002,1.4592045578016002,0.0,0.9238795325112866,0.0,-0.38268343236509,0.9238795325112865,0.0,-0.3826834323650899,1.1102230246251565e-16,1.2074182697257333e-06,67.5,67.5,0.0,0.0,0.0,0.0,PASS
clsdoa_v1_pilot_005_ep_000461,Replica,val,-16.589836974255547,5.046659066241037,5.046659066241037,0.0,-0.9238795325112867,0.0,0.38268343236508956,-0.9238795325112867,0.0,0.38268343236508956,0.0,1.2074182697257333e-06,-112.49999999999999,-112.49999999999999,0.0,0.0,0.0,0.0,PASS
clsdoa_v1_pilot_005_ep_000462,Replica,val,-126.36589408341398,3.716482877170675,3.716482877170675,0.0,0.9216861204481924,0.06886673881467985,0.38177489134068343,0.9216861204481924,0.06886673881467985,0.38177489134068343,0.0,8.537736462515939e-07,112.5,112.5,0.0,3.9488990471537284,3.9488990471537284,0.0,PASS
clsdoa_v1_pilot_005_ep_000463,MP3D,val,-59.20593149165299,3.835635446595364,3.835635446595364,0.0,0.3824804938605709,0.0325626552113663,0.9233895956213494,0.3824804938605709,0.0325626552113663,0.9233895956213494,0.0,1.478779333471098e-06,157.5,157.5,0.0,1.866032579779134,1.866032579779134,0.0,PASS
clsdoa_v1_pilot_005_ep_000464,MP3D,val,-48.401254446973255,1.9067651604295939,1.9067651604295939,0.0,0.8915501922386406,-0.2622242163724819,-0.369292181161585,0.8915501922386406,-0.2622242163724819,-0.36929218116158496,5.551115123125783e-17,0.0,67.5,67.5,0.0,-15.20208030024266,-15.20208030024266,0.0,PASS
clsdoa_v1_pilot_005_ep_000465,MP3D,val,83.01722132385106,1.5560355255952991,1.5560355255952991,0.0,-0.3826834323650898,0.0,-0.9238795325112867,-0.3826834323650898,0.0,-0.9238795325112867,0.0,0.0,-22.5,-22.5,0.0,0.0,0.0,0.0,PASS
clsdoa_v1_pilot_005_ep_000466,MP3D,val,-161.2526482609598,2.002371532966784,2.002371532966784,0.0,0.3814403270540626,-0.08053713057364653,-0.9208784108099467,0.3814403270540626,-0.08053713057364653,-0.9208784108099467,0.0,1.2074182697257333e-06,22.5,22.5,0.0,-4.6194406760916005,-4.619440676091601,8.881784197001252e-16,PASS
clsdoa_v1_pilot_005_ep_000467,MP3D,val,140.42244226811206,1.8900215916575531,1.8900215916575531,0.0,-0.3821757792290943,-0.0514913913229626,0.9226539494253847,-0.3821757792290943,-0.0514913913229626,0.9226539494253846,1.1102230246251565e-16,0.0,-157.5,-157.5,0.0,-2.9515446547615842,-2.9515446547615847,4.440892098500626e-16,PASS
clsdoa_v1_pilot_005_ep_000468,MP3D,val,-230.73765034544124,4.4651570959679,4.4651570959679,0.0,0.573686697509512,0.7838470012982409,0.23762881066147118,0.5736866975095118,0.7838470012982409,0.23762881066147118,1.1102230246251565e-16,0.0,112.5,112.5,0.0,51.61416537941575,51.61416537941575,0.0,PASS
clsdoa_v1_pilot_005_ep_000469,Replica,test,196.11694804087094,3.2813674818738257,3.2813674818738257,0.0,-0.3826834323650898,0.0,-0.9238795325112867,-0.3826834323650898,0.0,-0.9238795325112867,0.0,0.0,-22.5,-22.5,0.0,0.0,0.0,0.0,PASS
clsdoa_v1_pilot_005_ep_000470,Replica,test,-87.81834235841967,1.5857446753551672,1.5857446753551672,0.0,0.38140225232389324,-0.0817591660923864,0.9207864902799882,0.3814022523238932,-0.0817591660923864,0.9207864902799882,5.551115123125783e-17,8.537736462515939e-07,157.5,157.5,0.0,-4.6896898363669015,-4.6896898363669015,0.0,PASS
clsdoa_v1_pilot_005_ep_000471,Replica,test,8.035212793319157,2.70494294455659,2.70494294455659,0.0,0.38265299320727925,0.012612548445201554,-0.9238060458836733,0.38265299320727925,0.012612548445201554,-0.9238060458836732,1.1102230246251565e-16,0.0,22.5,22.5,0.0,0.7226649554986113,0.7226649554986114,1.1102230246251565e-16,PASS
clsdoa_v1_pilot_005_ep_000472,Replica,test,-102.80607124355265,4.3867311590503935,4.3867311590503935,0.0,-0.8995542066614323,-0.22796017438562896,-0.3726075524889352,-0.8995542066614323,-0.22796017438562896,-0.3726075524889352,0.0,1.2074182697257333e-06,-67.5,-67.5,0.0,-13.177008372652837,-13.177008372652839,1.7763568394002505e-15,PASS
clsdoa_v1_pilot_005_ep_000473,Replica,test,68.97116899716454,1.648046535242176,1.648046535242176,0.0,-0.8874631002914127,0.2779928692773577,0.3675992522463772,-0.8874631002914127,0.2779928692773577,0.3675992522463772,0.0,8.537736462515939e-07,-112.49999999999999,-112.49999999999999,0.0,16.140449332760788,16.140449332760788,0.0,PASS
clsdoa_v1_pilot_005_ep_000474,Replica,test,333.371746241677,1.3248392583547082,1.3248392583547082,0.0,-0.3823949360665176,-0.03882249330103352,0.9231830408345763,-0.3823949360665176,-0.03882249330103352,0.9231830408345763,0.0,1.2074182697257333e-06,-157.49999999999994,-157.49999999999994,0.0,-2.2249241509279,-2.2249241509279,0.0,PASS
clsdoa_v1_pilot_005_ep_000475,MP3D,test,-14.380950622684097,2.810014912053004,2.810014912053004,0.0,0.9220871662519934,0.062260121670340396,0.38194100995175057,0.9220871662519934,0.062260121670340396,0.38194100995175057,0.0,0.0,112.5,112.5,0.0,3.5695508634043938,3.5695508634043938,0.0,PASS
clsdoa_v1_pilot_005_ep_000476,MP3D,test,-84.29726143971105,1.024452448267296,1.024452448267296,0.0,0.38268343236508995,0.0,0.9238795325112866,0.38268343236508995,0.0,0.9238795325112866,0.0,8.537736462515939e-07,157.5,157.5,0.0,0.0,0.0,0.0,PASS
clsdoa_v1_pilot_005_ep_000477,MP3D,test,109.97361915490828,3.41871638920059,3.41871638920059,0.0,0.9222363303633115,0.05961556002792296,-0.3820027957496782,0.9222363303633115,0.05961556002792296,-0.3820027957496782,0.0,0.0,67.5,67.5,0.0,3.417746478914467,3.417746478914467,0.0,PASS
clsdoa_v1_pilot_005_ep_000478,MP3D,test,330.7104117873566,3.5291606121151533,3.5291606121151533,0.0,-0.263524081345131,0.7251208713963723,0.6362034111953271,-0.26352408134513106,0.7251208713963723,0.6362034111953272,1.1102230246251565e-16,0.0,-157.50000000000003,-157.50000000000006,2.842170943040401e-14,46.47890383568557,46.478903835685564,7.105427357601002e-15,PASS
clsdoa_v1_pilot_005_ep_000479,MP3D,test,233.55959936496362,1.6737872267505403,1.6737872267505403,0.0,-0.9238795325112866,0.0,-0.3826834323650902,-0.9238795325112866,0.0,-0.3826834323650902,0.0,0.0,-67.49999999999997,-67.49999999999997,0.0,0.0,0.0,0.0,PASS
clsdoa_v1_pilot_005_ep_000480,MP3D,test,272.0997335869613,5.235240670796856,5.235240670796856,0.0,-0.9238795325112871,0.0,0.3826834323650894,-0.9238795325112871,0.0,0.3826834323650894,0.0,0.0,-112.49999999999997,-112.49999999999997,0.0,0.0,0.0,0.0,PASS
clsdoa_v1_pilot_005_ep_000481,Replica,train,121.08798340944858,3.7977295349732847,3.7977295349732847,0.0,-0.9232571887896313,-0.03669858602931108,0.3824256491551223,-0.9232571887896313,-0.03669858602931108,0.3824256491551223,0.0,0.0,-112.5,-112.5,0.0,-2.103146355263823,-2.103146355263823,0.0,PASS
clsdoa_v1_pilot_005_ep_000482,Replica,train,26.927054182051158,1.293651211070258,1.293651211070258,0.0,0.3825851487321645,-0.02266250336934549,-0.923642254831719,0.3825851487321645,-0.02266250336934549,-0.923642254831719,0.0,0.0,22.5,22.5,0.0,-1.2985769682643469,-1.2985769682643469,0.0,PASS
clsdoa_v1_pilot_005_ep_000483,Replica,train,264.9969125792446,1.9567931003483474,1.9567931003483474,0.0,-0.36463524702145095,-0.3034799678498995,0.8803073586784501,-0.36463524702145095,-0.3034799678498995,0.8803073586784501,0.0,0.0,-157.5,-157.5,0.0,-17.66673848369628,-17.66673848369628,0.0,PASS
clsdoa_v1_pilot_005_ep_000484,Replica,train,203.8443287396318,1.3401615289024906,1.3401615289024906,0.0,-0.3826834323650897,0.0,0.9238795325112867,-0.3826834323650897,0.0,0.9238795325112867,0.0,8.537736462515939e-07,-157.5,-157.5,0.0,0.0,0.0,0.0,PASS
clsdoa_v1_pilot_005_ep_000485,Replica,train,-22.15701154726382,2.2565678985085893,2.2565678985085893,0.0,-0.9209415595810639,0.07968666965524807,-0.3814664841315066,-0.9209415595810639,0.07968666965524807,-0.3814664841315066,0.0,8.537736462515939e-07,-67.5,-67.5,0.0,4.570555731066136,4.570555731066136,0.0,PASS
clsdoa_v1_pilot_005_ep_000486,Replica,train,-139.69535729413826,1.5814657589115397,1.5814657589115397,0.0,0.38268343236509006,0.0,0.9238795325112866,0.38268343236509006,0.0,0.9238795325112867,1.1102230246251565e-16,0.0,157.5,157.5,0.0,0.0,0.0,0.0,PASS
clsdoa_v1_pilot_005_ep_000487,Replica,train,-124.92824325760736,5.730947603270284,5.730947603270284,0.0,0.37981805497019305,0.12214384923019626,0.9169618995432093,0.37981805497019305,0.12214384923019626,0.9169618995432092,1.1102230246251565e-16,0.0,157.5,157.5,0.0,7.015846409215648,7.01584640921565,1.7763568394002505e-15,PASS
clsdoa_v1_pilot_005_ep_000488,Replica,train,-48.64575259641894,3.5330978084609943,3.5330978084609943,0.0,0.9223592925534385,0.05734356188123995,0.3820537283564874,0.9223592925534385,0.05734356188123995,0.3820537283564874,0.0,1.2074182697257333e-06,112.5,112.5,0.0,3.2873473814363967,3.2873473814363967,0.0,PASS
clsdoa_v1_pilot_005_ep_000489,Replica,train,295.07522385895487,1.0864957776382154,1.0864957776382154,0.0,-0.38268343236509006,0.0,0.9238795325112866,-0.38268343236509006,0.0,0.9238795325112866,0.0,0.0,-157.49999999999997,-157.5,2.842170943040401e-14,0.0,0.0,0.0,PASS
clsdoa_v1_pilot_005_ep_000490,Replica,train,79.59016444098538,2.671106278912533,2.671106278912533,0.0,0.38177353643370643,0.06891800908405869,-0.9216828494133928,0.38177353643370643,0.06891800908405869,-0.9216828494133928,0.0,0.0,22.5,22.5,0.0,3.951843613204478,3.951843613204478,0.0,PASS
clsdoa_v1_pilot_005_ep_000491,Replica,train,-108.25990884015673,1.3108890248325253,1.3108890248325253,0.0,-0.9238795325112868,0.0,-0.38268343236508967,-0.9238795325112868,0.0,-0.38268343236508967,0.0,0.0,-67.50000000000001,-67.50000000000001,0.0,0.0,0.0,0.0,PASS
clsdoa_v1_pilot_005_ep_000492,Replica,train,12.17665201941601,1.4014168354647927,1.4014168354647927,0.0,-0.9224707041748844,-0.05520402404796274,0.3820998765610961,-0.9224707041748844,-0.05520402404796274,0.3820998765610961,0.0,0.0,-112.49999999999999,-112.49999999999999,0.0,-3.1645663077930815,-3.1645663077930815,0.0,PASS
clsdoa_v1_pilot_005_ep_000493,Replica,train,-13.91201659055141,3.7977295349732847,3.7977295349732847,0.0,0.3824256491551223,-0.03669858602931108,-0.9232571887896313,0.3824256491551223,-0.03669858602931108,-0.9232571887896313,0.0,0.0,22.5,22.5,0.0,-2.103146355263823,-2.103146355263823,0.0,PASS
clsdoa_v1_pilot_005_ep_000494,Replica,train,-120.5183494036115,2.223233574094782,2.223233574094782,0.0,0.9238220528500697,-0.011154694221757213,0.38265962350985283,0.9238220528500697,-0.011154694221757213,0.38265962350985283,0.0,0.0,112.5,112.5,0.0,-0.6391301553292357,-0.6391301553292357,0.0,PASS
clsdoa_v1_pilot_005_ep_000495,Replica,train,108.51993874000212,4.221503088746059,4.221503088746059,0.0,0.9110897324677824,0.16581771593774336,-0.37738572372703016,0.9110897324677824,0.16581771593774336,-0.37738572372703016,0.0,1.2074182697257333e-06,67.5,67.5,0.0,9.544740534269952,9.544740534269952,0.0,PASS
clsdoa_v1_pilot_005_ep_000496,Replica,train,-10.597159676595169,5.694208372284177,5.694208372284177,0.0,0.38268343236508967,0.0,0.9238795325112868,0.38268343236508967,0.0,0.9238795325112868,0.0,0.0,157.5,157.5,0.0,0.0,0.0,0.0,PASS
clsdoa_v1_pilot_005_ep_000497,Replica,train,-247.15701154726383,2.2565678985085893,2.2565678985085893,0.0,0.38146648413150597,0.07968666965524807,0.9209415595810642,0.38146648413150597,0.07968666965524807,0.9209415595810642,0.0,8.537736462515939e-07,157.5,157.5,0.0,4.570555731066136,4.570555731066136,0.0,PASS
clsdoa_v1_pilot_005_ep_000498,Replica,train,-3.6457525964189372,3.5330978084609943,3.5330978084609943,0.0,0.9223592925534385,0.05734356188123995,-0.38205372835648765,0.9223592925534385,0.05734356188123995,-0.38205372835648765,0.0,0.0,67.5,67.5,0.0,3.2873473814363963,3.2873473814363963,0.0,PASS
clsdoa_v1_pilot_005_ep_000499,Replica,train,-207.6761030584911,4.834170904370063,4.834170904370063,0.0,0.9238795325112868,0.0,-0.38268343236508967,0.9238795325112868,0.0,-0.3826834323650896,5.551115123125783e-17,0.0,67.5,67.5,0.0,0.0,0.0,0.0,PASS
clsdoa_v1_pilot_005_ep_000500,Replica,train,-78.41749630310142,4.720317386735547,4.720317386735547,0.0,-0.3826834323650897,0.0,-0.9238795325112867,-0.3826834323650897,0.0,-0.9238795325112867,0.0,8.537736462515939e-07,-22.5,-22.5,0.0,0.0,0.0,0.0,PASS
clsdoa_v1_pilot_005_ep_000501,Replica,train,-192.37882523510478,1.2101550193639763,1.2101550193639763,0.0,0.5739127797096005,-0.7836530831533737,0.23772245697495895,0.5739127797096005,-0.7836530831533737,0.2377224569749589,5.551115123125783e-17,0.0,112.5,112.5,0.0,-51.59627596698827,-51.59627596698827,0.0,PASS
clsdoa_v1_pilot_005_ep_000502,Replica,train,259.5901644409854,2.671106278912533,2.671106278912533,0.0,-0.3817735364337061,0.06891800908405869,0.9216828494133928,-0.3817735364337061,0.06891800908405869,0.9216828494133928,0.0,1.478779333471098e-06,-157.50000000000003,-157.50000000000003,0.0,3.9518436132044785,3.9518436132044785,0.0,PASS
clsdoa_v1_pilot_005_ep_000503,Replica,train,121.08798340944858,3.7977295349732847,3.7977295349732847,0.0,-0.9232571887896313,-0.03669858602931108,0.3824256491551223,-0.9232571887896313,-0.03669858602931108,0.3824256491551223,0.0,0.0,-112.5,-112.5,0.0,-2.103146355263823,-2.103146355263823,0.0,PASS
clsdoa_v1_pilot_005_ep_000504,Replica,train,-59.34083284710427,1.3959539064642936,1.3959539064642936,0.0,-0.3826834323650897,0.0,-0.9238795325112866,-0.3826834323650897,0.0,-0.9238795325112866,0.0,1.2074182697257333e-06,-22.5,-22.5,0.0,0.0,0.0,0.0,PASS
clsdoa_v1_pilot_005_ep_000505,Replica,train,195.7498124837445,1.6285717309477423,1.6285717309477423,0.0,-0.3815891618638033,0.07556954871370324,-0.9212377298261765,-0.3815891618638033,0.07556954871370324,-0.9212377298261765,0.0,0.0,-22.5,-22.5,0.0,4.333947915490447,4.333947915490447,0.0,PASS
clsdoa_v1_pilot_005_ep_000506,Replica,train,164.94403745802043,5.858097789611711,5.858097789611711,0.0,-0.8643962964487713,-0.35301991091768525,0.35804466925415523,-0.8643962964487713,-0.35301991091768525,0.35804466925415523,0.0,8.537736462515939e-07,-112.49999999999999,-112.49999999999999,0.0,-20.672138002368452,-20.672138002368452,0.0,PASS
clsdoa_v1_pilot_005_ep_000507,Replica,train,174.99691257924462,1.9567931003483474,1.9567931003483474,0.0,-0.8803073586784502,-0.3034799678498995,-0.3646352470214505,-0.8803073586784502,-0.3034799678498995,-0.3646352470214505,0.0,1.2074182697257333e-06,-67.50000000000003,-67.50000000000003,0.0,-17.66673848369628,-17.66673848369628,0.0,PASS
clsdoa_v1_pilot_005_ep_000508,Replica,train,24.849265332698053,3.208284648020208,3.208284648020208,0.0,0.884171234627626,-0.2900217708476507,0.3662357168429265,0.884171234627626,-0.2900217708476507,0.36623571684292655,5.551115123125783e-17,0.0,112.5,112.5,0.0,-16.859259415659917,-16.859259415659917,0.0,PASS
clsdoa_v1_pilot_005_ep_000509,MP3D,train,-45.212465677186515,1.6114864311798702,1.6114864311798702,0.0,-0.9220654869041112,-0.06263515199544104,-0.38193203007183435,-0.9220654869041112,-0.06263515199544104,-0.38193203007183435,0.0,0.0,-67.5,-67.5,0.0,-3.5910805390743152,-3.5910805390743152,0.0,PASS
clsdoa_v1_pilot_005_ep_000510,MP3D,train,-9.733455455314747,5.751350981196196,5.751350981196196,0.0,-0.38123455257427064,0.08693604607551055,-0.9203816272700431,-0.38123455257427064,0.08693604607551055,-0.9203816272700429,2.220446049250313e-16,0.0,-22.5,-22.5,0.0,4.987364346769061,4.987364346769061,0.0,PASS
clsdoa_v1_pilot_005_ep_000511,MP3D,train,-203.1680493397136,2.119537985204947,2.119537985204947,0.0,0.9221336145917539,0.06144887837906275,0.381960249484029,0.9221336145917539,0.06144887837906275,0.381960249484029,0.0,8.537736462515939e-07,112.5,112.5,0.0,3.5229808720776927,3.5229808720776927,0.0,PASS
clsdoa_v1_pilot_005_ep_000512,MP3D,train,135.80485140638672,2.356724613478863,2.356724613478863,0.0,-0.9224018497752214,0.05653588552828724,-0.382071356134927,-0.9224018497752214,0.05653588552828724,-0.382071356134927,0.0,0.0,-67.5,-67.5,0.0,3.2409957338407076,3.2409957338407076,0.0,PASS
clsdoa_v1_pilot_005_ep_000513,MP3D,train,25.214373232015923,4.766918744661528,4.766918744661528,0.0,-0.9238795325112868,0.0,-0.3826834323650898,-0.9238795325112868,0.0,-0.3826834323650898,0.0,0.0,-67.5,-67.5,0.0,0.0,0.0,0.0,PASS
clsdoa_v1_pilot_005_ep_000514,MP3D,train,-27.67562215764311,1.7942536104382405,1.7942536104382405,0.0,-0.3826834323650898,0.0,-0.9238795325112867,-0.3826834323650898,0.0,-0.9238795325112867,0.0,0.0,-22.5,-22.5,0.0,0.0,0.0,0.0,PASS
clsdoa_v1_pilot_005_ep_000515,MP3D,train,-53.095536862503835,2.978488777713545,2.978488777713545,0.0,0.3785670875130719,-0.1462783376103311,0.9139417969421403,0.3785670875130719,-0.1462783376103311,0.9139417969421401,2.220446049250313e-16,0.0,157.5,157.5,0.0,-8.411311897614443,-8.411311897614445,1.7763568394002505e-15,PASS
clsdoa_v1_pilot_005_ep_000516,MP3D,train,-87.56506776319529,2.662140195916299,2.662140195916299,0.0,0.382345959439993,-0.04198738889929325,-0.9230648007985847,0.382345959439993,-0.04198738889929325,-0.9230648007985847,0.0,0.0,22.5,22.5,0.0,-2.4064075892309953,-2.4064075892309953,0.0,PASS
clsdoa_v1_pilot_005_ep_000517,MP3D,train,140.233131835822,3.355501228672122,3.355501228672122,0.0,-0.9238700883341332,0.004521559784302824,0.38267952045882714,-0.9238700883341332,0.004521559784302824,0.38267952045882714,0.0,0.0,-112.5,-112.5,0.0,0.2590671752116832,0.2590671752116832,0.0,PASS
clsdoa_v1_pilot_005_ep_000518,MP3D,train,62.090443904119795,1.6030579610619613,1.6030579610619613,0.0,0.299952599530782,-0.6209957695673478,-0.7241496338562795,0.299952599530782,-0.6209957695673478,-0.7241496338562795,0.0,8.537736462515939e-07,22.5,22.5,0.0,-38.388887360528635,-38.388887360528635,0.0,PASS
clsdoa_v1_pilot_005_ep_000519,MP3D,train,119.16459858125877,3.3861009842766214,3.3861009842766214,0.0,-0.9228260459886589,0.047741710685444305,0.3822470639596398,-0.9228260459886589,0.047741710685444305,0.3822470639596398,0.0,0.0,-112.49999999999999,-112.49999999999999,0.0,2.736438715316422,2.736438715316422,0.0,PASS
clsdoa_v1_pilot_005_ep_000520,MP3D,train,-228.8101586622184,4.540080781831088,4.540080781831088,0.0,0.9238795325112867,0.0,-0.3826834323650899,0.9238795325112866,0.0,-0.38268343236508995,1.1102230246251565e-16,0.0,67.5,67.5,0.0,0.0,0.0,0.0,PASS
clsdoa_v1_pilot_005_ep_000521,MP3D,train,96.32966188063432,1.0630826236771074,1.0630826236771074,0.0,0.3826834323650896,0.0,-0.9238795325112867,0.3826834323650896,0.0,-0.9238795325112867,0.0,8.537736462515939e-07,22.5,22.5,0.0,0.0,0.0,0.0,PASS
clsdoa_v1_pilot_005_ep_000522,MP3D,train,-66.09013984434532,1.462384057424478,1.462384057424478,0.0,0.9183791215084064,0.10895759982418686,-0.3804050875290707,0.9183791215084066,0.10895759982418686,-0.38040508752907076,2.220446049250313e-16,0.0,67.5,67.5,0.0,6.255229264973463,6.255229264973461,1.7763568394002505e-15,PASS
clsdoa_v1_pilot_005_ep_000523,MP3D,train,-282.2915104612837,1.4154616748891848,1.4154616748891848,0.0,0.9238795325112867,0.0,0.38268343236509006,0.9238795325112865,0.0,0.38268343236509006,2.220446049250313e-16,0.0,112.5,112.5,0.0,0.0,0.0,0.0,PASS
clsdoa_v1_pilot_005_ep_000524,MP3D,train,112.03465642908452,1.972004603328956,1.972004603328956,0.0,0.9238795325112867,0.0,-0.3826834323650897,0.9238795325112867,0.0,-0.3826834323650897,0.0,8.537736462515939e-07,67.5,67.5,0.0,0.0,0.0,0.0,PASS
clsdoa_v1_pilot_005_ep_000525,MP3D,train,-114.06484560871063,5.503567130140265,5.503567130140265,0.0,0.38268343236508995,0.0,0.9238795325112867,0.38268343236508984,0.0,0.9238795325112868,1.1102230246251565e-16,0.0,157.5,157.5,0.0,0.0,0.0,0.0,PASS
clsdoa_v1_pilot_005_ep_000526,MP3D,train,-180.20977402350613,1.4143804058783485,1.4143804058783485,0.0,0.8437787164848896,0.40728862071902977,0.34950458800980394,0.8437787164848896,0.40728862071902977,0.34950458800980394,0.0,0.0,112.5,112.5,0.0,24.03462361512619,24.03462361512619,0.0,PASS
clsdoa_v1_pilot_005_ep_000527,MP3D,train,-56.33760047673772,4.4266477876581805,4.4266477876581805,0.0,0.8949003579834536,0.24849504377322904,-0.3706798652492845,0.8949003579834535,0.24849504377322904,-0.3706798652492845,1.1102230246251565e-16,8.537736462515939e-07,67.5,67.5,0.0,14.38847448908681,14.38847448908681,0.0,PASS
clsdoa_v1_pilot_005_ep_000528,MP3D,train,-19.84068379913051,4.472186030360738,4.472186030360738,0.0,0.38028419344382514,-0.11180214700497795,-0.9180872573681963,0.38028419344382514,-0.11180214700497795,-0.9180872573681963,0.0,0.0,22.5,22.5,0.0,-6.419211891089047,-6.419211891089047,0.0,PASS
clsdoa_v1_pilot_005_ep_000529,MP3D,train,-15.869755815415395,3.527580900860227,3.527580900860227,0.0,-0.38190478335504496,-0.06375951537092625,-0.9219997075109084,-0.381904783355045,-0.06375951537092625,-0.9219997075109084,5.551115123125783e-17,8.537736462515939e-07,-22.5,-22.5,0.0,-3.6556308513841893,-3.6556308513841893,0.0,PASS
clsdoa_v1_pilot_005_ep_000530,MP3D,train,303.5268068319541,2.898832612337459,2.898832612337459,0.0,-0.38239067182956415,0.039108247689660244,0.9231727460558932,-0.38239067182956427,0.039108247689660244,0.9231727460558932,1.1102230246251565e-16,8.537736462515939e-07,-157.5,-157.5,0.0,2.2413091148007087,2.2413091148007087,0.0,PASS
clsdoa_v1_pilot_005_ep_000531,MP3D,train,26.842839593672082,2.2001425601260314,2.2001425601260314,0.0,-0.9215779533489552,0.07054230314795197,0.38173008706117645,-0.9215779533489552,0.07054230314795197,0.38173008706117645,0.0,0.0,-112.49999999999999,-112.49999999999999,0.0,4.0451359018574236,4.0451359018574236,0.0,PASS
clsdoa_v1_pilot_005_ep_000532,MP3D,train,-118.63781412140011,3.843765244468547,3.843765244468547,0.0,-0.38162104046650475,0.07446220887108145,-0.9213146915811674,-0.3816210404665047,0.07446220887108145,-0.9213146915811674,5.551115123125783e-17,1.2074182697257333e-06,-22.5,-22.5,0.0,4.270322738549428,4.270322738549428,0.0,PASS
clsdoa_v1_pilot_005_ep_000533,MP3D,train,293.2428655092674,1.9731370852880257,1.9731370852880257,0.0,-0.3725513168946903,-0.22858692570098246,0.8994184419271185,-0.37255131689469023,-0.22858692570098246,0.8994184419271185,5.551115123125783e-17,1.2074182697257333e-06,-157.50000000000003,-157.50000000000003,0.0,-13.213892426947782,-13.213892426947782,0.0,PASS
clsdoa_v1_pilot_005_ep_000534,MP3D,train,317.2739873297278,1.9375048373676569,1.9375048373676569,0.0,-0.3826825265738993,0.0021757498235708125,0.9238773457379079,-0.38268252657389934,0.0021757498235708125,0.9238773457379079,5.551115123125783e-17,1.2074182697257333e-06,-157.49999999999994,-157.49999999999994,0.0,0.12466138052256054,0.12466138052256054,0.0,PASS
clsdoa_v1_pilot_005_ep_000535,MP3D,train,-14.898851253767617,3.3079064384272594,3.3079064384272594,0.0,0.3820265224648471,0.05856816466564923,0.9222936117208625,0.3820265224648471,0.05856816466564923,0.9222936117208625,0.0,0.0,157.5,157.5,0.0,3.3576300919590505,3.3576300919590505,0.0,PASS
clsdoa_v1_pilot_005_ep_000536,MP3D,train,121.79881597014598,1.5755847532444718,1.5755847532444718,0.0,-0.9238507453633059,0.007894111603194968,-0.3826715083379742,-0.9238507453633059,0.007894111603194968,-0.3826715083379742,0.0,8.537736462515939e-07,-67.5,-67.5,0.0,0.45230397565559594,0.45230397565559594,0.0,PASS
clsdoa_v1_pilot_005_ep_000537,Replica,val,-23.021732492712317,5.043489069878477,5.043489069878477,0.0,0.3824981756264716,-0.031112120189190778,0.9234322831803934,0.3824981756264716,-0.031112120189190778,0.9234322831803935,1.1102230246251565e-16,0.0,157.5,157.5,0.0,-1.7828808848928932,-1.7828808848928928,4.440892098500626e-16,PASS
clsdoa_v1_pilot_005_ep_000538,Replica,val,-46.3143307568978,2.4990172768659575,2.4990172768659575,0.0,0.9228660387422892,0.04682725805714689,0.38226362950059056,0.9228660387422895,0.04682725805714689,0.38226362950059056,2.220446049250313e-16,0.0,112.5,112.5,0.0,2.6839857667555,2.6839857667554994,4.440892098500626e-16,PASS
clsdoa_v1_pilot_005_ep_000539,Replica,val,207.11383790301446,1.2082733833373742,1.2082733833373742,0.0,-0.368306355530458,0.27152676911208085,0.8891701986298387,-0.368306355530458,0.27152676911208085,0.8891701986298387,0.0,0.0,-157.5,-157.5,0.0,15.755138723250973,15.755138723250973,0.0,PASS
clsdoa_v1_pilot_005_ep_000540,Replica,val,270.9814601676827,1.3593239775817834,1.3593239775817834,0.0,-0.9112165335072638,0.16499939148171777,0.3774382464373059,-0.9112165335072638,0.16499939148171777,0.3774382464373059,0.0,0.0,-112.49999999999997,-112.49999999999997,0.0,9.497199118466414,9.497199118466414,0.0,PASS
clsdoa_v1_pilot_005_ep_000541,Replica,val,8.634105916586018,3.716482877170675,3.716482877170675,0.0,-0.38177489134068343,0.06886673881467985,-0.9216861204481925,-0.38177489134068343,0.06886673881467985,-0.9216861204481925,0.0,0.0,-22.5,-22.5,0.0,3.9488990471537284,3.9488990471537284,0.0,PASS
clsdoa_v1_pilot_005_ep_000542,Replica,val,196.74979692171823,1.9451364589777471,1.9451364589777471,0.0,-0.9238795325112867,0.0,-0.38268343236508984,-0.9238795325112867,0.0,-0.3826834323650898,5.551115123125783e-17,0.0,-67.5,-67.5,0.0,0.0,0.0,0.0,PASS
clsdoa_v1_pilot_005_ep_000543,MP3D,val,87.19468103870156,3.9750792598865954,3.9750792598865954,0.0,-0.6107888864714578,0.7502862344795083,0.25299704052323824,-0.6107888864714578,0.7502862344795083,0.25299704052323824,0.0,0.0,-112.49999999999999,-112.49999999999999,0.0,48.615178488868644,48.615178488868644,0.0,PASS
clsdoa_v1_pilot_005_ep_000544,MP3D,val,-66.47518543221429,1.107564449792924,1.107564449792924,0.0,0.3826834323650898,0.0,-0.9238795325112868,0.3826834323650898,0.0,-0.9238795325112868,0.0,0.0,22.5,22.5,0.0,0.0,0.0,0.0,PASS
clsdoa_v1_pilot_005_ep_000545,MP3D,val,-276.7921684377313,3.309067520810297,3.309067520810297,0.0,0.38265893769137327,0.011314205101372498,0.9238203971377954,0.38265893769137327,0.011314205101372498,0.9238203971377954,0.0,0.0,157.5,157.5,0.0,0.6482700323305097,0.6482700323305097,0.0,PASS
clsdoa_v1_pilot_005_ep_000546,MP3D,val,-66.38086891209541,4.690434626877787,4.690434626877787,0.0,0.9238795325112866,0.0,-0.38268343236509,0.9238795325112866,0.0,-0.38268343236509,0.0,8.537736462515939e-07,67.5,67.5,0.0,0.0,0.0,0.0,PASS
clsdoa_v1_pilot_005_ep_000547,MP3D,val,55.24798828128941,1.991060207954639,1.991060207954639,0.0,-0.38268343236508984,0.0,0.9238795325112868,-0.38268343236508984,0.0,0.9238795325112868,0.0,0.0,-157.5,-157.5,0.0,0.0,0.0,0.0,PASS
clsdoa_v1_pilot_005_ep_000548,MP3D,val,-179.97990028997788,2.5659343063990123,2.5659343063990123,0.0,0.9228796813831205,0.04651119113814428,0.3822692804674489,0.9228796813831205,0.04651119113814428,0.3822692804674489,0.0,0.0,112.5,112.5,0.0,2.665856712725585,2.665856712725585,0.0,PASS
clsdoa_v1_pilot_005_ep_000549,Replica,test,293.4682123834904,3.3308143553587954,3.3308143553587954,0.0,-0.3826834323650896,0.0,0.9238795325112868,-0.3826834323650896,0.0,0.923879532511287,1.1102230246251565e-16,0.0,-157.50000000000003,-157.50000000000003,0.0,0.0,0.0,0.0,PASS
clsdoa_v1_pilot_005_ep_000550,Replica,test,8.035212793319157,2.70494294455659,2.70494294455659,0.0,0.38265299320727925,0.012612548445201554,-0.9238060458836733,0.38265299320727925,0.012612548445201554,-0.9238060458836732,1.1102230246251565e-16,0.0,22.5,22.5,0.0,0.7226649554986113,0.7226649554986114,1.1102230246251565e-16,PASS
clsdoa_v1_pilot_005_ep_000551,Replica,test,198.37174624167702,1.3248392583547082,1.3248392583547082,0.0,-0.3823949360665164,-0.03882249330103352,-0.9231830408345768,-0.3823949360665164,-0.03882249330103352,-0.9231830408345768,0.0,8.537736462515939e-07,-22.5,-22.5,0.0,-2.2249241509279,-2.2249241509279,0.0,PASS
clsdoa_v1_pilot_005_ep_000552,Replica,test,-46.17571363819124,5.2607901588271035,5.2607901588271035,0.0,-0.9196973064989808,-0.09504275686819551,0.38095109762988305,-0.9196973064989808,-0.09504275686819551,0.38095109762988305,0.0,8.537736462515939e-07,-112.5,-112.5,0.0,-5.453780735617179,-5.453780735617179,0.0,PASS
clsdoa_v1_pilot_005_ep_000553,Replica,test,243.37174624167702,1.3248392583547082,1.3248392583547082,0.0,-0.9231830408345766,-0.03882249330103352,-0.38239493606651676,-0.9231830408345766,-0.03882249330103352,-0.38239493606651676,0.0,1.478779333471098e-06,-67.49999999999999,-67.49999999999999,0.0,-2.2249241509279,-2.2249241509279,0.0,PASS
clsdoa_v1_pilot_005_ep_000554,Replica,test,-36.96478720668084,2.70494294455659,2.70494294455659,0.0,0.9238060458836733,0.012612548445201554,-0.38265299320727925,0.9238060458836732,0.012612548445201554,-0.38265299320727925,1.1102230246251565e-16,0.0,67.5,67.5,0.0,0.7226649554986113,0.7226649554986114,1.1102230246251565e-16,PASS
clsdoa_v1_pilot_005_ep_000555,MP3D,test,-269.72003336636413,5.215692121750093,5.215692121750093,0.0,0.9238795325112868,0.0,0.38268343236508967,0.9238795325112868,0.0,0.38268343236508967,0.0,0.0,112.5,112.5,0.0,0.0,0.0,0.0,PASS
clsdoa_v1_pilot_005_ep_000556,MP3D,test,133.00374133571898,1.6949360034326726,1.6949360034326726,0.0,-0.3826834323650899,0.0,-0.9238795325112867,-0.3826834323650899,0.0,-0.9238795325112867,0.0,0.0,-22.5,-22.5,0.0,0.0,0.0,0.0,PASS
clsdoa_v1_pilot_005_ep_000557,MP3D,test,240.10306029592022,3.518595270438523,3.518595270438523,0.0,-0.9216482759779936,-0.06945758889220506,0.38175921564786564,-0.9216482759779936,-0.06945758889220506,0.38175921564786564,0.0,0.0,-112.49999999999997,-112.49999999999997,0.0,-3.982833521878829,-3.982833521878829,0.0,PASS
clsdoa_v1_pilot_005_ep_000558,MP3D,test,-64.5078237415279,2.24962487492641,2.24962487492641,0.0,0.3523240072865092,-0.390348916664303,0.8505853967407275,0.3523240072865092,-0.390348916664303,0.8505853967407275,0.0,0.0,157.5,157.5,0.0,-22.97621175437186,-22.97621175437186,0.0,PASS
clsdoa_v1_pilot_005_ep_000559,MP3D,test,-106.74055086735072,1.6394290518277834,1.6394290518277834,0.0,-0.8998176849461033,0.2267386243500976,-0.37271668876783703,-0.8998176849461034,0.2267386243500976,-0.37271668876783703,1.1102230246251565e-16,0.0,-67.49999999999999,-67.49999999999999,0.0,13.105136618325737,13.105136618325735,1.7763568394002505e-15,PASS
clsdoa_v1_pilot_005_ep_000560,MP3D,test,120.02814418225472,1.6288750640820318,1.6288750640820318,0.0,-0.3823001929799593,0.04474262667205025,0.9229543107900692,-0.38230019297995926,0.04474262667205025,0.922954310790069,2.220446049250313e-16,0.0,-157.5,-157.5,0.0,2.5644197782384253,2.5644197782384257,4.440892098500626e-16,PASS
clsdoa_v1_pilot_005_ep_000561,Replica,train,-151.7431047455177,2.7699913046516267,2.7699913046516267,0.0,0.3793804521296858,0.13110190941797373,0.9159054328307243,0.37938045212968574,0.13110190941797373,0.9159054328307243,5.551115123125783e-17,8.537736462515939e-07,157.5,157.5,0.0,7.533272075678038,7.533272075678038,0.0,PASS
clsdoa_v1_pilot_005_ep_000562,Replica,train,152.10649487211606,4.283858344196622,4.283858344196622,0.0,-0.38268343236508984,0.0,0.9238795325112868,-0.38268343236508984,0.0,0.9238795325112868,0.0,0.0,-157.5,-157.5,0.0,0.0,0.0,0.0,PASS
clsdoa_v1_pilot_005_ep_000563,Replica,train,124.59016444098538,2.671106278912533,2.671106278912533,0.0,-0.38177353643370643,0.06891800908405869,-0.9216828494133928,-0.38177353643370643,0.06891800908405869,-0.9216828494133928,0.0,0.0,-22.5,-22.5,0.0,3.951843613204478,3.951843613204478,0.0,PASS
clsdoa_v1_pilot_005_ep_000564,Replica,train,161.92705418205117,1.293651211070258,1.293651211070258,0.0,-0.923642254831719,-0.02266250336934549,0.38258514873216437,-0.923642254831719,-0.02266250336934549,0.3825851487321644,5.551115123125783e-17,0.0,-112.5,-112.5,0.0,-1.2985769682643469,-1.2985769682643469,0.0,PASS
clsdoa_v1_pilot_005_ep_000565,Replica,train,-146.4546192669052,1.3933143471267742,1.3933143471267742,0.0,0.38268343236508967,0.0,0.9238795325112867,0.3826834323650897,0.0,0.9238795325112866,1.1102230246251565e-16,1.2074182697257333e-06,157.5,157.5,0.0,0.0,0.0,0.0,PASS
clsdoa_v1_pilot_005_ep_000566,Replica,train,122.16942822389876,1.0588101975020041,1.0588101975020041,0.0,-0.9238795325112867,0.0,-0.38268343236508995,-0.9238795325112867,0.0,-0.38268343236508995,0.0,0.0,-67.5,-67.5,0.0,0.0,0.0,0.0,PASS
clsdoa_v1_pilot_005_ep_000567,Replica,train,-13.91201659055141,3.7977295349732847,3.7977295349732847,0.0,0.3824256491551223,-0.03669858602931108,-0.9232571887896313,0.3824256491551223,-0.03669858602931108,-0.9232571887896313,0.0,0.0,22.5,22.5,0.0,-2.103146355263823,-2.103146355263823,0.0,PASS
clsdoa_v1_pilot_005_ep_000568,Replica,train,39.99691257924461,1.9567931003483474,1.9567931003483474,0.0,0.8803073586784501,-0.3034799678498995,-0.3646352470214507,0.8803073586784501,-0.3034799678498995,-0.3646352470214507,0.0,1.2074182697257333e-06,67.5,67.5,0.0,-17.66673848369628,-17.66673848369628,0.0,PASS
clsdoa_v1_pilot_005_ep_000569,Replica,train,91.82406827680097,2.7451668438495824,2.7451668438495824,0.0,-0.893338605202765,0.2549936087011678,0.37003296606644903,-0.8933386052027652,0.2549936087011678,0.37003296606644903,2.220446049250313e-16,8.537736462515939e-07,-112.5,-112.49999999999999,0.0,14.773206436891362,14.773206436891362,0.0,PASS
clsdoa_v1_pilot_005_ep_000570,Replica,train,-100.64020516713099,4.585213244126845,4.585213244126845,0.0,0.3823192180714837,0.04361845738158508,0.923000241424053,0.3823192180714837,0.04361845738158508,0.923000241424053,0.0,0.0,157.5,157.5,0.0,2.4999466650941273,2.4999466650941273,0.0,PASS
clsdoa_v1_pilot_005_ep_000571,Replica,train,-22.15701154726382,2.2565678985085893,2.2565678985085893,0.0,-0.9209415595810639,0.07968666965524807,-0.3814664841315066,-0.9209415595810639,0.07968666965524807,-0.3814664841315066,0.0,8.537736462515939e-07,-67.5,-67.5,0.0,4.570555731066136,4.570555731066136,0.0,PASS
clsdoa_v1_pilot_005_ep_000572,Replica,train,-281.276903373082,5.631392528290559,5.631392528290559,0.0,0.38268343236508945,0.0,0.9238795325112867,0.3826834323650895,0.0,0.9238795325112867,5.551115123125783e-17,1.2074182697257333e-06,157.5,157.5,0.0,0.0,0.0,0.0,PASS
clsdoa_v1_pilot_005_ep_000573,Replica,train,221.35424740358107,3.5330978084609943,3.5330978084609943,0.0,-0.38205372835648754,0.05734356188123995,0.9223592925534386,-0.38205372835648754,0.05734356188123995,0.9223592925534386,0.0,0.0,-157.5,-157.5,0.0,3.287347381436396,3.287347381436396,0.0,PASS
clsdoa_v1_pilot_005_ep_000574,Replica,train,206.92705418205117,1.293651211070258,1.293651211070258,0.0,-0.3825851487321644,-0.02266250336934549,0.923642254831719,-0.3825851487321644,-0.02266250336934549,0.923642254831719,0.0,0.0,-157.5,-157.5,0.0,-1.2985769682643469,-1.2985769682643469,0.0,PASS
clsdoa_v1_pilot_005_ep_000575,Replica,train,-120.35839723648672,3.7866176263398805,3.7866176263398805,0.0,0.9157899147692746,0.1320439635948393,0.3793326029819342,0.9157899147692745,0.1320439635948393,0.3793326029819342,1.1102230246251565e-16,0.0,112.5,112.5,0.0,7.587721159735717,7.587721159735717,0.0,PASS
clsdoa_v1_pilot_005_ep_000576,Replica,train,-94.5713743518088,1.760609142389816,1.760609142389816,0.0,0.9238795325112866,0.0,-0.3826834323650897,0.9238795325112866,0.0,-0.3826834323650897,0.0,1.478779333471098e-06,67.5,67.5,0.0,0.0,0.0,0.0,PASS
clsdoa_v1_pilot_005_ep_000577,Replica,train,77.16942822389876,1.0588101975020041,1.0588101975020041,0.0,-0.38268343236508956,0.0,-0.923879532511287,-0.3826834323650896,0.0,-0.923879532511287,5.551115123125783e-17,0.0,-22.49999999999997,-22.5,2.842170943040401e-14,0.0,0.0,0.0,PASS
clsdoa_v1_pilot_005_ep_000578,Replica,train,24.4358926542086,5.631931860348773,5.631931860348773,0.0,0.9238795325112868,0.0,0.3826834323650896,0.9238795325112868,0.0,0.3826834323650897,1.1102230246251565e-16,0.0,112.5,112.5,0.0,0.0,0.0,0.0,PASS
clsdoa_v1_pilot_005_ep_000579,Replica,train,259.5901644409854,2.671106278912533,2.671106278912533,0.0,-0.3817735364337061,0.06891800908405869,0.9216828494133928,-0.3817735364337061,0.06891800908405869,0.9216828494133928,0.0,1.478779333471098e-06,-157.50000000000003,-157.50000000000003,0.0,3.9518436132044785,3.9518436132044785,0.0,PASS
clsdoa_v1_pilot_005_ep_000580,Replica,train,121.08798340944858,3.7977295349732847,3.7977295349732847,0.0,-0.9232571887896313,-0.03669858602931108,0.3824256491551223,-0.9232571887896313,-0.03669858602931108,0.3824256491551223,0.0,0.0,-112.5,-112.5,0.0,-2.103146355263823,-2.103146355263823,0.0,PASS
clsdoa_v1_pilot_005_ep_000581,Replica,train,159.84926533269805,3.208284648020208,3.208284648020208,0.0,-0.3662357168429268,-0.2900217708476507,-0.8841712346276259,-0.36623571684292683,-0.2900217708476507,-0.884171234627626,1.1102230246251565e-16,0.0,-22.5,-22.5,0.0,-16.859259415659917,-16.859259415659913,3.552713678800501e-15,PASS
clsdoa_v1_pilot_005_ep_000582,Replica,train,59.4816505963885,2.223233574094782,2.223233574094782,0.0,-0.9238220528500695,-0.011154694221757213,-0.38265962350985316,-0.9238220528500695,-0.011154694221757213,-0.3826596235098531,5.551115123125783e-17,0.0,-67.49999999999999,-67.5,0.0,-0.6391301553292357,-0.6391301553292358,1.1102230246251565e-16,PASS
clsdoa_v1_pilot_005_ep_000583,Replica,train,197.29933535809292,1.3728356578127274,1.3728356578127274,0.0,-0.9238795325112867,0.0,-0.38268343236508995,-0.9238795325112867,0.0,-0.38268343236508995,0.0,0.0,-67.49999999999999,-67.49999999999999,0.0,0.0,0.0,0.0,PASS
clsdoa_v1_pilot_005_ep_000584,Replica,train,67.2386165248322,4.530443193595072,4.530443193595072,0.0,0.3732446171904435,-0.22072895680796814,-0.9010922169039224,0.3732446171904435,-0.22072895680796814,-0.9010922169039224,0.0,0.0,22.5,22.5,0.0,-12.751851731329108,-12.751851731329108,0.0,PASS
clsdoa_v1_pilot_005_ep_000585,Replica,train,109.09720974801262,4.853347215838376,4.853347215838376,0.0,-0.9231617924169454,0.039410011712125416,0.3823861346837548,-0.9231617924169454,0.039410011712125416,0.3823861346837548,0.0,8.537736462515939e-07,-112.50000000000001,-112.50000000000001,0.0,2.2586122593938565,2.2586122593938565,0.0,PASS
clsdoa_v1_pilot_005_ep_000586,Replica,train,-63.07294581794884,1.293651211070258,1.293651211070258,0.0,0.923642254831719,-0.02266250336934549,0.3825851487321645,0.923642254831719,-0.02266250336934549,0.3825851487321645,0.0,0.0,112.5,112.5,0.0,-1.2985769682643469,-1.2985769682643469,0.0,PASS
clsdoa_v1_pilot_005_ep_000587,Replica,train,-44.81198493559715,1.9475391575000862,1.9475391575000862,0.0,0.38268343236508984,0.0,-0.9238795325112867,0.3826834323650898,0.0,-0.9238795325112866,1.1102230246251565e-16,8.537736462515939e-07,22.5,22.5,0.0,0.0,0.0,0.0,PASS
clsdoa_v1_pilot_005_ep_000588,Replica,train,-241.3432550635677,1.5696528514318266,1.5696528514318266,0.0,0.7730650783196478,-0.5475704093957311,-0.3202140400370172,0.7730650783196478,-0.5475704093957311,-0.32021404003701714,5.551115123125783e-17,0.0,67.5,67.5,0.0,-33.200492041874284,-33.200492041874284,0.0,PASS
clsdoa_v1_pilot_005_ep_000589,MP3D,train,-23.332215561887708,1.3209183415250638,1.3209183415250638,0.0,0.9160958004850824,0.12953424329920674,0.3794593049939581,0.9160958004850824,0.12953424329920674,0.3794593049939581,0.0,1.478779333471098e-06,112.5,112.5,0.0,7.4426788561420345,7.4426788561420345,0.0,PASS
clsdoa_v1_pilot_005_ep_000590,MP3D,train,-74.36178900220872,1.571684307425098,1.571684307425098,0.0,0.3826834323650898,0.0,0.9238795325112867,0.3826834323650898,0.0,0.9238795325112867,0.0,0.0,157.5,157.5,0.0,0.0,0.0,0.0,PASS
clsdoa_v1_pilot_005_ep_000591,MP3D,train,11.323942539145431,1.3131789218070509,1.3131789218070509,0.0,-0.3826834323650897,0.0,-0.9238795325112868,-0.3826834323650897,0.0,-0.9238795325112866,2.220446049250313e-16,8.537736462515939e-07,-22.5,-22.5,0.0,0.0,0.0,0.0,PASS
clsdoa_v1_pilot_005_ep_000592,MP3D,train,39.761983728134354,5.594436156758797,5.594436156758797,0.0,0.3826806230240627,0.0038317450168240097,-0.9238727501620778,0.38268062302406275,0.0038317450168240097,-0.9238727501620778,5.551115123125783e-17,1.2074182697257333e-06,22.5,22.5,0.0,0.2195433548689995,0.2195433548689995,0.0,PASS
clsdoa_v1_pilot_005_ep_000593,MP3D,train,-84.20219254222103,1.359104004312102,1.359104004312102,0.0,0.9238795325112868,0.0,-0.3826834323650897,0.9238795325112867,0.0,-0.3826834323650897,1.1102230246251565e-16,0.0,67.5,67.5,0.0,0.0,0.0,0.0,PASS
clsdoa_v1_pilot_005_ep_000594,MP3D,train,123.73964553621707,1.5949861502249953,1.5949861502249953,0.0,-0.31970376331885547,-0.549602651709622,0.771833161346099,-0.31970376331885547,-0.549602651709622,0.771833161346099,0.0,0.0,-157.5,-157.5,0.0,-33.3397574869804,-33.3397574869804,0.0,PASS
clsdoa_v1_pilot_005_ep_000595,MP3D,train,245.22823491284646,1.7968266283188015,1.7968266283188015,0.0,-0.9232369273671387,0.03729098819926737,-0.3824172565991327,-0.9232369273671387,0.03729098819926737,-0.3824172565991327,0.0,0.0,-67.50000000000001,-67.50000000000001,0.0,2.137111750596225,2.1371117505962247,4.440892098500626e-16,PASS
clsdoa_v1_pilot_005_ep_000596,MP3D,train,73.67777131670073,3.881178247135808,3.881178247135808,0.0,0.9237591679663238,-0.016141447147391522,-0.38263357573813767,0.9237591679663237,-0.016141447147391522,-0.3826335757381376,1.1102230246251565e-16,0.0,67.5,67.5,0.0,-0.9248769619584469,-0.9248769619584472,2.220446049250313e-16,PASS
clsdoa_v1_pilot_005_ep_000597,MP3D,train,-2.16347881706605,3.4608322900314006,3.4608322900314006,0.0,0.9238789098094166,0.0011610404129959169,0.3826831744335298,0.9238789098094166,0.0011610404129959169,0.3826831744335298,0.0,0.0,112.5,112.5,0.0,0.06652273045440245,0.06652273045440245,0.0,PASS
clsdoa_v1_pilot_005_ep_000598,MP3D,train,-36.1556840026046,2.9792586393053773,2.9792586393053773,0.0,0.36456696318702325,-0.3040396304208207,-0.8801425069192843,0.36456696318702325,-0.3040396304208207,-0.8801425069192843,0.0,0.0,22.5,22.5,0.0,-17.700395108627323,-17.700395108627323,0.0,PASS
clsdoa_v1_pilot_005_ep_000599,MP3D,train,-252.23475736969573,3.573050377424505,3.573050377424505,0.0,0.38265355236102333,-0.012496172625939815,0.9238073958002243,0.38265355236102333,-0.012496172625939815,0.9238073958002243,0.0,0.0,157.5,157.5,0.0,-0.7159965866856958,-0.7159965866856958,0.0,PASS
clsdoa_v1_pilot_005_ep_000600,MP3D,train,152.41997433920005,1.5562286119374296,1.5562286119374296,0.0,-0.38268343236508956,0.0,-0.9238795325112868,-0.38268343236508956,0.0,-0.9238795325112868,0.0,0.0,-22.5,-22.5,0.0,0.0,0.0,0.0,PASS
clsdoa_v1_pilot_005_ep_000601,MP3D,train,-69.37869403771593,3.78063561400619,3.78063561400619,0.0,-0.3824797234503075,-0.03262438862629847,-0.9233877356864432,-0.3824797234503075,-0.03262438862629847,-0.9233877356864432,0.0,0.0,-22.5,-22.5,0.0,-1.8695715241867257,-1.8695715241867257,0.0,PASS
clsdoa_v1_pilot_005_ep_000602,MP3D,train,17.38713091434387,2.35337173601999,2.35337173601999,0.0,0.9086567548670154,0.18078312844007444,-0.3763779514078425,0.9086567548670154,0.18078312844007444,-0.3763779514078425,0.0,0.0,67.5,67.5,0.0,10.415378135495374,10.415378135495374,0.0,PASS
clsdoa_v1_pilot_005_ep_000603,MP3D,train,-167.50549254186612,4.899716495862202,4.899716495862202,0.0,0.38240706960916626,-0.037997629354318704,-0.9232123337978009,0.38240706960916626,-0.037997629354318704,-0.9232123337978011,2.220446049250313e-16,0.0,22.5,22.5,0.0,-2.177628025120094,-2.177628025120094,0.0,PASS
clsdoa_v1_pilot_005_ep_000604,MP3D,train,114.20558036110918,2.549090204146629,2.549090204146629,0.0,0.38268326274784625,-0.0009415212354815399,-0.9238791230190375,0.3826832627478463,-0.0009415212354815399,-0.9238791230190375,5.551115123125783e-17,8.537736462515939e-07,22.5,22.5,0.0,-0.05394520108510112,-0.05394520108510112,0.0,PASS
clsdoa_v1_pilot_005_ep_000605,MP3D,train,318.4427110073765,4.4871070472444075,4.4871070472444075,0.0,-0.27667272327511705,-0.6908682615298146,0.6679470408694854,-0.27667272327511705,-0.6908682615298146,0.6679470408694854,0.0,8.537736462515939e-07,-157.5,-157.5,0.0,-43.69887864649025,-43.69887864649025,0.0,PASS
clsdoa_v1_pilot_005_ep_000606,MP3D,train,-34.202555726147224,4.363563585890599,4.363563585890599,0.0,-0.3826415415600725,0.014795942512153989,-0.9237783991616758,-0.3826415415600725,0.014795942512153989,-0.9237783991616758,0.0,0.0,-22.5,-22.5,0.0,0.8477759942915689,0.8477759942915689,0.0,PASS
clsdoa_v1_pilot_005_ep_000607,MP3D,train,-85.58918416560915,1.470255998181245,1.470255998181245,0.0,0.9238795325112868,0.0,-0.38268343236508967,0.9238795325112866,0.0,-0.38268343236508967,2.220446049250313e-16,8.537736462515939e-07,67.5,67.5,0.0,0.0,0.0,0.0,PASS
clsdoa_v1_pilot_005_ep_000608,MP3D,train,200.88287346169045,4.046194832994064,4.046194832994064,0.0,-0.9238795325112868,0.0,-0.38268343236508967,-0.9238795325112868,0.0,-0.38268343236508967,0.0,0.0,-67.50000000000001,-67.50000000000001,0.0,0.0,0.0,0.0,PASS
clsdoa_v1_pilot_005_ep_000609,MP3D,train,98.21893322142851,3.868107813322831,3.868107813322831,0.0,-0.3826130653424458,-0.019176078114722443,0.9237096514908759,-0.3826130653424458,-0.019176078114722443,0.9237096514908759,0.0,0.0,-157.5,-157.5,0.0,-1.0987756912648259,-1.0987756912648259,0.0,PASS
clsdoa_v1_pilot_005_ep_000610,MP3D,train,257.57788380354486,1.2228611992150882,1.2228611992150882,0.0,-0.9238795325112868,0.0,0.38268343236508945,-0.9238795325112868,0.0,0.38268343236508945,0.0,8.537736462515939e-07,-112.49999999999999,-112.49999999999999,0.0,0.0,0.0,0.0,PASS
clsdoa_v1_pilot_005_ep_000611,MP3D,train,30.898001391648222,1.9470030706110024,1.9470030706110024,0.0,0.9087304344288238,0.18034872024079698,0.3764084704816137,0.9087304344288238,0.18034872024079698,0.37640847048161363,5.551115123125783e-17,0.0,112.5,112.5,0.0,10.39007242598788,10.39007242598788,0.0,PASS
clsdoa_v1_pilot_005_ep_000612,MP3D,train,-30.04425594124956,3.8896773752756273,3.8896773752756273,0.0,-0.9232984820915223,-0.035460588527338445,0.38244275340080053,-0.9232984820915223,-0.035460588527338445,0.38244275340080053,0.0,8.537736462515939e-07,-112.49999999999999,-112.49999999999999,0.0,-2.0321681062627546,-2.0321681062627546,0.0,PASS
clsdoa_v1_pilot_005_ep_000613,MP3D,train,-233.65186383526918,4.933525499650912,4.933525499650912,0.0,0.9191225657557127,-0.10134740360324056,0.38071303221917324,0.9191225657557127,-0.10134740360324056,0.38071303221917324,0.0,1.2074182697257333e-06,112.5,112.5,0.0,-5.816765243547028,-5.816765243547028,0.0,PASS
clsdoa_v1_pilot_005_ep_000614,MP3D,train,6.504983723233984,3.4192554326945293,3.4192554326945293,0.0,-0.9210339843318955,0.07842519949011305,-0.3815047677168,-0.9210339843318955,0.07842519949011305,-0.3815047677168,0.0,8.537736462515939e-07,-67.5,-67.5,0.0,4.498051885848919,4.498051885848919,0.0,PASS
clsdoa_v1_pilot_005_ep_000615,MP3D,train,21.831950660286395,2.119537985204947,2.119537985204947,0.0,-0.9221336145917539,0.06144887837906275,0.3819602494840289,-0.9221336145917539,0.06144887837906275,0.3819602494840289,0.0,1.2074182697257333e-06,-112.5,-112.5,0.0,3.5229808720776927,3.5229808720776927,0.0,PASS
clsdoa_v1_pilot_005_ep_000616,MP3D,train,-117.52459157103802,1.6417488401811742,1.6417488401811742,0.0,0.38268343236509,0.0,0.9238795325112866,0.38268343236509,0.0,0.9238795325112867,1.1102230246251565e-16,0.0,157.5,157.5,0.0,0.0,0.0,0.0,PASS
clsdoa_v1_pilot_005_ep_000617,Replica,val,53.634105916586016,3.716482877170675,3.716482877170675,0.0,-0.9216861204481924,0.06886673881467985,-0.38177489134068343,-0.9216861204481924,0.06886673881467985,-0.38177489134068343,0.0,8.537736462515939e-07,-67.5,-67.5,0.0,3.9488990471537284,3.9488990471537284,0.0,PASS
clsdoa_v1_pilot_005_ep_000618,Replica,val,143.634105916586,3.716482877170675,3.716482877170675,0.0,-0.38177489134068365,0.06886673881467985,0.9216861204481924,-0.38177489134068365,0.06886673881467985,0.9216861204481924,0.0,0.0,-157.5,-157.5,0.0,3.9488990471537284,3.9488990471537284,0.0,PASS
clsdoa_v1_pilot_005_ep_000619,Replica,val,-78.3398776925788,3.0697042439514233,3.0697042439514233,0.0,-0.38262485673316704,-0.01749593027563374,-0.9237381184262744,-0.38262485673316704,-0.01749593027563374,-0.9237381184262744,0.0,0.0,-22.5,-22.5,0.0,-1.0024941130593679,-1.002494113059368,2.220446049250313e-16,PASS
clsdoa_v1_pilot_005_ep_000620,Replica,val,-158.90271600981683,4.627599162286401,4.627599162286401,0.0,0.38268343236508984,0.0,-0.9238795325112868,0.38268343236508984,0.0,-0.9238795325112868,0.0,0.0,22.5,22.5,0.0,0.0,0.0,0.0,PASS
clsdoa_v1_pilot_005_ep_000621,Replica,val,89.63747611138932,1.3552579236629543,1.3552579236629543,0.0,-0.9237291951622993,0.01803944203188209,0.38262116059620804,-0.9237291951622993,0.01803944203188209,0.38262116059620804,0.0,0.0,-112.50000000000001,-112.50000000000001,0.0,1.0336399598066217,1.0336399598066217,0.0,PASS
clsdoa_v1_pilot_005_ep_000622,Replica,val,-18.829052289013333,1.7689765237303074,1.7689765237303074,0.0,0.31567033321886734,-0.5652986269660958,0.7620955996958231,0.31567033321886734,-0.5652986269660958,0.762095599695823,1.1102230246251565e-16,0.0,157.5,157.5,0.0,-34.42303106785788,-34.42303106785788,0.0,PASS
clsdoa_v1_pilot_005_ep_000623,MP3D,val,-312.1643039333088,5.024335395178063,5.024335395178063,0.0,0.340232217710446,-0.4577719875562741,0.8213932343528343,0.340232217710446,-0.4577719875562741,0.8213932343528343,0.0,0.0,157.5,157.5,0.0,-27.243431120314646,-27.243431120314646,0.0,PASS
clsdoa_v1_pilot_005_ep_000624,MP3D,val,-237.12808298702873,3.5642928011298554,3.5642928011298554,0.0,0.907419426828231,0.18792328175356723,-0.37586543335307426,0.907419426828231,0.18792328175356723,-0.37586543335307426,0.0,0.0,67.49999999999994,67.49999999999994,0.0,10.831614038776946,10.831614038776946,0.0,PASS
clsdoa_v1_pilot_005_ep_000625,MP3D,val,128.01722132385106,1.5560355255952991,1.5560355255952991,0.0,-0.9238795325112867,0.0,-0.38268343236509006,-0.9238795325112867,0.0,-0.38268343236508995,1.1102230246251565e-16,0.0,-67.49999999999999,-67.49999999999999,0.0,0.0,0.0,0.0,PASS
clsdoa_v1_pilot_005_ep_000626,MP3D,val,36.03380002242454,1.1666274481094232,1.1666274481094232,0.0,-0.9230991815543425,0.041092312566524215,0.3823602004153126,-0.9230991815543425,0.041092312566524215,0.3823602004153126,0.0,8.537736462515939e-07,-112.5,-112.5,0.0,2.3550791870785885,2.3550791870785885,0.0,PASS
clsdoa_v1_pilot_005_ep_000627,MP3D,val,-265.5925607185588,1.505288594968727,1.505288594968727,0.0,0.9238795325112867,0.0,0.38268343236509017,0.9238795325112867,0.0,0.38268343236509017,0.0,0.0,112.5,112.5,0.0,0.0,0.0,0.0,PASS
clsdoa_v1_pilot_005_ep_000628,MP3D,val,323.5787054982676,3.043158577913322,3.043158577913322,0.0,-0.382486642286284,-0.032065714951282964,0.9234044392340918,-0.382486642286284,-0.032065714951282964,0.9234044392340918,0.0,0.0,-157.49999999999997,-157.49999999999997,0.0,-1.837545122632497,-1.837545122632497,0.0,PASS
clsdoa_v1_pilot_005_ep_000629,Replica,test,158.46821238349042,3.47768950164678,3.47768950164678,0.0,-0.36652135547927406,-0.2875472348887021,-0.8848608272974329,-0.36652135547927406,-0.2875472348887021,-0.8848608272974329,0.0,0.0,-22.50000000000003,-22.50000000000003,0.0,-16.7111693937857,-16.7111693937857,0.0,PASS
clsdoa_v1_pilot_005_ep_000630,Replica,test,-36.96478720668084,2.70494294455659,2.70494294455659,0.0,0.9238060458836733,0.012612548445201554,-0.38265299320727925,0.9238060458836732,0.012612548445201554,-0.38265299320727925,1.1102230246251565e-16,0.0,67.5,67.5,0.0,0.7226649554986113,0.7226649554986114,1.1102230246251565e-16,PASS
clsdoa_v1_pilot_005_ep_000631,Replica,test,23.79243042007991,4.928928610869383,4.928928610869383,0.0,-0.9211058540205063,-0.07742998564133316,-0.38153453711654595,-0.9211058540205063,-0.07742998564133316,-0.3815345371165459,5.551115123125783e-17,0.0,-67.5,-67.5,0.0,-4.440856399940237,-4.440856399940237,0.0,PASS
clsdoa_v1_pilot_005_ep_000632,Replica,test,27.631623968576278,1.6492672770432026,1.6492672770432026,0.0,-0.9227675813161503,-0.04904779329588348,0.3822228470993673,-0.9227675813161503,-0.04904779329588348,0.38222284709936727,5.551115123125783e-17,0.0,-112.5,-112.5,0.0,-2.811359527608632,-2.811359527608632,0.0,PASS
clsdoa_v1_pilot_005_ep_000633,Replica,test,-42.81834235841967,1.5857446753551672,1.5857446753551672,0.0,0.9207864902799882,-0.0817591660923864,0.3814022523238929,0.9207864902799882,-0.0817591660923864,0.3814022523238929,0.0,1.478779333471098e-06,112.5,112.5,0.0,-4.6896898363669015,-4.6896898363669015,0.0,PASS
clsdoa_v1_pilot_005_ep_000634,Replica,test,-66.02883100283546,1.648046535242176,1.648046535242176,0.0,0.3675992522463775,0.2779928692773577,-0.8874631002914126,0.36759925224637746,0.2779928692773577,-0.8874631002914126,5.551115123125783e-17,8.537736462515939e-07,22.5,22.5,0.0,16.140449332760788,16.140449332760788,0.0,PASS
clsdoa_v1_pilot_005_ep_000635,MP3D,test,196.40821534165264,2.797858898703001,2.797858898703001,0.0,-0.3776591294831966,0.16151129391916333,-0.9117497923523491,-0.3776591294831966,0.16151129391916333,-0.9117497923523491,0.0,8.537736462515939e-07,-22.50000000000003,-22.50000000000003,0.0,9.294628012619496,9.294628012619496,0.0,PASS
clsdoa_v1_pilot_005_ep_000636,MP3D,test,33.54537638544247,1.4697217916643592,1.4697217916643592,0.0,-0.9238792179015352,0.0008252649069876554,0.38268330204946377,-0.9238792179015352,0.0008252649069876554,0.38268330204946377,0.0,0.0,-112.5,-112.5,0.0,0.04728420151789692,0.04728420151789692,0.0,PASS
clsdoa_v1_pilot_005_ep_000637,MP3D,test,204.5221172485671,2.628418108496714,2.628418108496714,0.0,-0.922641962224727,-0.05174242449998621,-0.3821708139680068,-0.922641962224727,-0.05174242449998621,-0.3821708139680068,0.0,0.0,-67.5,-67.5,0.0,-2.9659469952726676,-2.9659469952726676,0.0,PASS
clsdoa_v1_pilot_005_ep_000638,MP3D,test,156.40724043432982,1.9529631941105337,1.9529631941105337,0.0,0.3826112241617025,-0.019425309614945808,-0.9237052064873549,0.3826112241617025,-0.019425309614945808,-0.9237052064873549,0.0,0.0,22.5,22.5,0.0,-1.1130582648833391,-1.1130582648833391,0.0,PASS
clsdoa_v1_pilot_005_ep_000639,MP3D,test,255.6190493773159,2.810014912053004,2.810014912053004,0.0,-0.3819410099517512,0.062260121670340396,0.9220871662519933,-0.3819410099517511,0.062260121670340396,0.9220871662519933,5.551115123125783e-17,0.0,-157.49999999999997,-157.49999999999997,0.0,3.5695508634043933,3.5695508634043938,4.440892098500626e-16,PASS
clsdoa_v1_pilot_005_ep_000640,MP3D,test,20.504256536972974,4.837005681785502,4.837005681785502,0.0,0.3826834323650899,0.0,0.9238795325112866,0.3826834323650899,0.0,0.9238795325112867,1.1102230246251565e-16,0.0,157.5,157.5,0.0,0.0,0.0,0.0,PASS
clsdoa_v1_pilot_005_ep_000641,Replica,train,86.35424740358107,3.5330978084609943,3.5330978084609943,0.0,-0.3820537283564879,0.05734356188123995,-0.9223592925534385,-0.3820537283564879,0.05734356188123995,-0.9223592925534385,0.0,0.0,-22.50000000000003,-22.50000000000003,0.0,3.287347381436396,3.287347381436396,0.0,PASS
clsdoa_v1_pilot_005_ep_000642,Replica,train,-278.0172602793634,1.340944304512247,1.340944304512247,0.0,0.9185623569510534,-0.10713270080897988,0.3804809861345231,0.9185623569510534,-0.10713270080897988,0.3804809861345231,0.0,8.537736462515939e-07,112.50000000000006,112.50000000000006,0.0,-6.150054544088054,-6.150054544088054,0.0,PASS
clsdoa_v1_pilot_005_ep_000643,Replica,train,266.696330310545,2.2820801895824414,2.2820801895824414,0.0,-0.9014318277430627,-0.21909834820111487,0.37338528860594455,-0.9014318277430625,-0.21909834820111487,0.37338528860594455,2.220446049250313e-16,0.0,-112.50000000000003,-112.50000000000003,0.0,-12.656080176855157,-12.65608017685516,1.7763568394002505e-15,PASS
clsdoa_v1_pilot_005_ep_000644,Replica,train,149.4816505963885,2.223233574094782,2.223233574094782,0.0,-0.38265962350985305,-0.011154694221757213,0.9238220528500695,-0.382659623509853,-0.011154694221757213,0.9238220528500695,5.551115123125783e-17,8.537736462515939e-07,-157.5,-157.5,0.0,-0.6391301553292358,-0.6391301553292358,0.0,PASS
clsdoa_v1_pilot_005_ep_000645,Replica,train,-205.69576061911522,4.8943094018024755,4.8943094018024755,0.0,0.38068124633072525,0.10215945886376944,0.9190458278327299,0.38068124633072525,0.10215945886376944,0.9190458278327299,0.0,0.0,157.5,157.5,0.0,5.863535337206451,5.863535337206451,0.0,PASS
clsdoa_v1_pilot_005_ep_000646,Replica,train,73.5745866316621,5.404156169877661,5.404156169877661,0.0,-0.9238795325112867,0.0,-0.3826834323650897,-0.9238795325112867,0.0,-0.3826834323650897,0.0,8.537736462515939e-07,-67.5,-67.5,0.0,0.0,0.0,0.0,PASS
clsdoa_v1_pilot_005_ep_000647,Replica,train,-108.07294581794883,1.293651211070258,1.293651211070258,0.0,0.38258514873216454,-0.02266250336934549,0.9236422548317188,0.38258514873216454,-0.02266250336934549,0.9236422548317188,0.0,1.2074182697257333e-06,157.5,157.5,0.0,-1.298576968264347,-1.298576968264347,0.0,PASS
clsdoa_v1_pilot_005_ep_000648,Replica,train,-111.1556712603682,1.4303960722646931,1.4303960722646931,0.0,0.3585423811966033,0.34955353254596716,0.8655978793703837,0.3585423811966033,0.34955353254596716,0.8655978793703837,0.0,0.0,157.5,157.5,0.0,20.46000960877609,20.46000960877609,0.0,PASS
clsdoa_v1_pilot_005_ep_000649,Replica,train,239.34969816778772,1.709545041371046,1.709545041371046,0.0,-0.9210046145940726,-0.07882825782070102,-0.38149260237306964,-0.9210046145940726,-0.07882825782070102,-0.3814926023730697,5.551115123125783e-17,0.0,-67.50000000000004,-67.50000000000004,0.0,-4.521217143956865,-4.521217143956865,0.0,PASS
clsdoa_v1_pilot_005_ep_000650,Replica,train,-89.81198493559715,1.9475391575000862,1.9475391575000862,0.0,0.9238795325112867,0.0,-0.3826834323650899,0.9238795325112867,0.0,-0.3826834323650899,0.0,0.0,67.5,67.5,0.0,0.0,0.0,0.0,PASS
clsdoa_v1_pilot_005_ep_000651,Replica,train,-112.15701154726382,2.2565678985085893,2.2565678985085893,0.0,0.3814664841315067,0.07968666965524807,-0.9209415595810639,0.3814664841315067,0.07968666965524807,-0.9209415595810639,0.0,0.0,22.5,22.5,0.0,4.570555731066136,4.570555731066135,8.881784197001252e-16,PASS
clsdoa_v1_pilot_005_ep_000652,Replica,train,-38.17843448274802,5.087222182256997,5.087222182256997,0.0,0.9238795325112866,0.0,0.38268343236508984,0.9238795325112866,0.0,0.38268343236508984,0.0,1.2074182697257333e-06,112.5,112.5,0.0,0.0,0.0,0.0,PASS
clsdoa_v1_pilot_005_ep_000653,Replica,train,-106.74310474551771,2.7699913046516267,2.7699913046516267,0.0,0.9159054328307243,0.13110190941797373,0.37938045212968574,0.9159054328307243,0.13110190941797373,0.37938045212968574,0.0,8.537736462515939e-07,112.5,112.5,0.0,7.533272075678038,7.533272075678038,0.0,PASS
clsdoa_v1_pilot_005_ep_000654,Replica,train,75.65916715289573,1.3959539064642936,1.3959539064642936,0.0,-0.38268343236508984,0.0,0.9238795325112865,-0.38268343236508984,0.0,0.9238795325112865,0.0,1.478779333471098e-06,-157.5,-157.5,0.0,0.0,0.0,0.0,PASS
clsdoa_v1_pilot_005_ep_000655,Replica,train,285.80066541557596,5.0433713894128465,5.0433713894128465,0.0,-0.9193280324226081,-0.09914003181475207,0.3807981392992169,-0.9193280324226081,-0.09914003181475207,0.38079813929921685,5.551115123125783e-17,1.2074182697257333e-06,-112.50000000000001,-112.50000000000001,0.0,-5.68965184821639,-5.68965184821639,0.0,PASS
clsdoa_v1_pilot_005_ep_000656,Replica,train,26.927054182051158,1.293651211070258,1.293651211070258,0.0,0.3825851487321645,-0.02266250336934549,-0.923642254831719,0.3825851487321645,-0.02266250336934549,-0.923642254831719,0.0,0.0,22.5,22.5,0.0,-1.2985769682643469,-1.2985769682643469,0.0,PASS
clsdoa_v1_pilot_005_ep_000657,Replica,train,124.59016444098538,2.671106278912533,2.671106278912533,0.0,-0.38177353643370643,0.06891800908405869,-0.9216828494133928,-0.38177353643370643,0.06891800908405869,-0.9216828494133928,0.0,0.0,-22.5,-22.5,0.0,3.951843613204478,3.951843613204478,0.0,PASS
clsdoa_v1_pilot_005_ep_000658,Replica,train,99.11131495899627,4.51256018721931,4.51256018721931,0.0,0.9228960568941044,0.046128944283276664,-0.38227606342618975,0.9228960568941044,0.046128944283276664,-0.38227606342618975,0.0,1.2074182697257333e-06,67.5,67.5,0.0,2.6439320482281365,2.6439320482281365,0.0,PASS
clsdoa_v1_pilot_005_ep_000659,Replica,train,222.89972309129928,1.2462627838248732,1.2462627838248732,0.0,-0.38268343236509,0.0,0.9238795325112866,-0.38268343236509,0.0,0.9238795325112866,0.0,8.537736462515939e-07,-157.5,-157.5,0.0,0.0,0.0,0.0,PASS
clsdoa_v1_pilot_005_ep_000660,Replica,train,121.08798340944858,3.7977295349732847,3.7977295349732847,0.0,-0.9232571887896313,-0.03669858602931108,0.3824256491551223,-0.9232571887896313,-0.03669858602931108,0.3824256491551223,0.0,0.0,-112.5,-112.5,0.0,-2.103146355263823,-2.103146355263823,0.0,PASS
clsdoa_v1_pilot_005_ep_000661,Replica,train,-30.518349403611502,2.223233574094782,2.223233574094782,0.0,0.38265962350985294,-0.011154694221757213,-0.9238220528500695,0.38265962350985294,-0.011154694221757213,-0.9238220528500695,0.0,8.537736462515939e-07,22.5,22.5,0.0,-0.6391301553292358,-0.6391301553292358,0.0,PASS
clsdoa_v1_pilot_005_ep_000662,Replica,train,40.42862564819121,1.760609142389816,1.760609142389816,0.0,-0.9238795325112867,0.0,-0.3826834323650897,-0.9238795325112866,0.0,-0.3826834323650898,1.1102230246251565e-16,8.537736462515939e-07,-67.5,-67.5,0.0,0.0,0.0,0.0,PASS
clsdoa_v1_pilot_005_ep_000663,Replica,train,240.96547661309253,5.462848165229521,5.462848165229521,0.0,-0.9200016064991872,0.09152734706822893,0.3810771428169984,-0.9200016064991872,0.09152734706822893,0.3810771428169984,0.0,0.0,-112.49999999999999,-112.49999999999999,0.0,5.251480340897453,5.251480340897453,0.0,PASS
clsdoa_v1_pilot_005_ep_000664,Replica,train,-157.15701154726383,2.2565678985085893,2.2565678985085893,0.0,0.9209415595810642,0.07968666965524807,-0.38146648413150624,0.9209415595810642,0.07968666965524807,-0.38146648413150624,0.0,0.0,67.5,67.5,0.0,4.570555731066135,4.570555731066135,0.0,PASS
clsdoa_v1_pilot_005_ep_000665,Replica,train,97.9931462494296,1.46060173430602,1.46060173430602,0.0,-0.38268343236508967,0.0,-0.923879532511287,-0.38268343236508967,0.0,-0.923879532511287,0.0,0.0,-22.5,-22.5,0.0,0.0,0.0,0.0,PASS
clsdoa_v1_pilot_005_ep_000666,Replica,train,221.35424740358107,3.5330978084609943,3.5330978084609943,0.0,-0.38205372835648754,0.05734356188123995,0.9223592925534386,-0.38205372835648754,0.05734356188123995,0.9223592925534386,0.0,0.0,-157.5,-157.5,0.0,3.287347381436396,3.287347381436396,0.0,PASS
clsdoa_v1_pilot_005_ep_000667,Replica,train,169.59016444098538,2.671106278912533,2.671106278912533,0.0,-0.9216828494133928,0.06891800908405869,-0.38177353643370643,-0.9216828494133928,0.06891800908405869,-0.38177353643370643,0.0,0.0,-67.5,-67.5,0.0,3.951843613204478,3.951843613204478,0.0,PASS
clsdoa_v1_pilot_005_ep_000668,Replica,train,134.0808860512197,1.8883278379153503,1.8883278379153503,0.0,-0.3826834323650902,0.0,-0.9238795325112866,-0.38268343236509034,0.0,-0.9238795325112866,1.1102230246251565e-16,0.0,-22.50000000000003,-22.50000000000003,0.0,0.0,0.0,0.0,PASS
clsdoa_v1_pilot_005_ep_000669,MP3D,train,-26.34577312683099,1.0055632240453367,1.0055632240453367,0.0,-0.38268343236508984,0.0,-0.9238795325112868,-0.38268343236508984,0.0,-0.9238795325112868,0.0,0.0,-22.5,-22.5,0.0,0.0,0.0,0.0,PASS
clsdoa_v1_pilot_005_ep_000670,MP3D,train,24.35702143295226,1.5823607951829386,1.5823607951829386,0.0,0.37293812318722447,-0.2242385723102751,-0.9003522749245655,0.3729381231872244,-0.2242385723102751,-0.9003522749245655,5.551115123125783e-17,0.0,22.5,22.5,0.0,-12.958107526624966,-12.958107526624966,0.0,PASS
clsdoa_v1_pilot_005_ep_000671,MP3D,train,-228.39671213399777,1.1984591813234553,1.1984591813234553,0.0,0.9238795325112865,0.0,0.3826834323650901,0.9238795325112865,0.0,0.3826834323650901,0.0,1.2074182697257333e-06,112.5,112.5,0.0,0.0,0.0,0.0,PASS
clsdoa_v1_pilot_005_ep_000672,MP3D,train,-174.08297372765784,4.516975055675337,4.516975055675337,0.0,0.9237435949634846,-0.01715382853537877,0.38262712518915426,0.9237435949634846,-0.01715382853537877,0.3826271251891542,5.551115123125783e-17,0.0,112.5,112.5,0.0,-0.9828901847884673,-0.9828901847884673,0.0,PASS
clsdoa_v1_pilot_005_ep_000673,MP3D,train,-38.990923796381885,4.52285272156581,4.52285272156581,0.0,-0.38184067039718966,-0.06632975521560766,-0.9218449251385302,-0.38184067039718966,-0.06632975521560766,-0.9218449251385302,0.0,0.0,-22.5,-22.5,0.0,-3.8032073025070754,-3.8032073025070754,0.0,PASS
clsdoa_v1_pilot_005_ep_000674,MP3D,train,-105.15890596218682,1.4668681240639876,1.4668681240639876,0.0,-0.9238741271615208,0.003420728375956311,-0.38268119339590745,-0.9238741271615208,0.003420728375956311,-0.38268119339590745,0.0,0.0,-67.5,-67.5,0.0,0.19599368103704642,0.19599368103704642,0.0,PASS
clsdoa_v1_pilot_005_ep_000675,MP3D,train,117.72099290400377,1.8427425956851264,1.8427425956851264,0.0,-0.9211313207008235,0.07707423405813092,-0.38154508576092183,-0.9211313207008235,0.07707423405813092,-0.38154508576092183,0.0,0.0,-67.50000000000001,-67.50000000000001,0.0,4.4204122400352,4.4204122400352,0.0,PASS
clsdoa_v1_pilot_005_ep_000676,MP3D,train,0.8048514063867174,2.356724613478863,2.356724613478863,0.0,0.9224018497752214,0.05653588552828724,-0.38207135613492693,0.9224018497752214,0.05653588552828724,-0.38207135613492693,0.0,0.0,67.5,67.5,0.0,3.2409957338407076,3.2409957338407076,0.0,PASS
clsdoa_v1_pilot_005_ep_000677,MP3D,train,155.0235481065496,3.1655444685820697,3.1655444685820697,0.0,-0.38211343865549935,0.05455925382230775,-0.9225034459671265,-0.38211343865549935,0.05455925382230775,-0.9225034459671265,0.0,0.0,-22.5,-22.5,0.0,3.1275679329928514,3.1275679329928514,0.0,PASS
clsdoa_v1_pilot_005_ep_000678,MP3D,train,51.32966188063432,1.0630826236771074,1.0630826236771074,0.0,0.9238795325112867,0.0,-0.3826834323650899,0.9238795325112867,0.0,-0.3826834323650899,0.0,0.0,67.5,67.5,0.0,0.0,0.0,0.0,PASS
clsdoa_v1_pilot_005_ep_000679,MP3D,train,-327.2915104612837,1.4154616748891848,1.4154616748891848,0.0,0.38268343236508956,0.0,0.923879532511287,0.38268343236508956,0.0,0.923879532511287,0.0,0.0,157.5,157.5,0.0,0.0,0.0,0.0,PASS
clsdoa_v1_pilot_005_ep_000680,MP3D,train,-154.78562676798407,4.766918744661528,4.766918744661528,0.0,0.9238795325112868,0.0,0.3826834323650898,0.9238795325112868,0.0,0.3826834323650898,0.0,0.0,112.5,112.5,0.0,0.0,0.0,0.0,PASS
clsdoa_v1_pilot_005_ep_000681,MP3D,train,242.21788721810395,5.298217805530937,5.298217805530937,0.0,-0.9197563178995682,0.0943713562470078,-0.3809755409523408,-0.9197563178995682,0.0943713562470078,-0.3809755409523408,0.0,0.0,-67.50000000000001,-67.50000000000001,0.0,5.415138623769312,5.415138623769312,0.0,PASS
clsdoa_v1_pilot_005_ep_000682,MP3D,train,-134.81945332853397,2.6819773377042093,2.6819773377042093,0.0,0.37856277786790105,0.14635447702720278,-0.9139313925383197,0.37856277786790105,0.14635447702720278,-0.9139313925383195,2.220446049250313e-16,1.2074182697257333e-06,22.5,22.5,0.0,8.415721825192271,8.415721825192273,1.7763568394002505e-15,PASS
clsdoa_v1_pilot_005_ep_000683,MP3D,train,-252.6170434593588,1.9923636889480076,1.9923636889480076,0.0,0.38268343236508956,0.0,0.923879532511287,0.38268343236508956,0.0,0.923879532511287,0.0,0.0,157.5,157.5,0.0,0.0,0.0,0.0,PASS
clsdoa_v1_pilot_005_ep_000684,MP3D,train,-133.53517386309244,3.2271384912858325,3.2271384912858325,0.0,0.9091691231242878,-0.17773953109587462,0.37659018128893434,0.9091691231242878,-0.17773953109587462,0.37659018128893434,0.0,0.0,112.5,112.5,0.0,-10.238121483366166,-10.238121483366166,0.0,PASS
clsdoa_v1_pilot_005_ep_000685,MP3D,train,164.1645985812588,3.3861009842766214,3.3861009842766214,0.0,-0.3822470639596398,0.047741710685444305,0.9228260459886589,-0.3822470639596398,0.047741710685444305,0.9228260459886589,0.0,0.0,-157.50000000000003,-157.50000000000003,0.0,2.736438715316422,2.736438715316422,0.0,PASS
clsdoa_v1_pilot_005_ep_000686,MP3D,train,200.93515439128936,5.503567130140265,5.503567130140265,0.0,-0.38268343236509006,0.0,0.9238795325112867,-0.38268343236509,0.0,0.9238795325112867,5.551115123125783e-17,0.0,-157.5,-157.5,0.0,0.0,0.0,0.0,PASS
clsdoa_v1_pilot_005_ep_000687,MP3D,train,272.2739873297278,1.9375048373676569,1.9375048373676569,0.0,-0.9238773457379086,0.0021757498235708125,0.38268252657389795,-0.9238773457379086,0.0021757498235708125,0.38268252657389795,0.0,8.537736462515939e-07,-112.49999999999996,-112.49999999999996,0.0,0.12466138052256054,0.12466138052256054,0.0,PASS
clsdoa_v1_pilot_005_ep_000688,MP3D,train,-195.8697558154154,3.527580900860227,3.527580900860227,0.0,0.3819047833550451,-0.06375951537092625,0.9219997075109084,0.3819047833550451,-0.06375951537092625,0.9219997075109084,0.0,0.0,157.5,157.5,0.0,-3.6556308513841893,-3.6556308513841893,0.0,PASS
clsdoa_v1_pilot_005_ep_000689,MP3D,train,108.1195143509863,2.2894053757419326,2.2894053757419326,0.0,-0.9175425699692364,-0.11692352498850386,0.3800585765359224,-0.9175425699692364,-0.11692352498850386,0.3800585765359224,0.0,0.0,-112.50000000000001,-112.50000000000001,0.0,-6.714583491630302,-6.714583491630302,0.0,PASS
clsdoa_v1_pilot_005_ep_000690,MP3D,train,-11.473193168045896,2.898832612337459,2.898832612337459,0.0,0.38239067182956415,0.039108247689660244,0.9231727460558932,0.38239067182956415,0.039108247689660244,0.9231727460558932,0.0,8.537736462515939e-07,157.5,157.5,0.0,2.2413091148007087,2.2413091148007087,0.0,PASS
clsdoa_v1_pilot_005_ep_000691,MP3D,train,-124.21154588038951,5.463433363914276,5.463433363914276,0.0,0.3826834323650897,0.0,-0.9238795325112867,0.3826834323650897,0.0,-0.9238795325112867,0.0,8.537736462515939e-07,22.5,22.5,0.0,0.0,0.0,0.0,PASS
clsdoa_v1_pilot_005_ep_000692,MP3D,train,-151.59744190977602,3.8452673699532407,3.8452673699532407,0.0,0.9106483967054718,0.16863409318772116,-0.37720291646872073,0.9106483967054718,0.16863409318772116,-0.37720291646872073,0.0,0.0,67.5,67.5,0.0,9.70841184407898,9.70841184407898,0.0,PASS
clsdoa_v1_pilot_005_ep_000693,MP3D,train,-131.65426577379196,2.021404583465873,2.021404583465873,0.0,0.92199266710756,-0.06387867943777309,-0.3819018671244939,0.92199266710756,-0.06387867943777309,-0.3819018671244939,0.0,0.0,67.5,67.5,0.0,-3.6624723960891186,-3.6624723960891186,0.0,PASS
clsdoa_v1_pilot_005_ep_000694,MP3D,train,71.2311642139877,3.978875597911416,3.978875597911416,0.0,0.38236596675304685,-0.04072428079457962,-0.923113102725106,0.38236596675304685,-0.04072428079457962,-0.923113102725106,0.0,0.0,22.5,22.5,0.0,-2.33397485337306,-2.33397485337306,0.0,PASS
clsdoa_v1_pilot_005_ep_000695,MP3D,train,44.79022597649387,1.4143804058783485,1.4143804058783485,0.0,-0.8437787164848896,0.40728862071902977,0.3495045880098039,-0.8437787164848897,0.40728862071902977,0.3495045880098039,1.1102230246251565e-16,0.0,-112.5,-112.5,0.0,24.03462361512619,24.034623615126186,3.552713678800501e-15,PASS
clsdoa_v1_pilot_005_ep_000696,MP3D,train,211.798815970146,1.5755847532444718,1.5755847532444718,0.0,-0.38267150833797386,0.007894111603194968,0.9238507453633061,-0.3826715083379739,0.007894111603194968,0.9238507453633061,5.551115123125783e-17,0.0,-157.50000000000003,-157.50000000000003,0.0,0.452303975655596,0.45230397565559594,5.551115123125783e-17,PASS
clsdoa_v1_pilot_005_ep_000697,Replica,val,37.944143535238126,1.6864843453711003,1.6864843453711003,0.0,-0.3748359191176871,-0.2014759601157695,0.9049339595985044,-0.3748359191176871,-0.2014759601157695,0.9049339595985044,0.0,0.0,-157.5,-157.5,0.0,-11.623282442958809,-11.623282442958809,0.0,PASS
clsdoa_v1_pilot_005_ep_000698,Replica,val,135.9525780022871,3.7587197360604603,3.7587197360604603,0.0,0.31331681896080776,-0.5741697177240096,-0.7564137136547774,0.3133168189608077,-0.5741697177240096,-0.7564137136547773,1.1102230246251565e-16,8.537736462515939e-07,22.5,22.5,0.0,-35.041507734378115,-35.041507734378115,0.0,PASS
clsdoa_v1_pilot_005_ep_000699,Replica,val,100.2177610734742,1.1383009705753113,1.1383009705753113,0.0,-0.38268343236508995,0.0,-0.9238795325112866,-0.38268343236508995,0.0,-0.9238795325112866,0.0,8.537736462515939e-07,-22.5,-22.5,0.0,0.0,0.0,0.0,PASS
clsdoa_v1_pilot_005_ep_000700,Replica,val,53.634105916586016,3.716482877170675,3.716482877170675,0.0,-0.9216861204481924,0.06886673881467985,-0.38177489134068343,-0.9216861204481924,0.06886673881467985,-0.38177489134068343,0.0,8.537736462515939e-07,-67.5,-67.5,0.0,3.9488990471537284,3.9488990471537284,0.0,PASS
clsdoa_v1_pilot_005_ep_000701,Replica,val,-45.430211694263235,5.453102776113184,5.453102776113184,0.0,0.9238795325112866,0.0,-0.38268343236508984,0.9238795325112866,0.0,-0.38268343236508984,0.0,1.2074182697257333e-06,67.5,67.5,0.0,0.0,0.0,0.0,PASS
clsdoa_v1_pilot_005_ep_000702,Replica,val,89.63747611138932,1.3552579236629543,1.3552579236629543,0.0,-0.9237291951622993,0.01803944203188209,0.38262116059620804,-0.9237291951622993,0.01803944203188209,0.38262116059620804,0.0,0.0,-112.50000000000001,-112.50000000000001,0.0,1.0336399598066217,1.0336399598066217,0.0,PASS
clsdoa_v1_pilot_005_ep_000703,MP3D,val,-116.2526482609598,2.002371532966784,2.002371532966784,0.0,-0.38144032705406233,-0.08053713057364653,-0.9208784108099468,-0.38144032705406233,-0.08053713057364653,-0.9208784108099468,0.0,1.2074182697257333e-06,-22.5,-22.5,0.0,-4.6194406760916005,-4.619440676091601,8.881784197001252e-16,PASS
clsdoa_v1_pilot_005_ep_000704,MP3D,val,-62.54719662595258,1.4481447525964952,1.4481447525964952,0.0,-0.9234603325072411,-0.030120952019670418,-0.38250979403806723,-0.923460332507241,-0.030120952019670418,-0.38250979403806723,1.1102230246251565e-16,0.0,-67.5,-67.5,0.0,-1.7260644943601957,-1.7260644943601957,0.0,PASS
clsdoa_v1_pilot_005_ep_000705,MP3D,val,-91.05095948235773,5.870227922162818,5.870227922162818,0.0,0.9238795325112868,0.0,0.38268343236508984,0.9238795325112868,0.0,0.38268343236508984,0.0,0.0,112.5,112.5,0.0,0.0,0.0,0.0,PASS
clsdoa_v1_pilot_005_ep_000706,MP3D,val,10.247988281289409,1.991060207954639,1.991060207954639,0.0,-0.9238795325112867,0.0,0.38268343236508984,-0.9238795325112867,0.0,0.38268343236508984,0.0,0.0,-112.50000000000001,-112.50000000000001,0.0,0.0,0.0,0.0,PASS
clsdoa_v1_pilot_005_ep_000707,MP3D,val,207.1293305656094,2.5767445644918476,2.576744564491847,4.440892098500626e-16,-0.3814790463186915,0.07927496369355212,0.9209718873837396,-0.38147904631869156,0.07927496369355214,0.9209718873837397,1.1102230246251565e-16,0.0,-157.50000000000003,-157.50000000000003,0.0,4.546891853745546,4.546891853745546,0.0,PASS
clsdoa_v1_pilot_005_ep_000708,MP3D,val,-140.24255687904704,3.7208004781923214,3.7208004781923214,0.0,0.3806755566272865,-0.1023041302230514,0.9190320916735228,0.3806755566272866,-0.1023041302230514,0.919032091673523,1.1102230246251565e-16,0.0,157.5,157.5,0.0,-5.871868053916035,-5.871868053916034,8.881784197001252e-16,PASS
clsdoa_v1_pilot_005_ep_000709,Replica,test,-1.7415638196449095,1.2852774923972894,1.2852774923972894,0.0,-0.3826834323650898,0.0,-0.9238795325112867,-0.3826834323650898,0.0,-0.9238795325112866,1.1102230246251565e-16,8.537736462515939e-07,-22.5,-22.5,0.0,0.0,0.0,0.0,PASS
clsdoa_v1_pilot_005_ep_000710,Replica,test,108.37174624167702,1.3248392583547082,1.3248392583547082,0.0,0.9231830408345769,-0.03882249330103352,-0.38239493606651626,0.9231830408345769,-0.03882249330103352,-0.38239493606651626,0.0,8.537736462515939e-07,67.50000000000003,67.50000000000003,0.0,-2.2249241509278996,-2.2249241509278996,0.0,PASS
clsdoa_v1_pilot_005_ep_000711,Replica,test,8.035212793319157,2.70494294455659,2.70494294455659,0.0,0.38265299320727925,0.012612548445201554,-0.9238060458836733,0.38265299320727925,0.012612548445201554,-0.9238060458836732,1.1102230246251565e-16,0.0,22.5,22.5,0.0,0.7226649554986113,0.7226649554986114,1.1102230246251565e-16,PASS
clsdoa_v1_pilot_005_ep_000712,Replica,test,131.78542617281727,3.7799629516911613,3.7799629516911613,0.0,-0.9238795325112866,0.0,-0.38268343236508995,-0.9238795325112866,0.0,-0.38268343236508995,0.0,8.537736462515939e-07,-67.49999999999999,-67.49999999999999,0.0,0.0,0.0,0.0,PASS
clsdoa_v1_pilot_005_ep_000713,Replica,test,-32.62515996244997,4.835386591807888,4.835386591807888,0.0,0.38239965068218906,-0.038504086026843416,0.923194422923675,0.38239965068218906,-0.038504086026843416,0.923194422923675,0.0,0.0,157.5,157.5,0.0,-2.2066671069988413,-2.2066671069988413,0.0,PASS
clsdoa_v1_pilot_005_ep_000714,Replica,test,-204.753161750627,3.9212186467568184,3.9212186467568184,0.0,0.9163380033055095,-0.12751137976290675,0.3795596286870241,0.9163380033055095,-0.12751137976290675,0.3795596286870241,0.0,1.2074182697257333e-06,112.5,112.5,0.0,-7.325808029851576,-7.325808029851576,0.0,PASS
clsdoa_v1_pilot_005_ep_000715,MP3D,test,-14.444642138177016,1.069298855988421,1.069298855988421,0.0,-0.20630155196919395,-0.8422469268775874,0.49805600470264577,-0.20630155196919392,-0.8422469268775874,0.49805600470264577,2.7755575615628914e-17,0.0,-157.5,-157.5,0.0,-57.378155713374476,-57.378155713374476,0.0,PASS
clsdoa_v1_pilot_005_ep_000716,MP3D,test,-94.71785221950884,2.650827819329359,2.650827819329359,0.0,-0.8753172034279175,-0.3199438268998406,-0.36256825703833273,-0.8753172034279177,-0.3199438268998406,-0.36256825703833273,2.220446049250313e-16,0.0,-67.50000000000001,-67.50000000000001,0.0,-18.659527809004565,-18.65952780900456,3.552713678800501e-15,PASS
clsdoa_v1_pilot_005_ep_000717,MP3D,test,-220.81426589998262,4.903347159246467,4.903347159246467,0.0,0.9236262268525387,-0.02341531477732815,-0.38257850972580987,0.9236262268525387,-0.02341531477732815,-0.3825785097258099,5.551115123125783e-17,0.0,67.50000000000006,67.50000000000006,0.0,-1.3417213375801906,-1.3417213375801906,0.0,PASS
clsdoa_v1_pilot_005_ep_000718,MP3D,test,162.09315721830086,3.897564913352638,3.897564913352638,0.0,-0.3821774978979695,-0.05140421266039,-0.9226580986590932,-0.38217749789796956,-0.05140421266039,-0.9226580986590932,5.551115123125783e-17,0.0,-22.5,-22.5,0.0,-2.9465430616458432,-2.9465430616458432,0.0,PASS
clsdoa_v1_pilot_005_ep_000719,MP3D,test,66.08306168190164,1.651076657078997,1.651076657078997,0.0,-0.9216000696101023,0.0702029792445087,0.38173924791649283,-0.9216000696101024,0.0702029792445087,0.38173924791649283,1.1102230246251565e-16,0.0,-112.5,-112.5,0.0,4.025645753693842,4.025645753693842,0.0,PASS
clsdoa_v1_pilot_005_ep_000720,MP3D,test,-1.6441887280876273,1.082135071483013,1.082135071483013,0.0,0.3826834323650898,0.0,-0.9238795325112868,0.3826834323650898,0.0,-0.9238795325112867,1.1102230246251565e-16,0.0,22.5,22.5,0.0,0.0,0.0,0.0,PASS
clsdoa_v1_pilot_005_ep_000721,Replica,train,121.08798340944858,3.7977295349732847,3.7977295349732847,0.0,-0.9232571887896313,-0.03669858602931108,0.3824256491551223,-0.9232571887896313,-0.03669858602931108,0.3824256491551223,0.0,0.0,-112.5,-112.5,0.0,-2.103146355263823,-2.103146355263823,0.0,PASS
clsdoa_v1_pilot_005_ep_000722,Replica,train,59.4816505963885,2.223233574094782,2.223233574094782,0.0,-0.9238220528500695,-0.011154694221757213,-0.38265962350985316,-0.9238220528500695,-0.011154694221757213,-0.3826596235098531,5.551115123125783e-17,0.0,-67.49999999999999,-67.5,0.0,-0.6391301553292357,-0.6391301553292358,1.1102230246251565e-16,PASS
clsdoa_v1_pilot_005_ep_000723,Replica,train,-87.50758774926143,4.55940115168502,4.55940115168502,0.0,0.9129261577606552,0.15352893432974213,0.3781463959896231,0.9129261577606552,0.15352893432974213,0.3781463959896231,0.0,1.2074182697257333e-06,112.5,112.5,0.0,8.831489230457622,8.831489230457622,0.0,PASS
clsdoa_v1_pilot_005_ep_000724,Replica,train,59.333925280965225,5.786119648552452,5.786119648552452,0.0,-0.9204236133633392,-0.0864136987082678,0.38125194378354493,-0.9204236133633392,-0.0864136987082678,0.38125194378354493,0.0,0.0,-112.5,-112.5,0.0,-4.957322990754195,-4.957322990754195,0.0,PASS
clsdoa_v1_pilot_005_ep_000725,Replica,train,67.84298845273618,2.2565678985085893,2.2565678985085893,0.0,-0.3814664841315066,0.07968666965524807,0.9209415595810639,-0.3814664841315066,0.07968666965524807,0.9209415595810639,0.0,8.537736462515939e-07,-157.5,-157.5,0.0,4.570555731066136,4.570555731066136,0.0,PASS
clsdoa_v1_pilot_005_ep_000726,Replica,train,-18.072945817948842,1.293651211070258,1.293651211070258,0.0,0.923642254831719,-0.02266250336934549,-0.38258514873216437,0.923642254831719,-0.02266250336934549,-0.38258514873216437,0.0,0.0,67.5,67.5,0.0,-1.2985769682643469,-1.2985769682643469,0.0,PASS
clsdoa_v1_pilot_005_ep_000727,Replica,train,-48.64575259641894,3.5330978084609943,3.5330978084609943,0.0,0.9223592925534385,0.05734356188123995,0.3820537283564874,0.9223592925534385,0.05734356188123995,0.3820537283564874,0.0,1.2074182697257333e-06,112.5,112.5,0.0,3.2873473814363967,3.2873473814363967,0.0,PASS
clsdoa_v1_pilot_005_ep_000728,Replica,train,222.0130894535802,1.7424784390098957,1.7424784390098957,0.0,-0.9238795325112868,0.0,-0.38268343236508945,-0.9238795325112867,0.0,-0.3826834323650895,1.1102230246251565e-16,8.537736462515939e-07,-67.50000000000003,-67.50000000000001,0.0,0.0,0.0,0.0,PASS
clsdoa_v1_pilot_005_ep_000729,Replica,train,98.74522378424496,1.6287722398281215,1.6287722398281215,0.0,0.9238795325112867,0.0,-0.38268343236508995,0.9238795325112867,0.0,-0.38268343236508995,0.0,0.0,67.5,67.5,0.0,0.0,0.0,0.0,PASS
clsdoa_v1_pilot_005_ep_000730,Replica,train,124.59016444098538,2.671106278912533,2.671106278912533,0.0,-0.38177353643370643,0.06891800908405869,-0.9216828494133928,-0.38177353643370643,0.06891800908405869,-0.9216828494133928,0.0,0.0,-22.5,-22.5,0.0,3.951843613204478,3.951843613204478,0.0,PASS
clsdoa_v1_pilot_005_ep_000731,Replica,train,-153.25990884015673,1.3108890248325253,1.3108890248325253,0.0,-0.3826834323650898,0.0,-0.9238795325112867,-0.3826834323650898,0.0,-0.9238795325112867,0.0,0.0,-22.5,-22.5,0.0,0.0,0.0,0.0,PASS
clsdoa_v1_pilot_005_ep_000732,Replica,train,-233.0172602793634,1.340944304512247,1.340944304512247,0.0,0.9185623569510535,-0.10713270080897988,-0.3804809861345226,0.9185623569510535,-0.10713270080897988,-0.3804809861345226,0.0,1.2074182697257333e-06,67.5,67.5,0.0,-6.150054544088054,-6.150054544088054,0.0,PASS
clsdoa_v1_pilot_005_ep_000733,Replica,train,204.84926533269805,3.208284648020208,3.208284648020208,0.0,-0.884171234627626,-0.2900217708476507,-0.36623571684292655,-0.884171234627626,-0.2900217708476507,-0.36623571684292655,0.0,0.0,-67.50000000000001,-67.50000000000001,0.0,-16.859259415659917,-16.859259415659917,0.0,PASS
clsdoa_v1_pilot_005_ep_000734,Replica,train,-120.5183494036115,2.223233574094782,2.223233574094782,0.0,0.9238220528500697,-0.011154694221757213,0.38265962350985283,0.9238220528500697,-0.011154694221757213,0.38265962350985283,0.0,0.0,112.5,112.5,0.0,-0.6391301553292357,-0.6391301553292357,0.0,PASS
clsdoa_v1_pilot_005_ep_000735,Replica,train,-257.823347980584,1.4014168354647927,1.4014168354647927,0.0,0.3820998765610959,-0.05520402404796274,0.9224707041748844,0.3820998765610959,-0.05520402404796274,0.9224707041748844,0.0,8.537736462515939e-07,157.5,157.5,0.0,-3.1645663077930823,-3.1645663077930823,0.0,PASS
clsdoa_v1_pilot_005_ep_000736,Replica,train,116.92705418205117,1.293651211070258,1.293651211070258,0.0,-0.923642254831719,-0.02266250336934549,-0.3825851487321644,-0.923642254831719,-0.02266250336934549,-0.3825851487321644,0.0,0.0,-67.5,-67.5,0.0,-1.2985769682643469,-1.2985769682643469,0.0,PASS
clsdoa_v1_pilot_005_ep_000737,Replica,train,224.13321062637672,1.6441243444549354,1.6441243444549354,0.0,-0.9238795325112867,0.0,0.38268343236509,-0.9238795325112867,0.0,0.38268343236509,0.0,0.0,-112.50000000000001,-112.50000000000001,0.0,0.0,0.0,0.0,PASS
clsdoa_v1_pilot_005_ep_000738,Replica,train,46.41350950563199,1.7127310248376144,1.7127310248376144,0.0,0.38268343236508995,0.0,-0.9238795325112867,0.38268343236508984,0.0,-0.9238795325112867,1.1102230246251565e-16,0.0,22.5,22.5,0.0,0.0,0.0,0.0,PASS
clsdoa_v1_pilot_005_ep_000739,Replica,train,41.35424740358106,3.5330978084609943,3.5330978084609943,0.0,0.38205372835648754,0.05734356188123995,-0.9223592925534386,0.38205372835648754,0.05734356188123995,-0.9223592925534386,0.0,0.0,22.5,22.5,0.0,3.287347381436396,3.287347381436396,0.0,PASS
clsdoa_v1_pilot_005_ep_000740,Replica,train,133.51498613768953,2.122316688780803,2.122316688780803,0.0,-0.3612688330742504,0.32982825027971,-0.872180116470557,-0.3612688330742504,0.32982825027971,-0.872180116470557,0.0,0.0,-22.5,-22.5,0.0,19.258351317755626,19.258351317755626,0.0,PASS
clsdoa_v1_pilot_005_ep_000741,Replica,train,65.63057492041172,4.390919761371666,4.390919761371666,0.0,-0.3826834323650898,0.0,0.923879532511287,-0.3826834323650898,0.0,0.923879532511287,0.0,0.0,-157.5,-157.5,0.0,0.0,0.0,0.0,PASS
clsdoa_v1_pilot_005_ep_000742,Replica,train,50.12074671006873,3.4938372188318847,3.4938372188318847,0.0,0.3777794673101369,-0.1595780075978777,-0.9120403135662156,0.3777794673101369,-0.1595780075978777,-0.9120403135662156,0.0,0.0,22.5,22.5,0.0,-9.182403130477361,-9.182403130477361,0.0,PASS
clsdoa_v1_pilot_005_ep_000743,Replica,train,-196.3432550635677,1.5696528514318266,1.5696528514318266,0.0,0.3202140400370169,-0.5475704093957311,-0.7730650783196479,0.3202140400370169,-0.5475704093957311,-0.7730650783196479,0.0,0.0,22.5,22.5,0.0,-33.200492041874284,-33.200492041874284,0.0,PASS
clsdoa_v1_pilot_005_ep_000744,Replica,train,24.34200411674749,5.23389732013451,5.23389732013451,0.0,-0.3815620561910947,0.07649841614777726,0.9211722909435048,-0.3815620561910947,0.07649841614777726,0.9211722909435048,0.0,1.478779333471098e-06,-157.49999999999997,-157.49999999999997,0.0,4.387322608774205,4.3873226087742045,8.881784197001252e-16,PASS
clsdoa_v1_pilot_005_ep_000745,Replica,train,-105.05596254197955,5.858097789611711,5.858097789611711,0.0,0.3580446692541555,-0.35301991091768525,0.8643962964487711,0.3580446692541555,-0.35301991091768525,0.8643962964487711,0.0,8.537736462515939e-07,157.5,157.5,0.0,-20.672138002368452,-20.672138002368452,0.0,PASS
clsdoa_v1_pilot_005_ep_000746,Replica,train,31.08798340944859,3.7977295349732847,3.7977295349732847,0.0,-0.3824256491551223,-0.03669858602931108,-0.9232571887896313,-0.3824256491551223,-0.03669858602931108,-0.9232571887896313,0.0,0.0,-22.5,-22.5,0.0,-2.103146355263823,-2.103146355263823,0.0,PASS
clsdoa_v1_pilot_005_ep_000747,Replica,train,109.09720974801262,4.859393864142617,4.859393864142617,0.0,-0.9220130823426607,-0.06353251825477828,0.38191032339175146,-0.9220130823426607,-0.06353251825477828,0.38191032339175146,0.0,8.537736462515939e-07,-112.50000000000001,-112.50000000000001,0.0,-3.64259845193079,-3.64259845193079,0.0,PASS
clsdoa_v1_pilot_005_ep_000748,Replica,train,-108.07294581794883,1.293651211070258,1.293651211070258,0.0,0.38258514873216454,-0.02266250336934549,0.9236422548317188,0.38258514873216454,-0.02266250336934549,0.9236422548317188,0.0,1.2074182697257333e-06,157.5,157.5,0.0,-1.298576968264347,-1.298576968264347,0.0,PASS
clsdoa_v1_pilot_005_ep_000749,MP3D,train,65.299409895269,5.4013202869625445,5.4013202869625445,0.0,0.38162213520147414,-0.07442388772794988,-0.9213173345051777,0.38162213520147414,-0.07442388772794988,-0.9213173345051777,0.0,0.0,22.5,22.5,0.0,-4.2681209895153875,-4.2681209895153875,0.0,PASS
clsdoa_v1_pilot_005_ep_000750,MP3D,train,-298.6378141214001,3.843765244468547,3.843765244468547,0.0,0.38162104046650525,0.07446220887108145,0.9213146915811673,0.3816210404665053,0.07446220887108145,0.9213146915811673,5.551115123125783e-17,0.0,157.5,157.5,0.0,4.270322738549427,4.270322738549427,0.0,PASS
clsdoa_v1_pilot_005_ep_000751,MP3D,train,-121.12033541999057,3.9056973928163443,3.9056973928163443,0.0,0.3823401563775461,-0.042346689566864916,0.9230507909665217,0.38234015637754615,-0.042346689566864916,0.9230507909665217,5.551115123125783e-17,0.0,157.5,157.5,0.0,-2.4270123275428133,-2.4270123275428133,0.0,PASS
clsdoa_v1_pilot_005_ep_000752,MP3D,train,192.50537071831954,1.5330267214496194,1.5330267214496194,0.0,-0.3820764239541094,0.05630153496798078,0.9224140845730234,-0.3820764239541094,0.05630153496798078,0.9224140845730235,1.1102230246251565e-16,0.0,-157.5,-157.5,0.0,3.227547014604444,3.2275470146044434,4.440892098500626e-16,PASS
clsdoa_v1_pilot_005_ep_000753,MP3D,train,-78.67605746085457,1.3131789218070509,1.3131789218070509,0.0,0.9238795325112868,0.0,-0.3826834323650897,0.9238795325112866,0.0,-0.3826834323650897,2.220446049250313e-16,8.537736462515939e-07,67.5,67.5,0.0,0.0,0.0,0.0,PASS
clsdoa_v1_pilot_005_ep_000754,MP3D,train,-14.898851253767617,3.3079064384272594,3.3079064384272594,0.0,0.3820265224648471,0.05856816466564923,0.9222936117208625,0.3820265224648471,0.05856816466564923,0.9222936117208625,0.0,0.0,157.5,157.5,0.0,3.3576300919590505,3.3576300919590505,0.0,PASS
clsdoa_v1_pilot_005_ep_000755,MP3D,train,17.856197395121377,2.67743358112006,2.67743358112006,0.0,-0.3759163372354246,-0.18722672193090453,-0.9075423196713804,-0.3759163372354247,-0.18722672193090453,-0.9075423196713804,1.1102230246251565e-16,8.537736462515939e-07,-22.5,-22.5,0.0,-10.790982908778137,-10.790982908778137,0.0,PASS
clsdoa_v1_pilot_005_ep_000756,MP3D,train,-129.20219254222104,1.359104004312102,1.359104004312102,0.0,0.9238795325112867,0.0,0.38268343236508984,0.9238795325112867,0.0,0.38268343236508984,0.0,0.0,112.5,112.5,0.0,0.0,0.0,0.0,PASS
clsdoa_v1_pilot_005_ep_000757,MP3D,train,-85.78605311492852,1.7343072944702986,1.7343072944702986,0.0,-0.38268343236508967,0.0,-0.9238795325112867,-0.3826834323650897,0.0,-0.9238795325112867,5.551115123125783e-17,8.537736462515939e-07,-22.5,-22.5,0.0,0.0,0.0,0.0,PASS
clsdoa_v1_pilot_005_ep_000758,MP3D,train,49.41870440372139,2.489289974274846,2.489289974274846,0.0,-0.37758285720299123,-0.16272443877204348,0.911565654779045,-0.37758285720299123,-0.16272443877204348,0.911565654779045,0.0,0.0,-157.5,-157.5,0.0,-9.365067918644803,-9.365067918644803,0.0,PASS
clsdoa_v1_pilot_005_ep_000759,MP3D,train,-242.5561717713677,2.984641714723914,2.984641714723914,0.0,0.9230026346378184,0.04355908580959746,-0.3823202093730831,0.9230026346378184,0.04355908580959746,-0.3823202093730831,0.0,0.0,67.5,67.5,0.0,2.4965416883621856,2.4965416883621856,0.0,PASS
clsdoa_v1_pilot_005_ep_000760,MP3D,train,20.01966696526391,2.4394114941959533,2.4394114941959533,0.0,-0.3826826937004844,-0.0019648011454422086,-0.9238777492171786,-0.3826826937004844,-0.0019648011454422086,-0.9238777492171787,1.1102230246251565e-16,8.537736462515939e-07,-22.5,-22.5,0.0,-0.11257488564788598,-0.11257488564788597,1.3877787807814457e-17,PASS
clsdoa_v1_pilot_005_ep_000761,MP3D,train,-27.580025660799947,1.5562286119374296,1.5562286119374296,0.0,0.38268343236508956,0.0,0.9238795325112868,0.38268343236508956,0.0,0.9238795325112868,0.0,0.0,157.5,157.5,0.0,0.0,0.0,0.0,PASS
clsdoa_v1_pilot_005_ep_000762,MP3D,train,223.89180810789435,1.9252259726527692,1.9252259726527692,0.0,-0.9226323831554206,0.051942152708409614,0.38216684618758523,-0.9226323831554206,0.051942152708409614,0.38216684618758523,0.0,0.0,-112.50000000000001,-112.50000000000001,0.0,2.977405987769936,2.977405987769936,0.0,PASS
clsdoa_v1_pilot_005_ep_000763,MP3D,train,328.2989753676038,4.153663467567107,4.153663467567107,0.0,-0.38268343236509034,0.0,0.9238795325112865,-0.38268343236509034,0.0,0.9238795325112864,1.1102230246251565e-16,8.537736462515939e-07,-157.49999999999997,-157.49999999999997,0.0,0.0,0.0,0.0,PASS
clsdoa_v1_pilot_005_ep_000764,MP3D,train,-150.05710028070087,4.213898732806925,4.213898732806925,0.0,0.9238795325112868,0.0,-0.38268343236508967,0.9238795325112868,0.0,-0.38268343236508967,0.0,0.0,67.5,67.5,0.0,0.0,0.0,0.0,PASS
clsdoa_v1_pilot_005_ep_000765,MP3D,train,62.76524263030427,3.573050377424505,3.573050377424505,0.0,-0.3826535523610227,-0.012496172625939815,0.9238073958002244,-0.3826535523610227,-0.012496172625939815,0.9238073958002244,0.0,1.2074182697257333e-06,-157.5,-157.5,0.0,-0.7159965866856958,-0.7159965866856959,1.1102230246251565e-16,PASS
clsdoa_v1_pilot_005_ep_000766,MP3D,train,-190.24709576435538,2.1811200571712663,2.1811200571712663,0.0,0.6994427737840785,-0.6533321444096822,0.2897186830052223,0.6994427737840785,-0.6533321444096822,0.2897186830052223,0.0,0.0,112.5,112.5,0.0,-40.79330496943332,-40.79330496943332,0.0,PASS
clsdoa_v1_pilot_005_ep_000767,MP3D,train,40.730566633941265,5.129716638756636,5.129716638756636,0.0,0.9238795325112867,0.0,0.38268343236508967,0.9238795325112867,0.0,0.38268343236508967,0.0,8.537736462515939e-07,112.5,112.5,0.0,0.0,0.0,0.0,PASS
clsdoa_v1_pilot_005_ep_000768,MP3D,train,89.04912011042762,5.207831339945513,5.207831339945513,0.0,0.9196116169155891,0.09600925363401482,-0.3809156038422884,0.9196116169155891,0.09600925363401482,-0.3809156038422884,0.0,0.0,67.5,67.5,0.0,5.509411325768531,5.509411325768531,0.0,PASS
clsdoa_v1_pilot_005_ep_000769,MP3D,train,151.90242649743277,1.0926492782979058,1.0926492782979058,0.0,-0.9238795325112868,0.0,0.3826834323650897,-0.9238795325112868,0.0,0.3826834323650898,5.551115123125783e-17,0.0,-112.5,-112.5,0.0,0.0,0.0,0.0,PASS
clsdoa_v1_pilot_005_ep_000770,MP3D,train,110.88287346169045,4.076971011246935,4.076971011246935,0.0,0.37979463735124264,-0.12264006749635332,-0.9169053644099419,0.37979463735124264,-0.12264006749635332,-0.9169053644099419,0.0,0.0,22.5,22.5,0.0,-7.044492991398011,-7.044492991398011,0.0,PASS
clsdoa_v1_pilot_005_ep_000771,MP3D,train,30.898001391648222,1.9470030706110024,1.9470030706110024,0.0,0.9087304344288238,0.18034872024079698,0.3764084704816137,0.9087304344288238,0.18034872024079698,0.37640847048161363,5.551115123125783e-17,0.0,112.5,112.5,0.0,10.39007242598788,10.39007242598788,0.0,PASS
clsdoa_v1_pilot_005_ep_000772,MP3D,train,64.58867073166329,3.8868131027967685,3.8868131027967685,0.0,0.27058941515786067,0.7071293445874477,-0.6532606359087111,0.27058941515786067,0.7071293445874477,-0.6532606359087111,0.0,0.0,22.5,22.5,0.0,45.001828306988976,45.001828306988976,0.0,PASS
clsdoa_v1_pilot_005_ep_000773,MP3D,train,257.57788380354486,1.2228611992150882,1.2228611992150882,0.0,-0.9238795325112868,0.0,0.38268343236508945,-0.9238795325112868,0.0,0.38268343236508945,0.0,8.537736462515939e-07,-112.49999999999999,-112.49999999999999,0.0,0.0,0.0,0.0,PASS
clsdoa_v1_pilot_005_ep_000774,MP3D,train,8.218933221428514,3.868107813322831,3.868107813322831,0.0,-0.9237096514908759,-0.019176078114722443,-0.38261306534244577,-0.9237096514908759,-0.019176078114722443,-0.38261306534244577,0.0,0.0,-67.5,-67.5,0.0,-1.0987756912648259,-1.0987756912648259,0.0,PASS
clsdoa_v1_pilot_005_ep_000775,MP3D,train,107.47540842896198,1.6417488401811742,1.6417488401811742,0.0,-0.9238795325112867,0.0,-0.3826834323650898,-0.9238795325112867,0.0,-0.3826834323650897,5.551115123125783e-17,0.0,-67.5,-67.5,0.0,0.0,0.0,0.0,PASS
clsdoa_v1_pilot_005_ep_000776,MP3D,train,183.07903923623837,1.0316596442412675,1.0316596442412675,0.0,-0.9238795325112867,0.0,-0.3826834323650899,-0.9238795325112867,0.0,-0.3826834323650899,0.0,0.0,-67.5,-67.5,0.0,0.0,0.0,0.0,PASS
clsdoa_v1_pilot_005_ep_000777,Replica,val,-36.365894083413984,3.716482877170675,3.716482877170675,0.0,0.38177489134068343,0.06886673881467985,-0.9216861204481925,0.38177489134068343,0.06886673881467985,-0.9216861204481925,0.0,0.0,22.5,22.5,0.0,3.9488990471537284,3.9488990471537284,0.0,PASS
clsdoa_v1_pilot_005_ep_000778,Replica,val,90.95257800228711,3.7587197360604603,3.7587197360604603,0.0,0.7564137136547775,-0.5741697177240096,-0.3133168189608077,0.7564137136547775,-0.5741697177240096,-0.3133168189608077,0.0,0.0,67.5,67.5,0.0,-35.04150773437811,-35.04150773437811,0.0,PASS
clsdoa_v1_pilot_005_ep_000779,Replica,val,88.6856692431022,2.4990172768659575,2.4990172768659575,0.0,-0.3822636295005904,0.04682725805714689,-0.9228660387422897,-0.3822636295005904,0.04682725805714689,-0.9228660387422897,0.0,0.0,-22.5,-22.5,0.0,2.6839857667554994,2.683985766755499,4.440892098500626e-16,PASS
clsdoa_v1_pilot_005_ep_000780,Replica,val,201.97826750728768,5.043489069878477,5.043489069878477,0.0,-0.9234322831803935,-0.031112120189190778,-0.38249817562647154,-0.9234322831803935,-0.031112120189190778,-0.3824981756264716,5.551115123125783e-17,0.0,-67.5,-67.5,0.0,-1.7828808848928928,-1.7828808848928928,0.0,PASS
clsdoa_v1_pilot_005_ep_000781,Replica,val,160.500003287357,1.7229628958296304,1.7229628958296304,0.0,-0.9234760403114239,0.02955136005295744,0.38251630042359486,-0.9234760403114239,0.02955136005295744,0.38251630042359486,0.0,0.0,-112.5,-112.5,0.0,1.6934147426020587,1.6934147426020587,0.0,PASS
clsdoa_v1_pilot_005_ep_000782,Replica,val,16.74979692171823,1.9451364589777471,1.9451364589777471,0.0,0.9238795325112868,0.0,0.38268343236508995,0.9238795325112868,0.0,0.38268343236509,5.551115123125783e-17,0.0,112.5,112.5,0.0,0.0,0.0,0.0,PASS
clsdoa_v1_pilot_005_ep_000783,MP3D,val,32.11157661910556,4.885253895340809,4.885253895340809,0.0,-0.9212080791334151,0.07599183823503862,0.3815768801447277,-0.9212080791334151,0.07599183823503862,0.3815768801447277,0.0,0.0,-112.49999999999999,-112.49999999999999,0.0,4.358213097290811,4.358213097290811,0.0,PASS
clsdoa_v1_pilot_005_ep_000784,MP3D,val,-192.12808298702873,3.5642928011298554,3.5642928011298554,0.0,0.3758654333530736,0.18792328175356723,-0.9074194268282312,0.3758654333530736,0.18792328175356723,-0.9074194268282312,0.0,0.0,22.5,22.5,0.0,10.831614038776946,10.831614038776946,0.0,PASS
clsdoa_v1_pilot_005_ep_000785,MP3D,val,-96.98277867614894,1.5560355255952991,1.5560355255952991,0.0,0.38268343236508967,0.0,0.9238795325112868,0.38268343236508967,0.0,0.9238795325112868,0.0,0.0,157.5,157.5,0.0,0.0,0.0,0.0,PASS
clsdoa_v1_pilot_005_ep_000786,MP3D,val,193.33891511694304,1.6963020335114636,1.6963020335114636,0.0,-0.38268343236508984,0.0,0.9238795325112867,-0.38268343236508984,0.0,0.9238795325112866,1.1102230246251565e-16,8.537736462515939e-07,-157.5,-157.5,0.0,0.0,0.0,0.0,PASS
clsdoa_v1_pilot_005_ep_000787,MP3D,val,-92.99106718883583,2.2937600209533846,2.2937600209533846,0.0,-0.3682663666791454,-0.27189688412496604,-0.889073657002656,-0.3682663666791454,-0.27189688412496604,-0.889073657002656,0.0,0.0,-22.5,-22.5,0.0,-15.777173738404976,-15.777173738404976,0.0,PASS
clsdoa_v1_pilot_005_ep_000788,MP3D,val,-85.59256071855879,1.505288594968727,1.505288594968727,0.0,-0.9238795325112868,0.0,-0.38268343236508995,-0.9238795325112868,0.0,-0.3826834323650899,5.551115123125783e-17,0.0,-67.5,-67.5,0.0,0.0,0.0,0.0,PASS
clsdoa_v1_pilot_005_ep_000789,Replica,test,-81.96478720668084,2.70494294455659,2.70494294455659,0.0,0.9238060458836733,0.012612548445201554,0.3826529932072792,0.9238060458836732,0.012612548445201554,0.3826529932072792,1.1102230246251565e-16,0.0,112.5,112.5,0.0,0.7226649554986114,0.7226649554986115,1.1102230246251565e-16,PASS
clsdoa_v1_pilot_005_ep_000790,Replica,test,-153.26537696463853,2.551692537494031,2.551692537494031,0.0,0.35693788334600524,-0.36059203345198704,0.8617242788986712,0.35693788334600524,-0.36059203345198704,0.8617242788986712,0.0,0.0,157.5,157.5,0.0,-21.136559270503675,-21.136559270503675,0.0,PASS
clsdoa_v1_pilot_005_ep_000791,Replica,test,-218.1278380416975,1.9720275553219462,1.9720275553219462,0.0,0.923879532511287,0.0,-0.38268343236508967,0.923879532511287,0.0,-0.38268343236508956,1.1102230246251565e-16,0.0,67.5,67.5,0.0,0.0,0.0,0.0,PASS
clsdoa_v1_pilot_005_ep_000792,Replica,test,-21.028831002835453,1.648046535242176,1.648046535242176,0.0,-0.36759925224637746,0.2779928692773577,-0.8874631002914127,-0.36759925224637746,0.2779928692773577,-0.8874631002914126,1.1102230246251565e-16,8.537736462515939e-07,-22.5,-22.5,0.0,16.140449332760785,16.140449332760788,3.552713678800501e-15,PASS
clsdoa_v1_pilot_005_ep_000793,Replica,test,153.37174624167702,1.3248392583547082,1.3248392583547082,0.0,0.38239493606651664,-0.03882249330103352,-0.9231830408345768,0.38239493606651664,-0.03882249330103352,-0.9231830408345768,0.0,0.0,22.5,22.5,0.0,-2.2249241509278996,-2.2249241509278996,0.0,PASS
clsdoa_v1_pilot_005_ep_000794,Replica,test,-12.806071243552651,4.271230532502736,4.271230532502736,0.0,-0.3826834323650896,0.0,0.9238795325112867,-0.3826834323650896,0.0,0.9238795325112866,1.1102230246251565e-16,1.2074182697257333e-06,-157.5,-157.5,0.0,0.0,0.0,0.0,PASS
clsdoa_v1_pilot_005_ep_000795,MP3D,test,-12.716399311409674,2.3523322370840303,2.3523322370840303,0.0,0.9219136138633571,0.06520170308112988,0.381869122198595,0.9219136138633571,0.06520170308112988,0.38186912219859503,5.551115123125783e-17,0.0,112.5,112.5,0.0,3.7384344453038936,3.7384344453038936,0.0,PASS
clsdoa_v1_pilot_005_ep_000796,MP3D,test,92.09973358696132,5.235240670796856,5.235240670796856,0.0,0.9238795325112867,0.0,-0.3826834323650899,0.9238795325112867,0.0,-0.3826834323650898,1.1102230246251565e-16,0.0,67.5,67.5,0.0,0.0,0.0,0.0,PASS
clsdoa_v1_pilot_005_ep_000797,MP3D,test,-82.1082413886108,3.2856066522751246,3.2856066522751246,0.0,0.3817339996193473,-0.07039758060329805,-0.9215873990999544,0.38173399961934734,-0.07039758060329805,-0.9215873990999544,5.551115123125783e-17,0.0,22.5,22.5,0.0,-4.036823244771692,-4.036823244771691,8.881784197001252e-16,PASS
clsdoa_v1_pilot_005_ep_000798,MP3D,test,65.70492097261847,1.5196629258086343,1.5196629258086343,0.0,-0.921877081367808,-0.06580408203921043,-0.38185398994347136,-0.921877081367808,-0.06580408203921043,-0.38185398994347136,0.0,8.537736462515939e-07,-67.5,-67.5,0.0,-3.7730224998187696,-3.7730224998187696,0.0,PASS
clsdoa_v1_pilot_005_ep_000799,MP3D,test,159.5221172485671,2.628418108496714,2.628418108496714,0.0,-0.38217081396800684,-0.05174242449998621,-0.9226419622247268,-0.38217081396800684,-0.05174242449998621,-0.9226419622247268,0.0,8.537736462515939e-07,-22.5,-22.5,0.0,-2.9659469952726676,-2.9659469952726676,0.0,PASS
clsdoa_v1_pilot_005_ep_000800,MP3D,test,-59.44464213817702,1.069298855988421,1.069298855988421,0.0,-0.49805600470264577,-0.8422469268775874,0.2063015519691938,-0.4980560047026459,-0.8422469268775874,0.20630155196919384,1.1102230246251565e-16,0.0,-112.5,-112.5,0.0,-57.378155713374476,-57.378155713374476,0.0,PASS
clsdoa_v1_pilot_005_ep_000801,Replica,train,204.84926533269805,3.208284648020208,3.208284648020208,0.0,-0.884171234627626,-0.2900217708476507,-0.36623571684292655,-0.884171234627626,-0.2900217708476507,-0.36623571684292655,0.0,0.0,-67.50000000000001,-67.50000000000001,0.0,-16.859259415659917,-16.859259415659917,0.0,PASS
clsdoa_v1_pilot_005_ep_000802,Replica,train,-30.518349403611502,2.223233574094782,2.223233574094782,0.0,0.38265962350985294,-0.011154694221757213,-0.9238220528500695,0.38265962350985294,-0.011154694221757213,-0.9238220528500695,0.0,8.537736462515939e-07,22.5,22.5,0.0,-0.6391301553292358,-0.6391301553292358,0.0,PASS
clsdoa_v1_pilot_005_ep_000803,Replica,train,30.516014588233546,1.5347740911021885,1.5347740911021885,0.0,-0.923879532511287,0.0,0.3826834323650896,-0.923879532511287,0.0,0.3826834323650896,0.0,0.0,-112.49999999999999,-112.49999999999999,0.0,0.0,0.0,0.0,PASS
clsdoa_v1_pilot_005_ep_000804,Replica,train,-227.08683230853185,4.142614844966861,4.142614844966861,0.0,0.9238795325112867,0.0,0.3826834323650897,0.9238795325112867,0.0,0.3826834323650897,0.0,8.537736462515939e-07,112.5,112.5,0.0,0.0,0.0,0.0,PASS
clsdoa_v1_pilot_005_ep_000805,Replica,train,73.25689525448229,2.7699913046516267,2.7699913046516267,0.0,-0.9159054328307243,0.13110190941797373,-0.3793804521296859,-0.9159054328307243,0.13110190941797373,-0.3793804521296859,0.0,0.0,-67.5,-67.5,0.0,7.533272075678038,7.533272075678038,0.0,PASS
clsdoa_v1_pilot_005_ep_000806,Replica,train,-243.25990884015673,1.3108890248325253,1.3108890248325253,0.0,0.9238795325112867,0.0,-0.38268343236508984,0.9238795325112867,0.0,-0.38268343236508984,0.0,0.0,67.5,67.5,0.0,0.0,0.0,0.0,PASS
clsdoa_v1_pilot_005_ep_000807,Replica,train,-55.409835559014624,2.671106278912533,2.671106278912533,0.0,0.38177353643370643,0.06891800908405869,0.9216828494133928,0.38177353643370643,0.06891800908405869,0.9216828494133928,0.0,0.0,157.5,157.5,0.0,3.951843613204478,3.951843613204478,0.0,PASS
clsdoa_v1_pilot_005_ep_000808,Replica,train,-233.0172602793634,1.340944304512247,1.340944304512247,0.0,0.9185623569510535,-0.10713270080897988,-0.3804809861345226,0.9185623569510535,-0.10713270080897988,-0.3804809861345226,0.0,1.2074182697257333e-06,67.5,67.5,0.0,-6.150054544088054,-6.150054544088054,0.0,PASS
clsdoa_v1_pilot_005_ep_000809,Replica,train,-6.1908883986029295,5.569616297633871,5.569616297633871,0.0,-0.3826834323650897,0.0,-0.9238795325112867,-0.3826834323650897,0.0,-0.9238795325112868,1.1102230246251565e-16,0.0,-22.5,-22.5,0.0,0.0,0.0,0.0,PASS
clsdoa_v1_pilot_005_ep_000810,Replica,train,-139.60393539983403,4.020054717020848,4.020054717020848,0.0,0.3230028377328897,0.5362690637566386,-0.7797978315397387,0.3230028377328897,0.5362690637566386,-0.7797978315397388,1.1102230246251565e-16,0.0,22.5,22.5,0.0,32.430017186403596,32.43001718640359,7.105427357601002e-15,PASS
clsdoa_v1_pilot_005_ep_000811,Replica,train,206.92705418205117,1.293651211070258,1.293651211070258,0.0,-0.3825851487321644,-0.02266250336934549,0.923642254831719,-0.3825851487321644,-0.02266250336934549,0.923642254831719,0.0,0.0,-157.5,-157.5,0.0,-1.2985769682643469,-1.2985769682643469,0.0,PASS
clsdoa_v1_pilot_005_ep_000812,Replica,train,85.30464270586174,1.5814657589115397,1.5814657589115397,0.0,-0.9238795325112868,0.0,-0.3826834323650896,-0.9238795325112868,0.0,-0.3826834323650896,0.0,0.0,-67.50000000000001,-67.50000000000001,0.0,0.0,0.0,0.0,PASS
clsdoa_v1_pilot_005_ep_000813,Replica,train,14.4816505963885,2.223233574094782,2.223233574094782,0.0,-0.38265962350985294,-0.011154694221757213,-0.9238220528500695,-0.38265962350985294,-0.011154694221757213,-0.9238220528500695,0.0,8.537736462515939e-07,-22.5,-22.5,0.0,-0.6391301553292358,-0.6391301553292358,0.0,PASS
clsdoa_v1_pilot_005_ep_000814,Replica,train,22.84298845273618,2.2565678985085893,2.2565678985085893,0.0,-0.9209415595810642,0.07968666965524807,0.38146648413150636,-0.9209415595810642,0.07968666965524807,0.38146648413150636,0.0,0.0,-112.5,-112.5,0.0,4.570555731066135,4.570555731066135,0.0,PASS
clsdoa_v1_pilot_005_ep_000815,Replica,train,-27.676103058491094,4.859959704838927,4.859959704838927,0.0,-0.9189770752136514,0.10288151144590024,0.3806527680634542,-0.9189770752136514,0.10288151144590024,0.38065276806345416,5.551115123125783e-17,1.2074182697257333e-06,-112.5,-112.5,0.0,5.905125044289712,5.905125044289712,0.0,PASS
clsdoa_v1_pilot_005_ep_000816,Replica,train,41.35424740358106,3.5330978084609943,3.5330978084609943,0.0,0.38205372835648754,0.05734356188123995,-0.9223592925534386,0.38205372835648754,0.05734356188123995,-0.9223592925534386,0.0,0.0,22.5,22.5,0.0,3.287347381436396,3.287347381436396,0.0,PASS
clsdoa_v1_pilot_005_ep_000817,Replica,train,-55.409835559014624,2.671106278912533,2.671106278912533,0.0,0.38177353643370643,0.06891800908405869,0.9216828494133928,0.38177353643370643,0.06891800908405869,0.9216828494133928,0.0,0.0,157.5,157.5,0.0,3.951843613204478,3.951843613204478,0.0,PASS
clsdoa_v1_pilot_005_ep_000818,Replica,train,-58.91201659055141,3.7977295349732847,3.7977295349732847,0.0,0.923257188789631,-0.03669858602931108,-0.3824256491551224,0.923257188789631,-0.03669858602931108,-0.3824256491551224,0.0,8.537736462515939e-07,67.5,67.5,0.0,-2.1031463552638234,-2.1031463552638234,0.0,PASS
clsdoa_v1_pilot_005_ep_000819,Replica,train,-24.369425079588282,4.503351679671955,4.503351679671955,0.0,-0.9008137016574584,-0.22205683036347823,-0.37312925239803024,-0.9008137016574584,-0.22205683036347823,-0.37312925239803024,0.0,0.0,-67.5,-67.5,0.0,-12.82986931891235,-12.82986931891235,0.0,PASS
clsdoa_v1_pilot_005_ep_000820,Replica,train,75.65916715289573,1.3959539064642936,1.3959539064642936,0.0,-0.38268343236508984,0.0,0.9238795325112865,-0.38268343236508984,0.0,0.9238795325112865,0.0,1.478779333471098e-06,-157.5,-157.5,0.0,0.0,0.0,0.0,PASS
clsdoa_v1_pilot_005_ep_000821,Replica,train,-110.65799588325251,5.227154327196841,5.227154327196841,0.0,-0.38205426860517805,-0.0573189781619263,-0.9223605968291552,-0.38205426860517805,-0.0573189781619263,-0.9223605968291552,0.0,0.0,-22.49999999999997,-22.49999999999997,0.0,-3.285936517500161,-3.285936517500161,0.0,PASS
clsdoa_v1_pilot_005_ep_000822,Replica,train,-165.5183494036115,2.223233574094782,2.223233574094782,0.0,0.38265962350985316,-0.011154694221757213,0.9238220528500695,0.38265962350985316,-0.011154694221757213,0.9238220528500695,0.0,0.0,157.5,157.5,0.0,-0.6391301553292357,-0.6391301553292357,0.0,PASS
clsdoa_v1_pilot_005_ep_000823,Replica,train,-63.07294581794884,1.293651211070258,1.293651211070258,0.0,0.923642254831719,-0.02266250336934549,0.3825851487321645,0.923642254831719,-0.02266250336934549,0.3825851487321645,0.0,0.0,112.5,112.5,0.0,-1.2985769682643469,-1.2985769682643469,0.0,PASS
clsdoa_v1_pilot_005_ep_000824,Replica,train,-208.6564577385767,1.1120216491252384,1.1120216491252384,0.0,0.9238795325112868,0.0,0.3826834323650899,0.9238795325112868,0.0,0.3826834323650899,0.0,0.0,112.5,112.5,0.0,0.0,0.0,0.0,PASS
clsdoa_v1_pilot_005_ep_000825,Replica,train,56.21091804497475,1.3572166115878928,1.3572166115878928,0.0,0.6246428154883326,-0.7368020634746265,-0.2587355258141822,0.6246428154883326,-0.7368020634746265,-0.2587355258141822,0.0,0.0,67.5,67.5,0.0,-47.45970824750701,-47.45970824750701,0.0,PASS
clsdoa_v1_pilot_005_ep_000826,Replica,train,27.294101113043062,1.8985907400539923,1.8985907400539923,0.0,-0.38268343236508984,0.0,-0.9238795325112868,-0.38268343236508984,0.0,-0.9238795325112868,0.0,0.0,-22.5,-22.5,0.0,0.0,0.0,0.0,PASS
clsdoa_v1_pilot_005_ep_000827,Replica,train,67.84298845273618,2.2565678985085893,2.2565678985085893,0.0,-0.3814664841315066,0.07968666965524807,0.9209415595810639,-0.3814664841315066,0.07968666965524807,0.9209415595810639,0.0,8.537736462515939e-07,-157.5,-157.5,0.0,4.570555731066136,4.570555731066136,0.0,PASS
clsdoa_v1_pilot_005_ep_000828,Replica,train,143.74522378424496,1.6287722398281215,1.6287722398281215,0.0,0.38268343236508984,0.0,-0.9238795325112867,0.38268343236508984,0.0,-0.9238795325112867,0.0,0.0,22.5,22.5,0.0,0.0,0.0,0.0,PASS
clsdoa_v1_pilot_005_ep_000829,MP3D,train,72.43140197884776,3.428976671859509,3.428976671859509,0.0,0.3825419236474523,-0.02719234196176889,-0.923537900245973,0.3825419236474523,-0.02719234196176889,-0.923537900245973,0.0,8.537736462515939e-07,22.5,22.5,0.0,-1.5581984978194572,-1.5581984978194572,0.0,PASS
clsdoa_v1_pilot_005_ep_000830,MP3D,train,51.504983723233984,3.4192554326945293,3.4192554326945293,0.0,-0.9210339843318956,0.07842519949011305,0.3815047677167998,-0.9210339843318956,0.07842519949011305,0.3815047677167998,0.0,0.0,-112.5,-112.5,0.0,4.498051885848919,4.498051885848919,0.0,PASS
clsdoa_v1_pilot_005_ep_000831,MP3D,train,66.8319506602864,2.119537985204947,2.119537985204947,0.0,-0.38196024948402924,0.06144887837906275,0.9221336145917538,-0.38196024948402924,0.06144887837906275,0.9221336145917538,0.0,1.2074182697257333e-06,-157.5,-157.5,0.0,3.5229808720776927,3.5229808720776927,0.0,PASS
clsdoa_v1_pilot_005_ep_000832,MP3D,train,56.351340825071496,4.447372326248136,4.447372326248136,0.0,-0.05570627993831496,-0.9893483187403631,-0.13448685653643216,-0.05570627993831496,-0.9893483187403631,-0.13448685653643216,0.0,0.0,-22.5,-22.5,0.0,-81.62985534710307,-81.62985534710307,0.0,PASS
clsdoa_v1_pilot_005_ep_000833,MP3D,train,-65.64297856704775,1.5823607951829386,1.5823607951829386,0.0,0.9003522749245655,-0.2242385723102751,0.37293812318722447,0.9003522749245655,-0.2242385723102751,0.3729381231872244,5.551115123125783e-17,0.0,112.5,112.5,0.0,-12.958107526624966,-12.958107526624966,0.0,PASS
clsdoa_v1_pilot_005_ep_000834,MP3D,train,68.3690590998456,3.6168927944672693,3.6168927944672693,0.0,-0.374769459576162,-0.20231842234922656,0.9047735120720055,-0.374769459576162,-0.20231842234922656,0.9047735120720055,0.0,0.0,-157.5,-157.5,0.0,-11.672566903687382,-11.672566903687382,0.0,PASS
clsdoa_v1_pilot_005_ep_000835,MP3D,train,48.62570354371713,5.414560941985026,5.414560941985026,0.0,-0.923867623538974,0.005077419751490823,0.3826784995072438,-0.9238676235389742,0.005077419751490823,0.3826784995072439,2.220446049250313e-16,0.0,-112.5,-112.5,0.0,0.290915972564157,0.29091597256415697,5.551115123125783e-17,PASS
clsdoa_v1_pilot_005_ep_000836,MP3D,train,155.0235481065496,3.1655444685820697,3.1655444685820697,0.0,-0.38211343865549935,0.05455925382230775,-0.9225034459671265,-0.38211343865549935,0.05455925382230775,-0.9225034459671265,0.0,0.0,-22.5,-22.5,0.0,3.1275679329928514,3.1275679329928514,0.0,PASS
clsdoa_v1_pilot_005_ep_000837,MP3D,train,-170.34300662568424,1.6168726419582067,1.6168726419582067,0.0,0.3826834323650902,0.0,0.9238795325112866,0.3826834323650902,0.0,0.9238795325112866,0.0,0.0,157.5,157.5,0.0,0.0,0.0,0.0,PASS
clsdoa_v1_pilot_005_ep_000838,MP3D,train,-189.73345545531475,5.737424354477135,5.737424354477135,0.0,0.38215993493717143,0.05228822122310051,0.9226156979209389,0.38215993493717143,0.05228822122310051,0.9226156979209388,1.1102230246251565e-16,0.0,157.5,157.5,0.0,2.9972612348702983,2.997261234870299,8.881784197001252e-16,PASS
clsdoa_v1_pilot_005_ep_000839,MP3D,train,-177.5650677631953,2.662140195916299,2.662140195916299,0.0,0.9230648007985846,-0.04198738889929325,0.38234595943999317,0.9230648007985846,-0.04198738889929325,0.3823459594399931,5.551115123125783e-17,8.537736462515939e-07,112.5,112.5,0.0,-2.4064075892309953,-2.4064075892309953,0.0,PASS
clsdoa_v1_pilot_005_ep_000840,MP3D,train,152.0904439041198,1.6030579610619613,1.6030579610619613,0.0,-0.7241496338562796,-0.6209957695673478,-0.29995259953078174,-0.7241496338562796,-0.6209957695673478,-0.29995259953078174,0.0,8.537736462515939e-07,-67.50000000000003,-67.50000000000003,0.0,-38.388887360528635,-38.388887360528635,0.0,PASS
clsdoa_v1_pilot_005_ep_000841,MP3D,train,-22.771755518287193,1.1179458481255538,1.1179458481255538,0.0,0.923879532511287,0.0,0.3826834323650899,0.923879532511287,0.0,0.3826834323650899,0.0,0.0,112.5,112.5,0.0,0.0,0.0,0.0,PASS
clsdoa_v1_pilot_005_ep_000842,MP3D,train,-207.67562215764312,1.7942536104382405,1.7942536104382405,0.0,0.3826834323650896,0.0,0.9238795325112867,0.3826834323650896,0.0,0.9238795325112868,1.1102230246251565e-16,0.0,157.5,157.5,0.0,0.0,0.0,0.0,PASS
clsdoa_v1_pilot_005_ep_000843,MP3D,train,51.32966188063432,1.0630826236771074,1.0630826236771074,0.0,0.9238795325112867,0.0,-0.3826834323650899,0.9238795325112867,0.0,-0.3826834323650899,0.0,0.0,67.5,67.5,0.0,0.0,0.0,0.0,PASS
clsdoa_v1_pilot_005_ep_000844,MP3D,train,80.8118854518009,1.5664462343760288,1.5664462343760288,0.0,-0.3826834323650898,0.0,0.9238795325112867,-0.3826834323650898,0.0,0.9238795325112867,0.0,0.0,-157.5,-157.5,0.0,0.0,0.0,0.0,PASS
clsdoa_v1_pilot_005_ep_000845,MP3D,train,17.382956540641217,1.9923636889480076,1.9923636889480076,0.0,-0.9238795325112867,0.0,0.3826834323650898,-0.9238795325112867,0.0,0.3826834323650898,0.0,0.0,-112.5,-112.5,0.0,0.0,0.0,0.0,PASS
clsdoa_v1_pilot_005_ep_000846,MP3D,train,46.46482613690755,3.2271384912858325,3.2271384912858325,0.0,-0.9091691231242878,-0.17773953109587462,-0.37659018128893446,-0.9091691231242878,-0.17773953109587462,-0.3765901812889345,5.551115123125783e-17,0.0,-67.49999999999999,-67.49999999999999,0.0,-10.238121483366166,-10.238121483366166,0.0,PASS
clsdoa_v1_pilot_005_ep_000847,MP3D,train,-109.78562676798407,4.766918744661528,4.766918744661528,0.0,0.9238795325112868,0.0,-0.38268343236508995,0.9238795325112868,0.0,-0.38268343236508995,0.0,0.0,67.5,67.5,0.0,0.0,0.0,0.0,PASS
clsdoa_v1_pilot_005_ep_000848,MP3D,train,-21.09013984434532,1.462384057424478,1.462384057424478,0.0,0.38040508752907054,0.10895759982418686,-0.9183791215084064,0.38040508752907054,0.10895759982418686,-0.9183791215084064,0.0,1.478779333471098e-06,22.5,22.5,0.0,6.2552292649734635,6.2552292649734635,0.0,PASS
clsdoa_v1_pilot_005_ep_000849,MP3D,train,74.16459858125877,3.3861009842766214,3.3861009842766214,0.0,-0.9228260459886588,0.047741710685444305,-0.38224706395964,-0.9228260459886589,0.047741710685444305,-0.38224706395964,1.1102230246251565e-16,0.0,-67.5,-67.5,0.0,2.7364387153164222,2.736438715316422,4.440892098500626e-16,PASS
clsdoa_v1_pilot_005_ep_000850,MP3D,train,197.21788721810395,5.274572202069573,5.274572202069573,0.0,-0.3826834323650896,0.0,-0.923879532511287,-0.3826834323650896,0.0,-0.9238795325112868,1.1102230246251565e-16,0.0,-22.5,-22.5,0.0,0.0,0.0,0.0,PASS
clsdoa_v1_pilot_005_ep_000851,MP3D,train,-77.99341680963121,2.122264221548412,2.122264221548412,0.0,0.37068563128741394,0.2484363037431152,-0.8949142784309068,0.37068563128741394,0.2484363037431152,-0.8949142784309068,0.0,0.0,22.5,22.5,0.0,14.384999974946785,14.384999974946785,0.0,PASS
clsdoa_v1_pilot_005_ep_000852,MP3D,train,-250.08069989583427,3.9334542592810138,3.9334542592810138,0.0,0.9204966394510982,0.08549752444386037,0.3812821921795019,0.9204966394510982,0.08549752444386037,0.3812821921795019,0.0,0.0,112.5,112.5,0.0,4.904635070514339,4.904635070514339,0.0,PASS
clsdoa_v1_pilot_005_ep_000853,MP3D,train,272.2739873297278,1.9375048373676569,1.9375048373676569,0.0,-0.9238773457379086,0.0021757498235708125,0.38268252657389795,-0.9238773457379086,0.0021757498235708125,0.38268252657389795,0.0,8.537736462515939e-07,-112.49999999999996,-112.49999999999996,0.0,0.12466138052256054,0.12466138052256054,0.0,PASS
clsdoa_v1_pilot_005_ep_000854,MP3D,train,-243.15716040632793,2.2001425601260314,2.2001425601260314,0.0,0.3817300870611765,0.07054230314795197,0.9215779533489552,0.3817300870611765,0.07054230314795197,0.9215779533489552,0.0,0.0,157.5,157.5,0.0,4.0451359018574236,4.0451359018574236,0.0,PASS
clsdoa_v1_pilot_005_ep_000855,MP3D,train,-13.20118402985402,1.5755847532444718,1.5755847532444718,0.0,0.9238507453633061,0.007894111603194968,-0.3826715083379742,0.9238507453633061,0.007894111603194968,-0.3826715083379742,0.0,0.0,67.5,67.5,0.0,0.45230397565559594,0.45230397565559594,0.0,PASS
clsdoa_v1_pilot_005_ep_000856,MP3D,train,200.93515439128936,5.503567130140265,5.503567130140265,0.0,-0.38268343236509006,0.0,0.9238795325112867,-0.38268343236509,0.0,0.9238795325112867,5.551115123125783e-17,0.0,-157.5,-157.5,0.0,0.0,0.0,0.0,PASS
clsdoa_v1_pilot_005_ep_000857,Replica,val,-98.57742889268484,1.495033389023487,1.495033389023487,0.0,0.9220897511367756,-0.06221525440162773,-0.38194208064608454,0.9220897511367756,-0.06221525440162773,-0.38194208064608454,0.0,0.0,67.5,67.5,0.0,-3.566975164906023,-3.566975164906023,0.0,PASS
clsdoa_v1_pilot_005_ep_000858,Replica,val,16.74979692171823,1.9451364589777471,1.9451364589777471,0.0,0.9238795325112868,0.0,0.38268343236508995,0.9238795325112868,0.0,0.38268343236509,5.551115123125783e-17,0.0,112.5,112.5,0.0,0.0,0.0,0.0,PASS
clsdoa_v1_pilot_005_ep_000859,Replica,val,-158.90271600981683,4.627599162286401,4.627599162286401,0.0,0.38268343236508984,0.0,-0.9238795325112868,0.38268343236508984,0.0,-0.9238795325112868,0.0,0.0,22.5,22.5,0.0,0.0,0.0,0.0,PASS
clsdoa_v1_pilot_005_ep_000860,Replica,val,-104.96552246479357,1.3935962793452203,1.3935962793452203,0.0,-0.9219671719783676,0.06430834832332606,-0.3818913066962075,-0.9219671719783674,0.06430834832332606,-0.3818913066962075,2.220446049250313e-16,1.2074182697257333e-06,-67.50000000000001,-67.5,0.0,3.6871413318858,3.687141331885801,8.881784197001252e-16,PASS
clsdoa_v1_pilot_005_ep_000861,Replica,val,180.9525780022871,3.7587197360604603,3.7587197360604603,0.0,-0.3133168189608075,-0.5741697177240096,-0.7564137136547775,-0.3133168189608075,-0.5741697177240096,-0.7564137136547776,1.1102230246251565e-16,0.0,-22.5,-22.5,0.0,-35.041507734378115,-35.04150773437811,7.105427357601002e-15,PASS
clsdoa_v1_pilot_005_ep_000862,Replica,val,0.9525780022871118,3.7587197360604603,3.7587197360604603,0.0,0.31331681896080765,-0.5741697177240096,0.7564137136547775,0.31331681896080765,-0.5741697177240096,0.7564137136547775,0.0,0.0,157.5,157.5,0.0,-35.04150773437811,-35.04150773437811,0.0,PASS
clsdoa_v1_pilot_005_ep_000863,MP3D,val,128.02000878817427,1.8332934915129513,1.8332934915129513,0.0,-0.9233454525624816,-0.033997555217415175,-0.3824622092069031,-0.9233454525624817,-0.033997555217415175,-0.3824622092069031,1.1102230246251565e-16,0.0,-67.5,-67.50000000000001,0.0,-1.9482918676244638,-1.9482918676244634,4.440892098500626e-16,PASS
clsdoa_v1_pilot_005_ep_000864,MP3D,val,-48.601714738836066,3.5649928770896553,3.5649928770896553,0.0,-0.3823267537216225,0.043165075159494054,-0.9230184340928197,-0.3823267537216225,0.043165075159494054,-0.9230184340928197,0.0,8.537736462515939e-07,-22.5,-22.5,0.0,2.4739452872177075,2.4739452872177075,0.0,PASS
clsdoa_v1_pilot_005_ep_000865,MP3D,val,143.57870549826762,3.043158577913322,3.043158577913322,0.0,0.38248664228628343,-0.032065714951282964,-0.923404439234092,0.3824866422862835,-0.032065714951282964,-0.923404439234092,5.551115123125783e-17,0.0,22.5,22.5,0.0,-1.837545122632497,-1.837545122632497,0.0,PASS
clsdoa_v1_pilot_005_ep_000866,MP3D,val,-169.7520117187106,1.991060207954639,1.991060207954639,0.0,0.923879532511287,0.0,-0.38268343236508956,0.923879532511287,0.0,-0.38268343236508956,0.0,0.0,67.50000000000003,67.50000000000003,0.0,0.0,0.0,0.0,PASS
clsdoa_v1_pilot_005_ep_000867,MP3D,val,207.1293305656094,2.5767445644918476,2.576744564491847,4.440892098500626e-16,-0.3814790463186915,0.07927496369355212,0.9209718873837396,-0.38147904631869156,0.07927496369355214,0.9209718873837397,1.1102230246251565e-16,0.0,-157.50000000000003,-157.50000000000003,0.0,4.546891853745546,4.546891853745546,0.0,PASS
clsdoa_v1_pilot_005_ep_000868,MP3D,val,-5.737650345441239,4.623594693706671,4.623594693706671,0.0,-0.5540280664595599,0.8002431538898064,0.22948593906289194,-0.5540280664595599,0.8002431538898064,0.22948593906289194,0.0,0.0,-112.49999999999999,-112.49999999999999,0.0,53.153328117512636,53.153328117512636,0.0,PASS
clsdoa_v1_pilot_005_ep_000869,Replica,test,-273.63321436549563,4.978257384706677,4.978257384706677,0.0,0.3825774100443855,0.023537684554965015,0.9236235719867272,0.3825774100443855,0.023537684554965015,0.9236235719867272,0.0,8.537736462515939e-07,157.5,157.5,0.0,1.3487345422994805,1.3487345422994805,0.0,PASS
clsdoa_v1_pilot_005_ep_000870,Replica,test,133.2584361803551,1.2852774923972894,1.2852774923972894,0.0,-0.38268343236508984,0.0,0.9238795325112866,-0.3826834323650899,0.0,0.9238795325112866,5.551115123125783e-17,1.2074182697257333e-06,-157.5,-157.5,0.0,0.0,0.0,0.0,PASS
clsdoa_v1_pilot_005_ep_000871,Replica,test,63.371746241677016,1.3248392583547082,1.3248392583547082,0.0,0.9231830408345768,-0.03882249330103352,0.38239493606651676,0.9231830408345766,-0.03882249330103352,0.38239493606651676,2.220446049250313e-16,8.537736462515939e-07,112.5,112.5,0.0,-2.2249241509278996,-2.2249241509279,4.440892098500626e-16,PASS
clsdoa_v1_pilot_005_ep_000872,Replica,test,143.03521279331915,2.70494294455659,2.70494294455659,0.0,-0.9238060458836735,0.012612548445201554,0.38265299320727886,-0.9238060458836735,0.012612548445201554,0.3826529932072789,5.551115123125783e-17,0.0,-112.49999999999997,-112.49999999999999,0.0,0.7226649554986113,0.7226649554986113,0.0,PASS
clsdoa_v1_pilot_005_ep_000873,Replica,test,-0.6448789599249771,2.9532952730800908,2.9532952730800908,0.0,0.3771590719370771,-0.1693024075708262,-0.9105425466425413,0.3771590719370771,-0.1693024075708262,-0.9105425466425413,0.0,0.0,22.5,22.5,0.0,-9.74726204626393,-9.747262046263932,1.7763568394002505e-15,PASS
clsdoa_v1_pilot_005_ep_000874,Replica,test,-36.96478720668084,2.70494294455659,2.70494294455659,0.0,0.9238060458836733,0.012612548445201554,-0.38265299320727925,0.9238060458836732,0.012612548445201554,-0.38265299320727925,1.1102230246251565e-16,0.0,67.5,67.5,0.0,0.7226649554986113,0.7226649554986114,1.1102230246251565e-16,PASS
clsdoa_v1_pilot_005_ep_000875,MP3D,test,133.00374133571898,1.6949360034326726,1.6949360034326726,0.0,-0.3826834323650899,0.0,-0.9238795325112867,-0.3826834323650899,0.0,-0.9238795325112867,0.0,0.0,-22.5,-22.5,0.0,0.0,0.0,0.0,PASS
clsdoa_v1_pilot_005_ep_000876,MP3D,test,16.408215341652635,2.797858898703001,2.797858898703001,0.0,0.3776591294831964,0.16151129391916333,0.9117497923523493,0.3776591294831964,0.16151129391916333,0.9117497923523493,0.0,0.0,157.5,157.5,0.0,9.294628012619496,9.294628012619496,0.0,PASS
clsdoa_v1_pilot_005_ep_000877,MP3D,test,-149.75658585626005,4.236496515267458,4.236496515267458,0.0,0.9238795325112866,0.0,0.38268343236508984,0.9238795325112865,0.0,0.38268343236508984,1.1102230246251565e-16,1.478779333471098e-06,112.5,112.5,0.0,0.0,0.0,0.0,PASS
clsdoa_v1_pilot_005_ep_000878,MP3D,test,30.75384150666273,3.920835754905994,3.920835754905994,0.0,0.3812105815674372,-0.08765087783321339,-0.920323756140242,0.3812105815674372,-0.08765087783321339,-0.920323756140242,0.0,0.0,22.5,22.5,0.0,-5.02847813659826,-5.02847813659826,0.0,PASS
clsdoa_v1_pilot_005_ep_000879,MP3D,test,230.15683151951822,1.7150693825640728,1.7150693825640728,0.0,-0.9238795325112866,0.0,-0.38268343236508995,-0.9238795325112868,0.0,-0.38268343236508995,2.220446049250313e-16,0.0,-67.49999999999999,-67.5,0.0,0.0,0.0,0.0,PASS
clsdoa_v1_pilot_005_ep_000880,MP3D,test,111.40724043432982,1.9529631941105337,1.9529631941105337,0.0,0.9237052064873548,-0.019425309614945808,-0.3826112241617027,0.9237052064873549,-0.019425309614945808,-0.3826112241617027,1.1102230246251565e-16,0.0,67.5,67.5,0.0,-1.1130582648833391,-1.1130582648833391,0.0,PASS
clsdoa_v1_pilot_005_ep_000881,Replica,train,7.9931462494296,1.46060173430602,1.46060173430602,0.0,0.923879532511287,0.0,-0.38268343236508967,0.923879532511287,0.0,-0.38268343236508967,0.0,0.0,67.5,67.5,0.0,0.0,0.0,0.0,PASS
clsdoa_v1_pilot_005_ep_000882,Replica,train,-54.94717049465612,1.2651284853245168,1.2651284853245168,0.0,-0.3826834323650898,0.0,-0.9238795325112868,-0.3826834323650898,0.0,-0.9238795325112868,0.0,0.0,-22.5,-22.5,0.0,0.0,0.0,0.0,PASS
clsdoa_v1_pilot_005_ep_000883,Replica,train,-146.276903373082,5.653545949904956,5.653545949904956,0.0,0.38118388721287094,0.08844007007821449,-0.9202593102674081,0.38118388721287094,0.08844007007821449,-0.9202593102674081,0.0,0.0,22.50000000000003,22.50000000000003,0.0,5.073871810989706,5.073871810989706,0.0,PASS
clsdoa_v1_pilot_005_ep_000884,Replica,train,-63.07294581794884,1.293651211070258,1.293651211070258,0.0,0.923642254831719,-0.02266250336934549,0.3825851487321645,0.923642254831719,-0.02266250336934549,0.3825851487321645,0.0,0.0,112.5,112.5,0.0,-1.2985769682643469,-1.2985769682643469,0.0,PASS
clsdoa_v1_pilot_005_ep_000885,Replica,train,27.850580593736925,5.428968974877971,5.428968974877971,0.0,-0.3794890461802589,0.12893792601121548,-0.9161676020604111,-0.379489046180259,0.12893792601121548,-0.9161676020604111,1.1102230246251565e-16,0.0,-22.5,-22.5,0.0,7.4082234436106615,7.4082234436106615,0.0,PASS
clsdoa_v1_pilot_005_ep_000886,Replica,train,-106.74310474551771,2.7699913046516267,2.7699913046516267,0.0,0.9159054328307243,0.13110190941797373,0.37938045212968574,0.9159054328307243,0.13110190941797373,0.37938045212968574,0.0,8.537736462515939e-07,112.5,112.5,0.0,7.533272075678038,7.533272075678038,0.0,PASS
clsdoa_v1_pilot_005_ep_000887,Replica,train,-331.3432550635677,1.5696528514318266,1.5696528514318266,0.0,0.3202140400370172,-0.5475704093957311,0.7730650783196478,0.32021404003701726,-0.5475704093957311,0.7730650783196475,2.220446049250313e-16,0.0,157.5,157.5,0.0,-33.200492041874284,-33.200492041874284,0.0,PASS
clsdoa_v1_pilot_005_ep_000888,Replica,train,-97.7036158177774,1.384190288836107,1.384190288836107,0.0,-0.9238795325112865,0.0,-0.3826834323650901,-0.9238795325112866,0.0,-0.3826834323650901,1.1102230246251565e-16,8.537736462515939e-07,-67.49999999999997,-67.49999999999999,0.0,0.0,0.0,0.0,PASS
clsdoa_v1_pilot_005_ep_000889,Replica,train,-278.0172602793634,1.340944304512247,1.340944304512247,0.0,0.9185623569510534,-0.10713270080897988,0.3804809861345231,0.9185623569510534,-0.10713270080897988,0.3804809861345231,0.0,8.537736462515939e-07,112.50000000000006,112.50000000000006,0.0,-6.150054544088054,-6.150054544088054,0.0,PASS
clsdoa_v1_pilot_005_ep_000890,Replica,train,84.99691257924461,1.9567931003483474,1.9567931003483474,0.0,0.36463524702145084,-0.3034799678498995,-0.8803073586784501,0.36463524702145084,-0.3034799678498995,-0.8803073586784501,0.0,8.537736462515939e-07,22.5,22.5,0.0,-17.66673848369628,-17.66673848369628,0.0,PASS
clsdoa_v1_pilot_005_ep_000891,Replica,train,-157.15701154726383,2.2565678985085893,2.2565678985085893,0.0,0.9209415595810642,0.07968666965524807,-0.38146648413150624,0.9209415595810642,0.07968666965524807,-0.38146648413150624,0.0,0.0,67.5,67.5,0.0,4.570555731066135,4.570555731066135,0.0,PASS
clsdoa_v1_pilot_005_ep_000892,Replica,train,12.761596454195711,4.204216351161945,4.204216351161945,0.0,-0.38268343236509,0.0,0.9238795325112867,-0.38268343236508995,0.0,0.9238795325112867,5.551115123125783e-17,0.0,-157.5,-157.5,0.0,0.0,0.0,0.0,PASS
clsdoa_v1_pilot_005_ep_000893,Replica,train,86.35424740358107,3.5330978084609943,3.5330978084609943,0.0,-0.3820537283564879,0.05734356188123995,-0.9223592925534385,-0.3820537283564879,0.05734356188123995,-0.9223592925534385,0.0,0.0,-22.50000000000003,-22.50000000000003,0.0,3.287347381436396,3.287347381436396,0.0,PASS
clsdoa_v1_pilot_005_ep_000894,Replica,train,-55.409835559014624,2.671106278912533,2.671106278912533,0.0,0.38177353643370643,0.06891800908405869,0.9216828494133928,0.38177353643370643,0.06891800908405869,0.9216828494133928,0.0,0.0,157.5,157.5,0.0,3.951843613204478,3.951843613204478,0.0,PASS
clsdoa_v1_pilot_005_ep_000895,Replica,train,-58.91201659055141,3.7977295349732847,3.7977295349732847,0.0,0.923257188789631,-0.03669858602931108,-0.3824256491551224,0.923257188789631,-0.03669858602931108,-0.3824256491551224,0.0,8.537736462515939e-07,67.5,67.5,0.0,-2.1031463552638234,-2.1031463552638234,0.0,PASS
clsdoa_v1_pilot_005_ep_000896,Replica,train,104.4816505963885,2.223233574094782,2.223233574094782,0.0,-0.9238220528500695,-0.011154694221757213,0.38265962350985294,-0.9238220528500695,-0.011154694221757213,0.38265962350985294,0.0,8.537736462515939e-07,-112.5,-112.5,0.0,-0.6391301553292358,-0.6391301553292358,0.0,PASS
clsdoa_v1_pilot_005_ep_000897,Replica,train,-37.0068537505704,1.46060173430602,1.46060173430602,0.0,0.9238795325112866,0.0,0.3826834323650899,0.9238795325112866,0.0,0.38268343236508995,5.551115123125783e-17,8.537736462515939e-07,112.5,112.5,0.0,0.0,0.0,0.0,PASS
clsdoa_v1_pilot_005_ep_000898,Replica,train,152.29933535809292,1.3728356578127274,1.3728356578127274,0.0,-0.3826834323650896,0.0,-0.9238795325112868,-0.3826834323650896,0.0,-0.9238795325112868,0.0,0.0,-22.5,-22.5,0.0,0.0,0.0,0.0,PASS
clsdoa_v1_pilot_005_ep_000899,Replica,train,144.00336906616195,4.483399725640379,4.483399725640379,0.0,-0.923879532511287,0.0,-0.38268343236508956,-0.923879532511287,0.0,-0.3826834323650895,5.551115123125783e-17,0.0,-67.50000000000001,-67.50000000000003,0.0,0.0,0.0,0.0,PASS
clsdoa_v1_pilot_005_ep_000900,Replica,train,168.27099157096472,5.958572343641231,5.958572343641231,0.0,-0.3826834323650898,0.0,0.9238795325112866,-0.3826834323650898,0.0,0.9238795325112866,0.0,1.2074182697257333e-06,-157.5,-157.5,0.0,0.0,0.0,0.0,PASS
clsdoa_v1_pilot_005_ep_000901,Replica,train,145.07175674239264,5.688036606020518,5.688036606020518,0.0,-0.9238795325112868,0.0,0.3826834323650898,-0.9238795325112868,0.0,0.3826834323650898,0.0,0.0,-112.5,-112.5,0.0,0.0,0.0,0.0,PASS
clsdoa_v1_pilot_005_ep_000902,Replica,train,-247.15701154726383,2.2565678985085893,2.2565678985085893,0.0,0.38146648413150597,0.07968666965524807,0.9209415595810642,0.38146648413150597,0.07968666965524807,0.9209415595810642,0.0,8.537736462515939e-07,157.5,157.5,0.0,4.570555731066136,4.570555731066136,0.0,PASS
clsdoa_v1_pilot_005_ep_000903,Replica,train,131.35424740358107,3.5330978084609943,3.5330978084609943,0.0,-0.9223592925534386,0.05734356188123995,-0.38205372835648754,-0.9223592925534386,0.05734356188123995,-0.38205372835648754,0.0,0.0,-67.5,-67.5,0.0,3.287347381436396,3.287347381436396,0.0,PASS
clsdoa_v1_pilot_005_ep_000904,Replica,train,161.92705418205117,1.293651211070258,1.293651211070258,0.0,-0.923642254831719,-0.02266250336934549,0.38258514873216437,-0.923642254831719,-0.02266250336934549,0.3825851487321644,5.551115123125783e-17,0.0,-112.5,-112.5,0.0,-1.2985769682643469,-1.2985769682643469,0.0,PASS
clsdoa_v1_pilot_005_ep_000905,Replica,train,44.61165028740547,3.9803039436752052,3.9803039436752052,0.0,0.3767189747326772,0.17586596649542716,-0.9094800580029174,0.3767189747326772,0.17586596649542716,-0.9094800580029174,0.0,0.0,22.49999999999997,22.49999999999997,0.0,10.129055935920555,10.129055935920553,1.7763568394002505e-15,PASS
clsdoa_v1_pilot_005_ep_000906,Replica,train,259.5901644409854,2.671106278912533,2.671106278912533,0.0,-0.3817735364337061,0.06891800908405869,0.9216828494133928,-0.3817735364337061,0.06891800908405869,0.9216828494133928,0.0,1.478779333471098e-06,-157.50000000000003,-157.50000000000003,0.0,3.9518436132044785,3.9518436132044785,0.0,PASS
clsdoa_v1_pilot_005_ep_000907,Replica,train,-13.91201659055141,3.7977295349732847,3.7977295349732847,0.0,0.3824256491551223,-0.03669858602931108,-0.9232571887896313,0.3824256491551223,-0.03669858602931108,-0.9232571887896313,0.0,0.0,22.5,22.5,0.0,-2.103146355263823,-2.103146355263823,0.0,PASS
clsdoa_v1_pilot_005_ep_000908,Replica,train,-149.34083284710425,1.3959539064642936,1.3959539064642936,0.0,0.9238795325112865,0.0,-0.38268343236509,0.9238795325112865,0.0,-0.38268343236509,0.0,1.478779333471098e-06,67.5,67.5,0.0,0.0,0.0,0.0,PASS
clsdoa_v1_pilot_005_ep_000909,MP3D,train,78.66239952326228,4.4266477876581805,4.4266477876581805,0.0,-0.8949003579834537,0.24849504377322904,-0.3706798652492843,-0.8949003579834536,0.24849504377322904,-0.3706798652492843,1.1102230246251565e-16,0.0,-67.50000000000001,-67.5,0.0,14.38847448908681,14.38847448908681,0.0,PASS
clsdoa_v1_pilot_005_ep_000910,MP3D,train,-176.47350928990673,2.663571154093466,2.663571154093466,0.0,0.9221130797762146,0.061808847276617576,0.38195174368493207,0.9221130797762146,0.061808847276617576,0.3819517436849322,1.1102230246251565e-16,1.2074182697257333e-06,112.5,112.5,0.0,3.5436448502096294,3.5436448502096294,0.0,PASS
clsdoa_v1_pilot_005_ep_000911,MP3D,train,-112.95840460974333,1.2950464427805828,1.2950464427805828,0.0,0.9238795325112867,0.0,-0.38268343236508967,0.9238795325112867,0.0,-0.38268343236508967,0.0,8.537736462515939e-07,67.5,67.5,0.0,0.0,0.0,0.0,PASS
clsdoa_v1_pilot_005_ep_000912,MP3D,train,-154.84068379913052,4.444147599951394,4.444147599951394,0.0,0.3826834323650899,0.0,0.9238795325112866,0.38268343236508984,0.0,0.9238795325112866,5.551115123125783e-17,1.2074182697257333e-06,157.5,157.5,0.0,0.0,0.0,0.0,PASS
clsdoa_v1_pilot_005_ep_000913,MP3D,train,146.32394253914543,1.3131789218070509,1.3131789218070509,0.0,-0.3826834323650897,0.0,0.9238795325112868,-0.3826834323650898,0.0,0.9238795325112868,5.551115123125783e-17,0.0,-157.5,-157.5,0.0,0.0,0.0,0.0,PASS
clsdoa_v1_pilot_005_ep_000914,MP3D,train,-174.20219254222104,1.359104004312102,1.359104004312102,0.0,0.3826834323650897,0.0,0.9238795325112868,0.3826834323650897,0.0,0.9238795325112867,1.1102230246251565e-16,0.0,157.5,157.5,0.0,0.0,0.0,0.0,PASS
clsdoa_v1_pilot_005_ep_000915,MP3D,train,38.882674638184454,3.483179699171858,3.483179699171858,0.0,0.923879532511287,0.0,0.3826834323650895,0.923879532511287,0.0,0.38268343236508945,5.551115123125783e-17,0.0,112.5,112.5,0.0,0.0,0.0,0.0,PASS
clsdoa_v1_pilot_005_ep_000916,MP3D,train,39.761983728134354,5.614826752374871,5.614826752374871,0.0,0.38129089433280955,-0.08523211280419012,-0.9205176483076356,0.38129089433280966,-0.08523211280419012,-0.9205176483076356,1.1102230246251565e-16,8.537736462515939e-07,22.5,22.5,0.0,-4.88937239126606,-4.88937239126606,0.0,PASS
clsdoa_v1_pilot_005_ep_000917,MP3D,train,103.87966458000943,3.9056973928163443,3.9056973928163443,0.0,-0.9230507909665217,-0.042346689566864916,-0.382340156377546,-0.9230507909665217,-0.042346689566864916,-0.382340156377546,0.0,0.0,-67.5,-67.5,0.0,-2.4270123275428133,-2.4270123275428133,0.0,PASS
clsdoa_v1_pilot_005_ep_000918,MP3D,train,255.10114874623238,3.3079064384272594,3.3079064384272594,0.0,-0.9222936117208625,0.05856816466564923,0.38202652246484714,-0.9222936117208625,0.05856816466564923,0.38202652246484714,0.0,0.0,-112.50000000000004,-112.50000000000004,0.0,3.35763009195905,3.35763009195905,0.0,PASS
clsdoa_v1_pilot_005_ep_000919,MP3D,train,111.66778443811229,1.3209183415250638,1.3209183415250638,0.0,-0.37945930499395814,0.12953424329920674,-0.9160958004850824,-0.37945930499395814,0.12953424329920674,-0.9160958004850824,0.0,1.2074182697257333e-06,-22.5,-22.5,0.0,7.4426788561420345,7.4426788561420345,0.0,PASS
clsdoa_v1_pilot_005_ep_000920,MP3D,train,-56.26035446378293,1.3381941504139052,1.3381941504139052,0.0,0.3810531338151975,0.09220738437547052,-0.9199436436414198,0.3810531338151975,0.09220738437547052,-0.9199436436414198,0.0,0.0,22.5,22.5,0.0,5.290609074829866,5.290609074829866,0.0,PASS
clsdoa_v1_pilot_005_ep_000921,MP3D,train,245.22823491284646,1.7968266283188015,1.7968266283188015,0.0,-0.9232369273671387,0.03729098819926737,-0.3824172565991327,-0.9232369273671387,0.03729098819926737,-0.3824172565991327,0.0,0.0,-67.50000000000001,-67.50000000000001,0.0,2.137111750596225,2.1371117505962247,4.440892098500626e-16,PASS
clsdoa_v1_pilot_005_ep_000922,MP3D,train,28.677771316700728,3.881178247135808,3.881178247135808,0.0,0.9237591679663241,-0.016141447147391522,0.3826335757381369,0.9237591679663241,-0.016141447147391522,0.38263357573813683,5.551115123125783e-17,1.2074182697257333e-06,112.5,112.5,0.0,-0.9248769619584472,-0.9248769619584472,0.0,PASS
clsdoa_v1_pilot_005_ep_000923,MP3D,train,267.83652118293395,3.4608322900314006,3.4608322900314006,0.0,-0.38268317443353006,0.0011610404129959169,0.9238789098094163,-0.38268317443353006,0.0011610404129959169,0.9238789098094163,0.0,8.537736462515939e-07,-157.5,-157.5,0.0,0.06652273045440245,0.06652273045440245,0.0,PASS
clsdoa_v1_pilot_005_ep_000924,MP3D,train,98.8443159973954,2.839781091674293,2.839781091674293,0.0,-0.9233712328203358,0.03316710032815396,0.3824728877393476,-0.9233712328203358,0.03316710032815396,0.3824728877393476,0.0,0.0,-112.49999999999999,-112.49999999999999,0.0,1.900683452710847,1.900683452710847,0.0,PASS
clsdoa_v1_pilot_005_ep_000925,MP3D,train,-27.23475736969573,3.573050377424505,3.573050377424505,0.0,-0.9238073958002244,-0.012496172625939815,-0.3826535523610228,-0.9238073958002244,-0.012496172625939815,-0.3826535523610228,0.0,1.478779333471098e-06,-67.5,-67.5,0.0,-0.7159965866856958,-0.7159965866856958,0.0,PASS
clsdoa_v1_pilot_005_ep_000926,MP3D,train,152.41997433920005,1.5562286119374296,1.5562286119374296,0.0,-0.38268343236508956,0.0,-0.9238795325112868,-0.38268343236508956,0.0,-0.9238795325112868,0.0,0.0,-22.5,-22.5,0.0,0.0,0.0,0.0,PASS
clsdoa_v1_pilot_005_ep_000927,MP3D,train,9.702640340080805,1.267319352699686,1.267319352699686,0.0,-0.5510475424145256,-0.8026505591535875,0.22825136558045991,-0.5510475424145256,-0.8026505591535875,0.22825136558045991,0.0,1.2074182697257333e-06,-112.50000000000001,-112.50000000000001,0.0,-53.383962791311205,-53.383962791311205,0.0,PASS
clsdoa_v1_pilot_005_ep_000928,MP3D,train,-302.50549254186615,4.906225038507015,4.906225038507015,0.0,0.38189977271579095,0.06396412439012057,0.9219876107576676,0.38189977271579095,0.06396412439012057,0.9219876107576676,0.0,8.537736462515939e-07,157.50000000000006,157.50000000000006,0.0,3.6673780636447324,3.6673780636447324,0.0,PASS
clsdoa_v1_pilot_005_ep_000929,MP3D,train,268.89180810789435,1.9252259726527692,1.9252259726527692,0.0,-0.38216684618758556,0.051942152708409614,0.9226323831554205,-0.38216684618758556,0.051942152708409614,0.9226323831554205,0.0,0.0,-157.49999999999997,-157.49999999999997,0.0,2.977405987769936,2.977405987769936,0.0,PASS
clsdoa_v1_pilot_005_ep_000930,MP3D,train,255.89800139164822,1.9470030706110024,1.9470030706110024,0.0,-0.9087304344288241,0.18034872024079698,0.3764084704816132,-0.9087304344288241,0.18034872024079698,0.37640847048161324,5.551115123125783e-17,0.0,-112.49999999999999,-112.49999999999999,0.0,10.39007242598788,10.390072425987878,1.7763568394002505e-15,PASS
clsdoa_v1_pilot_005_ep_000931,MP3D,train,89.04912011042762,5.183773458140188,5.183773458140188,0.0,0.9238795325112865,0.0,-0.3826834323650899,0.9238795325112865,0.0,-0.3826834323650899,0.0,1.478779333471098e-06,67.5,67.5,0.0,0.0,0.0,0.0,PASS
clsdoa_v1_pilot_005_ep_000932,MP3D,train,-24.11712653830955,4.046194832994064,4.046194832994064,0.0,0.38268343236509017,0.0,0.9238795325112866,0.38268343236509017,0.0,0.9238795325112865,1.1102230246251565e-16,0.0,157.5,157.5,0.0,0.0,0.0,0.0,PASS
clsdoa_v1_pilot_005_ep_000933,MP3D,train,65.62130596228407,3.78063561400619,3.78063561400619,0.0,-0.3824797234503077,-0.03262438862629847,0.923387735686443,-0.3824797234503077,-0.03262438862629847,0.923387735686443,0.0,1.2074182697257333e-06,-157.5,-157.5,0.0,-1.8695715241867257,-1.8695715241867257,0.0,PASS
clsdoa_v1_pilot_005_ep_000934,MP3D,train,69.35702143295225,1.5823607951829386,1.5823607951829386,0.0,-0.3729381231872244,-0.2242385723102751,-0.9003522749245653,-0.3729381231872244,-0.2242385723102751,-0.9003522749245653,0.0,1.2074182697257333e-06,-22.5,-22.5,0.0,-12.958107526624966,-12.958107526624966,0.0,PASS
clsdoa_v1_pilot_005_ep_000935,MP3D,train,69.20558036110918,2.549090204146629,2.549090204146629,0.0,0.9238791230190375,-0.0009415212354815399,-0.3826832627478466,0.9238791230190375,-0.0009415212354815399,-0.3826832627478466,0.0,0.0,67.5,67.5,0.0,-0.053945201085101105,-0.053945201085101105,0.0,PASS
clsdoa_v1_pilot_005_ep_000936,MP3D,train,145.775484988187,2.132931787446385,2.132931787446385,0.0,0.37018911920315223,0.2534412283759847,-0.8937155922232007,0.3701891192031523,0.2534412283759847,-0.8937155922232007,5.551115123125783e-17,0.0,22.5,22.5,0.0,14.681240227424514,14.681240227424514,0.0,PASS
clsdoa_v1_pilot_005_ep_000937,Replica,val,-126.36589408341398,3.716482877170675,3.716482877170675,0.0,0.9216861204481924,0.06886673881467985,0.38177489134068343,0.9216861204481924,0.06886673881467985,0.38177489134068343,0.0,8.537736462515939e-07,112.5,112.5,0.0,3.9488990471537284,3.9488990471537284,0.0,PASS
clsdoa_v1_pilot_005_ep_000938,Replica,val,-188.57742889268485,1.495033389023487,1.495033389023487,0.0,0.3819420806460842,-0.06221525440162773,0.9220897511367757,0.38194208064608415,-0.06221525440162773,0.9220897511367757,5.551115123125783e-17,0.0,157.5,157.5,0.0,-3.566975164906023,-3.566975164906023,0.0,PASS
clsdoa_v1_pilot_005_ep_000939,Replica,val,90.95257800228711,3.7587197360604603,3.7587197360604603,0.0,0.7564137136547775,-0.5741697177240096,-0.3133168189608077,0.7564137136547775,-0.5741697177240096,-0.3133168189608077,0.0,0.0,67.5,67.5,0.0,-35.04150773437811,-35.04150773437811,0.0,PASS
clsdoa_v1_pilot_005_ep_000940,Replica,val,-0.4302116942632388,5.453102776113184,5.453102776113184,0.0,0.3826834323650898,0.0,-0.9238795325112868,0.3826834323650898,0.0,-0.9238795325112868,0.0,0.0,22.5,22.5,0.0,0.0,0.0,0.0,PASS
clsdoa_v1_pilot_005_ep_000941,Replica,val,143.634105916586,3.716482877170675,3.716482877170675,0.0,-0.38177489134068365,0.06886673881467985,0.9216861204481924,-0.38177489134068365,0.06886673881467985,0.9216861204481924,0.0,0.0,-157.5,-157.5,0.0,3.9488990471537284,3.9488990471537284,0.0,PASS
clsdoa_v1_pilot_005_ep_000942,Replica,val,-0.3625238886106814,1.3552579236629543,1.3552579236629543,0.0,-0.38262116059620793,0.01803944203188209,-0.9237291951622993,-0.38262116059620793,0.01803944203188209,-0.9237291951622993,0.0,0.0,-22.5,-22.5,0.0,1.033639959806622,1.033639959806622,0.0,PASS
clsdoa_v1_pilot_005_ep_000943,MP3D,val,-156.8633167218811,1.060382888989486,1.060382888989486,0.0,-0.37728375520036206,-0.1673946823986826,-0.9108435586677645,-0.37728375520036206,-0.1673946823986826,-0.9108435586677646,1.1102230246251565e-16,8.537736462515939e-07,-22.5,-22.5,0.0,-9.636374792094422,-9.636374792094422,0.0,PASS
clsdoa_v1_pilot_005_ep_000944,MP3D,val,131.59874555302676,1.8400416780682156,1.8400416780682156,0.0,-0.9238795325112867,0.0,0.38268343236508995,-0.9238795325112867,0.0,0.38268343236509,5.551115123125783e-17,0.0,-112.50000000000001,-112.50000000000001,0.0,0.0,0.0,0.0,PASS
clsdoa_v1_pilot_005_ep_000945,MP3D,val,43.08814186789451,4.146806618545856,4.146806618545856,0.0,0.9238795325112868,0.0,0.3826834323650898,0.9238795325112868,0.0,0.38268343236508984,5.551115123125783e-17,0.0,112.5,112.5,0.0,0.0,0.0,0.0,PASS
clsdoa_v1_pilot_005_ep_000946,MP3D,val,-98.96619997757546,1.1666274481094232,1.1666274481094232,0.0,0.38236020041531266,0.041092312566524215,-0.9230991815543425,0.38236020041531266,0.041092312566524215,-0.9230991815543425,0.0,8.537736462515939e-07,22.5,22.5,0.0,2.3550791870785885,2.3550791870785885,0.0,PASS
clsdoa_v1_pilot_005_ep_000947,MP3D,val,84.75744312095297,3.7208004781923214,3.7208004781923214,0.0,-0.9190320916735227,-0.1023041302230514,-0.3806755566272867,-0.9190320916735228,-0.1023041302230514,-0.3806755566272867,1.1102230246251565e-16,0.0,-67.5,-67.50000000000001,0.0,-5.871868053916035,-5.871868053916035,0.0,PASS
clsdoa_v1_pilot_005_ep_000948,MP3D,val,-186.79216843773128,3.309067520810297,3.309067520810297,0.0,0.9238203971377952,0.011314205101372498,-0.3826589376913736,0.9238203971377952,0.011314205101372498,-0.3826589376913737,1.1102230246251565e-16,0.0,67.5,67.5,0.0,0.6482700323305097,0.6482700323305097,0.0,PASS
clsdoa_v1_pilot_005_ep_000949,Replica,test,189.75853453071147,4.582193439636886,4.582193439636886,0.0,-0.8964424510988804,-0.2418954597927811,0.3713186211321361,-0.8964424510988804,-0.2418954597927811,0.3713186211321361,0.0,0.0,-112.49999999999999,-112.49999999999999,0.0,-13.998438975894341,-13.998438975894341,0.0,PASS
clsdoa_v1_pilot_005_ep_000950,Replica,test,-11.150206962190111,1.6912059407946705,1.6912059407946705,0.0,-0.38189895698507026,0.06399737251198845,0.9219856414094947,-0.3818989569850703,0.06399737251198845,0.9219856414094947,5.551115123125783e-17,0.0,-157.49999999999997,-157.49999999999997,0.0,3.6692869517624858,3.6692869517624858,0.0,PASS
clsdoa_v1_pilot_005_ep_000951,Replica,test,243.37174624167702,1.3248392583547082,1.3248392583547082,0.0,-0.9231830408345766,-0.03882249330103352,-0.38239493606651676,-0.9231830408345766,-0.03882249330103352,-0.38239493606651676,0.0,1.478779333471098e-06,-67.49999999999999,-67.49999999999999,0.0,-2.2249241509279,-2.2249241509279,0.0,PASS
clsdoa_v1_pilot_005_ep_000952,Replica,test,-111.02883100283546,1.648046535242176,1.648046535242176,0.0,0.8874631002914127,0.2779928692773577,-0.36759925224637724,0.8874631002914127,0.2779928692773577,-0.36759925224637724,0.0,8.537736462515939e-07,67.5,67.5,0.0,16.140449332760788,16.140449332760788,0.0,PASS
clsdoa_v1_pilot_005_ep_000953,Replica,test,-81.96478720668084,2.70494294455659,2.70494294455659,0.0,0.9238060458836733,0.012612548445201554,0.3826529932072792,0.9238060458836732,0.012612548445201554,0.3826529932072792,1.1102230246251565e-16,0.0,112.5,112.5,0.0,0.7226649554986114,0.7226649554986115,1.1102230246251565e-16,PASS
clsdoa_v1_pilot_005_ep_000954,Replica,test,-126.96478720668084,2.70494294455659,2.70494294455659,0.0,0.3826529932072791,0.012612548445201554,0.9238060458836733,0.3826529932072791,0.012612548445201554,0.9238060458836733,0.0,0.0,157.5,157.5,0.0,0.7226649554986114,0.7226649554986114,0.0,PASS
clsdoa_v1_pilot_005_ep_000955,MP3D,test,154.97361915490828,3.41871638920059,3.41871638920059,0.0,0.38200279574967777,0.05961556002792296,-0.9222363303633117,0.38200279574967777,0.05961556002792296,-0.9222363303633118,1.1102230246251565e-16,0.0,22.5,22.5,0.0,3.417746478914467,3.417746478914466,8.881784197001252e-16,PASS
clsdoa_v1_pilot_005_ep_000956,MP3D,test,27.09315721830086,3.897564913352638,3.897564913352638,0.0,0.9226580986590931,-0.05140421266039,0.3821774978979696,0.9226580986590932,-0.05140421266039,0.3821774978979696,1.1102230246251565e-16,0.0,112.5,112.5,0.0,-2.9465430616458437,-2.9465430616458432,4.440892098500626e-16,PASS
clsdoa_v1_pilot_005_ep_000957,MP3D,test,122.28360068859033,2.3523322370840303,2.3523322370840303,0.0,-0.38186912219859515,0.06520170308112988,-0.9219136138633569,-0.38186912219859515,0.06520170308112988,-0.9219136138633569,0.0,0.0,-22.5,-22.5,0.0,3.7384344453038945,3.7384344453038945,0.0,PASS
clsdoa_v1_pilot_005_ep_000958,MP3D,test,-2.604176289754463,1.3464890619960044,1.3464890619960044,0.0,-0.3776661567672146,-0.1613990506644958,0.9117667577167317,-0.3776661567672146,-0.1613990506644958,0.9117667577167317,0.0,0.0,-157.49999999999997,-157.49999999999997,0.0,-9.288111450861072,-9.288111450861072,0.0,PASS
clsdoa_v1_pilot_005_ep_000959,MP3D,test,-136.2339985876153,1.503996355475519,1.503996355475519,0.0,0.9238795325112866,0.0,-0.3826834323650896,0.9238795325112866,0.0,-0.3826834323650896,0.0,1.478779333471098e-06,67.5,67.5,0.0,0.0,0.0,0.0,PASS
clsdoa_v1_pilot_005_ep_000960,MP3D,test,-236.75478842045146,5.419002153951923,5.419002153951923,0.0,0.38242270957810337,-0.03690716432625478,0.9232500920229233,0.38242270957810337,-0.03690716432625478,0.9232500920229233,0.0,8.537736462515939e-07,157.5,157.5,0.0,-2.115105112922064,-2.115105112922064,0.0,PASS
