episode_id,scene_id,family,yaw_deg,azimuth_deg,elevation_deg,distance_m,los_status,valid_direct_window,angle_deg
clsdoa_v1_pilot_005_ep_000001,replica.apartment_1,Replica,-27.531957204470917,22.5,-10.957175261054712,5.261074456793334,LOS,True,68.63806995542733
clsdoa_v1_pilot_005_ep_000002,replica.apartment_2,Replica,-22.15701154726382,-67.5,4.570555731066136,2.2565678985085893,LOS,True,7.362491743669274
clsdoa_v1_pilot_005_ep_000003,replica.frl_apartment_0,Replica,-117.25141211291879,67.5,0.0,2.267325943098967,LOS,True,4.26886823125797e-06
clsdoa_v1_pilot_005_ep_000004,replica.frl_apartment_1,Replica,-93.64575259641893,157.5,3.287347381436396,3.5330978084609943,LOS,True,0.009757560022279285
clsdoa_v1_pilot_005_ep_000005,replica.frl_apartment_3,Replica,-72.00540982028025,112.5,0.0,2.804452646041798,LOS,True,3.157022832190633
clsdoa_v1_pilot_005_ep_000006,replica.frl_apartment_4,Replica,-165.66607471903478,112.5,4.957322990754195,5.786119648552452,LOS,True,1.7075472925031877e-06
clsdoa_v1_pilot_005_ep_000007,replica.frl_apartment_2,Replica,-63.07294581794884,112.5,-1.2985769682643469,1.293651211070258,LOS,True,2.831646840510158e-06
clsdoa_v1_pilot_005_ep_000008,replica.hotel_0,Replica,-55.409835559014624,157.5,3.951843613204478,2.671106278912533,LOS,True,6.2155659652833185e-06
clsdoa_v1_pilot_005_ep_000009,replica.office_2,Replica,-124.92824325760736,157.5,0.0,5.688036606020518,LOS,True,24.527684714901394
clsdoa_v1_pilot_005_ep_000010,replica.office_4,Replica,42.913167691468146,-157.5,6.882122276341225,4.1726799246694934,LOS,True,0.9498172550221419
clsdoa_v1_pilot_005_ep_000011,replica.office_0,Replica,76.08798340944858,-67.5,-2.103146355263823,3.7977295349732847,LOS,True,115.92343512500125
clsdoa_v1_pilot_005_ep_000012,replica.apartment_1,Replica,-14.340832847104267,-67.5,0.0,1.3959539064642936,LOS,True,87.37517045817812
clsdoa_v1_pilot_005_ep_000013,replica.apartment_2,Replica,249.84926533269805,-112.50000000000004,-16.859259415659917,3.208284648020208,LOS,True,8.913658556096819e-06
clsdoa_v1_pilot_005_ep_000014,replica.room_0,Replica,149.4816505963885,-157.5,-0.6391301553292358,2.223233574094782,LOS,True,1.6231609471220672
clsdoa_v1_pilot_005_ep_000015,replica.frl_apartment_0,Replica,35.05282950534388,-112.5,-38.324027331135795,1.6126221145635782,LOS,True,0.32217634223574676
clsdoa_v1_pilot_005_ep_000016,replica.frl_apartment_3,Replica,200.98927591669386,-157.5,6.193313966763687,4.634635713356225,LOS,True,0.10431242429350657
clsdoa_v1_pilot_005_ep_000017,replica.frl_apartment_2,Replica,116.92705418205117,-67.5,-1.2985769682643469,1.293651211070258,LOS,True,2.831646840510158e-06
clsdoa_v1_pilot_005_ep_000018,replica.frl_apartment_4,Replica,40.30464270586173,-22.5,0.0,1.5814657589115397,LOS,True,0.0
clsdoa_v1_pilot_005_ep_000019,replica.office_2,Replica,-142.7036158177774,-22.5,0.0,1.384190288836107,LOS,True,0.8394500588859765
clsdoa_v1_pilot_005_ep_000020,replica.frl_apartment_1,Replica,28.25689525448228,-22.5,7.533272075678038,2.7699913046516267,LOS,True,1.0833622902560422
clsdoa_v1_pilot_005_ep_000021,replica.office_4,Replica,278.74522378424496,-112.50000000000003,0.0,1.6287722398281215,LOS,True,4.00455336570039e-06
clsdoa_v1_pilot_005_ep_000022,replica.apartment_1,Replica,-28.03405620157153,-112.50000000000003,13.99371039068953,2.0676931257451736,LOS,True,3.7215130446689415e-06
clsdoa_v1_pilot_005_ep_000023,replica.frl_apartment_0,Replica,44.08088605121968,67.5,0.0,1.8883278379153503,LOS,True,0.21711785960246088
clsdoa_v1_pilot_005_ep_000024,replica.frl_apartment_2,Replica,71.92705418205117,-22.5,-1.2985769682643469,1.293651211070258,LOS,True,8.537736462515939e-07
clsdoa_v1_pilot_005_ep_000025,replica.frl_apartment_3,Replica,51.855469579448624,67.5,0.0,1.4987061170424056,LOS,True,1.7075472925031877e-06
clsdoa_v1_pilot_005_ep_000026,replica.frl_apartment_4,Replica,175.30464270586174,-157.50000000000003,0.0,1.5814657589115397,LOS,True,0.0
clsdoa_v1_pilot_005_ep_000027,replica.office_2,Replica,-162.6761030584911,22.5,0.0,4.834170904370063,LOS,True,0.2070029952012014
clsdoa_v1_pilot_005_ep_000028,replica.hotel_0,Replica,79.59016444098538,22.5,3.951843613204478,2.671106278912533,LOS,True,2.4600204006086295
clsdoa_v1_pilot_005_ep_000029,mp3d.17DRP5sb8fy,MP3D,11.296183463585109,-67.5,0.0,3.2531325217329576,LOS,True,8.258134916058555
clsdoa_v1_pilot_005_ep_000030,mp3d.2azQ1b91cZZ,MP3D,-183.8101586622184,22.5,0.0,4.540080781831088,LOS,True,0.9922837969891948
clsdoa_v1_pilot_005_ep_000031,mp3d.5LpN3gDmAk7,MP3D,63.65422687316901,-112.50000000000001,0.0,1.0055632240453367,LOS,True,137.74504786023067
clsdoa_v1_pilot_005_ep_000032,mp3d.759xd9YjKW5,MP3D,98.66111032952355,67.5,0.0,5.574051332014181,LOS,True,71.40871361453772
clsdoa_v1_pilot_005_ep_000033,mp3d.8194nk5LbLH,MP3D,71.57679884470545,67.50000000000003,10.952334309691128,3.6843600147919298,LOS,True,5.663293681020318e-06
clsdoa_v1_pilot_005_ep_000034,mp3d.EDJbREhghzL,MP3D,-67.7717555182872,157.5,0.0,1.1179458481255538,LOS,True,15.831307260311277
clsdoa_v1_pilot_005_ep_000035,mp3d.ARNzJeq3xxb,MP3D,152.91675537977136,-67.50000000000001,-19.455741631430534,3.6027532342567787,LOS,True,3.4150945850063763e-06
clsdoa_v1_pilot_005_ep_000036,mp3d.2n8kARJN3HM,MP3D,206.2311642139877,-112.50000000000001,-2.33397485337306,3.978875597911416,LOS,True,162.63321453601446
clsdoa_v1_pilot_005_ep_000037,mp3d.EU6Fwq7SyZv,MP3D,72.72099290400377,-22.5,4.4204122400352,1.8427425956851264,LOS,True,3.1945284701301985e-06
clsdoa_v1_pilot_005_ep_000038,mp3d.82sE5b5pLXE,MP3D,-298.6378141214001,157.5,4.270322738549427,3.843765244468547,LOS,True,39.21556716345151
clsdoa_v1_pilot_005_ep_000039,mp3d.B6ByNegPMKs,MP3D,-154.84068379913052,157.5,-6.419211891089046,4.472186030360738,LOS,True,64.12278008941595
clsdoa_v1_pilot_005_ep_000040,mp3d.D7N2EKCX4Sj,MP3D,173.88267463818445,-22.50000000000003,0.0,3.483179699171858,LOS,True,1.396751970386336
clsdoa_v1_pilot_005_ep_000041,mp3d.JmbYfDe2QKZ,MP3D,96.32966188063432,22.5,0.0,1.0630826236771074,LOS,True,1.9090959104164224e-06
clsdoa_v1_pilot_005_ep_000042,mp3d.JF19kD82Mey,MP3D,68.24286550926738,67.5,-13.213892426947783,1.9731370852880257,LOS,True,5.0509930079323e-06
clsdoa_v1_pilot_005_ep_000043,mp3d.QUCTc6BB5sX,MP3D,129.76198372813434,-67.49999999999997,5.324979589882489,5.618643285074764,LOS,True,1.0900252224719401e-05
clsdoa_v1_pilot_005_ep_000044,mp3d.RPmz2sHmrrY,MP3D,114.95053263997978,-157.5,0.0,5.20959836211637,LOS,False,
clsdoa_v1_pilot_005_ep_000045,mp3d.S9hNv5qa7GM,MP3D,337.0346564290845,-157.50000000000003,0.0,1.972004603328956,LOS,True,1.5509568494356516e-05
clsdoa_v1_pilot_005_ep_000046,mp3d.JeFG25nYj2p,MP3D,75.10114874623238,67.49999999999997,3.3576300919590505,3.3079064384272594,LOS,True,58.92568768801007
clsdoa_v1_pilot_005_ep_000047,mp3d.PX4nDJXEHrG,MP3D,66.66778443811229,22.5,7.4426788561420345,1.3209183415250638,LOS,True,7.491833340751661e-06
clsdoa_v1_pilot_005_ep_000048,mp3d.TbHJrupSAjP,MP3D,47.27398732972782,112.5,0.12466138052256054,1.9375048373676569,LOS,True,46.39686420141737
clsdoa_v1_pilot_005_ep_000049,mp3d.YVUC4YcDtcY,MP3D,-58.20118402985402,112.5,0.452303975655596,1.5755847532444718,LOS,True,9.80911239371097e-06
clsdoa_v1_pilot_005_ep_000050,mp3d.Pm6F8kyY3z2,MP3D,17.856197395121377,-22.5,-10.790982908778137,2.67743358112006,LOS,True,1.652062556306761
clsdoa_v1_pilot_005_ep_000051,mp3d.YmJkqBEsHnH,MP3D,-107.69865264519208,157.5,-1.042497386409776,1.2784861496651896,LOS,True,4.094554566467037e-06
clsdoa_v1_pilot_005_ep_000052,mp3d.UwV83HsGsw3,MP3D,35.40616326923957,22.5,0.0,4.919689624882465,LOS,True,0.17790748000236406
clsdoa_v1_pilot_005_ep_000053,mp3d.SN83YJsR3w2,MP3D,267.83652118293395,-157.5,0.06652273045440245,3.4608322900314006,LOS,True,45.42473204728136
clsdoa_v1_pilot_005_ep_000054,mp3d.ZMojNkEp431,MP3D,-123.67605746085457,112.5,0.0,1.3131789218070509,LOS,True,9.734517300533532e-06
clsdoa_v1_pilot_005_ep_000055,mp3d.Uxmj2M2itWa,MP3D,-270.82170821410944,112.5,0.0,3.9148014471314245,LOS,True,14.506923504016696
clsdoa_v1_pilot_005_ep_000056,mp3d.VLzqgDo317F,MP3D,17.76524263030427,-112.50000000000001,-0.7159965866856958,3.573050377424505,LOS,True,0.7526511385526521
clsdoa_v1_pilot_005_ep_000057,replica.apartment_0,Replica,196.74808482439659,-157.5,0.0,5.038972511468278,LOS,True,60.797278820138466
clsdoa_v1_pilot_005_ep_000058,replica.office_1,Replica,-13.682093157345754,67.5,25.76562452348209,1.7513687112605847,LOS,True,0.49464965623224516
clsdoa_v1_pilot_005_ep_000059,replica.frl_apartment_5,Replica,270.9525780022871,-112.49999999999999,-35.04150773437811,3.7587197360604603,LOS,True,36.002153676140516
clsdoa_v1_pilot_005_ep_000060,replica.apartment_0,Replica,151.74979692171823,-22.5,0.0,1.9451364589777471,LOS,True,57.471673671693594
clsdoa_v1_pilot_005_ep_000061,replica.office_1,Replica,-11.42138638826475,-67.5,-3.660987436184192,1.5661011089375845,LOS,True,1.4787793334710982e-06
clsdoa_v1_pilot_005_ep_000062,replica.frl_apartment_5,Replica,-36.365894083413984,22.5,3.9488990471537284,3.716482877170675,LOS,True,0.10162310004830902
clsdoa_v1_pilot_005_ep_000063,mp3d.1LXtFkjw3qL,MP3D,-67.43834674509822,-67.5,0.0,3.5599046003783252,LOS,True,28.963982312620242
clsdoa_v1_pilot_005_ep_000064,mp3d.29hnd4uzFmX,MP3D,255.794068508347,-157.5,1.8660325797791335,3.835635446595364,LOS,True,2.091309789151873e-06
clsdoa_v1_pilot_005_ep_000065,mp3d.5ZKStnWn8Zo,MP3D,35.606672083780296,-22.5,-11.946924052150901,4.732287377266349,LOS,True,0.4707997871427934
clsdoa_v1_pilot_005_ep_000066,mp3d.2t7WUuJeko7,MP3D,-296.2526482609598,157.5,-4.6194406760916005,2.002371532966784,LOS,True,0.3942263445893734
clsdoa_v1_pilot_005_ep_000067,mp3d.D7G3Y4RVNrH,MP3D,207.63390694713956,-112.50000000000001,1.321481132794957,1.3094856711623626,LOS,True,2.32094561643728e-05
clsdoa_v1_pilot_005_ep_000068,mp3d.ULsKaCPVFJR,MP3D,-214.7520117187106,112.5,0.0,1.991060207954639,LOS,True,0.824018788579519
clsdoa_v1_pilot_005_ep_000069,replica.office_3,Replica,-138.0241510302137,157.5,0.0,2.8429158062021576,LOS,True,0.06531249526628609
clsdoa_v1_pilot_005_ep_000070,replica.room_2,Replica,92.18165764158033,-22.5,-4.6896898363669015,1.5857446753551672,LOS,True,1.2074182697257333e-06
clsdoa_v1_pilot_005_ep_000071,replica.office_3,Replica,-198.6960793273515,67.5,0.0,1.5516122140386461,LOS,True,7.636383641665695e-06
clsdoa_v1_pilot_005_ep_000072,replica.room_2,Replica,12.37484003755003,112.5,0.16385253599955577,4.83182063364462,LOS,True,3.2010741309792166
clsdoa_v1_pilot_005_ep_000073,replica.room_1,Replica,98.03521279331916,-67.5,0.7226649554986114,2.70494294455659,LOS,True,2.831646840510158e-06
clsdoa_v1_pilot_005_ep_000074,replica.office_3,Replica,-9.03466777554275,22.5,-18.103578320545964,3.218168056693533,LOS,True,58.18106122115012
clsdoa_v1_pilot_005_ep_000075,mp3d.1pXnuDYAj8r,MP3D,299.6606017416444,-157.5,0.0,3.1326871381541257,LOS,True,97.89361940942769
clsdoa_v1_pilot_005_ep_000076,mp3d.GdvgFV5R1Z5,MP3D,75.58125757134329,67.5,-5.978032379962035,4.800899559180414,LOS,True,21.170602994164632
clsdoa_v1_pilot_005_ep_000077,mp3d.5q7pvUzZiYa,MP3D,117.09315721830086,22.5,-2.9465430616458437,3.897564913352638,LOS,True,10.829446812153126
clsdoa_v1_pilot_005_ep_000078,mp3d.HxpKQynjfin,MP3D,-136.83589419172637,-22.5,0.0,1.4421547860431334,LOS,True,6.331754823653221e-06
clsdoa_v1_pilot_005_ep_000079,mp3d.oLBMNvg9in8,MP3D,246.40724043432982,-67.50000000000003,-1.1130582648833391,1.9529631941105337,LOS,True,53.25366106330474
clsdoa_v1_pilot_005_ep_000080,mp3d.7y3sRwLe3Va,MP3D,-59.44464213817702,-112.5,-57.378155713374476,1.069298855988421,LOS,True,1.344524082641768e-05
clsdoa_v1_pilot_005_ep_000081,replica.office_0,Replica,76.08798340944858,-67.5,-2.103146355263823,3.7977295349732847,LOS,True,115.92343512500125
clsdoa_v1_pilot_005_ep_000082,replica.office_4,Replica,96.36280821103439,-112.5,0.0,1.3679345425717602,LOS,True,2.2588727439225506e-06
clsdoa_v1_pilot_005_ep_000083,replica.apartment_1,Replica,-83.42508395490363,22.5,0.0,4.3625830103039185,LOS,True,0.23278426660355914
clsdoa_v1_pilot_005_ep_000084,replica.apartment_2,Replica,204.84926533269805,-67.50000000000001,-16.859259415659917,3.208284648020208,LOS,True,0.14306218713225163
clsdoa_v1_pilot_005_ep_000085,replica.room_0,Replica,-50.00308742075539,157.5,-17.66673848369628,1.9567931003483474,LOS,True,0.010800383063948201
clsdoa_v1_pilot_005_ep_000086,replica.frl_apartment_0,Replica,28.574586631662097,-22.5,0.0,5.404156169877661,LOS,True,2.9575586669421963e-06
clsdoa_v1_pilot_005_ep_000087,replica.frl_apartment_2,Replica,-63.07294581794884,112.5,-1.2985769682643469,1.293651211070258,LOS,True,2.831646840510158e-06
clsdoa_v1_pilot_005_ep_000088,replica.frl_apartment_1,Replica,-61.74310474551772,67.5,7.533272075678038,2.7699913046516267,LOS,True,1.2924912925730985
clsdoa_v1_pilot_005_ep_000089,replica.hotel_0,Replica,259.5901644409854,-157.50000000000003,3.9518436132044785,2.671106278912533,LOS,True,0.21106035805613846
clsdoa_v1_pilot_005_ep_000090,replica.frl_apartment_3,Replica,279.1113149589963,-112.5,2.6439320482281365,4.51256018721931,LOS,True,37.25937095451469
clsdoa_v1_pilot_005_ep_000091,replica.office_0,Replica,31.08798340944859,-22.5,-2.103146355263823,3.7977295349732847,LOS,True,20.227276052976322
clsdoa_v1_pilot_005_ep_000092,replica.room_0,Replica,104.4816505963885,-112.5,-0.6391301553292358,2.223233574094782,LOS,True,0.9900398306692456
clsdoa_v1_pilot_005_ep_000093,replica.frl_apartment_4,Replica,42.89972309129929,22.5,0.0,1.2462627838248732,LOS,True,3.585636642722261
clsdoa_v1_pilot_005_ep_000094,replica.office_2,Replica,-134.81198493559714,112.5,0.0,1.9475391575000862,LOS,True,0.4711273187199048
clsdoa_v1_pilot_005_ep_000095,replica.apartment_2,Replica,294.84926533269805,-157.50000000000006,-16.859259415659917,3.208284648020208,LOS,True,0.5057780409692211
clsdoa_v1_pilot_005_ep_000096,replica.frl_apartment_1,Replica,131.35424740358107,-67.5,3.287347381436396,3.5330978084609943,LOS,True,8.537736462515939e-07
clsdoa_v1_pilot_005_ep_000097,replica.office_4,Replica,-24.298103927287773,22.5,0.0,1.2681644230952123,LOS,True,1.2313298636799924e-05
clsdoa_v1_pilot_005_ep_000098,replica.apartment_1,Replica,213.28404976929733,-67.49999999999999,0.0,4.790985377683601,LOS,True,0.14948011575818887
clsdoa_v1_pilot_005_ep_000099,replica.frl_apartment_0,Replica,-61.4254133683379,67.5,0.0,5.404156169877661,LOS,True,2.9575586669421963e-06
clsdoa_v1_pilot_005_ep_000100,replica.hotel_0,Replica,124.59016444098538,-22.5,3.951843613204478,2.671106278912533,LOS,True,0.43173446154816464
clsdoa_v1_pilot_005_ep_000101,replica.office_0,Replica,-148.91201659055142,157.5,-2.1031463552638234,3.7977295349732847,LOS,True,102.7080657299432
clsdoa_v1_pilot_005_ep_000102,replica.room_0,Replica,264.9969125792446,-157.5,-17.66673848369628,1.9567931003483474,LOS,True,7.3444386094852035e-06
clsdoa_v1_pilot_005_ep_000103,replica.frl_apartment_2,Replica,-102.3788252351048,22.5,-51.59627596698827,1.2101550193639763,LOS,True,0.02112393492612269
clsdoa_v1_pilot_005_ep_000104,replica.frl_apartment_3,Replica,-57.94224187279525,157.5,0.0,1.4890430008087883,LOS,True,0.06569122050120796
clsdoa_v1_pilot_005_ep_000105,replica.frl_apartment_4,Replica,19.097209748012613,-22.5,2.2586122593938565,4.853347215838376,LOS,True,0.0
clsdoa_v1_pilot_005_ep_000106,replica.hotel_0,Replica,-61.34325506356771,-112.50000000000001,-33.200492041874284,1.5696528514318266,LOS,True,3.52019892386405e-06
clsdoa_v1_pilot_005_ep_000107,replica.apartment_2,Replica,-157.15701154726383,67.5,4.570555731066135,2.2565678985085893,LOS,True,7.9440506508105555
clsdoa_v1_pilot_005_ep_000108,replica.office_2,Replica,-84.71942401863632,112.5,0.0,1.1600372441817404,LOS,True,1.2728540865801028
clsdoa_v1_pilot_005_ep_000109,mp3d.Vt2qJdWjCF2,MP3D,-60.05710028070085,-22.5,6.7667904294975685,4.243458793290187,LOS,True,16.54555999702915
clsdoa_v1_pilot_005_ep_000110,mp3d.VVfe2KiqLaN,MP3D,-249.37869403771595,157.5,-1.8695715241867257,3.78063561400619,LOS,True,0.6882746299298145
clsdoa_v1_pilot_005_ep_000111,mp3d.Vvot9Ly1tCj,MP3D,-101.50458868750385,67.5,0.0,3.708777972138765,LOS,True,0.33647520155812183
clsdoa_v1_pilot_005_ep_000112,mp3d.gTV8FGcVJC9,MP3D,5.797807457778973,-22.5,0.0,1.359104004312102,LOS,True,5.4668187275950014e-06
clsdoa_v1_pilot_005_ep_000113,mp3d.jh4fc5c5qoQ,MP3D,-133.64935122046998,157.5,-2.933890239666216,1.3264945860928117,LOS,True,2.3603145043759404
clsdoa_v1_pilot_005_ep_000114,mp3d.mJXqzFtmKg4,MP3D,242.41997433920005,-112.49999999999996,0.0,1.5562286119374296,LOS,True,0.10208064663302095
clsdoa_v1_pilot_005_ep_000115,mp3d.aayBHfsNo7d,MP3D,42.58921772024229,-157.5,-37.75097130375492,4.736776382629889,LOS,True,46.1050501373877
clsdoa_v1_pilot_005_ep_000116,mp3d.WYY7iVyf5p8,MP3D,294.2055803611092,-157.5,-0.053945201085101105,2.549090204146629,LOS,True,21.651611227053277
clsdoa_v1_pilot_005_ep_000117,mp3d.pRbA3pwrgk9,MP3D,178.89180810789435,-67.50000000000001,2.977405987769936,1.9252259726527692,LOS,True,0.1446128747787968
clsdoa_v1_pilot_005_ep_000118,mp3d.X7HyMhZNoso,MP3D,55.775484988187,112.5,14.681240227424514,2.132931787446385,LOS,True,6.722620413208828e-06
clsdoa_v1_pilot_005_ep_000119,mp3d.Z6MFQCViBuw,MP3D,255.89800139164822,-112.49999999999999,10.39007242598788,1.9470030706110024,LOS,True,1.2605816820395112e-05
clsdoa_v1_pilot_005_ep_000120,mp3d.pa4otMbVnkk,MP3D,45.85494293956593,-157.5,0.0,5.2868058580055255,LOS,True,68.41763509475736
clsdoa_v1_pilot_005_ep_000121,mp3d.XcA2TqTSSAj,MP3D,14.95574405875044,-157.5,-2.0321681062627546,3.8896773752756273,LOS,True,3.52019892386405e-06
clsdoa_v1_pilot_005_ep_000122,mp3d.e9zR4mvMWw7,MP3D,-128.49501627676602,67.5,4.498051885848919,3.4192554326945293,LOS,True,0.161853537944866
clsdoa_v1_pilot_005_ep_000123,mp3d.gYvKGZ5eRqb,MP3D,-92.6877092307513,112.5,-11.777632467017332,3.0108143953113484,LOS,True,4.353408482428142e-06
clsdoa_v1_pilot_005_ep_000124,mp3d.gZ6f7yhEvPG,MP3D,-201.6309409001544,112.5,-11.672566903687382,3.6168927944672693,LOS,True,2.9575586669421963e-06
clsdoa_v1_pilot_005_ep_000125,mp3d.p5wJjkQkbXX,MP3D,-65.64297856704775,112.5,-12.958107526624966,1.5823607951829386,LOS,True,2.091309789151873e-06
clsdoa_v1_pilot_005_ep_000126,mp3d.qoiz87JEwZ2,MP3D,-10.743441321097215,-22.5,4.791837054510991,5.985452582210307,LOS,True,35.85748789052997
clsdoa_v1_pilot_005_ep_000127,mp3d.r47D5H71a5s,MP3D,16.90242649743277,22.5,0.0,1.0926492782979058,LOS,True,2.561320938754782e-06
clsdoa_v1_pilot_005_ep_000128,mp3d.i5noydFURQK,MP3D,-24.97645189345039,157.5,3.1275679329928523,3.1655444685820697,LOS,True,34.7144103841062
clsdoa_v1_pilot_005_ep_000129,mp3d.rqfALeAoiTq,MP3D,122.57788380354489,22.5,0.0,1.2228611992150882,LOS,True,3.4150945850063763e-06
clsdoa_v1_pilot_005_ep_000130,mp3d.s8pcmisQ38h,MP3D,3.6257035437171297,-67.5,0.29091597256415697,5.414560941985026,LOS,True,57.95424254373165
clsdoa_v1_pilot_005_ep_000131,mp3d.jtcxE69GiFV,MP3D,-132.5650677631953,67.5,-2.4064075892309953,2.662140195916299,LOS,True,0.5984175746041368
clsdoa_v1_pilot_005_ep_000132,mp3d.wc2JMjhGNzB,MP3D,80.26654454468525,-112.5,-1.9991919015888435,5.733065367623996,LOS,False,
clsdoa_v1_pilot_005_ep_000133,mp3d.17DRP5sb8fy,MP3D,72.36805080186944,-67.5,0.0,1.0420637082028303,LOS,True,1.4787793334710982e-06
clsdoa_v1_pilot_005_ep_000134,mp3d.pLe4wQe7qrG,MP3D,5.233131835822007,22.5,0.25906717521168315,3.355501228672122,LOS,True,0.42561134996120065
clsdoa_v1_pilot_005_ep_000135,mp3d.5LpN3gDmAk7,MP3D,48.07903923623837,67.5,0.0,1.0316596442412675,LOS,True,9.545479552082124e-06
clsdoa_v1_pilot_005_ep_000136,mp3d.8194nk5LbLH,MP3D,-170.34300662568424,157.5,0.0,1.6168726419582067,LOS,True,2.4148365394514667e-06
clsdoa_v1_pilot_005_ep_000137,replica.apartment_0,Replica,-16.589836974255547,-112.49999999999999,0.0,5.046659066241037,LOS,True,5.8114763983647775
clsdoa_v1_pilot_005_ep_000138,replica.frl_apartment_5,Replica,-36.365894083413984,22.5,3.9488990471537284,3.716482877170675,LOS,True,0.10162310004830902
clsdoa_v1_pilot_005_ep_000139,replica.office_1,Replica,144.4682291886266,-67.49999999999999,-24.803027038524835,1.2696089305273963,LOS,True,0.8598798417630553
clsdoa_v1_pilot_005_ep_000140,replica.apartment_0,Replica,-269.2504890881101,112.5,0.0,3.4978819769990936,LOS,True,29.322637634464822
clsdoa_v1_pilot_005_ep_000141,replica.office_1,Replica,182.088518951554,-22.5,1.2977115815537543,1.4215521679188856,LOS,True,113.06770479096265
clsdoa_v1_pilot_005_ep_000142,replica.frl_apartment_5,Replica,-81.36589408341398,67.5,3.9488990471537284,3.716482877170675,LOS,True,2.699869328381916e-06
clsdoa_v1_pilot_005_ep_000143,mp3d.V2XKFyX4ASd,MP3D,41.38392124089174,-112.5,0.0,3.773088235464971,LOS,True,34.078776498753655
clsdoa_v1_pilot_005_ep_000144,mp3d.ac26ZMwG7aT,MP3D,-5.818582736608974,-67.5,5.733020152513626,4.869810040222258,LOS,True,0.632740523745288
clsdoa_v1_pilot_005_ep_000145,mp3d.cV4RVeZvu5T,MP3D,-174.57755773188794,157.5,-2.9515446547615847,1.8900215916575531,LOS,True,10.98767424079445
clsdoa_v1_pilot_005_ep_000146,mp3d.YFuZgdQ5vWj,MP3D,207.1293305656094,-157.50000000000003,4.546891853745546,2.5767445644918476,LOS,True,5.3318147119265075e-06
clsdoa_v1_pilot_005_ep_000147,mp3d.zsNo4HB9uLZ,MP3D,-201.8633167218811,22.5,-9.636374792094422,1.060382888989486,LOS,True,1.7969856468318e-05
clsdoa_v1_pilot_005_ep_000148,mp3d.5ZKStnWn8Zo,MP3D,-21.47518543221429,-22.5,0.0,1.107564449792924,LOS,True,4.182619578303747e-06
clsdoa_v1_pilot_005_ep_000149,replica.room_1,Replica,-201.02883100283546,157.5,16.140449332760785,1.648046535242176,LOS,True,2.9575586669421963e-06
clsdoa_v1_pilot_005_ep_000150,replica.room_1,Replica,113.97116899716454,-157.5,16.140449332760788,1.648046535242176,LOS,True,2.4148365394514667e-06
clsdoa_v1_pilot_005_ep_000151,replica.room_2,Replica,-66.20756957992009,22.5,1.3796588151847016,4.915555958330656,LOS,True,3.4827308368048473
clsdoa_v1_pilot_005_ep_000152,replica.office_3,Replica,-74.5049252549978,-22.5,0.0,2.61454535741533,LOS,True,0.5143173463684233
clsdoa_v1_pilot_005_ep_000153,replica.room_1,Replica,-81.96478720668084,112.5,0.7226649554986114,2.70494294455659,LOS,True,2.091309789151873e-06
clsdoa_v1_pilot_005_ep_000154,replica.room_2,Replica,108.37174624167702,67.50000000000003,-2.2249241509278996,1.3248392583547082,LOS,True,8.537736462515939e-07
clsdoa_v1_pilot_005_ep_000155,mp3d.8WUmhLawc2A,MP3D,167.28360068859033,-67.50000000000001,3.7384344453038936,2.3523322370840303,LOS,True,0.09171494689081651
clsdoa_v1_pilot_005_ep_000156,mp3d.PuKPg4mmafe,MP3D,-127.1082413886108,67.5,-4.036823244771692,3.2856066522751246,LOS,True,0.2536596160670741
clsdoa_v1_pilot_005_ep_000157,mp3d.q9vSo1VnCiC,MP3D,-24.295079027381533,22.5,-3.7730224998187696,1.5196629258086343,LOS,True,6.557959812547711e-06
clsdoa_v1_pilot_005_ep_000158,mp3d.VFuaQ6m2Qom,MP3D,159.5221172485671,-22.5,-2.9659469952726676,2.628418108496714,LOS,True,25.118285637779657
clsdoa_v1_pilot_005_ep_000159,mp3d.1pXnuDYAj8r,MP3D,52.826428654557816,-112.5,0.0,1.7880176633282658,LOS,True,1.0491346209810032e-05
clsdoa_v1_pilot_005_ep_000160,mp3d.GdvgFV5R1Z5,MP3D,-132.85493017044038,112.5,-5.145317905307166,4.971885677741359,LOS,True,35.194330270740515
clsdoa_v1_pilot_005_ep_000161,replica.office_0,Replica,-323.0172602793634,157.50000000000006,-6.150054544088054,1.340944304512247,LOS,True,6.3890569402603996e-06
clsdoa_v1_pilot_005_ep_000162,replica.office_4,Replica,-69.29810392728777,67.5,0.0,1.2681644230952123,LOS,True,1.0731768324341125e-05
clsdoa_v1_pilot_005_ep_000163,replica.room_0,Replica,219.99691257924462,-112.50000000000001,-17.666738483696278,1.9567931003483474,LOS,True,0.06707884863884499
clsdoa_v1_pilot_005_ep_000164,replica.frl_apartment_1,Replica,-93.64575259641893,157.5,3.287347381436396,3.5330978084609943,LOS,True,0.009757560022279285
clsdoa_v1_pilot_005_ep_000165,replica.apartment_1,Replica,-28.03405620157153,-112.50000000000003,-13.99371039068953,2.0676931257451736,LOS,True,3.1945284701301985e-06
clsdoa_v1_pilot_005_ep_000166,replica.frl_apartment_0,Replica,285.7498124837445,-112.5,-19.558641238626606,1.7233534982075687,LOS,True,7.091976543484069e-06
clsdoa_v1_pilot_005_ep_000167,replica.apartment_2,Replica,24.849265332698053,112.5,-16.859259415659917,3.208284648020208,LOS,True,0.3143389705740539
clsdoa_v1_pilot_005_ep_000168,replica.frl_apartment_1,Replica,86.35424740358107,-22.50000000000003,3.287347381436396,3.5330978084609943,LOS,True,8.233494873389921e-06
clsdoa_v1_pilot_005_ep_000169,replica.frl_apartment_2,Replica,116.92705418205117,-67.5,-1.2985769682643469,1.293651211070258,LOS,True,2.831646840510158e-06
clsdoa_v1_pilot_005_ep_000170,replica.frl_apartment_3,Replica,68.8443287396318,-22.5,0.0,1.3401615289024906,LOS,True,2.4148365394514667e-06
clsdoa_v1_pilot_005_ep_000171,replica.frl_apartment_4,Replica,85.30464270586174,-67.50000000000001,0.0,1.5814657589115397,LOS,True,0.0
clsdoa_v1_pilot_005_ep_000172,replica.hotel_0,Replica,79.59016444098538,22.5,3.951843613204478,2.671106278912533,LOS,True,2.4600204006086295
clsdoa_v1_pilot_005_ep_000173,replica.office_0,Replica,-188.0172602793634,22.5,-6.150054544088054,1.340944304512247,LOS,True,4.00455336570039e-06
clsdoa_v1_pilot_005_ep_000174,replica.office_2,Replica,-72.6761030584911,-67.5,0.0,4.834170904370063,LOS,True,1.9090959104164224e-06
clsdoa_v1_pilot_005_ep_000175,replica.office_4,Replica,76.67620519607857,67.5,4.93907689597656,5.807441649152578,LOS,True,13.085109978619878
clsdoa_v1_pilot_005_ep_000176,replica.apartment_1,Replica,-117.82117091971713,22.5,7.062913625477308,4.0663916535646605,LOS,True,10.691371773689726
clsdoa_v1_pilot_005_ep_000177,replica.room_0,Replica,-165.5183494036115,157.5,-0.6391301553292357,2.223233574094782,LOS,True,2.7557338802872664
clsdoa_v1_pilot_005_ep_000178,replica.frl_apartment_0,Replica,331.82704701274804,-157.50000000000003,0.0,1.4332825806835572,LOS,True,2.6411431384973674
clsdoa_v1_pilot_005_ep_000179,replica.apartment_2,Replica,-67.15701154726382,-22.5,4.570555731066136,2.2565678985085893,LOS,True,7.518656416095492
clsdoa_v1_pilot_005_ep_000180,replica.frl_apartment_3,Replica,-22.761383475167804,112.5,0.0,4.418700660872144,LOS,True,0.004877032178695012
clsdoa_v1_pilot_005_ep_000181,replica.frl_apartment_4,Replica,64.09720974801262,-67.50000000000001,-3.64259845193079,4.859393864142617,LOS,True,0.1372489503017404
clsdoa_v1_pilot_005_ep_000182,replica.office_2,Replica,-34.92824325760737,67.5,0.0,5.688036606020518,LOS,True,24.328046931434034
clsdoa_v1_pilot_005_ep_000183,replica.frl_apartment_1,Replica,-3.6457525964189372,67.5,3.2873473814363963,3.5330978084609943,LOS,True,8.321556147031972e-06
clsdoa_v1_pilot_005_ep_000184,replica.hotel_0,Replica,259.5901644409854,-157.50000000000003,3.9518436132044785,2.671106278912533,LOS,True,0.21106035805613846
clsdoa_v1_pilot_005_ep_000185,replica.office_0,Replica,31.08798340944859,-22.5,-2.103146355263823,3.7977295349732847,LOS,True,20.227276052976322
clsdoa_v1_pilot_005_ep_000186,replica.office_4,Replica,251.5717533814689,-157.50000000000003,0.0,3.6256298453422415,LOS,True,0.06590780998446823
clsdoa_v1_pilot_005_ep_000187,replica.frl_apartment_2,Replica,-63.07294581794884,112.5,-1.2985769682643469,1.293651211070258,LOS,True,2.831646840510158e-06
clsdoa_v1_pilot_005_ep_000188,replica.apartment_1,Replica,52.9931462494296,22.5,0.0,1.46060173430602,LOS,True,6.502146373618258e-06
clsdoa_v1_pilot_005_ep_000189,mp3d.EDJbREhghzL,MP3D,247.2282444817128,-157.50000000000003,0.0,1.1179458481255538,LOS,True,16.179575950269754
clsdoa_v1_pilot_005_ep_000190,mp3d.rPc6DW4iMge,MP3D,74.16459858125877,-67.5,2.7364387153164222,3.3861009842766214,LOS,True,0.2878403956663777
clsdoa_v1_pilot_005_ep_000191,mp3d.sKLMLpTHeUy,MP3D,74.1302441845846,-112.5,-3.6556308513841893,3.527580900860227,LOS,True,39.31166991964552
clsdoa_v1_pilot_005_ep_000192,mp3d.sT4fr6TAbpF,MP3D,-250.08069989583427,112.5,4.904635070514339,3.9334542592810138,LOS,True,8.268347863339041
clsdoa_v1_pilot_005_ep_000193,mp3d.yqstnuAEVhm,MP3D,-19.785626767984077,-22.5,0.0,4.766918744661528,LOS,True,0.4935930106264563
clsdoa_v1_pilot_005_ep_000194,mp3d.EU6Fwq7SyZv,MP3D,-62.279007095996235,112.5,4.4204122400352,1.8427425956851264,LOS,True,2.091309789151873e-06
clsdoa_v1_pilot_005_ep_000195,mp3d.vyrNrziPKCB,MP3D,71.84283959367208,-157.5,4.0451359018574236,2.2001425601260314,LOS,True,1.8251595920314006e-05
clsdoa_v1_pilot_005_ep_000196,mp3d.JmbYfDe2QKZ,MP3D,141.32966188063432,-22.5,0.0,1.0630826236771074,LOS,True,1.4787793334710982e-06
clsdoa_v1_pilot_005_ep_000197,mp3d.x8F5xyUWy9e,MP3D,-72.9095560958802,157.5,-38.388887360528635,1.6030579610619613,LOS,True,7.824964720612764e-06
clsdoa_v1_pilot_005_ep_000198,mp3d.2azQ1b91cZZ,MP3D,-58.19161002994364,22.5,-40.813352497977945,5.201982405577874,LOS,False,
clsdoa_v1_pilot_005_ep_000199,mp3d.RPmz2sHmrrY,MP3D,-57.29151046128368,-112.5,0.0,1.4154616748891848,LOS,True,0.011665839279708419
clsdoa_v1_pilot_005_ep_000200,mp3d.S9hNv5qa7GM,MP3D,112.03465642908452,67.5,0.0,1.972004603328956,LOS,True,1.5224965077553749e-05
clsdoa_v1_pilot_005_ep_000201,mp3d.2n8kARJN3HM,MP3D,26.231164213987697,67.5,-2.33397485337306,3.978875597911416,LOS,True,165.80007378487244
clsdoa_v1_pilot_005_ep_000202,mp3d.759xd9YjKW5,MP3D,58.6032108980242,-67.5,-21.667637055161826,2.7083984857254166,LOS,True,0.6981072895586173
clsdoa_v1_pilot_005_ep_000203,mp3d.TbHJrupSAjP,MP3D,47.27398732972782,112.5,0.12466138052256054,1.9375048373676569,LOS,True,46.39686420141737
clsdoa_v1_pilot_005_ep_000204,mp3d.YVUC4YcDtcY,MP3D,76.79881597014598,-22.5,0.45230397565559594,1.5755847532444718,LOS,True,1.9375207382177372e-05
clsdoa_v1_pilot_005_ep_000205,mp3d.ARNzJeq3xxb,MP3D,-124.21154588038951,22.5,-10.372324352470157,5.554196982636793,LOS,True,62.717800410620136
clsdoa_v1_pilot_005_ep_000206,mp3d.82sE5b5pLXE,MP3D,-28.637814121400112,-112.50000000000001,4.270322738549427,3.843765244468547,LOS,True,36.42767548676377
clsdoa_v1_pilot_005_ep_000207,mp3d.B6ByNegPMKs,MP3D,70.15931620086948,-67.5,-12.681203081618191,4.555265951638141,LOS,True,80.01247302715132
clsdoa_v1_pilot_005_ep_000208,mp3d.D7N2EKCX4Sj,MP3D,263.8826746381844,-112.49999999999997,0.0,3.483179699171858,LOS,True,1.9103630186925418
clsdoa_v1_pilot_005_ep_000209,mp3d.JF19kD82Mey,MP3D,-31.120335419990575,67.5,-2.4270123275428133,3.9056973928163443,LOS,True,0.13061856127822086
clsdoa_v1_pilot_005_ep_000210,mp3d.QUCTc6BB5sX,MP3D,-57.513730186593044,112.5,0.0,4.45939899782814,LOS,True,37.466634221600685
clsdoa_v1_pilot_005_ep_000211,mp3d.JeFG25nYj2p,MP3D,-127.17595228087477,157.5,12.87600065539694,2.6605117611595377,LOS,True,1.0134309322470731
clsdoa_v1_pilot_005_ep_000212,mp3d.PX4nDJXEHrG,MP3D,-17.5561717713677,-157.5,2.496541688362186,2.984641714723914,LOS,True,1.7759715338262674
clsdoa_v1_pilot_005_ep_000213,mp3d.YmJkqBEsHnH,MP3D,-122.49462928168046,157.5,3.2275470146044434,1.5330267214496194,LOS,True,3.407989365427531
clsdoa_v1_pilot_005_ep_000214,mp3d.UwV83HsGsw3,MP3D,123.73964553621707,-157.5,5.290609074829866,1.3381941504139052,LOS,True,1.1197136397927998e-05
clsdoa_v1_pilot_005_ep_000215,mp3d.Uxmj2M2itWa,MP3D,-102.53802467041777,157.5,0.0,5.648519233608356,LOS,True,13.030432554105802
clsdoa_v1_pilot_005_ep_000216,mp3d.ZMojNkEp431,MP3D,-33.676057460854565,22.5,0.0,1.3131789218070509,LOS,True,2.2588727439225506e-06
clsdoa_v1_pilot_005_ep_000217,replica.apartment_0,Replica,-197.21001900273995,112.5,1.2226552598642364,4.32328044737066,LOS,True,4.991355278390896
clsdoa_v1_pilot_005_ep_000218,replica.office_1,Replica,191.47040296540348,-22.50000000000003,-44.22842132726225,1.2241919096782317,LOS,True,6.802750725849861
clsdoa_v1_pilot_005_ep_000219,replica.apartment_0,Replica,116.17094771098667,22.5,0.0,1.4592045578016002,LOS,True,0.031225858991565488
clsdoa_v1_pilot_005_ep_000220,replica.frl_apartment_5,Replica,-81.36589408341398,67.5,3.9488990471537284,3.716482877170675,LOS,True,2.699869328381916e-06
clsdoa_v1_pilot_005_ep_000221,replica.frl_apartment_5,Replica,-171.365894083414,157.5,3.9488990471537284,3.716482877170675,LOS,True,5.4668187275950014e-06
clsdoa_v1_pilot_005_ep_000222,replica.office_1,Replica,-10.085356827639501,-67.5,-74.08754263228555,1.0232468127175247,LOS,True,1.5607519790532516
clsdoa_v1_pilot_005_ep_000223,mp3d.b8cTxDM8gDG,MP3D,41.398285261163934,-112.49999999999999,2.4739452872177075,3.5649928770896553,LOS,True,1.2074182697257333e-06
clsdoa_v1_pilot_005_ep_000224,mp3d.r1Q1Z4BcV1o,MP3D,-44.97990028997789,-22.5,2.6658567127255846,2.5659343063990123,LOS,True,0.1880415139480732
clsdoa_v1_pilot_005_ep_000225,mp3d.1LXtFkjw3qL,MP3D,178.9490405176423,-157.5,-4.868449942881682,5.891483332586115,LOS,True,41.82011895377543
clsdoa_v1_pilot_005_ep_000226,mp3d.D7G3Y4RVNrH,MP3D,70.45307130806685,-67.50000000000001,0.0,1.1481998433847163,LOS,True,29.03816221891239
clsdoa_v1_pilot_005_ep_000227,mp3d.ULsKaCPVFJR,MP3D,-92.57529771388239,67.5,14.981643987868164,1.9341643310306051,LOS,True,3.1945284701301985e-06
clsdoa_v1_pilot_005_ep_000228,mp3d.29hnd4uzFmX,MP3D,75.79406850834701,22.5,1.8660325797791335,3.835635446595364,LOS,True,2.091309789151873e-06
clsdoa_v1_pilot_005_ep_000229,replica.office_3,Replica,-18.696079327351498,-112.49999999999999,0.0,1.5516122140386461,LOS,True,7.540324677666867e-06
clsdoa_v1_pilot_005_ep_000230,replica.room_1,Replica,-126.96478720668084,157.5,0.7226649554986114,2.70494294455659,LOS,True,2.2588727439225506e-06
clsdoa_v1_pilot_005_ep_000231,replica.room_2,Replica,108.37174624167702,67.50000000000003,-2.2249241509278996,1.3248392583547082,LOS,True,8.537736462515939e-07
clsdoa_v1_pilot_005_ep_000232,replica.office_3,Replica,176.9758489697863,-157.5,-19.379400989829183,3.013663929696552,LOS,True,0.5208359123056872
clsdoa_v1_pilot_005_ep_000233,replica.room_1,Replica,8.035212793319157,22.5,0.7226649554986113,2.70494294455659,LOS,True,31.553064264476543
clsdoa_v1_pilot_005_ep_000234,replica.room_2,Replica,-35.241465469288514,112.5,-1.3967947922700303,4.447434444752442,LOS,True,2.2791423383810296
clsdoa_v1_pilot_005_ep_000235,mp3d.HxpKQynjfin,MP3D,218.3599928932366,-67.5,0.0,1.0877282812951998,LOS,True,3.1945284701301985e-06
clsdoa_v1_pilot_005_ep_000236,mp3d.oLBMNvg9in8,MP3D,-108.68070251706425,-22.49999999999997,0.0,5.412970207650773,LOS,True,43.52340206893659
clsdoa_v1_pilot_005_ep_000237,mp3d.q9vSo1VnCiC,MP3D,-91.23399858761529,22.5,0.0,1.503996355475519,LOS,True,6.097163388881822e-06
clsdoa_v1_pilot_005_ep_000238,mp3d.1pXnuDYAj8r,MP3D,-107.51639839154535,67.5,0.0,1.0677694393111117,LOS,True,1.578904266095767e-05
clsdoa_v1_pilot_005_ep_000239,mp3d.gxdoqLR6rwA,MP3D,61.408215341652635,112.5,9.294628012619498,2.797858898703001,LOS,True,4.00455336570039e-06
clsdoa_v1_pilot_005_ep_000240,mp3d.uNb9QFRL6hY,MP3D,-104.24615849333728,157.5,-5.02847813659826,3.920835754905994,LOS,True,95.54364731335083
clsdoa_v1_pilot_005_ep_000241,replica.room_0,Replica,14.4816505963885,-22.5,-0.6391301553292358,2.223233574094782,LOS,True,1.8503147616367877
clsdoa_v1_pilot_005_ep_000242,replica.frl_apartment_0,Replica,-58.01619872427129,157.5,0.0,1.1267934969233628,LOS,True,7.143182815269534e-06
clsdoa_v1_pilot_005_ep_000243,replica.frl_apartment_2,Replica,116.92705418205117,-67.5,-1.2985769682643469,1.293651211070258,LOS,True,2.831646840510158e-06
clsdoa_v1_pilot_005_ep_000244,replica.frl_apartment_3,Replica,-4.573114108180757,-22.5,2.3789121895924312,4.04328985172263,LOS,True,0.1557349575375393
clsdoa_v1_pilot_005_ep_000245,replica.apartment_2,Replica,69.84926533269805,67.5,-16.859259415659917,3.208284648020208,LOS,True,0.17185807024613253
clsdoa_v1_pilot_005_ep_000246,replica.frl_apartment_1,Replica,41.35424740358106,22.5,3.287347381436396,3.5330978084609943,LOS,True,1.2074182697257333e-06
clsdoa_v1_pilot_005_ep_000247,replica.frl_apartment_4,Replica,-147.59098833713477,112.5,0.0,2.1320392023945667,LOS,True,8.664856156940838e-06
clsdoa_v1_pilot_005_ep_000248,replica.office_2,Replica,-17.705898886956938,22.5,0.0,1.8985907400539923,LOS,True,100.29677477814558
clsdoa_v1_pilot_005_ep_000249,replica.office_4,Replica,-38.522909574859284,-112.5,0.0,1.5978768738947706,LOS,True,1.079947731352768e-05
clsdoa_v1_pilot_005_ep_000250,replica.apartment_1,Replica,-59.34083284710427,-22.5,0.0,1.3959539064642936,LOS,True,92.35020841888782
clsdoa_v1_pilot_005_ep_000251,replica.apartment_2,Replica,-20.150734667301947,157.5,-16.859259415659917,3.208284648020208,LOS,True,0.26202611928854114
clsdoa_v1_pilot_005_ep_000252,replica.hotel_0,Replica,169.59016444098538,-67.5,3.951843613204478,2.671106278912533,LOS,True,0.38013804039637483
clsdoa_v1_pilot_005_ep_000253,replica.office_0,Replica,-278.0172602793634,112.50000000000006,-6.150054544088054,1.340944304512247,LOS,True,2.091309789151873e-06
clsdoa_v1_pilot_005_ep_000254,replica.frl_apartment_0,Replica,12.17665201941601,-112.49999999999999,-3.1645663077930815,1.4014168354647927,LOS,True,8.537736462515939e-07
clsdoa_v1_pilot_005_ep_000255,replica.room_0,Replica,149.4816505963885,-157.5,-0.6391301553292358,2.223233574094782,LOS,True,1.6231609471220672
clsdoa_v1_pilot_005_ep_000256,replica.frl_apartment_1,Replica,176.35424740358107,-112.5,3.287347381436396,3.5330978084609943,LOS,True,2.699869328381916e-06
clsdoa_v1_pilot_005_ep_000257,replica.frl_apartment_3,Replica,-72.82711118473728,112.5,-10.220896245744926,5.635591193783315,LOS,True,42.91435645463971
clsdoa_v1_pilot_005_ep_000258,replica.frl_apartment_4,Replica,79.05236846198723,-67.5,-0.3188836842790882,3.457504138139794,LOS,True,0.13624430527370665
clsdoa_v1_pilot_005_ep_000259,replica.hotel_0,Replica,259.5901644409854,-157.50000000000003,3.9518436132044785,2.671106278912533,LOS,True,0.21106035805613846
clsdoa_v1_pilot_005_ep_000260,replica.office_2,Replica,-34.92824325760737,67.5,0.0,5.688036606020518,LOS,True,24.328046931434034
clsdoa_v1_pilot_005_ep_000261,replica.frl_apartment_2,Replica,-57.3788252351048,-22.5,-51.59627596698827,1.2101550193639763,LOS,True,6.776618231767655e-06
clsdoa_v1_pilot_005_ep_000262,replica.office_4,Replica,-128.6371917889656,112.5,0.0,1.3679345425717602,LOS,True,4.7536104815230715e-06
clsdoa_v1_pilot_005_ep_000263,replica.apartment_1,Replica,-82.49898317094018,67.5,0.0,4.573589221844486,LOS,True,29.22360149064749
clsdoa_v1_pilot_005_ep_000264,replica.apartment_2,Replica,294.84926533269805,-157.50000000000006,-16.859259415659917,3.208284648020208,LOS,True,0.5057780409692211
clsdoa_v1_pilot_005_ep_000265,replica.frl_apartment_0,Replica,-109.42750786061725,22.5,0.0,4.789846698853243,LOS,True,0.5483871869637111
clsdoa_v1_pilot_005_ep_000266,replica.frl_apartment_2,Replica,-108.07294581794883,157.5,-1.298576968264347,1.293651211070258,LOS,True,0.0
clsdoa_v1_pilot_005_ep_000267,replica.frl_apartment_3,Replica,-6.512125467831339,22.5,0.0,1.7919996311884014,LOS,True,8.144481502960801e-06
clsdoa_v1_pilot_005_ep_000268,replica.frl_apartment_4,Replica,103.9739508795843,67.5,-5.078238795301978,4.876062700196216,LOS,True,0.7235547591055147
clsdoa_v1_pilot_005_ep_000269,mp3d.gTV8FGcVJC9,MP3D,-39.20219254222103,22.5,0.0,1.359104004312102,LOS,True,4.829673078902934e-06
clsdoa_v1_pilot_005_ep_000270,mp3d.Vt2qJdWjCF2,MP3D,33.056951947503215,-22.5,0.0,5.530498072852537,LOS,True,59.24144592829582
clsdoa_v1_pilot_005_ep_000271,mp3d.Vvot9Ly1tCj,MP3D,-126.99078796590365,67.5,50.84840573890384,1.2257811661057683,LOS,True,1.3004292747236537e-05
clsdoa_v1_pilot_005_ep_000272,mp3d.Z6MFQCViBuw,MP3D,255.89800139164822,-112.49999999999999,10.39007242598788,1.9470030706110024,LOS,True,1.2605816820395112e-05
clsdoa_v1_pilot_005_ep_000273,mp3d.jh4fc5c5qoQ,MP3D,-130.7860531149285,22.49999999999997,0.0,1.7343072944702986,LOS,True,2.561320938754782e-06
clsdoa_v1_pilot_005_ep_000274,mp3d.Pm6F8kyY3z2,MP3D,208.67777131670073,-67.50000000000004,-0.9248769619584469,3.881178247135808,LOS,True,0.32922605778276
clsdoa_v1_pilot_005_ep_000275,mp3d.mJXqzFtmKg4,MP3D,287.41997433920005,-157.49999999999997,0.0,1.5562286119374296,LOS,True,1.020964787746499e-05
clsdoa_v1_pilot_005_ep_000276,mp3d.SN83YJsR3w2,MP3D,-265.5812955962786,157.5,-9.365067918644801,2.489289974274846,LOS,True,1.2197778899539258
clsdoa_v1_pilot_005_ep_000277,mp3d.pRbA3pwrgk9,MP3D,-46.10819189210565,157.5,2.9774059877699357,1.9252259726527692,LOS,True,0.46596585580504035
clsdoa_v1_pilot_005_ep_000278,mp3d.r47D5H71a5s,MP3D,196.90242649743277,-157.5,0.0,1.0926492782979058,LOS,True,2.4148365394514667e-06
clsdoa_v1_pilot_005_ep_000279,mp3d.aayBHfsNo7d,MP3D,89.04912011042762,67.5,0.0,5.183773458140188,LOS,True,4.353408482428142e-06
clsdoa_v1_pilot_005_ep_000280,mp3d.pa4otMbVnkk,MP3D,88.71618913345483,67.5,0.0,4.249288024680371,LOS,True,0.822490498298752
clsdoa_v1_pilot_005_ep_000281,mp3d.VLzqgDo317F,MP3D,-27.23475736969573,-67.5,-0.7159965866856958,3.573050377424505,LOS,True,0.8503686706316197
clsdoa_v1_pilot_005_ep_000282,mp3d.qoiz87JEwZ2,MP3D,-44.06622952597213,112.5,1.0974731424765896,5.847366613191135,LOS,True,1.2074182697257333e-06
clsdoa_v1_pilot_005_ep_000283,mp3d.VVfe2KiqLaN,MP3D,-69.37869403771593,-22.5,-1.8695715241867257,3.78063561400619,LOS,True,0.649216799661897
clsdoa_v1_pilot_005_ep_000284,mp3d.WYY7iVyf5p8,MP3D,159.20558036110918,-22.5,-0.053945201085101105,2.549090204146629,LOS,True,22.148313535070812
clsdoa_v1_pilot_005_ep_000285,mp3d.p5wJjkQkbXX,MP3D,24.35702143295226,22.5,-12.958107526624966,1.5823607951829386,LOS,True,2.2588727439225506e-06
clsdoa_v1_pilot_005_ep_000286,mp3d.rqfALeAoiTq,MP3D,32.57788380354489,112.5,0.0,1.2228611992150882,LOS,True,3.4150945850063763e-06
clsdoa_v1_pilot_005_ep_000287,mp3d.X7HyMhZNoso,MP3D,325.77548498818703,-157.50000000000003,14.681240227424514,2.132931787446385,LOS,True,6.722620413208828e-06
clsdoa_v1_pilot_005_ep_000288,mp3d.s8pcmisQ38h,MP3D,-12.884357942230096,-112.49999999999999,18.217927850399526,4.752734891700874,LOS,True,0.3259872931135045
clsdoa_v1_pilot_005_ep_000289,mp3d.XcA2TqTSSAj,MP3D,-300.04425594124956,157.5,-2.0321681062627546,3.8896773752756273,LOS,True,5.4668187275950014e-06
clsdoa_v1_pilot_005_ep_000290,mp3d.e9zR4mvMWw7,MP3D,-218.49501627676602,157.5,4.498051885848919,3.4192554326945293,LOS,True,0.11899074074240286
clsdoa_v1_pilot_005_ep_000291,mp3d.gYvKGZ5eRqb,MP3D,132.3122907692487,-112.5,-11.77763246701733,3.0108143953113484,LOS,True,6.331754823653221e-06
clsdoa_v1_pilot_005_ep_000292,mp3d.wc2JMjhGNzB,MP3D,125.26654454468525,-157.5,-1.9991919015888435,5.733065367623996,LOS,True,61.50528854414793
clsdoa_v1_pilot_005_ep_000293,mp3d.17DRP5sb8fy,MP3D,188.78921404067677,-112.5,0.0,1.7462916452412538,LOS,True,0.6409162888928146
clsdoa_v1_pilot_005_ep_000294,mp3d.gZ6f7yhEvPG,MP3D,135.80485140638672,-67.5,3.2409957338407076,2.356724613478863,LOS,True,9.88314448090898e-06
clsdoa_v1_pilot_005_ep_000295,mp3d.5LpN3gDmAk7,MP3D,3.0790392362383727,112.5,0.0,1.0316596442412675,LOS,True,1.1000103948581645e-05
clsdoa_v1_pilot_005_ep_000296,mp3d.i5noydFURQK,MP3D,200.0235481065496,-67.5,3.1275679329928514,3.1655444685820697,LOS,True,30.740238743328398
clsdoa_v1_pilot_005_ep_000297,replica.apartment_0,Replica,61.74979692171823,67.5,0.0,1.9451364589777471,LOS,True,22.414990672634023
clsdoa_v1_pilot_005_ep_000298,replica.apartment_0,Replica,111.97826750728768,22.5,3.89346335939253,5.052709011992353,LOS,True,0.5682092248709486
clsdoa_v1_pilot_005_ep_000299,replica.office_1,Replica,-43.06205900373109,112.5,1.4439393571782777,1.8757081895778147,LOS,True,1.7075472925031877e-06
clsdoa_v1_pilot_005_ep_000300,replica.frl_apartment_5,Replica,143.634105916586,-157.5,3.9488990471537284,3.716482877170675,LOS,True,0.0023236773229119503
clsdoa_v1_pilot_005_ep_000301,replica.frl_apartment_5,Replica,-171.365894083414,157.5,3.9488990471537284,3.716482877170675,LOS,True,5.4668187275950014e-06
clsdoa_v1_pilot_005_ep_000302,replica.office_1,Replica,-78.3398776925788,-22.5,17.135343760326663,3.2118015945097538,LOS,True,119.51498014586984
clsdoa_v1_pilot_005_ep_000303,mp3d.2t7WUuJeko7,MP3D,-2.991067188835828,-112.5,-15.777173738404976,2.2937600209533846,LOS,True,25.059838983050238
clsdoa_v1_pilot_005_ep_000304,mp3d.V2XKFyX4ASd,MP3D,-93.40125444697325,112.5,0.0,1.8400416780682156,LOS,True,1.6126468568765158
clsdoa_v1_pilot_005_ep_000305,mp3d.ac26ZMwG7aT,MP3D,88.0881418678945,67.5,6.875232146859479,4.176841525796223,LOS,True,87.2509991247749
clsdoa_v1_pilot_005_ep_000306,mp3d.YFuZgdQ5vWj,MP3D,117.12933056560938,-67.49999999999999,4.546891853745546,2.5767445644918476,LOS,True,1.2074182697257333e-06
clsdoa_v1_pilot_005_ep_000307,mp3d.cV4RVeZvu5T,MP3D,-98.96619997757546,22.5,2.3550791870785885,1.1666274481094232,LOS,True,1.0154917640916254
clsdoa_v1_pilot_005_ep_000308,mp3d.5ZKStnWn8Zo,MP3D,-130.5925607185588,-22.5,0.0,1.505288594968727,LOS,True,1.657728561965808e-05
clsdoa_v1_pilot_005_ep_000309,replica.office_3,Replica,-101.15020696219011,-67.49999999999999,25.589055922860705,1.871283881564131,LOS,True,6.630342409071696
clsdoa_v1_pilot_005_ep_000310,replica.room_2,Replica,-42.81834235841967,112.5,-4.6896898363669015,1.5857446753551672,LOS,True,3.1945284701301985e-06
clsdoa_v1_pilot_005_ep_000311,replica.office_3,Replica,-198.6960793273515,67.5,0.0,1.5516122140386461,LOS,True,7.636383641665695e-06
clsdoa_v1_pilot_005_ep_000312,replica.room_2,Replica,106.19490712431205,-157.5,7.8513925491294545,4.732386035925768,LOS,True,0.48729157530427764
clsdoa_v1_pilot_005_ep_000313,replica.room_1,Replica,143.03521279331915,-112.49999999999997,0.7226649554986113,2.70494294455659,LOS,True,2.4148365394514667e-06
clsdoa_v1_pilot_005_ep_000314,replica.room_1,Replica,-126.96478720668084,157.5,0.7226649554986114,2.70494294455659,LOS,True,2.2588727439225506e-06
clsdoa_v1_pilot_005_ep_000315,mp3d.GdvgFV5R1Z5,MP3D,-207.01130444500902,112.5,0.0,1.9298935624363807,LOS,True,33.88367493145074
clsdoa_v1_pilot_005_ep_000316,mp3d.ur6pFq6Qu1A,MP3D,19.973619154908278,157.5,3.417746478914467,3.41871638920059,LOS,True,0.5026212980301925
clsdoa_v1_pilot_005_ep_000317,mp3d.HxpKQynjfin,MP3D,-136.83589419172637,-22.5,0.0,1.4421547860431334,LOS,True,6.331754823653221e-06
clsdoa_v1_pilot_005_ep_000318,mp3d.5q7pvUzZiYa,MP3D,150.71041178735658,22.5,46.47890383568557,3.5291606121151533,LOS,False,
clsdoa_v1_pilot_005_ep_000319,mp3d.7y3sRwLe3Va,MP3D,285.1030602959202,-157.49999999999997,-3.982833521878829,3.518595270438523,LOS,True,4.677482073305614
clsdoa_v1_pilot_005_ep_000320,mp3d.oLBMNvg9in8,MP3D,92.09973358696132,67.5,0.0,5.235240670796856,LOS,True,3.8299300937323495
clsdoa_v1_pilot_005_ep_000321,replica.office_2,Replica,-72.6761030584911,-67.5,-5.905125044289712,4.859959704838927,LOS,True,1.896449590979572
clsdoa_v1_pilot_005_ep_000322,replica.office_0,Replica,-278.0172602793634,112.50000000000006,-6.150054544088054,1.340944304512247,LOS,True,2.091309789151873e-06
clsdoa_v1_pilot_005_ep_000323,replica.frl_apartment_1,Replica,-61.74310474551772,67.5,7.533272075678038,2.7699913046516267,LOS,True,1.2924912925730985
clsdoa_v1_pilot_005_ep_000324,replica.room_0,Replica,-165.5183494036115,157.5,-0.6391301553292357,2.223233574094782,LOS,True,2.7557338802872664
clsdoa_v1_pilot_005_ep_000325,replica.hotel_0,Replica,259.5901644409854,-157.50000000000003,3.9518436132044785,2.671106278912533,LOS,True,0.21106035805613846
clsdoa_v1_pilot_005_ep_000326,replica.office_0,Replica,-13.91201659055141,22.5,-2.103146355263823,3.7977295349732847,LOS,True,104.68692918106062
clsdoa_v1_pilot_005_ep_000327,replica.office_4,Replica,70.07522385895487,67.50000000000003,24.71165425918382,1.196023860475062,LOS,True,1.688228096739878e-05
clsdoa_v1_pilot_005_ep_000328,replica.apartment_1,Replica,52.9931462494296,22.5,0.0,1.46060173430602,LOS,True,6.502146373618258e-06
clsdoa_v1_pilot_005_ep_000329,replica.frl_apartment_0,Replica,47.61733129449084,112.5,0.0,5.323853904719826,LOS,True,35.25759781017572
clsdoa_v1_pilot_005_ep_000330,replica.room_0,Replica,14.4816505963885,-22.5,-0.6391301553292358,2.223233574094782,LOS,True,1.8503147616367877
clsdoa_v1_pilot_005_ep_000331,replica.apartment_2,Replica,249.84926533269805,-112.50000000000004,-16.859259415659917,3.208284648020208,LOS,True,8.913658556096819e-06
clsdoa_v1_pilot_005_ep_000332,replica.frl_apartment_1,Replica,221.35424740358107,-157.5,3.287347381436396,3.5330978084609943,LOS,True,8.537736462515939e-07
clsdoa_v1_pilot_005_ep_000333,replica.frl_apartment_2,Replica,161.92705418205117,-112.5,-1.2985769682643469,1.293651211070258,LOS,True,8.537736462515939e-07
clsdoa_v1_pilot_005_ep_000334,replica.frl_apartment_3,Replica,23.844328739631806,22.5,0.0,1.3401615289024906,LOS,True,9.468807791963592e-06
clsdoa_v1_pilot_005_ep_000335,replica.frl_apartment_4,Replica,79.05236846198723,-67.5,-0.3188836842790882,3.457504138139794,LOS,True,0.13624430527370665
clsdoa_v1_pilot_005_ep_000336,replica.hotel_0,Replica,79.59016444098538,22.5,3.951843613204478,2.671106278912533,LOS,True,2.4600204006086295
clsdoa_v1_pilot_005_ep_000337,replica.office_2,Replica,42.01308945358019,112.5,0.0,1.7424784390098957,LOS,True,4.182619578303747e-06
clsdoa_v1_pilot_005_ep_000338,replica.office_0,Replica,76.08798340944858,-67.5,-2.103146355263823,3.7977295349732847,LOS,True,115.92343512500125
clsdoa_v1_pilot_005_ep_000339,replica.office_4,Replica,-258.4174963031014,157.5,0.0,4.720317386735547,LOS,True,0.1194828716754661
clsdoa_v1_pilot_005_ep_000340,replica.apartment_1,Replica,-149.34083284710425,67.5,0.0,1.3959539064642936,LOS,True,88.87990109375669
clsdoa_v1_pilot_005_ep_000341,replica.frl_apartment_0,Replica,35.05282950534388,-112.5,0.0,1.2651284853245168,LOS,True,3.306651113363206e-06
clsdoa_v1_pilot_005_ep_000342,replica.frl_apartment_2,Replica,-108.07294581794883,157.5,-1.298576968264347,1.293651211070258,LOS,True,0.0
clsdoa_v1_pilot_005_ep_000343,replica.frl_apartment_3,Replica,-101.27690337308199,-22.5,0.0,5.631392528290559,LOS,True,0.4095120891320533
clsdoa_v1_pilot_005_ep_000344,replica.frl_apartment_4,Replica,33.27099157096472,-22.5,0.0,5.958572343641231,LOS,True,7.73124918760008e-06
clsdoa_v1_pilot_005_ep_000345,replica.room_0,Replica,264.9969125792446,-157.5,-17.66673848369628,1.9567931003483474,LOS,True,7.3444386094852035e-06
clsdoa_v1_pilot_005_ep_000346,replica.office_2,Replica,-107.70589888695693,112.5,0.0,1.8985907400539923,LOS,True,95.2063669333121
clsdoa_v1_pilot_005_ep_000347,replica.office_4,Replica,-260.12456235252546,157.50000000000006,0.0,4.461232284801841,LOS,True,0.3702911224198584
clsdoa_v1_pilot_005_ep_000348,replica.apartment_2,Replica,69.84926533269805,67.5,-16.859259415659917,3.208284648020208,LOS,True,0.17185807024613253
clsdoa_v1_pilot_005_ep_000349,mp3d.8194nk5LbLH,MP3D,-93.39671213399775,-22.5,0.0,1.1984591813234553,LOS,True,18.185856289298712
clsdoa_v1_pilot_005_ep_000350,mp3d.EDJbREhghzL,MP3D,-15.158905962186822,-157.5,0.19599368103704642,1.4668681240639876,LOS,True,9.697004570245026e-06
clsdoa_v1_pilot_005_ep_000351,mp3d.EU6Fwq7SyZv,MP3D,-72.67562215764312,22.5,0.0,1.7942536104382405,LOS,True,5.7905745997743736e-06
clsdoa_v1_pilot_005_ep_000352,mp3d.jtcxE69GiFV,MP3D,45.18054667146603,-157.5,8.415721825192271,2.6819773377042093,LOS,True,1.0380555144362298
clsdoa_v1_pilot_005_ep_000353,mp3d.pLe4wQe7qrG,MP3D,-133.53517386309244,112.5,-10.238121483366166,3.2271384912858325,LOS,True,6.164067818537211
clsdoa_v1_pilot_005_ep_000354,mp3d.rPc6DW4iMge,MP3D,74.16459858125877,-67.5,2.7364387153164222,3.3861009842766214,LOS,True,0.2878403956663777
clsdoa_v1_pilot_005_ep_000355,mp3d.sKLMLpTHeUy,MP3D,102.00658319036879,-157.5,14.384999974946789,2.122264221548412,LOS,True,4.7070164215974275
clsdoa_v1_pilot_005_ep_000356,mp3d.JmbYfDe2QKZ,MP3D,26.024080831612338,112.5,0.0,1.3506675215373192,LOS,True,0.6327654109887716
clsdoa_v1_pilot_005_ep_000357,mp3d.sT4fr6TAbpF,MP3D,-70.08069989583427,-67.49999999999999,4.904635070514339,3.9334542592810138,LOS,True,9.749627216114018
clsdoa_v1_pilot_005_ep_000358,mp3d.yqstnuAEVhm,MP3D,-154.78562676798407,112.5,0.0,4.766918744661528,LOS,True,1.914405067128253
clsdoa_v1_pilot_005_ep_000359,mp3d.2azQ1b91cZZ,MP3D,202.406020057114,-22.5,0.0,4.307427955562946,LOS,True,1.6326493700771494
clsdoa_v1_pilot_005_ep_000360,mp3d.RPmz2sHmrrY,MP3D,-192.29151046128368,22.5,0.0,1.4154616748891848,LOS,True,2.9575586669421963e-06
clsdoa_v1_pilot_005_ep_000361,mp3d.S9hNv5qa7GM,MP3D,292.0346564290845,-112.49999999999997,0.0,1.972004603328956,LOS,True,1.2043959414067914e-05
clsdoa_v1_pilot_005_ep_000362,mp3d.x8F5xyUWy9e,MP3D,197.0904439041198,-112.50000000000003,-38.38888736052863,1.6030579610619613,LOS,True,8.144481502960801e-06
clsdoa_v1_pilot_005_ep_000363,mp3d.vyrNrziPKCB,MP3D,26.842839593672082,-112.49999999999999,4.0451359018574236,2.2001425601260314,LOS,True,9.84619801707684e-06
clsdoa_v1_pilot_005_ep_000364,mp3d.759xd9YjKW5,MP3D,-18.502823650178186,-67.5,0.0,5.3503401075576145,LOS,True,21.165408349663853
clsdoa_v1_pilot_005_ep_000365,mp3d.ARNzJeq3xxb,MP3D,-206.00497247259432,157.5,-11.96853321493632,2.411097276188936,LOS,True,5.533085616490783e-06
clsdoa_v1_pilot_005_ep_000366,mp3d.TbHJrupSAjP,MP3D,227.27398732972782,-67.50000000000001,0.12466138052256054,1.9375048373676569,LOS,True,46.137449438339466
clsdoa_v1_pilot_005_ep_000367,mp3d.2n8kARJN3HM,MP3D,116.2311642139877,-22.5,-2.33397485337306,3.978875597911416,LOS,True,169.1524272928138
clsdoa_v1_pilot_005_ep_000368,mp3d.YVUC4YcDtcY,MP3D,-103.20118402985402,157.5,0.452303975655596,1.5755847532444718,LOS,True,1.4688877218970437e-05
clsdoa_v1_pilot_005_ep_000369,mp3d.B6ByNegPMKs,MP3D,115.15931620086948,-112.5,0.0,4.444147599951394,LOS,True,89.33231098784971
clsdoa_v1_pilot_005_ep_000370,mp3d.D7N2EKCX4Sj,MP3D,109.14319081473292,67.5,-21.62970137786265,5.697132377905046,LOS,True,68.29750289303193
clsdoa_v1_pilot_005_ep_000371,mp3d.82sE5b5pLXE,MP3D,-86.47350928990673,22.5,3.5436448502096294,2.663571154093466,LOS,True,19.218420617017134
clsdoa_v1_pilot_005_ep_000372,mp3d.YmJkqBEsHnH,MP3D,15.638210997791276,67.5,0.0,1.571684307425098,LOS,True,5.263014220319208e-06
clsdoa_v1_pilot_005_ep_000373,mp3d.JeFG25nYj2p,MP3D,-127.17595228087477,157.5,12.87600065539694,2.6605117611595377,LOS,True,1.0134309322470731
clsdoa_v1_pilot_005_ep_000374,mp3d.ZMojNkEp431,MP3D,146.32394253914543,-157.5,0.0,1.3131789218070509,LOS,True,2.2588727439225506e-06
clsdoa_v1_pilot_005_ep_000375,mp3d.JF19kD82Mey,MP3D,-31.120335419990575,67.5,-2.4270123275428133,3.9056973928163443,LOS,True,0.13061856127822086
clsdoa_v1_pilot_005_ep_000376,mp3d.QUCTc6BB5sX,MP3D,84.76198372813435,-22.5,0.2195433548689995,5.594436156758797,LOS,True,6.830189170012755e-06
clsdoa_v1_pilot_005_ep_000377,replica.apartment_0,Replica,-79.7822389265258,157.5,0.0,1.1383009705753113,LOS,True,1.4948733945252555
clsdoa_v1_pilot_005_ep_000378,replica.apartment_0,Replica,-28.251915175603408,67.5,0.0,5.038972511468278,LOS,True,104.04301119414448
clsdoa_v1_pilot_005_ep_000379,replica.frl_apartment_5,Replica,98.63410591658602,-112.5,3.9488990471537284,3.716482877170675,LOS,True,0.021373390677850986
clsdoa_v1_pilot_005_ep_000380,replica.office_1,Replica,47.08851895155399,112.5,-34.25422436962618,1.7194247978080655,LOS,True,80.3760506966093
clsdoa_v1_pilot_005_ep_000381,replica.frl_apartment_5,Replica,143.634105916586,-157.5,3.9488990471537284,3.716482877170675,LOS,True,0.0023236773229119503
clsdoa_v1_pilot_005_ep_000382,replica.office_1,Replica,-107.98363865361688,22.5,6.3587915212885395,1.8341906842542703,LOS,True,5.0509930079323e-06
clsdoa_v1_pilot_005_ep_000383,mp3d.D7G3Y4RVNrH,MP3D,128.02000878817427,-67.5,-1.9482918676244638,1.8332934915129513,LOS,True,0.6295717736044071
clsdoa_v1_pilot_005_ep_000384,mp3d.b8cTxDM8gDG,MP3D,-96.79216843773128,-22.5,0.6482700323305097,3.309067520810297,LOS,True,0.980973477187473
clsdoa_v1_pilot_005_ep_000385,mp3d.r1Q1Z4BcV1o,MP3D,-134.97990028997788,67.49999999999997,2.665856712725585,2.5659343063990123,LOS,True,0.09330001778530368
clsdoa_v1_pilot_005_ep_000386,mp3d.zsNo4HB9uLZ,MP3D,143.57870549826762,22.5,-1.837545122632497,3.043158577913322,LOS,True,6.557959812547711e-06
clsdoa_v1_pilot_005_ep_000387,mp3d.1LXtFkjw3qL,MP3D,-174.26095684506788,157.5,0.0,4.938822759539543,LOS,True,21.844044053259267
clsdoa_v1_pilot_005_ep_000388,mp3d.ULsKaCPVFJR,MP3D,-137.57529771388238,112.5,20.538370896096414,1.9952422558253593,LOS,True,5.193302344775284e-06
clsdoa_v1_pilot_005_ep_000389,replica.office_3,Replica,-197.36837603142374,112.5,-19.424543285159345,1.7467041740430977,LOS,True,2.4148365394514667e-06
clsdoa_v1_pilot_005_ep_000390,replica.room_2,Replica,182.18165764158033,-112.5,-4.6896898363669015,1.5857446753551672,LOS,True,2.2588727439225506e-06
clsdoa_v1_pilot_005_ep_000391,replica.room_1,Replica,188.03521279331915,-157.5,0.7226649554986114,2.70494294455659,LOS,True,2.831646840510158e-06
clsdoa_v1_pilot_005_ep_000392,replica.office_3,Replica,89.35512104007502,-67.5,0.0,2.910661947048679,LOS,True,0.20951541738278223
clsdoa_v1_pilot_005_ep_000393,replica.room_2,Replica,126.9373941485565,-22.49999999999997,-3.207427499118048,4.879837393683965,LOS,True,9.984688075952565
clsdoa_v1_pilot_005_ep_000394,replica.room_1,Replica,-126.96478720668084,157.5,0.7226649554986114,2.70494294455659,LOS,True,2.2588727439225506e-06
clsdoa_v1_pilot_005_ep_000395,mp3d.8WUmhLawc2A,MP3D,-16.74055086735072,-157.5,13.105136618325737,1.6394290518277834,LOS,True,6.502146373618258e-06
clsdoa_v1_pilot_005_ep_000396,mp3d.q9vSo1VnCiC,MP3D,-41.99552649629989,157.5,0.0,5.41421162970096,LOS,True,0.955916360514708
clsdoa_v1_pilot_005_ep_000397,mp3d.PuKPg4mmafe,MP3D,-82.1082413886108,22.5,-4.036823244771692,3.2856066522751246,LOS,True,0.09923675162578133
clsdoa_v1_pilot_005_ep_000398,mp3d.VFuaQ6m2Qom,MP3D,-272.6041762897545,112.50000000000006,-9.288111450861074,1.3464890619960044,LOS,True,9.468807791963592e-06
clsdoa_v1_pilot_005_ep_000399,mp3d.1pXnuDYAj8r,MP3D,-107.51639839154535,67.5,0.0,1.0677694393111117,LOS,True,1.578904266095767e-05
clsdoa_v1_pilot_005_ep_000400,mp3d.gxdoqLR6rwA,MP3D,118.92344568123788,-112.50000000000001,2.1270480190409957,3.7793308972773936,LOS,True,2.831646840510158e-06
clsdoa_v1_pilot_005_ep_000401,replica.apartment_1,Replica,97.9931462494296,-22.5,0.0,1.46060173430602,LOS,True,2.561320938754782e-06
clsdoa_v1_pilot_005_ep_000402,replica.hotel_0,Replica,-286.3432550635677,112.5,-33.200492041874284,1.5696528514318266,LOS,True,4.353408482428142e-06
clsdoa_v1_pilot_005_ep_000403,replica.frl_apartment_1,Replica,-48.64575259641894,112.5,3.2873473814363967,3.5330978084609943,LOS,True,0.21851327566445508
clsdoa_v1_pilot_005_ep_000404,replica.office_0,Replica,-148.91201659055142,157.5,-2.1031463552638234,3.7977295349732847,LOS,True,102.7080657299432
clsdoa_v1_pilot_005_ep_000405,replica.frl_apartment_0,Replica,-234.94717049465612,157.5,0.0,1.2651284853245168,LOS,True,3.4150945850063763e-06
clsdoa_v1_pilot_005_ep_000406,replica.frl_apartment_2,Replica,-63.07294581794884,112.5,-1.2985769682643469,1.293651211070258,LOS,True,2.831646840510158e-06
clsdoa_v1_pilot_005_ep_000407,replica.frl_apartment_3,Replica,130.42688589181924,-157.5,2.3789121895924312,4.04328985172263,LOS,True,2.091309789151873e-06
clsdoa_v1_pilot_005_ep_000408,replica.room_0,Replica,-30.518349403611502,22.5,-0.6391301553292358,2.223233574094782,LOS,True,1.099670342181542
clsdoa_v1_pilot_005_ep_000409,replica.apartment_2,Replica,-157.15701154726383,67.5,4.570555731066135,2.2565678985085893,LOS,True,7.9440506508105555
clsdoa_v1_pilot_005_ep_000410,replica.frl_apartment_4,Replica,327.0735657677749,-157.5,-46.937852767303575,1.4571742598991042,LOS,True,3.207293359383556
clsdoa_v1_pilot_005_ep_000411,replica.frl_apartment_1,Replica,73.25689525448229,-67.5,7.533272075678038,2.7699913046516267,LOS,True,1.740641139681522
clsdoa_v1_pilot_005_ep_000412,replica.office_2,Replica,-207.6761030584911,67.5,5.9051250442897105,4.859959704838927,LOS,True,1.4265632167576305
clsdoa_v1_pilot_005_ep_000413,replica.office_4,Replica,-2.0868323085318536,-112.5,-13.571198752886115,4.261602721246997,LOS,True,8.537736462515939e-07
clsdoa_v1_pilot_005_ep_000414,replica.hotel_0,Replica,124.59016444098538,-22.5,3.951843613204478,2.671106278912533,LOS,True,0.43173446154816464
clsdoa_v1_pilot_005_ep_000415,replica.apartment_1,Replica,-162.82117091971713,67.5,0.0,4.035534794817204,LOS,True,10.466879963002352
clsdoa_v1_pilot_005_ep_000416,replica.office_0,Replica,-148.91201659055142,157.5,-2.1031463552638234,3.7977295349732847,LOS,True,102.7080657299432
clsdoa_v1_pilot_005_ep_000417,replica.room_0,Replica,14.4816505963885,-22.5,-0.6391301553292358,2.223233574094782,LOS,True,1.8503147616367877
clsdoa_v1_pilot_005_ep_000418,replica.apartment_2,Replica,-247.15701154726383,157.5,4.570555731066136,2.2565678985085893,LOS,True,9.219912505060037
clsdoa_v1_pilot_005_ep_000419,replica.frl_apartment_0,Replica,-103.57749984754025,-67.49999999999999,-47.02488198901708,1.3831214036022645,LOS,True,0.8809365468107356
clsdoa_v1_pilot_005_ep_000420,replica.frl_apartment_2,Replica,32.6211747648952,-112.5,-51.59627596698827,1.2101550193639763,LOS,True,0.0048011985871928295
clsdoa_v1_pilot_005_ep_000421,replica.frl_apartment_3,Replica,51.14479237360939,67.5,0.0,1.2365825813352131,LOS,True,0.018940713218145704
clsdoa_v1_pilot_005_ep_000422,replica.frl_apartment_1,Replica,-48.64575259641894,112.5,3.2873473814363967,3.5330978084609943,LOS,True,0.21851327566445508
clsdoa_v1_pilot_005_ep_000423,replica.frl_apartment_4,Replica,202.02778859207928,-112.49999999999997,0.7699670819319958,4.775803285821411,LOS,True,151.6961746368672
clsdoa_v1_pilot_005_ep_000424,replica.office_2,Replica,-17.705898886956938,22.5,0.0,1.8985907400539923,LOS,True,100.29677477814558
clsdoa_v1_pilot_005_ep_000425,replica.office_4,Replica,121.67620519607857,22.5,-4.93907689597656,5.807441649152578,LOS,True,1.6408648908607542
clsdoa_v1_pilot_005_ep_000426,replica.hotel_0,Replica,259.5901644409854,-157.50000000000003,3.9518436132044785,2.671106278912533,LOS,True,0.21106035805613846
clsdoa_v1_pilot_005_ep_000427,replica.apartment_1,Replica,-18.259908840156726,-157.5,0.0,1.3108890248325253,LOS,True,2.4148365394514667e-06
clsdoa_v1_pilot_005_ep_000428,replica.frl_apartment_0,Replica,240.7498124837445,-67.5,-2.712239933589068,1.6257360519284425,LOS,True,7.778248095798993e-06
clsdoa_v1_pilot_005_ep_000429,mp3d.Pm6F8kyY3z2,MP3D,152.85619739512137,-157.5,-10.790982908778137,2.67743358112006,LOS,True,3.9234885829391373
clsdoa_v1_pilot_005_ep_000430,mp3d.PX4nDJXEHrG,MP3D,-107.5561717713677,-67.49999999999999,2.496541688362186,2.984641714723914,LOS,True,0.830810863385936
clsdoa_v1_pilot_005_ep_000431,mp3d.UwV83HsGsw3,MP3D,-101.26035446378293,67.5,-15.782125052780644,1.384692096390303,LOS,True,1.3115919625095442e-05
clsdoa_v1_pilot_005_ep_000432,mp3d.SN83YJsR3w2,MP3D,177.83652118293395,-67.49999999999999,0.06652273045440245,3.4608322900314006,LOS,True,46.397118168599086
clsdoa_v1_pilot_005_ep_000433,mp3d.Uxmj2M2itWa,MP3D,13.298975367603845,157.5,0.0,4.153663467567107,LOS,True,1.2074182697257333e-06
clsdoa_v1_pilot_005_ep_000434,mp3d.gTV8FGcVJC9,MP3D,-174.20219254222104,157.5,0.0,1.359104004312102,LOS,True,5.4668187275950014e-06
clsdoa_v1_pilot_005_ep_000435,mp3d.jh4fc5c5qoQ,MP3D,91.35064877953002,-67.5,-2.933890239666216,1.3264945860928117,LOS,True,2.1697006092915667
clsdoa_v1_pilot_005_ep_000436,mp3d.VLzqgDo317F,MP3D,-72.23475736969573,-22.5,-0.7159965866856958,3.573050377424505,LOS,True,0.7037073775572886
clsdoa_v1_pilot_005_ep_000437,mp3d.VVfe2KiqLaN,MP3D,-114.37869403771593,22.5,-1.8695715241867257,3.78063561400619,LOS,True,1.6310506189783656
clsdoa_v1_pilot_005_ep_000438,mp3d.mJXqzFtmKg4,MP3D,152.41997433920005,-22.5,0.0,1.5562286119374296,LOS,True,3.4150945850063763e-06
clsdoa_v1_pilot_005_ep_000439,mp3d.pRbA3pwrgk9,MP3D,223.89180810789435,-112.50000000000001,2.977405987769936,1.9252259726527692,LOS,True,0.21135891812621646
clsdoa_v1_pilot_005_ep_000440,mp3d.Vt2qJdWjCF2,MP3D,150.70470346788773,-22.5,0.0,2.478223180925081,LOS,True,0.33138919971001224
clsdoa_v1_pilot_005_ep_000441,mp3d.Vvot9Ly1tCj,MP3D,265.7305666339413,-112.50000000000003,0.0,5.129716638756636,LOS,True,0.44302475458548896
clsdoa_v1_pilot_005_ep_000442,mp3d.r47D5H71a5s,MP3D,44.05539511905485,-112.50000000000001,0.0,1.834355863136897,LOS,True,64.95681627230466
clsdoa_v1_pilot_005_ep_000443,mp3d.WYY7iVyf5p8,MP3D,69.20558036110918,67.5,-0.053945201085101105,2.549090204146629,LOS,True,21.89293804166218
clsdoa_v1_pilot_005_ep_000444,mp3d.rqfALeAoiTq,MP3D,122.57788380354489,22.5,0.0,1.2228611992150882,LOS,True,3.4150945850063763e-06
clsdoa_v1_pilot_005_ep_000445,mp3d.aayBHfsNo7d,MP3D,-186.82445812672057,112.5,5.621515425104765,5.104300474765058,LOS,True,88.44296335784585
clsdoa_v1_pilot_005_ep_000446,mp3d.pa4otMbVnkk,MP3D,271.7867845466276,-157.5,-32.25611512256177,5.1547360718654955,LOS,True,33.37227559430076
clsdoa_v1_pilot_005_ep_000447,mp3d.X7HyMhZNoso,MP3D,-81.78106677857149,22.5,-1.0987756912648259,3.868107813322831,LOS,True,0.8280821918706524
clsdoa_v1_pilot_005_ep_000448,mp3d.XcA2TqTSSAj,MP3D,117.43140197884776,-22.5,-1.5581984978194572,3.428976671859509,LOS,True,12.776985803158619
clsdoa_v1_pilot_005_ep_000449,mp3d.17DRP5sb8fy,MP3D,107.47540842896198,-67.5,0.0,1.6417488401811742,LOS,True,8.45192788808014e-06
clsdoa_v1_pilot_005_ep_000450,mp3d.e9zR4mvMWw7,MP3D,-74.40673726001985,157.5,-33.268789290989574,3.673720434774996,LOS,True,56.013716369375466
clsdoa_v1_pilot_005_ep_000451,mp3d.Z6MFQCViBuw,MP3D,-173.6953291281022,112.5,1.7660529296117327,3.3148659094166053,LOS,True,0.08360539091182977
clsdoa_v1_pilot_005_ep_000452,mp3d.5LpN3gDmAk7,MP3D,3.0790392362383727,112.5,0.0,1.0316596442412675,LOS,True,1.1000103948581645e-05
clsdoa_v1_pilot_005_ep_000453,mp3d.qoiz87JEwZ2,MP3D,-143.65186383526918,22.500000000000057,5.816765243547028,4.933525499650912,LOS,True,58.72624277760715
clsdoa_v1_pilot_005_ep_000454,mp3d.s8pcmisQ38h,MP3D,-131.37429645628288,67.5,0.29091597256415697,5.414560941985026,LOS,True,62.58057777983892
clsdoa_v1_pilot_005_ep_000455,mp3d.8194nk5LbLH,MP3D,142.2780671933573,-112.50000000000001,0.0,1.1044069165118346,LOS,True,7.143182815269534e-06
clsdoa_v1_pilot_005_ep_000456,mp3d.p5wJjkQkbXX,MP3D,204.35702143295225,-157.5,-12.958107526624966,1.5823607951829386,LOS,True,2.091309789151873e-06
clsdoa_v1_pilot_005_ep_000457,replica.apartment_0,Replica,1.0502906423500917,157.5,0.0,3.225044798082683,LOS,True,0.11808032051105675
clsdoa_v1_pilot_005_ep_000458,replica.office_1,Replica,46.526214926955774,-67.5,-2.6642732020487134,1.13924699951992,LOS,True,1.210433051621537e-05
clsdoa_v1_pilot_005_ep_000459,replica.frl_apartment_5,Replica,315.9525780022871,-157.49999999999997,-35.041507734378115,3.7587197360604603,LOS,True,32.44153256931025
clsdoa_v1_pilot_005_ep_000460,replica.apartment_0,Replica,71.17094771098667,67.5,0.0,1.4592045578016002,LOS,True,0.0340291998052488
clsdoa_v1_pilot_005_ep_000461,replica.apartment_0,Replica,-16.589836974255547,-112.49999999999999,0.0,5.046659066241037,LOS,True,5.8114763983647775
clsdoa_v1_pilot_005_ep_000462,replica.frl_apartment_5,Replica,-126.36589408341398,112.5,3.9488990471537284,3.716482877170675,LOS,True,0.058219702106391755
clsdoa_v1_pilot_005_ep_000463,mp3d.29hnd4uzFmX,MP3D,-59.20593149165299,157.5,1.866032579779134,3.835635446595364,LOS,True,1.7075472925031877e-06
clsdoa_v1_pilot_005_ep_000464,mp3d.V2XKFyX4ASd,MP3D,-48.401254446973255,67.5,-15.20208030024266,1.9067651604295939,LOS,True,0.9328703342953756
clsdoa_v1_pilot_005_ep_000465,mp3d.ac26ZMwG7aT,MP3D,83.01722132385106,-22.5,0.0,1.5560355255952991,LOS,True,3.5317002632335672
clsdoa_v1_pilot_005_ep_000466,mp3d.2t7WUuJeko7,MP3D,-161.2526482609598,22.5,-4.6194406760916005,2.002371532966784,LOS,True,0.1869215007214046
clsdoa_v1_pilot_005_ep_000467,mp3d.cV4RVeZvu5T,MP3D,140.42244226811206,-157.5,-2.9515446547615842,1.8900215916575531,LOS,True,10.695434169485317
clsdoa_v1_pilot_005_ep_000468,mp3d.1LXtFkjw3qL,MP3D,-230.73765034544124,112.5,51.61416537941575,4.4651570959679,LOS,False,
clsdoa_v1_pilot_005_ep_000469,replica.office_3,Replica,196.11694804087094,-22.5,0.0,3.2813674818738257,LOS,True,0.3665870029201224
clsdoa_v1_pilot_005_ep_000470,replica.room_2,Replica,-87.81834235841967,157.5,-4.6896898363669015,1.5857446753551672,LOS,True,2.4148365394514667e-06
clsdoa_v1_pilot_005_ep_000471,replica.room_1,Replica,8.035212793319157,22.5,0.7226649554986113,2.70494294455659,LOS,True,31.553064264476543
clsdoa_v1_pilot_005_ep_000472,replica.office_3,Replica,-102.80607124355265,-67.5,-13.177008372652837,4.3867311590503935,LOS,True,0.23207800410044524
clsdoa_v1_pilot_005_ep_000473,replica.room_1,Replica,68.97116899716454,-112.49999999999999,16.140449332760788,1.648046535242176,LOS,True,3.1945284701301985e-06
clsdoa_v1_pilot_005_ep_000474,replica.room_2,Replica,333.371746241677,-157.49999999999994,-2.2249241509279,1.3248392583547082,LOS,True,1.4787793334710982e-06
clsdoa_v1_pilot_005_ep_000475,mp3d.uNb9QFRL6hY,MP3D,-14.380950622684097,112.5,3.5695508634043938,2.810014912053004,LOS,True,0.6641885932903429
clsdoa_v1_pilot_005_ep_000476,mp3d.GdvgFV5R1Z5,MP3D,-84.29726143971105,157.5,0.0,1.024452448267296,LOS,True,23.762768364720948
clsdoa_v1_pilot_005_ep_000477,mp3d.ur6pFq6Qu1A,MP3D,109.97361915490828,67.5,3.417746478914467,3.41871638920059,LOS,True,0.8269678666858047
clsdoa_v1_pilot_005_ep_000478,mp3d.5q7pvUzZiYa,MP3D,330.7104117873566,-157.50000000000003,46.47890383568557,3.5291606121151533,LOS,False,
clsdoa_v1_pilot_005_ep_000479,mp3d.HxpKQynjfin,MP3D,233.55959936496362,-67.49999999999997,0.0,1.6737872267505403,LOS,True,0.0
clsdoa_v1_pilot_005_ep_000480,mp3d.oLBMNvg9in8,MP3D,272.0997335869613,-112.49999999999997,0.0,5.235240670796856,LOS,True,4.253272251844326
clsdoa_v1_pilot_005_ep_000481,replica.office_0,Replica,121.08798340944858,-112.5,-2.103146355263823,3.7977295349732847,LOS,True,109.77544293289341
clsdoa_v1_pilot_005_ep_000482,replica.frl_apartment_2,Replica,26.927054182051158,22.5,-1.2985769682643469,1.293651211070258,LOS,True,2.9575586669421963e-06
clsdoa_v1_pilot_005_ep_000483,replica.room_0,Replica,264.9969125792446,-157.5,-17.66673848369628,1.9567931003483474,LOS,True,7.3444386094852035e-06
clsdoa_v1_pilot_005_ep_000484,replica.frl_apartment_3,Replica,203.8443287396318,-157.5,0.0,1.3401615289024906,LOS,True,4.182619578303747e-06
clsdoa_v1_pilot_005_ep_000485,replica.apartment_2,Replica,-22.15701154726382,-67.5,4.570555731066136,2.2565678985085893,LOS,True,7.362491743669274
clsdoa_v1_pilot_005_ep_000486,replica.frl_apartment_4,Replica,-139.69535729413826,157.5,0.0,1.5814657589115397,LOS,True,0.0
clsdoa_v1_pilot_005_ep_000487,replica.office_2,Replica,-124.92824325760736,157.5,7.015846409215648,5.730947603270284,LOS,True,16.950632613794994
clsdoa_v1_pilot_005_ep_000488,replica.frl_apartment_1,Replica,-48.64575259641894,112.5,3.2873473814363967,3.5330978084609943,LOS,True,0.21851327566445508
clsdoa_v1_pilot_005_ep_000489,replica.office_4,Replica,295.07522385895487,-157.49999999999997,0.0,1.0864957776382154,LOS,True,2.831646840510158e-06
clsdoa_v1_pilot_005_ep_000490,replica.hotel_0,Replica,79.59016444098538,22.5,3.951843613204478,2.671106278912533,LOS,True,2.4600204006086295
clsdoa_v1_pilot_005_ep_000491,replica.apartment_1,Replica,-108.25990884015673,-67.50000000000001,0.0,1.3108890248325253,LOS,True,3.91248236030638e-06
clsdoa_v1_pilot_005_ep_000492,replica.frl_apartment_0,Replica,12.17665201941601,-112.49999999999999,-3.1645663077930815,1.4014168354647927,LOS,True,8.537736462515939e-07
clsdoa_v1_pilot_005_ep_000493,replica.office_0,Replica,-13.91201659055141,22.5,-2.103146355263823,3.7977295349732847,LOS,True,104.68692918106062
clsdoa_v1_pilot_005_ep_000494,replica.room_0,Replica,-120.5183494036115,112.5,-0.6391301553292357,2.223233574094782,LOS,True,1.0911792964840723
clsdoa_v1_pilot_005_ep_000495,replica.frl_apartment_3,Replica,108.51993874000212,67.5,9.544740534269952,4.221503088746059,LOS,True,0.13120105803680748
clsdoa_v1_pilot_005_ep_000496,replica.frl_apartment_4,Replica,-10.597159676595169,157.5,0.0,5.694208372284177,LOS,True,0.17263177478535768
clsdoa_v1_pilot_005_ep_000497,replica.apartment_2,Replica,-247.15701154726383,157.5,4.570555731066136,2.2565678985085893,LOS,True,9.219912505060037
clsdoa_v1_pilot_005_ep_000498,replica.frl_apartment_1,Replica,-3.6457525964189372,67.5,3.2873473814363963,3.5330978084609943,LOS,True,8.321556147031972e-06
clsdoa_v1_pilot_005_ep_000499,replica.office_2,Replica,-207.6761030584911,67.5,0.0,4.834170904370063,LOS,True,0.08591069062151782
clsdoa_v1_pilot_005_ep_000500,replica.office_4,Replica,-78.41749630310142,-22.5,0.0,4.720317386735547,LOS,True,0.31817048747423554
clsdoa_v1_pilot_005_ep_000501,replica.frl_apartment_2,Replica,-192.37882523510478,112.5,-51.59627596698827,1.2101550193639763,LOS,True,0.16278079315951013
clsdoa_v1_pilot_005_ep_000502,replica.hotel_0,Replica,259.5901644409854,-157.50000000000003,3.9518436132044785,2.671106278912533,LOS,True,0.21106035805613846
clsdoa_v1_pilot_005_ep_000503,replica.office_0,Replica,121.08798340944858,-112.5,-2.103146355263823,3.7977295349732847,LOS,True,109.77544293289341
clsdoa_v1_pilot_005_ep_000504,replica.apartment_1,Replica,-59.34083284710427,-22.5,0.0,1.3959539064642936,LOS,True,92.35020841888782
clsdoa_v1_pilot_005_ep_000505,replica.frl_apartment_0,Replica,195.7498124837445,-22.5,4.333947915490447,1.6285717309477423,LOS,True,8.45192788808014e-06
clsdoa_v1_pilot_005_ep_000506,replica.frl_apartment_3,Replica,164.94403745802043,-112.49999999999999,-20.672138002368452,5.858097789611711,LOS,True,3.078324659199975e-06
clsdoa_v1_pilot_005_ep_000507,replica.room_0,Replica,174.99691257924462,-67.50000000000003,-17.66673848369628,1.9567931003483474,LOS,True,0.09224481233893311
clsdoa_v1_pilot_005_ep_000508,replica.apartment_2,Replica,24.849265332698053,112.5,-16.859259415659917,3.208284648020208,LOS,True,0.3143389705740539
clsdoa_v1_pilot_005_ep_000509,mp3d.EDJbREhghzL,MP3D,-45.212465677186515,-67.5,-3.5910805390743152,1.6114864311798702,LOS,True,1.9090959104164224e-06
clsdoa_v1_pilot_005_ep_000510,mp3d.wc2JMjhGNzB,MP3D,-9.733455455314747,-22.5,4.987364346769061,5.751350981196196,LOS,True,77.65124463472624
clsdoa_v1_pilot_005_ep_000511,mp3d.gYvKGZ5eRqb,MP3D,-203.1680493397136,112.5,3.5229808720776927,2.119537985204947,LOS,True,1.2133837779893846
clsdoa_v1_pilot_005_ep_000512,mp3d.gZ6f7yhEvPG,MP3D,135.80485140638672,-67.5,3.2409957338407076,2.356724613478863,LOS,True,9.88314448090898e-06
clsdoa_v1_pilot_005_ep_000513,mp3d.yqstnuAEVhm,MP3D,25.214373232015923,-67.5,0.0,4.766918744661528,LOS,True,2.0719210370281016
clsdoa_v1_pilot_005_ep_000514,mp3d.EU6Fwq7SyZv,MP3D,-27.67562215764311,-22.5,0.0,1.7942536104382405,LOS,True,9.234973977599935e-06
clsdoa_v1_pilot_005_ep_000515,mp3d.i5noydFURQK,MP3D,-53.095536862503835,157.5,-8.411311897614443,2.978488777713545,LOS,True,67.89266508915887
clsdoa_v1_pilot_005_ep_000516,mp3d.jtcxE69GiFV,MP3D,-87.56506776319529,22.5,-2.4064075892309953,2.662140195916299,LOS,True,0.4585136606973477
clsdoa_v1_pilot_005_ep_000517,mp3d.pLe4wQe7qrG,MP3D,140.233131835822,-112.5,0.2590671752116832,3.355501228672122,LOS,True,0.9439920715163429
clsdoa_v1_pilot_005_ep_000518,mp3d.x8F5xyUWy9e,MP3D,62.090443904119795,22.5,-38.388887360528635,1.6030579610619613,LOS,True,3.306651113363206e-06
clsdoa_v1_pilot_005_ep_000519,mp3d.rPc6DW4iMge,MP3D,119.16459858125877,-112.49999999999999,2.736438715316422,3.3861009842766214,LOS,True,0.40102049718978156
clsdoa_v1_pilot_005_ep_000520,mp3d.2azQ1b91cZZ,MP3D,-228.8101586622184,67.5,0.0,4.540080781831088,LOS,True,2.4318574650833478
clsdoa_v1_pilot_005_ep_000521,mp3d.JmbYfDe2QKZ,MP3D,96.32966188063432,22.5,0.0,1.0630826236771074,LOS,True,1.9090959104164224e-06
clsdoa_v1_pilot_005_ep_000522,mp3d.2n8kARJN3HM,MP3D,-66.09013984434532,67.5,6.255229264973463,1.462384057424478,LOS,True,1.7598041966476032
clsdoa_v1_pilot_005_ep_000523,mp3d.RPmz2sHmrrY,MP3D,-282.2915104612837,112.5,0.0,1.4154616748891848,LOS,True,2.2588727439225506e-06
clsdoa_v1_pilot_005_ep_000524,mp3d.S9hNv5qa7GM,MP3D,112.03465642908452,67.5,0.0,1.972004603328956,LOS,True,1.5224965077553749e-05
clsdoa_v1_pilot_005_ep_000525,mp3d.759xd9YjKW5,MP3D,-114.06484560871063,157.5,0.0,5.503567130140265,LOS,True,5.745397325072944
clsdoa_v1_pilot_005_ep_000526,mp3d.D7N2EKCX4Sj,MP3D,-180.20977402350613,112.5,24.03462361512619,1.4143804058783485,LOS,True,11.000324040066419
clsdoa_v1_pilot_005_ep_000527,mp3d.ARNzJeq3xxb,MP3D,-56.33760047673772,67.5,14.38847448908681,4.4266477876581805,LOS,True,0.2143931863679396
clsdoa_v1_pilot_005_ep_000528,mp3d.B6ByNegPMKs,MP3D,-19.84068379913051,22.5,-6.419211891089047,4.472186030360738,LOS,True,84.5440480600342
clsdoa_v1_pilot_005_ep_000529,mp3d.sKLMLpTHeUy,MP3D,-15.869755815415395,-22.5,-3.6556308513841893,3.527580900860227,LOS,True,45.199920449771014
clsdoa_v1_pilot_005_ep_000530,mp3d.sT4fr6TAbpF,MP3D,303.5268068319541,-157.5,2.2413091148007087,2.898832612337459,LOS,True,22.46691735949424
clsdoa_v1_pilot_005_ep_000531,mp3d.vyrNrziPKCB,MP3D,26.842839593672082,-112.49999999999999,4.0451359018574236,2.2001425601260314,LOS,True,9.84619801707684e-06
clsdoa_v1_pilot_005_ep_000532,mp3d.82sE5b5pLXE,MP3D,-118.63781412140011,-22.5,4.270322738549428,3.843765244468547,LOS,True,37.48002397971069
clsdoa_v1_pilot_005_ep_000533,mp3d.JF19kD82Mey,MP3D,293.2428655092674,-157.50000000000003,-13.213892426947782,1.9731370852880257,LOS,True,4.26886823125797e-06
clsdoa_v1_pilot_005_ep_000534,mp3d.TbHJrupSAjP,MP3D,317.2739873297278,-157.49999999999994,0.12466138052256054,1.9375048373676569,LOS,True,46.45844475882257
clsdoa_v1_pilot_005_ep_000535,mp3d.JeFG25nYj2p,MP3D,-14.898851253767617,157.5,3.3576300919590505,3.3079064384272594,LOS,True,60.121139580657925
clsdoa_v1_pilot_005_ep_000536,mp3d.YVUC4YcDtcY,MP3D,121.79881597014598,-67.5,0.45230397565559594,1.5755847532444718,LOS,True,2.0329854695303062e-05
clsdoa_v1_pilot_005_ep_000537,replica.apartment_0,Replica,-23.021732492712317,157.5,-1.7828808848928932,5.043489069878477,LOS,True,0.32032605040537576
clsdoa_v1_pilot_005_ep_000538,replica.office_1,Replica,-46.3143307568978,112.5,2.6839857667555,2.4990172768659575,LOS,True,22.06347645422374
clsdoa_v1_pilot_005_ep_000539,replica.office_1,Replica,207.11383790301446,-157.5,15.755138723250973,1.2082733833373742,LOS,True,0.3883514432361399
clsdoa_v1_pilot_005_ep_000540,replica.office_1,Replica,270.9814601676827,-112.49999999999997,9.497199118466414,1.3593239775817834,LOS,True,1.0173887179578492e-05
clsdoa_v1_pilot_005_ep_000541,replica.frl_apartment_5,Replica,8.634105916586018,-22.5,3.9488990471537284,3.716482877170675,LOS,True,2.699869328381916e-06
clsdoa_v1_pilot_005_ep_000542,replica.apartment_0,Replica,196.74979692171823,-67.5,0.0,1.9451364589777471,LOS,True,24.525983880699023
clsdoa_v1_pilot_005_ep_000543,mp3d.YFuZgdQ5vWj,MP3D,87.19468103870156,-112.49999999999999,48.615178488868644,3.9750792598865954,LOS,True,109.38202052616067
clsdoa_v1_pilot_005_ep_000544,mp3d.5ZKStnWn8Zo,MP3D,-66.47518543221429,22.5,0.0,1.107564449792924,LOS,True,8.537736462515939e-07
clsdoa_v1_pilot_005_ep_000545,mp3d.b8cTxDM8gDG,MP3D,-276.7921684377313,157.5,0.6482700323305097,3.309067520810297,LOS,True,0.5747051349434782
clsdoa_v1_pilot_005_ep_000546,mp3d.D7G3Y4RVNrH,MP3D,-66.38086891209541,67.5,0.0,4.690434626877787,LOS,True,5.8651791076961155
clsdoa_v1_pilot_005_ep_000547,mp3d.ULsKaCPVFJR,MP3D,55.24798828128941,-157.5,0.0,1.991060207954639,LOS,True,0.2820271320563925
clsdoa_v1_pilot_005_ep_000548,mp3d.r1Q1Z4BcV1o,MP3D,-179.97990028997788,112.5,2.665856712725585,2.5659343063990123,LOS,True,0.6125103013273135
clsdoa_v1_pilot_005_ep_000549,replica.office_3,Replica,293.4682123834904,-157.50000000000003,0.0,3.3308143553587954,LOS,True,4.710832888430474
clsdoa_v1_pilot_005_ep_000550,replica.room_1,Replica,8.035212793319157,22.5,0.7226649554986113,2.70494294455659,LOS,True,31.553064264476543
clsdoa_v1_pilot_005_ep_000551,replica.room_2,Replica,198.37174624167702,-22.5,-2.2249241509279,1.3248392583547082,LOS,True,1.4787793334710982e-06
clsdoa_v1_pilot_005_ep_000552,replica.office_3,Replica,-46.17571363819124,-112.5,-5.453780735617179,5.2607901588271035,LOS,True,0.3381766053267203
clsdoa_v1_pilot_005_ep_000553,replica.room_2,Replica,243.37174624167702,-67.49999999999999,-2.2249241509279,1.3248392583547082,LOS,True,1.7075472925031877e-06
clsdoa_v1_pilot_005_ep_000554,replica.room_1,Replica,-36.96478720668084,67.5,0.7226649554986113,2.70494294455659,LOS,True,2.2588727439225506e-06
clsdoa_v1_pilot_005_ep_000555,mp3d.q9vSo1VnCiC,MP3D,-269.72003336636413,112.5,0.0,5.215692121750093,LOS,True,0.1933477015004711
clsdoa_v1_pilot_005_ep_000556,mp3d.1pXnuDYAj8r,MP3D,133.00374133571898,-22.5,0.0,1.6949360034326726,LOS,True,1.801122448727122
clsdoa_v1_pilot_005_ep_000557,mp3d.7y3sRwLe3Va,MP3D,240.10306029592022,-112.49999999999997,-3.982833521878829,3.518595270438523,LOS,True,3.0797754161894457
clsdoa_v1_pilot_005_ep_000558,mp3d.PuKPg4mmafe,MP3D,-64.5078237415279,157.5,-22.97621175437186,2.24962487492641,LOS,True,6.273929367455621e-06
clsdoa_v1_pilot_005_ep_000559,mp3d.8WUmhLawc2A,MP3D,-106.74055086735072,-67.49999999999999,13.105136618325737,1.6394290518277834,LOS,True,6.445849674396954e-06
clsdoa_v1_pilot_005_ep_000560,mp3d.GdvgFV5R1Z5,MP3D,120.02814418225472,-157.5,2.5644197782384253,1.6288750640820318,LOS,True,2.561320938754782e-06
clsdoa_v1_pilot_005_ep_000561,replica.frl_apartment_1,Replica,-151.7431047455177,157.5,7.533272075678038,2.7699913046516267,LOS,True,0.5484356870418226
clsdoa_v1_pilot_005_ep_000562,replica.frl_apartment_4,Replica,152.10649487211606,-157.5,0.0,4.283858344196622,LOS,True,0.29213246332348164
clsdoa_v1_pilot_005_ep_000563,replica.hotel_0,Replica,124.59016444098538,-22.5,3.951843613204478,2.671106278912533,LOS,True,0.43173446154816464
clsdoa_v1_pilot_005_ep_000564,replica.frl_apartment_2,Replica,161.92705418205117,-112.5,-1.2985769682643469,1.293651211070258,LOS,True,8.537736462515939e-07
clsdoa_v1_pilot_005_ep_000565,replica.office_2,Replica,-146.4546192669052,157.5,0.0,1.3933143471267742,LOS,True,3.1945284701301985e-06
clsdoa_v1_pilot_005_ep_000566,replica.office_4,Replica,122.16942822389876,-67.5,0.0,1.0588101975020041,LOS,True,8.144481502960801e-06
clsdoa_v1_pilot_005_ep_000567,replica.office_0,Replica,-13.91201659055141,22.5,-2.103146355263823,3.7977295349732847,LOS,True,104.68692918106062
clsdoa_v1_pilot_005_ep_000568,replica.room_0,Replica,39.99691257924461,67.5,-17.66673848369628,1.9567931003483474,LOS,True,0.12286547525096683
clsdoa_v1_pilot_005_ep_000569,replica.apartment_1,Replica,91.82406827680097,-112.5,14.773206436891362,2.7451668438495824,LOS,True,0.015079687348413721
clsdoa_v1_pilot_005_ep_000570,replica.frl_apartment_0,Replica,-100.64020516713099,157.5,2.4999466650941273,4.585213244126845,LOS,True,125.64547871064647
clsdoa_v1_pilot_005_ep_000571,replica.apartment_2,Replica,-22.15701154726382,-67.5,4.570555731066136,2.2565678985085893,LOS,True,7.362491743669274
clsdoa_v1_pilot_005_ep_000572,replica.frl_apartment_3,Replica,-281.276903373082,157.5,0.0,5.631392528290559,LOS,True,0.08435567929986379
clsdoa_v1_pilot_005_ep_000573,replica.frl_apartment_1,Replica,221.35424740358107,-157.5,3.287347381436396,3.5330978084609943,LOS,True,8.537736462515939e-07
clsdoa_v1_pilot_005_ep_000574,replica.frl_apartment_2,Replica,206.92705418205117,-157.5,-1.2985769682643469,1.293651211070258,LOS,True,2.831646840510158e-06
clsdoa_v1_pilot_005_ep_000575,replica.frl_apartment_4,Replica,-120.35839723648672,112.5,7.587721159735717,3.7866176263398805,LOS,True,2.699869328381916e-06
clsdoa_v1_pilot_005_ep_000576,replica.office_2,Replica,-94.5713743518088,67.5,0.0,1.760609142389816,LOS,True,0.0
clsdoa_v1_pilot_005_ep_000577,replica.office_4,Replica,77.16942822389876,-22.49999999999997,0.0,1.0588101975020041,LOS,True,0.0
clsdoa_v1_pilot_005_ep_000578,replica.apartment_1,Replica,24.4358926542086,112.5,0.0,5.631931860348773,LOS,True,122.54109870389341
clsdoa_v1_pilot_005_ep_000579,replica.hotel_0,Replica,259.5901644409854,-157.50000000000003,3.9518436132044785,2.671106278912533,LOS,True,0.21106035805613846
clsdoa_v1_pilot_005_ep_000580,replica.office_0,Replica,121.08798340944858,-112.5,-2.103146355263823,3.7977295349732847,LOS,True,109.77544293289341
clsdoa_v1_pilot_005_ep_000581,replica.apartment_2,Replica,159.84926533269805,-22.5,-16.859259415659917,3.208284648020208,LOS,True,1.7049046095885998
clsdoa_v1_pilot_005_ep_000582,replica.room_0,Replica,59.4816505963885,-67.49999999999999,-0.6391301553292357,2.223233574094782,LOS,True,1.2003490321353003
clsdoa_v1_pilot_005_ep_000583,replica.frl_apartment_0,Replica,197.29933535809292,-67.49999999999999,0.0,1.3728356578127274,LOS,True,3.7215130446689415e-06
clsdoa_v1_pilot_005_ep_000584,replica.frl_apartment_3,Replica,67.2386165248322,22.5,-12.751851731329108,4.530443193595072,LOS,True,0.16468958772590908
clsdoa_v1_pilot_005_ep_000585,replica.frl_apartment_4,Replica,109.09720974801262,-112.50000000000001,2.2586122593938565,4.853347215838376,LOS,True,1.4787793334710982e-06
clsdoa_v1_pilot_005_ep_000586,replica.frl_apartment_2,Replica,-63.07294581794884,112.5,-1.2985769682643469,1.293651211070258,LOS,True,2.831646840510158e-06
clsdoa_v1_pilot_005_ep_000587,replica.office_2,Replica,-44.81198493559715,22.5,0.0,1.9475391575000862,LOS,True,0.2590301073972757
clsdoa_v1_pilot_005_ep_000588,replica.hotel_0,Replica,-241.3432550635677,67.5,-33.200492041874284,1.5696528514318266,LOS,True,0.0
clsdoa_v1_pilot_005_ep_000589,mp3d.PX4nDJXEHrG,MP3D,-23.332215561887708,112.5,7.4426788561420345,1.3209183415250638,LOS,True,7.393896667355496e-06
clsdoa_v1_pilot_005_ep_000590,mp3d.YmJkqBEsHnH,MP3D,-74.36178900220872,157.5,0.0,1.571684307425098,LOS,True,5.399738656763834e-06
clsdoa_v1_pilot_005_ep_000591,mp3d.ZMojNkEp431,MP3D,11.323942539145431,-22.5,0.0,1.3131789218070509,LOS,True,5.263014220319208e-06
clsdoa_v1_pilot_005_ep_000592,mp3d.QUCTc6BB5sX,MP3D,39.761983728134354,22.5,0.2195433548689995,5.594436156758797,LOS,True,4.094554566467037e-06
clsdoa_v1_pilot_005_ep_000593,mp3d.gTV8FGcVJC9,MP3D,-84.20219254222103,67.5,0.0,1.359104004312102,LOS,True,5.4668187275950014e-06
clsdoa_v1_pilot_005_ep_000594,mp3d.UwV83HsGsw3,MP3D,123.73964553621707,-157.5,-33.3397574869804,1.5949861502249953,LOS,True,1.0173887179578492e-05
clsdoa_v1_pilot_005_ep_000595,mp3d.jh4fc5c5qoQ,MP3D,245.22823491284646,-67.50000000000001,2.137111750596225,1.7968266283188015,LOS,True,2.831646840510158e-06
clsdoa_v1_pilot_005_ep_000596,mp3d.Pm6F8kyY3z2,MP3D,73.67777131670073,67.5,-0.9248769619584469,3.881178247135808,LOS,True,0.7471366089090374
clsdoa_v1_pilot_005_ep_000597,mp3d.SN83YJsR3w2,MP3D,-2.16347881706605,112.5,0.06652273045440245,3.4608322900314006,LOS,True,48.102109615680256
clsdoa_v1_pilot_005_ep_000598,mp3d.Uxmj2M2itWa,MP3D,-36.1556840026046,22.5,-17.700395108627323,2.9792586393053773,LOS,True,1.4787793334710982e-06
clsdoa_v1_pilot_005_ep_000599,mp3d.VLzqgDo317F,MP3D,-252.23475736969573,157.5,-0.7159965866856958,3.573050377424505,LOS,True,0.6420692112248879
clsdoa_v1_pilot_005_ep_000600,mp3d.mJXqzFtmKg4,MP3D,152.41997433920005,-22.5,0.0,1.5562286119374296,LOS,True,3.4150945850063763e-06
clsdoa_v1_pilot_005_ep_000601,mp3d.VVfe2KiqLaN,MP3D,-69.37869403771593,-22.5,-1.8695715241867257,3.78063561400619,LOS,True,0.649216799661897
clsdoa_v1_pilot_005_ep_000602,mp3d.Vt2qJdWjCF2,MP3D,17.38713091434387,67.5,10.415378135495374,2.35337173601999,LOS,True,1.211147575936752
clsdoa_v1_pilot_005_ep_000603,mp3d.Vvot9Ly1tCj,MP3D,-167.50549254186612,22.5,-2.177628025120094,4.899716495862202,LOS,True,2.091309789151873e-06
clsdoa_v1_pilot_005_ep_000604,mp3d.WYY7iVyf5p8,MP3D,114.20558036110918,22.5,-0.05394520108510112,2.549090204146629,LOS,True,22.641763468408293
clsdoa_v1_pilot_005_ep_000605,mp3d.aayBHfsNo7d,MP3D,318.4427110073765,-157.5,-43.69887864649025,4.4871070472444075,LOS,True,2.4316432584094123
clsdoa_v1_pilot_005_ep_000606,mp3d.pRbA3pwrgk9,MP3D,-34.202555726147224,-22.5,0.8477759942915689,4.363563585890599,LOS,True,0.10626044498535613
clsdoa_v1_pilot_005_ep_000607,mp3d.r47D5H71a5s,MP3D,-85.58918416560915,67.5,0.0,1.470255998181245,LOS,True,4.270649614491816
clsdoa_v1_pilot_005_ep_000608,mp3d.pa4otMbVnkk,MP3D,200.88287346169045,-67.50000000000001,0.0,4.046194832994064,LOS,True,0.42426913051699217
clsdoa_v1_pilot_005_ep_000609,mp3d.X7HyMhZNoso,MP3D,98.21893322142851,-157.5,-1.0987756912648259,3.868107813322831,LOS,True,1.1392651926721595
clsdoa_v1_pilot_005_ep_000610,mp3d.rqfALeAoiTq,MP3D,257.57788380354486,-112.49999999999999,0.0,1.2228611992150882,LOS,True,1.2074182697257333e-06
clsdoa_v1_pilot_005_ep_000611,mp3d.Z6MFQCViBuw,MP3D,30.898001391648222,112.5,10.39007242598788,1.9470030706110024,LOS,True,2.9575586669421963e-06
clsdoa_v1_pilot_005_ep_000612,mp3d.XcA2TqTSSAj,MP3D,-30.04425594124956,-112.49999999999999,-2.0321681062627546,3.8896773752756273,LOS,True,5.533085616490783e-06
clsdoa_v1_pilot_005_ep_000613,mp3d.qoiz87JEwZ2,MP3D,-233.65186383526918,112.5,-5.816765243547028,4.933525499650912,LOS,True,37.36925534245927
clsdoa_v1_pilot_005_ep_000614,mp3d.e9zR4mvMWw7,MP3D,6.504983723233984,-67.5,4.498051885848919,3.4192554326945293,LOS,True,0.005517750829643464
clsdoa_v1_pilot_005_ep_000615,mp3d.gYvKGZ5eRqb,MP3D,21.831950660286395,-112.5,3.5229808720776927,2.119537985204947,LOS,True,1.0339978524759657
clsdoa_v1_pilot_005_ep_000616,mp3d.17DRP5sb8fy,MP3D,-117.52459157103802,157.5,0.0,1.6417488401811742,LOS,True,8.45192788808014e-06
clsdoa_v1_pilot_005_ep_000617,replica.frl_apartment_5,Replica,53.634105916586016,-67.5,3.9488990471537284,3.716482877170675,LOS,True,0.18948704153066995
clsdoa_v1_pilot_005_ep_000618,replica.frl_apartment_5,Replica,143.634105916586,-157.5,3.9488990471537284,3.716482877170675,LOS,True,0.0023236773229119503
clsdoa_v1_pilot_005_ep_000619,replica.office_1,Replica,-78.3398776925788,-22.5,-1.0024941130593679,3.0697042439514233,LOS,True,44.03414773725924
clsdoa_v1_pilot_005_ep_000620,replica.apartment_0,Replica,-158.90271600981683,22.5,0.0,4.627599162286401,LOS,True,58.77945900599959
clsdoa_v1_pilot_005_ep_000621,replica.office_1,Replica,89.63747611138932,-112.50000000000001,1.0336399598066217,1.3552579236629543,LOS,True,0.0
clsdoa_v1_pilot_005_ep_000622,replica.apartment_0,Replica,-18.829052289013333,157.5,-34.42303106785788,1.7689765237303074,LOS,True,4.182619578303747e-06
clsdoa_v1_pilot_005_ep_000623,mp3d.V2XKFyX4ASd,MP3D,-312.1643039333088,157.5,-27.243431120314646,5.024335395178063,LOS,False,
clsdoa_v1_pilot_005_ep_000624,mp3d.29hnd4uzFmX,MP3D,-237.12808298702873,67.49999999999994,10.831614038776946,3.5642928011298554,LOS,True,160.4262854137106
clsdoa_v1_pilot_005_ep_000625,mp3d.ac26ZMwG7aT,MP3D,128.01722132385106,-67.49999999999999,0.0,1.5560355255952991,LOS,True,1.2282405908681995
clsdoa_v1_pilot_005_ep_000626,mp3d.cV4RVeZvu5T,MP3D,36.03380002242454,-112.5,2.3550791870785885,1.1666274481094232,LOS,True,1.4802256691770477
clsdoa_v1_pilot_005_ep_000627,mp3d.5ZKStnWn8Zo,MP3D,-265.5925607185588,112.5,0.0,1.505288594968727,LOS,True,2.2813496432377448e-05
clsdoa_v1_pilot_005_ep_000628,mp3d.zsNo4HB9uLZ,MP3D,323.5787054982676,-157.49999999999997,-1.837545122632497,3.043158577913322,LOS,True,6.668185343934157e-06
clsdoa_v1_pilot_005_ep_000629,replica.office_3,Replica,158.46821238349042,-22.50000000000003,-16.7111693937857,3.47768950164678,LOS,True,7.138707805214773
clsdoa_v1_pilot_005_ep_000630,replica.room_1,Replica,-36.96478720668084,67.5,0.7226649554986113,2.70494294455659,LOS,True,2.2588727439225506e-06
clsdoa_v1_pilot_005_ep_000631,replica.room_2,Replica,23.79243042007991,-67.5,-4.440856399940237,4.928928610869383,LOS,True,0.3750339859326019
clsdoa_v1_pilot_005_ep_000632,replica.office_3,Replica,27.631623968576278,-112.5,-2.811359527608632,1.6492672770432026,LOS,True,4.123455936664381
clsdoa_v1_pilot_005_ep_000633,replica.room_2,Replica,-42.81834235841967,112.5,-4.6896898363669015,1.5857446753551672,LOS,True,3.1945284701301985e-06
clsdoa_v1_pilot_005_ep_000634,replica.room_1,Replica,-66.02883100283546,22.5,16.140449332760788,1.648046535242176,LOS,True,1.4787793334710982e-06
clsdoa_v1_pilot_005_ep_000635,mp3d.gxdoqLR6rwA,MP3D,196.40821534165264,-22.50000000000003,9.294628012619496,2.797858898703001,LOS,True,2.2588727439225506e-06
clsdoa_v1_pilot_005_ep_000636,mp3d.HxpKQynjfin,MP3D,33.54537638544247,-112.5,0.04728420151789692,1.4697217916643592,LOS,True,0.39552431441625424
clsdoa_v1_pilot_005_ep_000637,mp3d.VFuaQ6m2Qom,MP3D,204.5221172485671,-67.5,-2.9659469952726676,2.628418108496714,LOS,True,27.014960934124648
clsdoa_v1_pilot_005_ep_000638,mp3d.oLBMNvg9in8,MP3D,156.40724043432982,22.5,-1.1130582648833391,1.9529631941105337,LOS,True,63.84894567628259
clsdoa_v1_pilot_005_ep_000639,mp3d.uNb9QFRL6hY,MP3D,255.6190493773159,-157.49999999999997,3.5695508634043933,2.810014912053004,LOS,True,0.18300870383111273
clsdoa_v1_pilot_005_ep_000640,mp3d.q9vSo1VnCiC,MP3D,20.504256536972974,157.5,0.0,4.837005681785502,LOS,True,23.874614865559394
clsdoa_v1_pilot_005_ep_000641,replica.frl_apartment_1,Replica,86.35424740358107,-22.50000000000003,3.287347381436396,3.5330978084609943,LOS,True,8.233494873389921e-06
clsdoa_v1_pilot_005_ep_000642,replica.office_0,Replica,-278.0172602793634,112.50000000000006,-6.150054544088054,1.340944304512247,LOS,True,2.091309789151873e-06
clsdoa_v1_pilot_005_ep_000643,replica.office_4,Replica,266.696330310545,-112.50000000000003,-12.656080176855157,2.2820801895824414,LOS,True,32.36087078836238
clsdoa_v1_pilot_005_ep_000644,replica.room_0,Replica,149.4816505963885,-157.5,-0.6391301553292358,2.223233574094782,LOS,True,1.6231609471220672
clsdoa_v1_pilot_005_ep_000645,replica.apartment_1,Replica,-205.69576061911522,157.5,5.863535337206451,4.8943094018024755,LOS,True,152.4695369785208
clsdoa_v1_pilot_005_ep_000646,replica.frl_apartment_0,Replica,73.5745866316621,-67.5,0.0,5.404156169877661,LOS,True,0.0
clsdoa_v1_pilot_005_ep_000647,replica.frl_apartment_2,Replica,-108.07294581794883,157.5,-1.298576968264347,1.293651211070258,LOS,True,0.0
clsdoa_v1_pilot_005_ep_000648,replica.frl_apartment_3,Replica,-111.1556712603682,157.5,20.46000960877609,1.4303960722646931,LOS,True,1.9090959104164224e-06
clsdoa_v1_pilot_005_ep_000649,replica.frl_apartment_4,Replica,239.34969816778772,-67.50000000000004,-4.521217143956865,1.709545041371046,LOS,True,3.4150945850063763e-06
clsdoa_v1_pilot_005_ep_000650,replica.office_2,Replica,-89.81198493559715,67.5,0.0,1.9475391575000862,LOS,True,0.10539118928793624
clsdoa_v1_pilot_005_ep_000651,replica.apartment_2,Replica,-112.15701154726382,22.5,4.570555731066136,2.2565678985085893,LOS,True,8.354251752287839
clsdoa_v1_pilot_005_ep_000652,replica.office_4,Replica,-38.17843448274802,112.5,0.0,5.087222182256997,LOS,True,0.3854267172821862
clsdoa_v1_pilot_005_ep_000653,replica.frl_apartment_1,Replica,-106.74310474551771,112.5,7.533272075678038,2.7699913046516267,LOS,True,0.3939023696337072
clsdoa_v1_pilot_005_ep_000654,replica.apartment_1,Replica,75.65916715289573,-157.5,0.0,1.3959539064642936,LOS,False,
clsdoa_v1_pilot_005_ep_000655,replica.frl_apartment_0,Replica,285.80066541557596,-112.50000000000001,-5.68965184821639,5.0433713894128465,LOS,True,2.839740689004683
clsdoa_v1_pilot_005_ep_000656,replica.frl_apartment_2,Replica,26.927054182051158,22.5,-1.2985769682643469,1.293651211070258,LOS,True,2.9575586669421963e-06
clsdoa_v1_pilot_005_ep_000657,replica.hotel_0,Replica,124.59016444098538,-22.5,3.951843613204478,2.671106278912533,LOS,True,0.43173446154816464
clsdoa_v1_pilot_005_ep_000658,replica.frl_apartment_3,Replica,99.11131495899627,67.5,2.6439320482281365,4.51256018721931,LOS,True,35.24846684989364
clsdoa_v1_pilot_005_ep_000659,replica.frl_apartment_4,Replica,222.89972309129928,-157.5,0.0,1.2462627838248732,LOS,True,2.951378751203679
clsdoa_v1_pilot_005_ep_000660,replica.office_0,Replica,121.08798340944858,-112.5,-2.103146355263823,3.7977295349732847,LOS,True,109.77544293289341
clsdoa_v1_pilot_005_ep_000661,replica.room_0,Replica,-30.518349403611502,22.5,-0.6391301553292358,2.223233574094782,LOS,True,1.099670342181542
clsdoa_v1_pilot_005_ep_000662,replica.office_2,Replica,40.42862564819121,-67.5,0.0,1.760609142389816,LOS,True,2.4148365394514667e-06
clsdoa_v1_pilot_005_ep_000663,replica.office_4,Replica,240.96547661309253,-112.49999999999999,5.251480340897453,5.462848165229521,LOS,True,30.848481730630247
clsdoa_v1_pilot_005_ep_000664,replica.apartment_2,Replica,-157.15701154726383,67.5,4.570555731066135,2.2565678985085893,LOS,True,7.9440506508105555
clsdoa_v1_pilot_005_ep_000665,replica.apartment_1,Replica,97.9931462494296,-22.5,0.0,1.46060173430602,LOS,True,2.561320938754782e-06
clsdoa_v1_pilot_005_ep_000666,replica.frl_apartment_1,Replica,221.35424740358107,-157.5,3.287347381436396,3.5330978084609943,LOS,True,8.537736462515939e-07
clsdoa_v1_pilot_005_ep_000667,replica.hotel_0,Replica,169.59016444098538,-67.5,3.951843613204478,2.671106278912533,LOS,True,0.38013804039637483
clsdoa_v1_pilot_005_ep_000668,replica.frl_apartment_0,Replica,134.0808860512197,-22.50000000000003,0.0,1.8883278379153503,LOS,True,0.32172008849797407
clsdoa_v1_pilot_005_ep_000669,mp3d.5LpN3gDmAk7,MP3D,-26.34577312683099,-22.5,0.0,1.0055632240453367,LOS,True,119.17120173471
clsdoa_v1_pilot_005_ep_000670,mp3d.p5wJjkQkbXX,MP3D,24.35702143295226,22.5,-12.958107526624966,1.5823607951829386,LOS,True,2.2588727439225506e-06
clsdoa_v1_pilot_005_ep_000671,mp3d.8194nk5LbLH,MP3D,-228.39671213399777,112.5,0.0,1.1984591813234553,LOS,True,21.249141611206642
clsdoa_v1_pilot_005_ep_000672,mp3d.s8pcmisQ38h,MP3D,-174.08297372765784,112.5,-0.9828901847884673,4.516975055675337,LOS,True,46.48055700904096
clsdoa_v1_pilot_005_ep_000673,mp3d.wc2JMjhGNzB,MP3D,-38.990923796381885,-22.5,-3.8032073025070754,4.52285272156581,LOS,False,
clsdoa_v1_pilot_005_ep_000674,mp3d.EDJbREhghzL,MP3D,-105.15890596218682,-67.5,0.19599368103704642,1.4668681240639876,LOS,True,9.659346157805877e-06
clsdoa_v1_pilot_005_ep_000675,mp3d.EU6Fwq7SyZv,MP3D,117.72099290400377,-67.50000000000001,4.4204122400352,1.8427425956851264,LOS,True,2.091309789151873e-06
clsdoa_v1_pilot_005_ep_000676,mp3d.gZ6f7yhEvPG,MP3D,0.8048514063867174,67.5,3.2409957338407076,2.356724613478863,LOS,True,3.91248236030638e-06
clsdoa_v1_pilot_005_ep_000677,mp3d.i5noydFURQK,MP3D,155.0235481065496,-22.5,3.1275679329928514,3.1655444685820697,LOS,True,34.639225340262946
clsdoa_v1_pilot_005_ep_000678,mp3d.JmbYfDe2QKZ,MP3D,51.32966188063432,67.5,0.0,1.0630826236771074,LOS,True,1.2074182697257333e-06
clsdoa_v1_pilot_005_ep_000679,mp3d.RPmz2sHmrrY,MP3D,-327.2915104612837,157.5,0.0,1.4154616748891848,LOS,True,0.011714197592450595
clsdoa_v1_pilot_005_ep_000680,mp3d.yqstnuAEVhm,MP3D,-154.78562676798407,112.5,0.0,4.766918744661528,LOS,True,1.914405067128253
clsdoa_v1_pilot_005_ep_000681,mp3d.2azQ1b91cZZ,MP3D,242.21788721810395,-67.50000000000001,5.415138623769312,5.298217805530937,LOS,True,18.5271032803316
clsdoa_v1_pilot_005_ep_000682,mp3d.jtcxE69GiFV,MP3D,-134.81945332853397,22.5,8.415721825192271,2.6819773377042093,LOS,True,2.6494330459259996
clsdoa_v1_pilot_005_ep_000683,mp3d.S9hNv5qa7GM,MP3D,-252.6170434593588,157.5,0.0,1.9923636889480076,LOS,True,2.4148365394514667e-06
clsdoa_v1_pilot_005_ep_000684,mp3d.pLe4wQe7qrG,MP3D,-133.53517386309244,112.5,-10.238121483366166,3.2271384912858325,LOS,True,6.164067818537211
clsdoa_v1_pilot_005_ep_000685,mp3d.rPc6DW4iMge,MP3D,164.1645985812588,-157.50000000000003,2.736438715316422,3.3861009842766214,LOS,True,0.33858567773672704
clsdoa_v1_pilot_005_ep_000686,mp3d.759xd9YjKW5,MP3D,200.93515439128936,-157.5,0.0,5.503567130140265,LOS,True,38.52514063704623
clsdoa_v1_pilot_005_ep_000687,mp3d.TbHJrupSAjP,MP3D,272.2739873297278,-112.49999999999996,0.12466138052256054,1.9375048373676569,LOS,True,41.39661778699106
clsdoa_v1_pilot_005_ep_000688,mp3d.sKLMLpTHeUy,MP3D,-195.8697558154154,157.5,-3.6556308513841893,3.527580900860227,LOS,True,37.499750905785646
clsdoa_v1_pilot_005_ep_000689,mp3d.vyrNrziPKCB,MP3D,108.1195143509863,-112.50000000000001,-6.714583491630302,2.2894053757419326,LOS,True,5.006055744194389e-05
clsdoa_v1_pilot_005_ep_000690,mp3d.sT4fr6TAbpF,MP3D,-11.473193168045896,157.5,2.2413091148007087,2.898832612337459,LOS,True,26.995239902431013
clsdoa_v1_pilot_005_ep_000691,mp3d.ARNzJeq3xxb,MP3D,-124.21154588038951,22.5,0.0,5.463433363914276,LOS,True,53.19561541163618
clsdoa_v1_pilot_005_ep_000692,mp3d.B6ByNegPMKs,MP3D,-151.59744190977602,67.5,9.70841184407898,3.8452673699532407,LOS,True,3.489349627554876
clsdoa_v1_pilot_005_ep_000693,mp3d.x8F5xyUWy9e,MP3D,-131.65426577379196,67.5,-3.6624723960891186,2.021404583465873,LOS,True,68.19831935626989
clsdoa_v1_pilot_005_ep_000694,mp3d.2n8kARJN3HM,MP3D,71.2311642139877,22.5,-2.33397485337306,3.978875597911416,LOS,True,166.55964988373736
clsdoa_v1_pilot_005_ep_000695,mp3d.D7N2EKCX4Sj,MP3D,44.79022597649387,-112.5,24.03462361512619,1.4143804058783485,LOS,True,16.486702271235117
clsdoa_v1_pilot_005_ep_000696,mp3d.YVUC4YcDtcY,MP3D,211.798815970146,-157.50000000000003,0.452303975655596,1.5755847532444718,LOS,True,1.1358719589327517e-05
clsdoa_v1_pilot_005_ep_000697,replica.office_1,Replica,37.944143535238126,-157.5,-11.623282442958809,1.6864843453711003,LOS,True,5.911416400605834
clsdoa_v1_pilot_005_ep_000698,replica.frl_apartment_5,Replica,135.9525780022871,22.5,-35.041507734378115,3.7587197360604603,LOS,True,24.55938561637234
clsdoa_v1_pilot_005_ep_000699,replica.apartment_0,Replica,100.2177610734742,-22.5,0.0,1.1383009705753113,LOS,True,2.4215868943575853
clsdoa_v1_pilot_005_ep_000700,replica.frl_apartment_5,Replica,53.634105916586016,-67.5,3.9488990471537284,3.716482877170675,LOS,True,0.18948704153066995
clsdoa_v1_pilot_005_ep_000701,replica.apartment_0,Replica,-45.430211694263235,67.5,0.0,5.453102776113184,LOS,True,84.04146357727535
clsdoa_v1_pilot_005_ep_000702,replica.office_1,Replica,89.63747611138932,-112.50000000000001,1.0336399598066217,1.3552579236629543,LOS,True,0.0
clsdoa_v1_pilot_005_ep_000703,mp3d.2t7WUuJeko7,MP3D,-116.2526482609598,-22.5,-4.6194406760916005,2.002371532966784,LOS,True,0.2945786293935643
clsdoa_v1_pilot_005_ep_000704,mp3d.D7G3Y4RVNrH,MP3D,-62.54719662595258,-67.5,-1.7260644943601957,1.4481447525964952,LOS,True,6.445849674396954e-06
clsdoa_v1_pilot_005_ep_000705,mp3d.1LXtFkjw3qL,MP3D,-91.05095948235773,112.5,0.0,5.870227922162818,LOS,True,38.82389935651751
clsdoa_v1_pilot_005_ep_000706,mp3d.ULsKaCPVFJR,MP3D,10.247988281289409,-112.50000000000001,0.0,1.991060207954639,LOS,True,0.33583455905151904
clsdoa_v1_pilot_005_ep_000707,mp3d.YFuZgdQ5vWj,MP3D,207.1293305656094,-157.50000000000003,4.546891853745546,2.5767445644918476,LOS,True,5.3318147119265075e-06
clsdoa_v1_pilot_005_ep_000708,mp3d.r1Q1Z4BcV1o,MP3D,-140.24255687904704,157.5,-5.871868053916035,3.7208004781923214,LOS,True,3.52019892386405e-06
clsdoa_v1_pilot_005_ep_000709,replica.office_3,Replica,-1.7415638196449095,-22.5,0.0,1.2852774923972894,LOS,True,0.0
clsdoa_v1_pilot_005_ep_000710,replica.room_2,Replica,108.37174624167702,67.50000000000003,-2.2249241509278996,1.3248392583547082,LOS,True,8.537736462515939e-07
clsdoa_v1_pilot_005_ep_000711,replica.room_1,Replica,8.035212793319157,22.5,0.7226649554986113,2.70494294455659,LOS,True,31.553064264476543
clsdoa_v1_pilot_005_ep_000712,replica.office_3,Replica,131.78542617281727,-67.49999999999999,0.0,3.7799629516911613,LOS,True,0.0
clsdoa_v1_pilot_005_ep_000713,replica.room_2,Replica,-32.62515996244997,157.5,-2.2066671069988413,4.835386591807888,LOS,True,0.6984084963127154
clsdoa_v1_pilot_005_ep_000714,replica.office_3,Replica,-204.753161750627,112.5,-7.325808029851576,3.9212186467568184,LOS,True,3.6222548091772e-06
clsdoa_v1_pilot_005_ep_000715,mp3d.7y3sRwLe3Va,MP3D,-14.444642138177016,-157.5,-57.378155713374476,1.069298855988421,LOS,True,1.2164402004367092e-05
clsdoa_v1_pilot_005_ep_000716,mp3d.ur6pFq6Qu1A,MP3D,-94.71785221950884,-67.50000000000001,-18.659527809004565,2.650827819329359,LOS,True,0.33350829256546266
clsdoa_v1_pilot_005_ep_000717,mp3d.1pXnuDYAj8r,MP3D,-220.81426589998262,67.50000000000006,-1.3417213375801906,4.903347159246467,LOS,True,85.3742541240133
clsdoa_v1_pilot_005_ep_000718,mp3d.5q7pvUzZiYa,MP3D,162.09315721830086,-22.5,-2.9465430616458432,3.897564913352638,LOS,True,10.217977687130926
clsdoa_v1_pilot_005_ep_000719,mp3d.GdvgFV5R1Z5,MP3D,66.08306168190164,-112.5,4.025645753693842,1.651076657078997,LOS,True,1.9090959104164224e-06
clsdoa_v1_pilot_005_ep_000720,mp3d.HxpKQynjfin,MP3D,-1.6441887280876273,22.5,0.0,1.082135071483013,LOS,True,59.27809819038682
clsdoa_v1_pilot_005_ep_000721,replica.office_0,Replica,121.08798340944858,-112.5,-2.103146355263823,3.7977295349732847,LOS,True,109.77544293289341
clsdoa_v1_pilot_005_ep_000722,replica.room_0,Replica,59.4816505963885,-67.49999999999999,-0.6391301553292357,2.223233574094782,LOS,True,1.2003490321353003
clsdoa_v1_pilot_005_ep_000723,replica.frl_apartment_3,Replica,-87.50758774926143,112.5,8.831489230457622,4.55940115168502,LOS,True,174.83100294072875
clsdoa_v1_pilot_005_ep_000724,replica.frl_apartment_4,Replica,59.333925280965225,-112.5,-4.957322990754195,5.786119648552452,LOS,True,1.4754025360441407
clsdoa_v1_pilot_005_ep_000725,replica.apartment_2,Replica,67.84298845273618,-157.5,4.570555731066136,2.2565678985085893,LOS,True,7.497050020245089
clsdoa_v1_pilot_005_ep_000726,replica.frl_apartment_2,Replica,-18.072945817948842,67.5,-1.2985769682643469,1.293651211070258,LOS,True,1.7075472925031877e-06
clsdoa_v1_pilot_005_ep_000727,replica.frl_apartment_1,Replica,-48.64575259641894,112.5,3.2873473814363967,3.5330978084609943,LOS,True,0.21851327566445508
clsdoa_v1_pilot_005_ep_000728,replica.office_2,Replica,222.0130894535802,-67.50000000000003,0.0,1.7424784390098957,LOS,True,4.182619578303747e-06
clsdoa_v1_pilot_005_ep_000729,replica.office_4,Replica,98.74522378424496,67.5,0.0,1.6287722398281215,LOS,True,4.094554566467037e-06
clsdoa_v1_pilot_005_ep_000730,replica.hotel_0,Replica,124.59016444098538,-22.5,3.951843613204478,2.671106278912533,LOS,True,0.43173446154816464
clsdoa_v1_pilot_005_ep_000731,replica.apartment_1,Replica,-153.25990884015673,-22.5,0.0,1.3108890248325253,LOS,True,1.2074182697257333e-06
clsdoa_v1_pilot_005_ep_000732,replica.office_0,Replica,-233.0172602793634,67.5,-6.150054544088054,1.340944304512247,LOS,True,7.68396281626435e-06
clsdoa_v1_pilot_005_ep_000733,replica.apartment_2,Replica,204.84926533269805,-67.50000000000001,-16.859259415659917,3.208284648020208,LOS,True,0.14306218713225163
clsdoa_v1_pilot_005_ep_000734,replica.room_0,Replica,-120.5183494036115,112.5,-0.6391301553292357,2.223233574094782,LOS,True,1.0911792964840723
clsdoa_v1_pilot_005_ep_000735,replica.frl_apartment_0,Replica,-257.823347980584,157.5,-3.1645663077930823,1.4014168354647927,LOS,True,8.537736462515939e-07
clsdoa_v1_pilot_005_ep_000736,replica.frl_apartment_2,Replica,116.92705418205117,-67.5,-1.2985769682643469,1.293651211070258,LOS,True,2.831646840510158e-06
clsdoa_v1_pilot_005_ep_000737,replica.frl_apartment_3,Replica,224.13321062637672,-112.50000000000001,0.0,1.6441243444549354,LOS,True,2.4148365394514667e-06
clsdoa_v1_pilot_005_ep_000738,replica.frl_apartment_4,Replica,46.41350950563199,22.5,0.0,1.7127310248376144,LOS,True,2.4148365394514667e-06
clsdoa_v1_pilot_005_ep_000739,replica.frl_apartment_1,Replica,41.35424740358106,22.5,3.287347381436396,3.5330978084609943,LOS,True,1.2074182697257333e-06
clsdoa_v1_pilot_005_ep_000740,replica.office_2,Replica,133.51498613768953,-22.5,19.258351317755626,2.122316688780803,LOS,True,1.0050084846226928
clsdoa_v1_pilot_005_ep_000741,replica.office_4,Replica,65.63057492041172,-157.5,0.0,4.390919761371666,LOS,True,0.18945596603945228
clsdoa_v1_pilot_005_ep_000742,replica.apartment_1,Replica,50.12074671006873,22.5,-9.182403130477361,3.4938372188318847,LOS,True,44.60045100401234
clsdoa_v1_pilot_005_ep_000743,replica.hotel_0,Replica,-196.3432550635677,22.5,-33.200492041874284,1.5696528514318266,LOS,True,5.663293681020318e-06
clsdoa_v1_pilot_005_ep_000744,replica.frl_apartment_0,Replica,24.34200411674749,-157.49999999999997,4.387322608774205,5.23389732013451,LOS,True,3.1945284701301985e-06
clsdoa_v1_pilot_005_ep_000745,replica.frl_apartment_3,Replica,-105.05596254197955,157.5,-20.672138002368452,5.858097789611711,LOS,True,3.078324659199975e-06
clsdoa_v1_pilot_005_ep_000746,replica.office_0,Replica,31.08798340944859,-22.5,-2.103146355263823,3.7977295349732847,LOS,True,20.227276052976322
clsdoa_v1_pilot_005_ep_000747,replica.frl_apartment_4,Replica,109.09720974801262,-112.50000000000001,-3.64259845193079,4.859393864142617,LOS,True,0.006952865245762046
clsdoa_v1_pilot_005_ep_000748,replica.frl_apartment_2,Replica,-108.07294581794883,157.5,-1.298576968264347,1.293651211070258,LOS,True,0.0
clsdoa_v1_pilot_005_ep_000749,mp3d.QUCTc6BB5sX,MP3D,65.299409895269,22.5,-4.2681209895153875,5.4013202869625445,LOS,True,36.03603750979048
clsdoa_v1_pilot_005_ep_000750,mp3d.82sE5b5pLXE,MP3D,-298.6378141214001,157.5,4.270322738549427,3.843765244468547,LOS,True,39.21556716345151
clsdoa_v1_pilot_005_ep_000751,mp3d.JF19kD82Mey,MP3D,-121.12033541999057,157.5,-2.4270123275428133,3.9056973928163443,LOS,True,0.0411657939029764
clsdoa_v1_pilot_005_ep_000752,mp3d.YmJkqBEsHnH,MP3D,192.50537071831954,-157.5,3.227547014604444,1.5330267214496194,LOS,True,2.4684405560891785
clsdoa_v1_pilot_005_ep_000753,mp3d.ZMojNkEp431,MP3D,-78.67605746085457,67.5,0.0,1.3131789218070509,LOS,True,5.263014220319208e-06
clsdoa_v1_pilot_005_ep_000754,mp3d.JeFG25nYj2p,MP3D,-14.898851253767617,157.5,3.3576300919590505,3.3079064384272594,LOS,True,60.121139580657925
clsdoa_v1_pilot_005_ep_000755,mp3d.Pm6F8kyY3z2,MP3D,17.856197395121377,-22.5,-10.790982908778137,2.67743358112006,LOS,True,1.652062556306761
clsdoa_v1_pilot_005_ep_000756,mp3d.gTV8FGcVJC9,MP3D,-129.20219254222104,112.5,0.0,1.359104004312102,LOS,True,4.7536104815230715e-06
clsdoa_v1_pilot_005_ep_000757,mp3d.jh4fc5c5qoQ,MP3D,-85.78605311492852,-22.5,0.0,1.7343072944702986,LOS,True,8.537736462515939e-07
clsdoa_v1_pilot_005_ep_000758,mp3d.SN83YJsR3w2,MP3D,49.41870440372139,-157.5,-9.365067918644803,2.489289974274846,LOS,True,1.4946046690631003
clsdoa_v1_pilot_005_ep_000759,mp3d.PX4nDJXEHrG,MP3D,-242.5561717713677,67.5,2.4965416883621856,2.984641714723914,LOS,True,1.5403453706701187
clsdoa_v1_pilot_005_ep_000760,mp3d.UwV83HsGsw3,MP3D,20.01966696526391,-22.5,-0.11257488564788598,2.4394114941959533,LOS,True,58.89988526913602
clsdoa_v1_pilot_005_ep_000761,mp3d.mJXqzFtmKg4,MP3D,-27.580025660799947,157.5,0.0,1.5562286119374296,LOS,True,0.0648300888992156
clsdoa_v1_pilot_005_ep_000762,mp3d.pRbA3pwrgk9,MP3D,223.89180810789435,-112.50000000000001,2.977405987769936,1.9252259726527692,LOS,True,0.21135891812621646
clsdoa_v1_pilot_005_ep_000763,mp3d.Uxmj2M2itWa,MP3D,328.2989753676038,-157.49999999999997,0.0,4.153663467567107,LOS,True,0.18040010008103305
clsdoa_v1_pilot_005_ep_000764,mp3d.Vt2qJdWjCF2,MP3D,-150.05710028070087,67.5,0.0,4.213898732806925,LOS,True,22.426655670714577
clsdoa_v1_pilot_005_ep_000765,mp3d.VLzqgDo317F,MP3D,62.76524263030427,-157.5,-0.7159965866856958,3.573050377424505,LOS,True,0.7927531047318359
clsdoa_v1_pilot_005_ep_000766,mp3d.VVfe2KiqLaN,MP3D,-190.24709576435538,112.5,-40.79330496943332,2.1811200571712663,LOS,True,122.9028917702643
clsdoa_v1_pilot_005_ep_000767,mp3d.Vvot9Ly1tCj,MP3D,40.730566633941265,112.5,0.0,5.129716638756636,LOS,True,0.569339762233701
clsdoa_v1_pilot_005_ep_000768,mp3d.aayBHfsNo7d,MP3D,89.04912011042762,67.5,5.509411325768531,5.207831339945513,LOS,True,0.08313295719896863
clsdoa_v1_pilot_005_ep_000769,mp3d.r47D5H71a5s,MP3D,151.90242649743277,-112.5,0.0,1.0926492782979058,LOS,True,1.9090959104164224e-06
clsdoa_v1_pilot_005_ep_000770,mp3d.pa4otMbVnkk,MP3D,110.88287346169045,22.5,-7.044492991398011,4.076971011246935,LOS,True,19.194742414104777
clsdoa_v1_pilot_005_ep_000771,mp3d.Z6MFQCViBuw,MP3D,30.898001391648222,112.5,10.39007242598788,1.9470030706110024,LOS,True,2.9575586669421963e-06
clsdoa_v1_pilot_005_ep_000772,mp3d.WYY7iVyf5p8,MP3D,64.58867073166329,22.5,45.001828306988976,3.8868131027967685,LOS,False,
clsdoa_v1_pilot_005_ep_000773,mp3d.rqfALeAoiTq,MP3D,257.57788380354486,-112.49999999999999,0.0,1.2228611992150882,LOS,True,1.2074182697257333e-06
clsdoa_v1_pilot_005_ep_000774,mp3d.X7HyMhZNoso,MP3D,8.218933221428514,-67.5,-1.0987756912648259,3.868107813322831,LOS,True,1.2316824609371655
clsdoa_v1_pilot_005_ep_000775,mp3d.17DRP5sb8fy,MP3D,107.47540842896198,-67.5,0.0,1.6417488401811742,LOS,True,8.45192788808014e-06
clsdoa_v1_pilot_005_ep_000776,mp3d.5LpN3gDmAk7,MP3D,183.07903923623837,-67.5,0.0,1.0316596442412675,LOS,True,1.1000103948581645e-05
clsdoa_v1_pilot_005_ep_000777,replica.frl_apartment_5,Replica,-36.365894083413984,22.5,3.9488990471537284,3.716482877170675,LOS,True,0.10162310004830902
clsdoa_v1_pilot_005_ep_000778,replica.frl_apartment_5,Replica,90.95257800228711,67.5,-35.04150773437811,3.7587197360604603,LOS,True,41.576356959699275
clsdoa_v1_pilot_005_ep_000779,replica.office_1,Replica,88.6856692431022,-22.5,2.6839857667554994,2.4990172768659575,LOS,True,3.5814583638384483
clsdoa_v1_pilot_005_ep_000780,replica.apartment_0,Replica,201.97826750728768,-67.5,-1.7828808848928928,5.043489069878477,LOS,True,121.5128997793281
clsdoa_v1_pilot_005_ep_000781,replica.office_1,Replica,160.500003287357,-112.5,1.6934147426020587,1.7229628958296304,LOS,True,0.4437117399217638
clsdoa_v1_pilot_005_ep_000782,replica.apartment_0,Replica,16.74979692171823,112.5,0.0,1.9451364589777471,LOS,True,28.706674272163923
clsdoa_v1_pilot_005_ep_000783,mp3d.V2XKFyX4ASd,MP3D,32.11157661910556,-112.49999999999999,4.358213097290811,4.885253895340809,LOS,True,0.2450092484739646
clsdoa_v1_pilot_005_ep_000784,mp3d.29hnd4uzFmX,MP3D,-192.12808298702873,22.5,10.831614038776946,3.5642928011298554,LOS,True,66.08009123098572
clsdoa_v1_pilot_005_ep_000785,mp3d.ac26ZMwG7aT,MP3D,-96.98277867614894,157.5,0.0,1.5560355255952991,LOS,True,1.8280207861926308
clsdoa_v1_pilot_005_ep_000786,mp3d.cV4RVeZvu5T,MP3D,193.33891511694304,-157.5,0.0,1.6963020335114636,LOS,True,8.537736462515939e-07
clsdoa_v1_pilot_005_ep_000787,mp3d.2t7WUuJeko7,MP3D,-92.99106718883583,-22.5,-15.777173738404976,2.2937600209533846,LOS,True,26.241804610694405
clsdoa_v1_pilot_005_ep_000788,mp3d.5ZKStnWn8Zo,MP3D,-85.59256071855879,-67.5,0.0,1.505288594968727,LOS,True,2.2829466680348277e-05
clsdoa_v1_pilot_005_ep_000789,replica.room_1,Replica,-81.96478720668084,112.5,0.7226649554986114,2.70494294455659,LOS,True,2.091309789151873e-06
clsdoa_v1_pilot_005_ep_000790,replica.room_2,Replica,-153.26537696463853,157.5,-21.136559270503675,2.551692537494031,LOS,True,1.504795282967496
clsdoa_v1_pilot_005_ep_000791,replica.office_3,Replica,-218.1278380416975,67.5,0.0,1.9720275553219462,LOS,True,0.1393733506651099
clsdoa_v1_pilot_005_ep_000792,replica.room_1,Replica,-21.028831002835453,-22.5,16.140449332760785,1.648046535242176,LOS,True,3.078324659199975e-06
clsdoa_v1_pilot_005_ep_000793,replica.room_2,Replica,153.37174624167702,22.5,-2.2249241509278996,1.3248392583547082,LOS,True,1.4787793334710982e-06
clsdoa_v1_pilot_005_ep_000794,replica.office_3,Replica,-12.806071243552651,-157.5,0.0,4.271230532502736,LOS,True,1.2074182697257333e-06
clsdoa_v1_pilot_005_ep_000795,mp3d.8WUmhLawc2A,MP3D,-12.716399311409674,112.5,3.7384344453038936,2.3523322370840303,LOS,True,0.08186884332415076
clsdoa_v1_pilot_005_ep_000796,mp3d.oLBMNvg9in8,MP3D,92.09973358696132,67.5,0.0,5.235240670796856,LOS,True,3.8299300937323495
clsdoa_v1_pilot_005_ep_000797,mp3d.PuKPg4mmafe,MP3D,-82.1082413886108,22.5,-4.036823244771692,3.2856066522751246,LOS,True,0.09923675162578133
clsdoa_v1_pilot_005_ep_000798,mp3d.q9vSo1VnCiC,MP3D,65.70492097261847,-67.5,-3.7730224998187696,1.5196629258086343,LOS,True,7.294645231227028e-06
clsdoa_v1_pilot_005_ep_000799,mp3d.VFuaQ6m2Qom,MP3D,159.5221172485671,-22.5,-2.9659469952726676,2.628418108496714,LOS,True,25.118285637779657
clsdoa_v1_pilot_005_ep_000800,mp3d.7y3sRwLe3Va,MP3D,-59.44464213817702,-112.5,-57.378155713374476,1.069298855988421,LOS,True,1.344524082641768e-05
clsdoa_v1_pilot_005_ep_000801,replica.apartment_2,Replica,204.84926533269805,-67.50000000000001,-16.859259415659917,3.208284648020208,LOS,True,0.14306218713225163
clsdoa_v1_pilot_005_ep_000802,replica.room_0,Replica,-30.518349403611502,22.5,-0.6391301553292358,2.223233574094782,LOS,True,1.099670342181542
clsdoa_v1_pilot_005_ep_000803,replica.office_2,Replica,30.516014588233546,-112.49999999999999,0.0,1.5347740911021885,LOS,True,8.537736462515939e-07
clsdoa_v1_pilot_005_ep_000804,replica.office_4,Replica,-227.08683230853185,112.5,0.0,4.142614844966861,LOS,True,0.6656614043108781
clsdoa_v1_pilot_005_ep_000805,replica.frl_apartment_1,Replica,73.25689525448229,-67.5,7.533272075678038,2.7699913046516267,LOS,True,1.740641139681522
clsdoa_v1_pilot_005_ep_000806,replica.apartment_1,Replica,-243.25990884015673,67.5,0.0,1.3108890248325253,LOS,True,1.2074182697257333e-06
clsdoa_v1_pilot_005_ep_000807,replica.hotel_0,Replica,-55.409835559014624,157.5,3.951843613204478,2.671106278912533,LOS,True,6.2155659652833185e-06
clsdoa_v1_pilot_005_ep_000808,replica.office_0,Replica,-233.0172602793634,67.5,-6.150054544088054,1.340944304512247,LOS,True,7.68396281626435e-06
clsdoa_v1_pilot_005_ep_000809,replica.frl_apartment_0,Replica,-6.1908883986029295,-22.5,0.0,5.569616297633871,LOS,True,0.18412106204555811
clsdoa_v1_pilot_005_ep_000810,replica.frl_apartment_3,Replica,-139.60393539983403,22.5,32.430017186403596,4.020054717020848,LOS,True,63.31402416460919
clsdoa_v1_pilot_005_ep_000811,replica.frl_apartment_2,Replica,206.92705418205117,-157.5,-1.2985769682643469,1.293651211070258,LOS,True,2.831646840510158e-06
clsdoa_v1_pilot_005_ep_000812,replica.frl_apartment_4,Replica,85.30464270586174,-67.50000000000001,0.0,1.5814657589115397,LOS,True,0.0
clsdoa_v1_pilot_005_ep_000813,replica.room_0,Replica,14.4816505963885,-22.5,-0.6391301553292358,2.223233574094782,LOS,True,1.8503147616367877
clsdoa_v1_pilot_005_ep_000814,replica.apartment_2,Replica,22.84298845273618,-112.5,4.570555731066135,2.2565678985085893,LOS,True,7.944355211839346
clsdoa_v1_pilot_005_ep_000815,replica.office_2,Replica,-27.676103058491094,-112.5,5.905125044289712,4.859959704838927,LOS,True,0.5142589565120556
clsdoa_v1_pilot_005_ep_000816,replica.frl_apartment_1,Replica,41.35424740358106,22.5,3.287347381436396,3.5330978084609943,LOS,True,1.2074182697257333e-06
clsdoa_v1_pilot_005_ep_000817,replica.hotel_0,Replica,-55.409835559014624,157.5,3.951843613204478,2.671106278912533,LOS,True,6.2155659652833185e-06
clsdoa_v1_pilot_005_ep_000818,replica.office_0,Replica,-58.91201659055141,67.5,-2.1031463552638234,3.7977295349732847,LOS,True,16.80435959443748
clsdoa_v1_pilot_005_ep_000819,replica.office_4,Replica,-24.369425079588282,-67.5,-12.82986931891235,4.503351679671955,LOS,True,2.831646840510158e-06
clsdoa_v1_pilot_005_ep_000820,replica.apartment_1,Replica,75.65916715289573,-157.5,0.0,1.3959539064642936,LOS,False,
clsdoa_v1_pilot_005_ep_000821,replica.frl_apartment_0,Replica,-110.65799588325251,-22.49999999999997,-3.285936517500161,5.227154327196841,LOS,True,8.537736462515939e-07
clsdoa_v1_pilot_005_ep_000822,replica.room_0,Replica,-165.5183494036115,157.5,-0.6391301553292357,2.223233574094782,LOS,True,2.7557338802872664
clsdoa_v1_pilot_005_ep_000823,replica.frl_apartment_2,Replica,-63.07294581794884,112.5,-1.2985769682643469,1.293651211070258,LOS,True,2.831646840510158e-06
clsdoa_v1_pilot_005_ep_000824,replica.frl_apartment_3,Replica,-208.6564577385767,112.5,0.0,1.1120216491252384,LOS,True,18.231733455800274
clsdoa_v1_pilot_005_ep_000825,replica.frl_apartment_4,Replica,56.21091804497475,67.5,-47.45970824750701,1.3572166115878928,LOS,True,4.7536104815230715e-06
clsdoa_v1_pilot_005_ep_000826,replica.office_2,Replica,27.294101113043062,-22.5,0.0,1.8985907400539923,LOS,True,96.8882799915047
clsdoa_v1_pilot_005_ep_000827,replica.apartment_2,Replica,67.84298845273618,-157.5,4.570555731066136,2.2565678985085893,LOS,True,7.497050020245089
clsdoa_v1_pilot_005_ep_000828,replica.office_4,Replica,143.74522378424496,22.5,0.0,1.6287722398281215,LOS,True,7.091976543484069e-06
clsdoa_v1_pilot_005_ep_000829,mp3d.XcA2TqTSSAj,MP3D,72.43140197884776,22.5,-1.5581984978194572,3.428976671859509,LOS,True,13.464525678047194
clsdoa_v1_pilot_005_ep_000830,mp3d.e9zR4mvMWw7,MP3D,51.504983723233984,-112.5,4.498051885848919,3.4192554326945293,LOS,True,0.11003778598329081
clsdoa_v1_pilot_005_ep_000831,mp3d.gYvKGZ5eRqb,MP3D,66.8319506602864,-157.5,3.5229808720776927,2.119537985204947,LOS,True,0.974222451062152
clsdoa_v1_pilot_005_ep_000832,mp3d.qoiz87JEwZ2,MP3D,56.351340825071496,-22.5,-81.62985534710307,4.447372326248136,LOS,False,
clsdoa_v1_pilot_005_ep_000833,mp3d.p5wJjkQkbXX,MP3D,-65.64297856704775,112.5,-12.958107526624966,1.5823607951829386,LOS,True,2.091309789151873e-06
clsdoa_v1_pilot_005_ep_000834,mp3d.gZ6f7yhEvPG,MP3D,68.3690590998456,-157.5,-11.672566903687382,3.6168927944672693,LOS,True,2.9575586669421963e-06
clsdoa_v1_pilot_005_ep_000835,mp3d.s8pcmisQ38h,MP3D,48.62570354371713,-112.5,0.290915972564157,5.414560941985026,LOS,True,56.024888128381455
clsdoa_v1_pilot_005_ep_000836,mp3d.i5noydFURQK,MP3D,155.0235481065496,-22.5,3.1275679329928514,3.1655444685820697,LOS,True,34.639225340262946
clsdoa_v1_pilot_005_ep_000837,mp3d.8194nk5LbLH,MP3D,-170.34300662568424,157.5,0.0,1.6168726419582067,LOS,True,2.4148365394514667e-06
clsdoa_v1_pilot_005_ep_000838,mp3d.wc2JMjhGNzB,MP3D,-189.73345545531475,157.5,2.9972612348702983,5.737424354477135,LOS,False,
clsdoa_v1_pilot_005_ep_000839,mp3d.jtcxE69GiFV,MP3D,-177.5650677631953,112.5,-2.4064075892309953,2.662140195916299,LOS,True,0.6595013216824038
clsdoa_v1_pilot_005_ep_000840,mp3d.x8F5xyUWy9e,MP3D,152.0904439041198,-67.50000000000003,-38.388887360528635,1.6030579610619613,LOS,True,3.306651113363206e-06
clsdoa_v1_pilot_005_ep_000841,mp3d.EDJbREhghzL,MP3D,-22.771755518287193,112.5,0.0,1.1179458481255538,LOS,True,16.124353709494926
clsdoa_v1_pilot_005_ep_000842,mp3d.EU6Fwq7SyZv,MP3D,-207.67562215764312,157.5,0.0,1.7942536104382405,LOS,True,9.234973977599935e-06
clsdoa_v1_pilot_005_ep_000843,mp3d.JmbYfDe2QKZ,MP3D,51.32966188063432,67.5,0.0,1.0630826236771074,LOS,True,1.2074182697257333e-06
clsdoa_v1_pilot_005_ep_000844,mp3d.RPmz2sHmrrY,MP3D,80.8118854518009,-157.5,0.0,1.5664462343760288,LOS,True,3.6222548091772e-06
clsdoa_v1_pilot_005_ep_000845,mp3d.S9hNv5qa7GM,MP3D,17.382956540641217,-112.5,0.0,1.9923636889480076,LOS,True,2.561320938754782e-06
clsdoa_v1_pilot_005_ep_000846,mp3d.pLe4wQe7qrG,MP3D,46.46482613690755,-67.49999999999999,-10.238121483366166,3.2271384912858325,LOS,True,8.740262123955311
clsdoa_v1_pilot_005_ep_000847,mp3d.yqstnuAEVhm,MP3D,-109.78562676798407,67.5,0.0,4.766918744661528,LOS,True,3.2183864469487733
clsdoa_v1_pilot_005_ep_000848,mp3d.2n8kARJN3HM,MP3D,-21.09013984434532,22.5,6.2552292649734635,1.462384057424478,LOS,True,1.0611347375783091
clsdoa_v1_pilot_005_ep_000849,mp3d.rPc6DW4iMge,MP3D,74.16459858125877,-67.5,2.7364387153164222,3.3861009842766214,LOS,True,0.2878403956663777
clsdoa_v1_pilot_005_ep_000850,mp3d.2azQ1b91cZZ,MP3D,197.21788721810395,-22.5,0.0,5.274572202069573,LOS,True,20.127180350760185
clsdoa_v1_pilot_005_ep_000851,mp3d.sKLMLpTHeUy,MP3D,-77.99341680963121,22.5,14.384999974946785,2.122264221548412,LOS,True,3.205983797475814
clsdoa_v1_pilot_005_ep_000852,mp3d.sT4fr6TAbpF,MP3D,-250.08069989583427,112.5,4.904635070514339,3.9334542592810138,LOS,True,8.268347863339041
clsdoa_v1_pilot_005_ep_000853,mp3d.TbHJrupSAjP,MP3D,272.2739873297278,-112.49999999999996,0.12466138052256054,1.9375048373676569,LOS,True,41.39661778699106
clsdoa_v1_pilot_005_ep_000854,mp3d.vyrNrziPKCB,MP3D,-243.15716040632793,157.5,4.0451359018574236,2.2001425601260314,LOS,True,9.734517300533532e-06
clsdoa_v1_pilot_005_ep_000855,mp3d.YVUC4YcDtcY,MP3D,-13.20118402985402,67.5,0.45230397565559594,1.5755847532444718,LOS,True,1.463916852406315e-05
clsdoa_v1_pilot_005_ep_000856,mp3d.759xd9YjKW5,MP3D,200.93515439128936,-157.5,0.0,5.503567130140265,LOS,True,38.52514063704623
clsdoa_v1_pilot_005_ep_000857,replica.office_1,Replica,-98.57742889268484,67.5,-3.566975164906023,1.495033389023487,LOS,True,6.557959812547711e-06
clsdoa_v1_pilot_005_ep_000858,replica.apartment_0,Replica,16.74979692171823,112.5,0.0,1.9451364589777471,LOS,True,28.706674272163923
clsdoa_v1_pilot_005_ep_000859,replica.apartment_0,Replica,-158.90271600981683,22.5,0.0,4.627599162286401,LOS,True,58.77945900599959
clsdoa_v1_pilot_005_ep_000860,replica.office_1,Replica,-104.96552246479357,-67.50000000000001,3.6871413318858,1.3935962793452203,LOS,True,2.091309789151873e-06
clsdoa_v1_pilot_005_ep_000861,replica.frl_apartment_5,Replica,180.9525780022871,-22.5,-35.041507734378115,3.7587197360604603,LOS,True,48.48029607973154
clsdoa_v1_pilot_005_ep_000862,replica.frl_apartment_5,Replica,0.9525780022871118,157.5,-35.04150773437811,3.7587197360604603,LOS,True,65.36419714212681
clsdoa_v1_pilot_005_ep_000863,mp3d.D7G3Y4RVNrH,MP3D,128.02000878817427,-67.5,-1.9482918676244638,1.8332934915129513,LOS,True,0.6295717736044071
clsdoa_v1_pilot_005_ep_000864,mp3d.b8cTxDM8gDG,MP3D,-48.601714738836066,-22.5,2.4739452872177075,3.5649928770896553,LOS,True,1.9090959104164224e-06
clsdoa_v1_pilot_005_ep_000865,mp3d.zsNo4HB9uLZ,MP3D,143.57870549826762,22.5,-1.837545122632497,3.043158577913322,LOS,True,6.557959812547711e-06
clsdoa_v1_pilot_005_ep_000866,mp3d.ULsKaCPVFJR,MP3D,-169.7520117187106,67.50000000000003,0.0,1.991060207954639,LOS,True,0.9707922782761135
clsdoa_v1_pilot_005_ep_000867,mp3d.YFuZgdQ5vWj,MP3D,207.1293305656094,-157.50000000000003,4.546891853745546,2.5767445644918476,LOS,True,5.3318147119265075e-06
clsdoa_v1_pilot_005_ep_000868,mp3d.1LXtFkjw3qL,MP3D,-5.737650345441239,-112.49999999999999,53.153328117512636,4.623594693706671,LOS,False,
clsdoa_v1_pilot_005_ep_000869,replica.room_2,Replica,-273.63321436549563,157.5,1.3487345422994805,4.978257384706677,LOS,True,6.029960498405602
clsdoa_v1_pilot_005_ep_000870,replica.office_3,Replica,133.2584361803551,-157.5,0.0,1.2852774923972894,LOS,True,4.00455336570039e-06
clsdoa_v1_pilot_005_ep_000871,replica.room_2,Replica,63.371746241677016,112.5,-2.2249241509278996,1.3248392583547082,LOS,True,1.7075472925031877e-06
clsdoa_v1_pilot_005_ep_000872,replica.room_1,Replica,143.03521279331915,-112.49999999999997,0.7226649554986113,2.70494294455659,LOS,True,2.4148365394514667e-06
clsdoa_v1_pilot_005_ep_000873,replica.office_3,Replica,-0.6448789599249771,22.5,-9.74726204626393,2.9532952730800908,LOS,True,0.1822930426223354
clsdoa_v1_pilot_005_ep_000874,replica.room_1,Replica,-36.96478720668084,67.5,0.7226649554986113,2.70494294455659,LOS,True,2.2588727439225506e-06
clsdoa_v1_pilot_005_ep_000875,mp3d.1pXnuDYAj8r,MP3D,133.00374133571898,-22.5,0.0,1.6949360034326726,LOS,True,1.801122448727122
clsdoa_v1_pilot_005_ep_000876,mp3d.gxdoqLR6rwA,MP3D,16.408215341652635,157.5,9.294628012619496,2.797858898703001,LOS,True,2.091309789151873e-06
clsdoa_v1_pilot_005_ep_000877,mp3d.GdvgFV5R1Z5,MP3D,-149.75658585626005,112.5,0.0,4.236496515267458,LOS,True,2.912511597025132
clsdoa_v1_pilot_005_ep_000878,mp3d.uNb9QFRL6hY,MP3D,30.75384150666273,22.5,-5.02847813659826,3.920835754905994,LOS,True,39.94034945727648
clsdoa_v1_pilot_005_ep_000879,mp3d.HxpKQynjfin,MP3D,230.15683151951822,-67.49999999999999,0.0,1.7150693825640728,LOS,True,106.2566157603198
clsdoa_v1_pilot_005_ep_000880,mp3d.oLBMNvg9in8,MP3D,111.40724043432982,67.5,-1.1130582648833391,1.9529631941105337,LOS,True,71.77954250660171
clsdoa_v1_pilot_005_ep_000881,replica.apartment_1,Replica,7.9931462494296,67.5,0.0,1.46060173430602,LOS,True,2.561320938754782e-06
clsdoa_v1_pilot_005_ep_000882,replica.frl_apartment_0,Replica,-54.94717049465612,-22.5,0.0,1.2651284853245168,LOS,True,3.306651113363206e-06
clsdoa_v1_pilot_005_ep_000883,replica.frl_apartment_3,Replica,-146.276903373082,22.50000000000003,5.073871810989706,5.653545949904956,LOS,True,0.1083434673014151
clsdoa_v1_pilot_005_ep_000884,replica.frl_apartment_2,Replica,-63.07294581794884,112.5,-1.2985769682643469,1.293651211070258,LOS,True,2.831646840510158e-06
clsdoa_v1_pilot_005_ep_000885,replica.frl_apartment_4,Replica,27.850580593736925,-22.5,7.4082234436106615,5.428968974877971,LOS,True,0.12342522106961201
clsdoa_v1_pilot_005_ep_000886,replica.frl_apartment_1,Replica,-106.74310474551771,112.5,7.533272075678038,2.7699913046516267,LOS,True,0.3939023696337072
clsdoa_v1_pilot_005_ep_000887,replica.hotel_0,Replica,-331.3432550635677,157.5,-33.200492041874284,1.5696528514318266,LOS,True,8.537736462515939e-07
clsdoa_v1_pilot_005_ep_000888,replica.office_2,Replica,-97.7036158177774,-67.49999999999997,0.0,1.384190288836107,LOS,True,0.4942887763615864
clsdoa_v1_pilot_005_ep_000889,replica.office_0,Replica,-278.0172602793634,112.50000000000006,-6.150054544088054,1.340944304512247,LOS,True,2.091309789151873e-06
clsdoa_v1_pilot_005_ep_000890,replica.room_0,Replica,84.99691257924461,22.5,-17.66673848369628,1.9567931003483474,LOS,True,0.19664235380769618
clsdoa_v1_pilot_005_ep_000891,replica.apartment_2,Replica,-157.15701154726383,67.5,4.570555731066135,2.2565678985085893,LOS,True,7.9440506508105555
clsdoa_v1_pilot_005_ep_000892,replica.office_4,Replica,12.761596454195711,-157.5,0.0,4.204216351161945,LOS,True,6.557959812547711e-06
clsdoa_v1_pilot_005_ep_000893,replica.frl_apartment_1,Replica,86.35424740358107,-22.50000000000003,3.287347381436396,3.5330978084609943,LOS,True,8.233494873389921e-06
clsdoa_v1_pilot_005_ep_000894,replica.hotel_0,Replica,-55.409835559014624,157.5,3.951843613204478,2.671106278912533,LOS,True,6.2155659652833185e-06
clsdoa_v1_pilot_005_ep_000895,replica.office_0,Replica,-58.91201659055141,67.5,-2.1031463552638234,3.7977295349732847,LOS,True,16.80435959443748
clsdoa_v1_pilot_005_ep_000896,replica.room_0,Replica,104.4816505963885,-112.5,-0.6391301553292358,2.223233574094782,LOS,True,0.9900398306692456
clsdoa_v1_pilot_005_ep_000897,replica.apartment_1,Replica,-37.0068537505704,112.5,0.0,1.46060173430602,LOS,True,8.144481502960801e-06
clsdoa_v1_pilot_005_ep_000898,replica.frl_apartment_0,Replica,152.29933535809292,-22.5,0.0,1.3728356578127274,LOS,True,5.72728773124927e-06
clsdoa_v1_pilot_005_ep_000899,replica.frl_apartment_3,Replica,144.00336906616195,-67.50000000000001,0.0,4.483399725640379,LOS,True,62.455541365035
clsdoa_v1_pilot_005_ep_000900,replica.frl_apartment_4,Replica,168.27099157096472,-157.5,0.0,5.958572343641231,LOS,True,1.2074182697257333e-06
clsdoa_v1_pilot_005_ep_000901,replica.office_2,Replica,145.07175674239264,-112.5,0.0,5.688036606020518,LOS,True,23.221342256832088
clsdoa_v1_pilot_005_ep_000902,replica.apartment_2,Replica,-247.15701154726383,157.5,4.570555731066136,2.2565678985085893,LOS,True,9.219912505060037
clsdoa_v1_pilot_005_ep_000903,replica.frl_apartment_1,Replica,131.35424740358107,-67.5,3.287347381436396,3.5330978084609943,LOS,True,8.537736462515939e-07
clsdoa_v1_pilot_005_ep_000904,replica.frl_apartment_2,Replica,161.92705418205117,-112.5,-1.2985769682643469,1.293651211070258,LOS,True,8.537736462515939e-07
clsdoa_v1_pilot_005_ep_000905,replica.office_4,Replica,44.61165028740547,22.49999999999997,10.129055935920555,3.9803039436752052,LOS,True,0.5756749731858265
clsdoa_v1_pilot_005_ep_000906,replica.hotel_0,Replica,259.5901644409854,-157.50000000000003,3.9518436132044785,2.671106278912533,LOS,True,0.21106035805613846
clsdoa_v1_pilot_005_ep_000907,replica.office_0,Replica,-13.91201659055141,22.5,-2.103146355263823,3.7977295349732847,LOS,True,104.68692918106062
clsdoa_v1_pilot_005_ep_000908,replica.apartment_1,Replica,-149.34083284710425,67.5,0.0,1.3959539064642936,LOS,True,88.87990109375669
clsdoa_v1_pilot_005_ep_000909,mp3d.ARNzJeq3xxb,MP3D,78.66239952326228,-67.50000000000001,14.38847448908681,4.4266477876581805,LOS,True,0.03084653289728697
clsdoa_v1_pilot_005_ep_000910,mp3d.82sE5b5pLXE,MP3D,-176.47350928990673,112.5,3.5436448502096294,2.663571154093466,LOS,True,18.059605158652566
clsdoa_v1_pilot_005_ep_000911,mp3d.YmJkqBEsHnH,MP3D,-112.95840460974333,67.5,0.0,1.2950464427805828,LOS,True,0.10036834652685771
clsdoa_v1_pilot_005_ep_000912,mp3d.B6ByNegPMKs,MP3D,-154.84068379913052,157.5,0.0,4.444147599951394,LOS,True,62.79174899372371
clsdoa_v1_pilot_005_ep_000913,mp3d.ZMojNkEp431,MP3D,146.32394253914543,-157.5,0.0,1.3131789218070509,LOS,True,2.2588727439225506e-06
clsdoa_v1_pilot_005_ep_000914,mp3d.gTV8FGcVJC9,MP3D,-174.20219254222104,157.5,0.0,1.359104004312102,LOS,True,5.4668187275950014e-06
clsdoa_v1_pilot_005_ep_000915,mp3d.D7N2EKCX4Sj,MP3D,38.882674638184454,112.5,0.0,3.483179699171858,LOS,True,1.2946863280220273
clsdoa_v1_pilot_005_ep_000916,mp3d.QUCTc6BB5sX,MP3D,39.761983728134354,22.5,-4.88937239126606,5.614826752374871,LOS,True,5.324613692309103
clsdoa_v1_pilot_005_ep_000917,mp3d.JF19kD82Mey,MP3D,103.87966458000943,-67.5,-2.4270123275428133,3.9056973928163443,LOS,True,0.14018119392888365
clsdoa_v1_pilot_005_ep_000918,mp3d.JeFG25nYj2p,MP3D,255.10114874623238,-112.50000000000004,3.35763009195905,3.3079064384272594,LOS,True,59.635759853693436
clsdoa_v1_pilot_005_ep_000919,mp3d.PX4nDJXEHrG,MP3D,111.66778443811229,-22.5,7.4426788561420345,1.3209183415250638,LOS,True,1.1197136397927998e-05
clsdoa_v1_pilot_005_ep_000920,mp3d.UwV83HsGsw3,MP3D,-56.26035446378293,22.5,5.290609074829866,1.3381941504139052,LOS,True,1.1197136397927998e-05
clsdoa_v1_pilot_005_ep_000921,mp3d.jh4fc5c5qoQ,MP3D,245.22823491284646,-67.50000000000001,2.137111750596225,1.7968266283188015,LOS,True,2.831646840510158e-06
clsdoa_v1_pilot_005_ep_000922,mp3d.Pm6F8kyY3z2,MP3D,28.677771316700728,112.5,-0.9248769619584472,3.881178247135808,LOS,True,0.8048533352120696
clsdoa_v1_pilot_005_ep_000923,mp3d.SN83YJsR3w2,MP3D,267.83652118293395,-157.5,0.06652273045440245,3.4608322900314006,LOS,True,45.42473204728136
clsdoa_v1_pilot_005_ep_000924,mp3d.Uxmj2M2itWa,MP3D,98.8443159973954,-112.49999999999999,1.900683452710847,2.839781091674293,LOS,True,5.663293681020318e-06
clsdoa_v1_pilot_005_ep_000925,mp3d.VLzqgDo317F,MP3D,-27.23475736969573,-67.5,-0.7159965866856958,3.573050377424505,LOS,True,0.8503686706316197
clsdoa_v1_pilot_005_ep_000926,mp3d.mJXqzFtmKg4,MP3D,152.41997433920005,-22.5,0.0,1.5562286119374296,LOS,True,3.4150945850063763e-06
clsdoa_v1_pilot_005_ep_000927,mp3d.Vt2qJdWjCF2,MP3D,9.702640340080805,-112.50000000000001,-53.383962791311205,1.267319352699686,LOS,True,1.6018213462801612e-05
clsdoa_v1_pilot_005_ep_000928,mp3d.Vvot9Ly1tCj,MP3D,-302.50549254186615,157.50000000000006,3.6673780636447324,4.906225038507015,LOS,True,3.306651113363206e-06
clsdoa_v1_pilot_005_ep_000929,mp3d.pRbA3pwrgk9,MP3D,268.89180810789435,-157.49999999999997,2.977405987769936,1.9252259726527692,LOS,True,0.04132705329264015
clsdoa_v1_pilot_005_ep_000930,mp3d.Z6MFQCViBuw,MP3D,255.89800139164822,-112.49999999999999,10.39007242598788,1.9470030706110024,LOS,True,1.2605816820395112e-05
clsdoa_v1_pilot_005_ep_000931,mp3d.aayBHfsNo7d,MP3D,89.04912011042762,67.5,0.0,5.183773458140188,LOS,True,4.353408482428142e-06
clsdoa_v1_pilot_005_ep_000932,mp3d.pa4otMbVnkk,MP3D,-24.11712653830955,157.5,0.0,4.046194832994064,LOS,True,0.4339203946668737
clsdoa_v1_pilot_005_ep_000933,mp3d.VVfe2KiqLaN,MP3D,65.62130596228407,-157.5,-1.8695715241867257,3.78063561400619,LOS,True,0.921564077482659
clsdoa_v1_pilot_005_ep_000934,mp3d.p5wJjkQkbXX,MP3D,69.35702143295225,-22.5,-12.958107526624966,1.5823607951829386,LOS,True,3.078324659199975e-06
clsdoa_v1_pilot_005_ep_000935,mp3d.WYY7iVyf5p8,MP3D,69.20558036110918,67.5,-0.053945201085101105,2.549090204146629,LOS,True,21.89293804166218
clsdoa_v1_pilot_005_ep_000936,mp3d.X7HyMhZNoso,MP3D,145.775484988187,22.5,14.681240227424514,2.132931787446385,LOS,True,6.722620413208828e-06
clsdoa_v1_pilot_005_ep_000937,replica.frl_apartment_5,Replica,-126.36589408341398,112.5,3.9488990471537284,3.716482877170675,LOS,True,0.058219702106391755
clsdoa_v1_pilot_005_ep_000938,replica.office_1,Replica,-188.57742889268485,157.5,-3.566975164906023,1.495033389023487,LOS,True,0.0
clsdoa_v1_pilot_005_ep_000939,replica.frl_apartment_5,Replica,90.95257800228711,67.5,-35.04150773437811,3.7587197360604603,LOS,True,41.576356959699275
clsdoa_v1_pilot_005_ep_000940,replica.apartment_0,Replica,-0.4302116942632388,22.5,0.0,5.453102776113184,LOS,True,87.54135124236046
clsdoa_v1_pilot_005_ep_000941,replica.frl_apartment_5,Replica,143.634105916586,-157.5,3.9488990471537284,3.716482877170675,LOS,True,0.0023236773229119503
clsdoa_v1_pilot_005_ep_000942,replica.office_1,Replica,-0.3625238886106814,-22.5,1.033639959806622,1.3552579236629543,LOS,True,1.4787793334710982e-06
clsdoa_v1_pilot_005_ep_000943,mp3d.zsNo4HB9uLZ,MP3D,-156.8633167218811,-22.5,-9.636374792094422,1.060382888989486,LOS,True,1.4688877218970437e-05
clsdoa_v1_pilot_005_ep_000944,mp3d.V2XKFyX4ASd,MP3D,131.59874555302676,-112.50000000000001,0.0,1.8400416780682156,LOS,True,0.5665852965940711
clsdoa_v1_pilot_005_ep_000945,mp3d.ac26ZMwG7aT,MP3D,43.08814186789451,112.5,0.0,4.146806618545856,LOS,True,95.86429525255967
clsdoa_v1_pilot_005_ep_000946,mp3d.cV4RVeZvu5T,MP3D,-98.96619997757546,22.5,2.3550791870785885,1.1666274481094232,LOS,True,1.0154917640916254
clsdoa_v1_pilot_005_ep_000947,mp3d.r1Q1Z4BcV1o,MP3D,84.75744312095297,-67.5,-5.871868053916035,3.7208004781923214,LOS,True,1.4787793334710982e-06
clsdoa_v1_pilot_005_ep_000948,mp3d.b8cTxDM8gDG,MP3D,-186.79216843773128,67.5,0.6482700323305097,3.309067520810297,LOS,True,0.19513692705643002
clsdoa_v1_pilot_005_ep_000949,replica.room_2,Replica,189.75853453071147,-112.49999999999999,-13.998438975894341,4.582193439636886,LOS,True,1.3080863693795226
clsdoa_v1_pilot_005_ep_000950,replica.office_3,Replica,-11.150206962190111,-157.49999999999997,3.6692869517624858,1.6912059407946705,LOS,True,1.7934793750485916
clsdoa_v1_pilot_005_ep_000951,replica.room_2,Replica,243.37174624167702,-67.49999999999999,-2.2249241509279,1.3248392583547082,LOS,True,1.7075472925031877e-06
clsdoa_v1_pilot_005_ep_000952,replica.room_1,Replica,-111.02883100283546,67.5,16.140449332760788,1.648046535242176,LOS,True,4.00455336570039e-06
clsdoa_v1_pilot_005_ep_000953,replica.room_1,Replica,-81.96478720668084,112.5,0.7226649554986114,2.70494294455659,LOS,True,2.091309789151873e-06
clsdoa_v1_pilot_005_ep_000954,replica.room_1,Replica,-126.96478720668084,157.5,0.7226649554986114,2.70494294455659,LOS,True,2.2588727439225506e-06
clsdoa_v1_pilot_005_ep_000955,mp3d.ur6pFq6Qu1A,MP3D,154.97361915490828,22.5,3.417746478914467,3.41871638920059,LOS,True,1.990048058695841
clsdoa_v1_pilot_005_ep_000956,mp3d.5q7pvUzZiYa,MP3D,27.09315721830086,112.5,-2.9465430616458437,3.897564913352638,LOS,True,9.584034084939148
clsdoa_v1_pilot_005_ep_000957,mp3d.8WUmhLawc2A,MP3D,122.28360068859033,-22.5,3.7384344453038945,2.3523322370840303,LOS,True,1.1799386545725382e-05
clsdoa_v1_pilot_005_ep_000958,mp3d.VFuaQ6m2Qom,MP3D,-2.604176289754463,-157.49999999999997,-9.288111450861072,1.3464890619960044,LOS,True,9.468807791963592e-06
clsdoa_v1_pilot_005_ep_000959,mp3d.q9vSo1VnCiC,MP3D,-136.2339985876153,67.5,0.0,1.503996355475519,LOS,True,8.913658556096819e-06
clsdoa_v1_pilot_005_ep_000960,mp3d.1pXnuDYAj8r,MP3D,-236.75478842045146,157.5,-2.115105112922064,5.419002153951923,LOS,True,76.52705213756745
