source_clip_id,base_clip_id,canonical_class_id,canonical_class,temporal_type,source_dataset,source_label,mapping_type,original_id,original_dataset_split,raw_relpath,raw_sha256,original_sample_rate,original_channels,original_duration_sec,license_raw,license_status,provenance_source,pretrain_seen_status,source_asset_root_id,decode_ok,finite,duration_sec,sample_rate,channels,peak_abs,rms_dbfs,dc_offset,clip_fraction,silence_or_low_activity_ratio,active_duration_estimate_sec,auto_qc_status,auto_qc_reason
esc50:19111:clsdoa_v1_srcprep_v1:1-19111-A-24,esc50:19111,0,coughing,transient,ESC-50,coughing,EXACT,19111,fold_1,raw/esc50/ESC-50-master/audio/1-19111-A-24.wav,ab2afe6d0ee0de5edc1f0107448077919c6ac94dcf59243497e6fcb333685438,44100,1,5.000000000,CC BY-NC 3.0; dataset-level license and attribution file,DATASET_LEVEL_VERIFIED,https://github.com/karolpiczak/ESC-50; meta/esc50.csv; src_file=19111 take=A,unknown,clsdoa_v1,true,true,5.000000000,44100,1,0.828277588,-27.142267,-0.000025428,0.000000000,0.964126984,0.179365079,AUTO_PASS,
esc50:19118:clsdoa_v1_srcprep_v1:1-19118-A-24,esc50:19118,0,coughing,transient,ESC-50,coughing,EXACT,19118,fold_1,raw/esc50/ESC-50-master/audio/1-19118-A-24.wav,4fb6197f72791e50c465de8f1f715a7a3f93f7afab62dfa130f28d500303d8d9,44100,1,5.000000000,CC BY-NC 3.0; dataset-level license and attribution file,DATASET_LEVEL_VERIFIED,https://github.com/karolpiczak/ESC-50; meta/esc50.csv; src_file=19118 take=A,unknown,clsdoa_v1,true,true,5.000000000,44100,1,0.096557617,-49.285463,-0.000009990,0.000000000,0.980879819,0.095600907,AUTO_FLAG,mostly_silence_or_low_activity
esc50:30830:clsdoa_v1_srcprep_v1:1-30830-A-24,esc50:30830,0,coughing,transient,ESC-50,coughing,EXACT,30830,fold_1,raw/esc50/ESC-50-master/audio/1-30830-A-24.wav,e0374e3191067ad9a63df3ae9157e0ca44a36f4f1fa7586982609565683f6a13,44100,1,5.000000000,CC BY-NC 3.0; dataset-level license and attribution file,DATASET_LEVEL_VERIFIED,https://github.com/karolpiczak/ESC-50; meta/esc50.csv; src_file=30830 take=A,unknown,clsdoa_v1,true,true,5.000000000,44100,1,0.841979980,-25.699502,-0.000048796,0.000000000,0.940131519,0.299342404,AUTO_PASS,
esc50:52266:clsdoa_v1_srcprep_v1:1-52266-A-24,esc50:52266,0,coughing,transient,ESC-50,coughing,EXACT,52266,fold_1,raw/esc50/ESC-50-master/audio/1-52266-A-24.wav,dbf47513fb47c7cac8eb44110871b57ac9c51daf874d9185250fea1081e8917f,44100,1,5.000000000,CC BY-NC 3.0; dataset-level license and attribution file,DATASET_LEVEL_VERIFIED,https://github.com/karolpiczak/ESC-50; meta/esc50.csv; src_file=52266 take=A,unknown,clsdoa_v1,true,true,5.000000000,44100,1,0.455200195,-32.580119,0.000007871,0.000000000,0.949873016,0.250634921,AUTO_PASS,
esc50:52323:clsdoa_v1_srcprep_v1:1-52323-A-24,esc50:52323,0,coughing,transient,ESC-50,coughing,EXACT,52323,fold_1,raw/esc50/ESC-50-master/audio/1-52323-A-24.wav,74d2b6a06d461e16b869c4ed5d3a83c5af698fe3650f1ac395976de974638d80,44100,1,5.000000000,CC BY-NC 3.0; dataset-level license and attribution file,DATASET_LEVEL_VERIFIED,https://github.com/karolpiczak/ESC-50; meta/esc50.csv; src_file=52323 take=A,unknown,clsdoa_v1,true,true,5.000000000,44100,1,0.317260742,-32.059510,0.000025280,0.000000000,0.904154195,0.479229025,AUTO_PASS,
esc50:53663:clsdoa_v1_srcprep_v1:1-53663-A-24,esc50:53663,0,coughing,transient,ESC-50,coughing,EXACT,53663,fold_1,raw/esc50/ESC-50-master/audio/1-53663-A-24.wav,325713c6d3370316b849ad7398d9a9c744e3a6a0ce31a7b5360c0d18c7a03b79,44100,1,5.000000000,CC BY-NC 3.0; dataset-level license and attribution file,DATASET_LEVEL_VERIFIED,https://github.com/karolpiczak/ESC-50; meta/esc50.csv; src_file=53663 take=A,unknown,clsdoa_v1,true,true,5.000000000,44100,1,0.560455322,-30.735508,-0.000691402,0.000000000,0.937950113,0.310249433,AUTO_PASS,
esc50:58792:clsdoa_v1_srcprep_v1:1-58792-A-24,esc50:58792,0,coughing,transient,ESC-50,coughing,EXACT,58792,fold_1,raw/esc50/ESC-50-master/audio/1-58792-A-24.wav,ef5ceff5e8ff5ff73d3d35f7a6bf677b9ac52a89c0ccefe8a891bca52a6c80a9,44100,1,5.000000000,CC BY-NC 3.0; dataset-level license and attribution file,DATASET_LEVEL_VERIFIED,https://github.com/karolpiczak/ESC-50; meta/esc50.csv; src_file=58792 take=A,unknown,clsdoa_v1,true,true,5.000000000,44100,1,1.000000000,-9.723661,-0.000347603,0.043759637,0.693265306,1.533673469,AUTO_FLAG,severe_clipping_candidate
esc50:63679:clsdoa_v1_srcprep_v1:1-63679-A-24,esc50:63679,0,coughing,transient,ESC-50,coughing,EXACT,63679,fold_1,raw/esc50/ESC-50-master/audio/1-63679-A-24.wav,d6905ec0b2937aae9bf3a2bcb35950d2d5dec0c7dcd8414af9a45f3116d3272a,44100,1,5.000000000,CC BY-NC 3.0; dataset-level license and attribution file,DATASET_LEVEL_VERIFIED,https://github.com/karolpiczak/ESC-50; meta/esc50.csv; src_file=63679 take=A,unknown,clsdoa_v1,true,true,5.000000000,44100,1,0.643188477,-23.240058,-0.001018626,0.000000000,0.848371882,0.758140590,AUTO_PASS,
esc50:108017:clsdoa_v1_srcprep_v1:2-108017-A-24,esc50:108017,0,coughing,transient,ESC-50,coughing,EXACT,108017,fold_2,raw/esc50/ESC-50-master/audio/2-108017-A-24.wav,0835f06693f5560d89f59de280351f1afbb90b839edacde718bb336726a5fa25,44100,1,5.000000000,CC BY-NC 3.0; dataset-level license and attribution file,DATASET_LEVEL_VERIFIED,https://github.com/karolpiczak/ESC-50; meta/esc50.csv; src_file=108017 take=A,unknown,clsdoa_v1,true,true,5.000000000,44100,1,1.000000000,-14.358701,0.001630972,0.010104308,0.810376417,0.948117914,AUTO_FLAG,severe_clipping_candidate
esc50:123896:clsdoa_v1_srcprep_v1:2-123896-A-24,esc50:123896,0,coughing,transient,ESC-50,coughing,EXACT,123896,fold_2,raw/esc50/ESC-50-master/audio/2-123896-A-24.wav,4e1720d93a23e4e005b688fdddeed30a6cb3ff04ebf706921de8d01d0d1dfa3e,44100,1,5.000000000,CC BY-NC 3.0; dataset-level license and attribution file,DATASET_LEVEL_VERIFIED,https://github.com/karolpiczak/ESC-50; meta/esc50.csv; src_file=123896 take=A,unknown,clsdoa_v1,true,true,5.000000000,44100,1,1.000000000,-23.295959,-0.000034248,0.000344671,0.938385488,0.308072562,AUTO_PASS,
esc50:85292:clsdoa_v1_srcprep_v1:2-85292-A-24,esc50:85292,0,coughing,transient,ESC-50,coughing,EXACT,85292,fold_2,raw/esc50/ESC-50-master/audio/2-85292-A-24.wav,848bf1ca81dd50d22544cb0ec7446a9e34e9c54d80e280295e263a06f4a340f0,44100,1,5.000000000,CC BY-NC 3.0; dataset-level license and attribution file,DATASET_LEVEL_VERIFIED,https://github.com/karolpiczak/ESC-50; meta/esc50.csv; src_file=85292 take=A,unknown,clsdoa_v1,true,true,5.000000000,44100,1,1.000000000,-22.276846,-0.000089692,0.000512472,0.942993197,0.285034014,AUTO_PASS,
esc50:87412:clsdoa_v1_srcprep_v1:2-87412-A-24,esc50:87412,0,coughing,transient,ESC-50,coughing,EXACT,87412,fold_2,raw/esc50/ESC-50-master/audio/2-87412-A-24.wav,39381ec4b3c6d22ffca0f344200e23e3830acd5fcca6c99c50fbf357deab2d60,44100,1,5.000000000,CC BY-NC 3.0; dataset-level license and attribution file,DATASET_LEVEL_VERIFIED,https://github.com/karolpiczak/ESC-50; meta/esc50.csv; src_file=87412 take=A,unknown,clsdoa_v1,true,true,5.000000000,44100,1,1.000000000,-14.725725,-0.000029816,0.008471655,0.830512472,0.847437642,AUTO_PASS,
esc50:87794:clsdoa_v1_srcprep_v1:2-87794-A-24,esc50:87794,0,coughing,transient,ESC-50,coughing,EXACT,87794,fold_2,raw/esc50/ESC-50-master/audio/2-87794-A-24.wav,404e4a1c21eb3296e3b317d27244ac7a5fcff11c88109f60265f973b4b797443,44100,1,5.000000000,CC BY-NC 3.0; dataset-level license and attribution file,DATASET_LEVEL_VERIFIED,https://github.com/karolpiczak/ESC-50; meta/esc50.csv; src_file=87794 take=A,unknown,clsdoa_v1,true,true,5.000000000,44100,1,1.000000000,-16.605437,-0.001644615,0.009750567,0.905795918,0.471020408,AUTO_PASS,
esc50:87795:clsdoa_v1_srcprep_v1:2-87795-A-24,esc50:87795,0,coughing,transient,ESC-50,coughing,EXACT,87795,fold_2,raw/esc50/ESC-50-master/audio/2-87795-A-24.wav,de50b4e44c3f1f88f44e18a74250068b3ef86cf240e5f1f3196dc709b1802330,44100,1,5.000000000,CC BY-NC 3.0; dataset-level license and attribution file,DATASET_LEVEL_VERIFIED,https://github.com/karolpiczak/ESC-50; meta/esc50.csv; src_file=87795 take=A,unknown,clsdoa_v1,true,true,5.000000000,44100,1,1.000000000,-14.303144,-0.000934818,0.015578231,0.845755102,0.771224490,AUTO_FLAG,severe_clipping_candidate
esc50:87799:clsdoa_v1_srcprep_v1:2-87799-A-24,esc50:87799,0,coughing,transient,ESC-50,coughing,EXACT,87799,fold_2,raw/esc50/ESC-50-master/audio/2-87799-A-24.wav,8622b38aa1b5d9617257f44061d08b56f0d264e0b2b0e7fff8a435d9e4bd3a96,44100,1,5.000000000,CC BY-NC 3.0; dataset-level license and attribution file,DATASET_LEVEL_VERIFIED,https://github.com/karolpiczak/ESC-50; meta/esc50.csv; src_file=87799 take=A,unknown,clsdoa_v1,true,true,5.000000000,44100,1,1.000000000,-13.075289,-0.000208945,0.018521542,0.793696145,1.031519274,AUTO_FLAG,severe_clipping_candidate
esc50:98676:clsdoa_v1_srcprep_v1:2-98676-A-24,esc50:98676,0,coughing,transient,ESC-50,coughing,EXACT,98676,fold_2,raw/esc50/ESC-50-master/audio/2-98676-A-24.wav,2f0994190ebc5214e14e9e55684d9321695d273a609d4e8e4388601b42b15812,44100,1,5.000000000,CC BY-NC 3.0; dataset-level license and attribution file,DATASET_LEVEL_VERIFIED,https://github.com/karolpiczak/ESC-50; meta/esc50.csv; src_file=98676 take=A,unknown,clsdoa_v1,true,true,5.000000000,44100,1,0.117279053,-43.942539,0.000005788,0.000000000,0.954498866,0.227505669,AUTO_PASS,
esc50:125418:clsdoa_v1_srcprep_v1:3-125418-A-24,esc50:125418,0,coughing,transient,ESC-50,coughing,EXACT,125418,fold_3,raw/esc50/ESC-50-master/audio/3-125418-A-24.wav,120275342f1cd23c1ace8f4c334dd7673b727821f9bdd9c710baff75c61123b4,44100,1,5.000000000,CC BY-NC 3.0; dataset-level license and attribution file,DATASET_LEVEL_VERIFIED,https://github.com/karolpiczak/ESC-50; meta/esc50.csv; src_file=125418 take=A,unknown,clsdoa_v1,true,true,5.000000000,44100,1,0.195770264,-33.724171,0.000257578,0.000000000,0.856993197,0.715034014,AUTO_PASS,
esc50:132601:clsdoa_v1_srcprep_v1:3-132601-A-24,esc50:132601,0,coughing,transient,ESC-50,coughing,EXACT,132601,fold_3,raw/esc50/ESC-50-master/audio/3-132601-A-24.wav,2a8cac7228cf69c63838c96b7381b807d518a75d60fa0e8b51ac589c35dbe2a7,44100,1,5.000000000,CC BY-NC 3.0; dataset-level license and attribution file,DATASET_LEVEL_VERIFIED,https://github.com/karolpiczak/ESC-50; meta/esc50.csv; src_file=132601 take=A,unknown,clsdoa_v1,true,true,5.000000000,44100,1,0.396911621,-33.772103,-0.000003055,0.000000000,0.968716553,0.156417234,AUTO_PASS,
esc50:142604:clsdoa_v1_srcprep_v1:3-142604-A-24,esc50:142604,0,coughing,transient,ESC-50,coughing,EXACT,142604,fold_3,raw/esc50/ESC-50-master/audio/3-142604-A-24.wav,6fb3161dd47d2f0807011dd52f807c90e8d0d2ab7de515cdcf2846e735c45c9c,44100,1,5.000000000,CC BY-NC 3.0; dataset-level license and attribution file,DATASET_LEVEL_VERIFIED,https://github.com/karolpiczak/ESC-50; meta/esc50.csv; src_file=142604 take=A,unknown,clsdoa_v1,true,true,5.000000000,44100,1,0.733154297,-28.092760,-0.000009072,0.000000000,0.956975057,0.215124717,AUTO_PASS,
esc50:145487:clsdoa_v1_srcprep_v1:3-145487-A-24,esc50:145487,0,coughing,transient,ESC-50,coughing,EXACT,145487,fold_3,raw/esc50/ESC-50-master/audio/3-145487-A-24.wav,422b999e10eff69ad3fa06c6f05d6bf6e1fe675137c49830452712d9897abe09,44100,1,5.000000000,CC BY-NC 3.0; dataset-level license and attribution file,DATASET_LEVEL_VERIFIED,https://github.com/karolpiczak/ESC-50; meta/esc50.csv; src_file=145487 take=A,unknown,clsdoa_v1,true,true,5.000000000,44100,1,0.978271484,-22.085292,0.000004390,0.000000000,0.918390023,0.408049887,AUTO_PASS,
esc50:146873:clsdoa_v1_srcprep_v1:3-146873-A-24,esc50:146873,0,coughing,transient,ESC-50,coughing,EXACT,146873,fold_3,raw/esc50/ESC-50-master/audio/3-146873-A-24.wav,47c4721ef5cbeec84a67c294b06e14aa7c8a3df3be685fa3ec12ae71ddddf3ce,44100,1,5.000000000,CC BY-NC 3.0; dataset-level license and attribution file,DATASET_LEVEL_VERIFIED,https://github.com/karolpiczak/ESC-50; meta/esc50.csv; src_file=146873 take=A,unknown,clsdoa_v1,true,true,5.000000000,44100,1,0.763458252,-28.297845,-0.000012902,0.000000000,0.960820862,0.195895692,AUTO_PASS,
esc50:149042:clsdoa_v1_srcprep_v1:3-149042-A-24,esc50:149042,0,coughing,transient,ESC-50,coughing,EXACT,149042,fold_3,raw/esc50/ESC-50-master/audio/3-149042-A-24.wav,33cb5ea4d5b8a0df92bcdef652df83cdcd3e02875468521d0e029ea63a371adb,44100,1,5.000000000,CC BY-NC 3.0; dataset-level license and attribution file,DATASET_LEVEL_VERIFIED,https://github.com/karolpiczak/ESC-50; meta/esc50.csv; src_file=149042 take=A,unknown,clsdoa_v1,true,true,5.000000000,44100,1,0.424591064,-31.725199,-0.000007766,0.000000000,0.962417234,0.187913832,AUTO_PASS,
esc50:151212:clsdoa_v1_srcprep_v1:3-151212-A-24,esc50:151212,0,coughing,transient,ESC-50,coughing,EXACT,151212,fold_3,raw/esc50/ESC-50-master/audio/3-151212-A-24.wav,37c3f893f014dafc6d6b5ddcc21ae9dfb9f1302c2960296e9d150c027f779ba7,44100,1,5.000000000,CC BY-NC 3.0; dataset-level license and attribution file,DATASET_LEVEL_VERIFIED,https://github.com/karolpiczak/ESC-50; meta/esc50.csv; src_file=151212 take=A,unknown,clsdoa_v1,true,true,5.000000000,44100,1,0.450531006,-32.717814,-0.000000377,0.000000000,0.957678005,0.211609977,AUTO_PASS,
esc50:151213:clsdoa_v1_srcprep_v1:3-151213-A-24,esc50:151213,0,coughing,transient,ESC-50,coughing,EXACT,151213,fold_3,raw/esc50/ESC-50-master/audio/3-151213-A-24.wav,36a0a9a4ac42558cf3836d94e834fe376eb21a80d8f74349f98441a6cabfac50,44100,1,5.000000000,CC BY-NC 3.0; dataset-level license and attribution file,DATASET_LEVEL_VERIFIED,https://github.com/karolpiczak/ESC-50; meta/esc50.csv; src_file=151213 take=A,unknown,clsdoa_v1,true,true,5.000000000,44100,1,0.999969482,-24.989868,-0.000042745,0.000099773,0.956884354,0.215578231,AUTO_PASS,
esc50:152995:clsdoa_v1_srcprep_v1:4-152995-A-24,esc50:152995,0,coughing,transient,ESC-50,coughing,EXACT,152995,fold_4,raw/esc50/ESC-50-master/audio/4-152995-A-24.wav,ca9a065e5c3c2427954a9d4fb74dff3891ce63e9bda66878e19448237e194e71,44100,1,5.000000000,CC BY-NC 3.0; dataset-level license and attribution file,DATASET_LEVEL_VERIFIED,https://github.com/karolpiczak/ESC-50; meta/esc50.csv; src_file=152995 take=A,unknown,clsdoa_v1,true,true,5.000000000,44100,1,0.712646484,-26.388109,0.021533053,0.000000000,0.937419501,0.312902494,AUTO_PASS,
esc50:154443:clsdoa_v1_srcprep_v1:4-154443-A-24,esc50:154443,0,coughing,transient,ESC-50,coughing,EXACT,154443,fold_4,raw/esc50/ESC-50-master/audio/4-154443-A-24.wav,a797267e864e22e93777a5822b91f029fe7dd0686003dec30e0fa708afca2e86,44100,1,5.000000000,CC BY-NC 3.0; dataset-level license and attribution file,DATASET_LEVEL_VERIFIED,https://github.com/karolpiczak/ESC-50; meta/esc50.csv; src_file=154443 take=A,unknown,clsdoa_v1,true,true,5.000000000,44100,1,1.000000000,-15.628116,-0.000212941,0.008299320,0.895981859,0.520090703,AUTO_PASS,
esc50:155650:clsdoa_v1_srcprep_v1:4-155650-A-24,esc50:155650,0,coughing,transient,ESC-50,coughing,EXACT,155650,fold_4,raw/esc50/ESC-50-master/audio/4-155650-A-24.wav,40b7ab01d71f32d21b193d0a90b5f202264e82dff15a45e4b9e95e7d93f2bd64,44100,1,5.000000000,CC BY-NC 3.0; dataset-level license and attribution file,DATASET_LEVEL_VERIFIED,https://github.com/karolpiczak/ESC-50; meta/esc50.csv; src_file=155650 take=A,unknown,clsdoa_v1,true,true,5.000000000,44100,1,1.000000000,-24.326658,-0.000018461,0.000090703,0.943913832,0.280430839,AUTO_PASS,
esc50:155650:clsdoa_v1_srcprep_v1:4-155650-B-24,esc50:155650,0,coughing,transient,ESC-50,coughing,EXACT,155650,fold_4,raw/esc50/ESC-50-master/audio/4-155650-B-24.wav,c52dc2cf771d93225ad071a05099a6a0ad37569b09d21d54ef15efae2b4fe6f0,44100,1,5.000000000,CC BY-NC 3.0; dataset-level license and attribution file,DATASET_LEVEL_VERIFIED,https://github.com/karolpiczak/ESC-50; meta/esc50.csv; src_file=155650 take=B,unknown,clsdoa_v1,true,true,5.000000000,44100,1,0.708312988,-28.289490,-0.000027424,0.000000000,0.949537415,0.252312925,AUTO_PASS,
esc50:157296:clsdoa_v1_srcprep_v1:4-157296-A-24,esc50:157296,0,coughing,transient,ESC-50,coughing,EXACT,157296,fold_4,raw/esc50/ESC-50-master/audio/4-157296-A-24.wav,918b5180068c452637051ad4037ba51ad5e9d4c422dbbd2b99efe687d9219f42,44100,1,5.000000000,CC BY-NC 3.0; dataset-level license and attribution file,DATASET_LEVEL_VERIFIED,https://github.com/karolpiczak/ESC-50; meta/esc50.csv; src_file=157296 take=A,unknown,clsdoa_v1,true,true,5.000000000,44100,1,0.850616455,-25.068585,0.000103061,0.000000000,0.920390023,0.398049887,AUTO_PASS,
esc50:169726:clsdoa_v1_srcprep_v1:4-169726-A-24,esc50:169726,0,coughing,transient,ESC-50,coughing,EXACT,169726,fold_4,raw/esc50/ESC-50-master/audio/4-169726-A-24.wav,ec8defa24843e95c9448fa7bcd3f619d032856856fbc892cf357e2890b903700,44100,1,5.000000000,CC BY-NC 3.0; dataset-level license and attribution file,DATASET_LEVEL_VERIFIED,https://github.com/karolpiczak/ESC-50; meta/esc50.csv; src_file=169726 take=A,unknown,clsdoa_v1,true,true,5.000000000,44100,1,1.000000000,-22.360684,-0.000057078,0.000793651,0.948045351,0.259773243,AUTO_PASS,
esc50:171396:clsdoa_v1_srcprep_v1:4-171396-A-24,esc50:171396,0,coughing,transient,ESC-50,coughing,EXACT,171396,fold_4,raw/esc50/ESC-50-master/audio/4-171396-A-24.wav,343764265d080bdba2b49a58f86874843865bef82c753adfff866625f9999800,44100,1,5.000000000,CC BY-NC 3.0; dataset-level license and attribution file,DATASET_LEVEL_VERIFIED,https://github.com/karolpiczak/ESC-50; meta/esc50.csv; src_file=171396 take=A,unknown,clsdoa_v1,true,true,5.000000000,44100,1,0.811279297,-25.825274,-0.000133581,0.000000000,0.927950113,0.360249433,AUTO_PASS,
esc50:177835:clsdoa_v1_srcprep_v1:4-177835-A-24,esc50:177835,0,coughing,transient,ESC-50,coughing,EXACT,177835,fold_4,raw/esc50/ESC-50-master/audio/4-177835-A-24.wav,107f49aa987e3155662f7713709ebfc7665202f42cd0e4adaefa57eff4b89208,44100,1,5.000000000,CC BY-NC 3.0; dataset-level license and attribution file,DATASET_LEVEL_VERIFIED,https://github.com/karolpiczak/ESC-50; meta/esc50.csv; src_file=177835 take=A,unknown,clsdoa_v1,true,true,5.000000000,44100,1,0.593322754,-31.319510,-0.000032940,0.000000000,0.976689342,0.116553288,AUTO_PASS,
esc50:178997:clsdoa_v1_srcprep_v1:5-178997-A-24,esc50:178997,0,coughing,transient,ESC-50,coughing,EXACT,178997,fold_5,raw/esc50/ESC-50-master/audio/5-178997-A-24.wav,c7aba9fe825d201275860a99588bf8ee1cf26c2d6232f9d89eb52e47cab19221,44100,1,5.000000000,CC BY-NC 3.0; dataset-level license and attribution file,DATASET_LEVEL_VERIFIED,https://github.com/karolpiczak/ESC-50; meta/esc50.csv; src_file=178997 take=A,unknown,clsdoa_v1,true,true,5.000000000,44100,1,1.000000000,-24.360374,0.000045826,0.000013605,0.937814059,0.310929705,AUTO_PASS,
esc50:184871:clsdoa_v1_srcprep_v1:5-184871-A-24,esc50:184871,0,coughing,transient,ESC-50,coughing,EXACT,184871,fold_5,raw/esc50/ESC-50-master/audio/5-184871-A-24.wav,94215401f4f1c623c0fa515c44cd3d4940205302a69727b5467ad59f56654d74,44100,1,5.000000000,CC BY-NC 3.0; dataset-level license and attribution file,DATASET_LEVEL_VERIFIED,https://github.com/karolpiczak/ESC-50; meta/esc50.csv; src_file=184871 take=A,unknown,clsdoa_v1,true,true,5.000000000,44100,1,1.000000000,-17.330269,-0.000042676,0.000956916,0.843750567,0.781247166,AUTO_PASS,
esc50:204604:clsdoa_v1_srcprep_v1:5-204604-A-24,esc50:204604,0,coughing,transient,ESC-50,coughing,EXACT,204604,fold_5,raw/esc50/ESC-50-master/audio/5-204604-A-24.wav,a0246cf0d122038d7665c037f3c0f74dd5f4efe8334c4e4ab1b3aa94651c9b1f,44100,1,5.000000000,CC BY-NC 3.0; dataset-level license and attribution file,DATASET_LEVEL_VERIFIED,https://github.com/karolpiczak/ESC-50; meta/esc50.csv; src_file=204604 take=A,unknown,clsdoa_v1,true,true,5.000000000,44100,1,1.000000000,-16.790046,0.000660743,0.008689342,0.935183673,0.324081633,AUTO_PASS,
esc50:207681:clsdoa_v1_srcprep_v1:5-207681-A-24,esc50:207681,0,coughing,transient,ESC-50,coughing,EXACT,207681,fold_5,raw/esc50/ESC-50-master/audio/5-207681-A-24.wav,be04f11bf1ea8d8f12d4922c37419d9e7369f65bf6def508b4b164d7f8164f28,44100,1,5.000000000,CC BY-NC 3.0; dataset-level license and attribution file,DATASET_LEVEL_VERIFIED,https://github.com/karolpiczak/ESC-50; meta/esc50.csv; src_file=207681 take=A,unknown,clsdoa_v1,true,true,5.000000000,44100,1,1.000000000,-16.341340,0.000097139,0.003941043,0.857863946,0.710680272,AUTO_PASS,
esc50:208761:clsdoa_v1_srcprep_v1:5-208761-A-24,esc50:208761,0,coughing,transient,ESC-50,coughing,EXACT,208761,fold_5,raw/esc50/ESC-50-master/audio/5-208761-A-24.wav,8cbc33a3752174636694712e59a1c597615c7c8ad44fec7d005c343ffb1ed549,44100,1,5.000000000,CC BY-NC 3.0; dataset-level license and attribution file,DATASET_LEVEL_VERIFIED,https://github.com/karolpiczak/ESC-50; meta/esc50.csv; src_file=208761 take=A,unknown,clsdoa_v1,true,true,5.000000000,44100,1,0.220458984,-35.508798,-0.000006460,0.000000000,0.880108844,0.599455782,AUTO_PASS,
esc50:209719:clsdoa_v1_srcprep_v1:5-209719-A-24,esc50:209719,0,coughing,transient,ESC-50,coughing,EXACT,209719,fold_5,raw/esc50/ESC-50-master/audio/5-209719-A-24.wav,b041042160b4b536fca9d9d0b06a3f820db280a7e8c66526544d2574bc0de744,44100,1,5.000000000,CC BY-NC 3.0; dataset-level license and attribution file,DATASET_LEVEL_VERIFIED,https://github.com/karolpiczak/ESC-50; meta/esc50.csv; src_file=209719 take=A,unknown,clsdoa_v1,true,true,5.000000000,44100,1,0.456481934,-31.093314,-0.000006824,0.000000000,0.964476190,0.177619048,AUTO_PASS,
esc50:211197:clsdoa_v1_srcprep_v1:5-211197-A-24,esc50:211197,0,coughing,transient,ESC-50,coughing,EXACT,211197,fold_5,raw/esc50/ESC-50-master/audio/5-211197-A-24.wav,1b714d7c87dd8ce622a5dd59d59ebb15afe7f40994ad0dcbe4a9f8064e5caa79,44100,1,5.000000000,CC BY-NC 3.0; dataset-level license and attribution file,DATASET_LEVEL_VERIFIED,https://github.com/karolpiczak/ESC-50; meta/esc50.csv; src_file=211197 take=A,unknown,clsdoa_v1,true,true,5.000000000,44100,1,0.779296875,-30.488928,-0.000047266,0.000000000,0.972244898,0.138775510,AUTO_PASS,
esc50:251489:clsdoa_v1_srcprep_v1:5-251489-A-24,esc50:251489,0,coughing,transient,ESC-50,coughing,EXACT,251489,fold_5,raw/esc50/ESC-50-master/audio/5-251489-A-24.wav,dbb23515f40248ab07e055c714151bc05fb107d12146cb213bc909fb5b20f17e,44100,1,5.000000000,CC BY-NC 3.0; dataset-level license and attribution file,DATASET_LEVEL_VERIFIED,https://github.com/karolpiczak/ESC-50; meta/esc50.csv; src_file=251489 take=A,unknown,clsdoa_v1,true,true,5.000000000,44100,1,0.982482910,-26.913210,-0.000000992,0.000000000,0.969142857,0.154285714,AUTO_PASS,
esc50:1791:clsdoa_v1_srcprep_v1:1-1791-A-26,esc50:1791,1,laughing,transient,ESC-50,laughing,EXACT,1791,fold_1,raw/esc50/ESC-50-master/audio/1-1791-A-26.wav,dc6cd665f3d20eed6089d9593a2b776104d8671c57ce6c48e6be030c75a53643,44100,1,5.000000000,CC BY-NC 3.0; dataset-level license and attribution file,DATASET_LEVEL_VERIFIED,https://github.com/karolpiczak/ESC-50; meta/esc50.csv; src_file=1791 take=A,unknown,clsdoa_v1,true,true,5.000000000,44100,1,0.534545898,-30.629853,0.000015425,0.000000000,0.957120181,0.214399093,AUTO_PASS,
esc50:30039:clsdoa_v1_srcprep_v1:1-30039-A-26,esc50:30039,1,laughing,transient,ESC-50,laughing,EXACT,30039,fold_1,raw/esc50/ESC-50-master/audio/1-30039-A-26.wav,dcb1b2c6686b090bf63775eb79a64d96c243987e6ae66cbb96a4a66610b37809,44100,1,5.000000000,CC BY-NC 3.0; dataset-level license and attribution file,DATASET_LEVEL_VERIFIED,https://github.com/karolpiczak/ESC-50; meta/esc50.csv; src_file=30039 take=A,unknown,clsdoa_v1,true,true,5.000000000,44100,1,1.000000000,-16.266184,-0.001673385,0.000099773,0.638675737,1.806621315,AUTO_PASS,
esc50:30043:clsdoa_v1_srcprep_v1:1-30043-A-26,esc50:30043,1,laughing,transient,ESC-50,laughing,EXACT,30043,fold_1,raw/esc50/ESC-50-master/audio/1-30043-A-26.wav,1f7b0a945875fa57a2c213e8e09afb4898675f87aafd59b2bdbfcaae9f750723,44100,1,5.000000000,CC BY-NC 3.0; dataset-level license and attribution file,DATASET_LEVEL_VERIFIED,https://github.com/karolpiczak/ESC-50; meta/esc50.csv; src_file=30043 take=A,unknown,clsdoa_v1,true,true,5.000000000,44100,1,0.976959229,-19.475303,-0.000210528,0.000000000,0.809718821,0.951405896,AUTO_PASS,
esc50:33658:clsdoa_v1_srcprep_v1:1-33658-A-26,esc50:33658,1,laughing,transient,ESC-50,laughing,EXACT,33658,fold_1,raw/esc50/ESC-50-master/audio/1-33658-A-26.wav,372c161a4c9720a4ff4f14499dcfe763de12b6ab428c430dbed22bb46d1e1528,44100,1,5.000000000,CC BY-NC 3.0; dataset-level license and attribution file,DATASET_LEVEL_VERIFIED,https://github.com/karolpiczak/ESC-50; meta/esc50.csv; src_file=33658 take=A,unknown,clsdoa_v1,true,true,5.000000000,44100,1,0.936706543,-25.978383,-0.000032223,0.000000000,0.953015873,0.234920635,AUTO_PASS,
esc50:36164:clsdoa_v1_srcprep_v1:1-36164-A-26,esc50:36164,1,laughing,transient,ESC-50,laughing,EXACT,36164,fold_1,raw/esc50/ESC-50-master/audio/1-36164-A-26.wav,1e458a12c75bae2b27e719449f4a8036e315da58c4c1871318f39170039bc193,44100,1,5.000000000,CC BY-NC 3.0; dataset-level license and attribution file,DATASET_LEVEL_VERIFIED,https://github.com/karolpiczak/ESC-50; meta/esc50.csv; src_file=36164 take=A,unknown,clsdoa_v1,true,true,5.000000000,44100,1,0.119537354,-39.566372,-0.000023924,0.000000000,0.914108844,0.429455782,AUTO_PASS,
esc50:36164:clsdoa_v1_srcprep_v1:1-36164-B-26,esc50:36164,1,laughing,transient,ESC-50,laughing,EXACT,36164,fold_1,raw/esc50/ESC-50-master/audio/1-36164-B-26.wav,c4ae2f7010e965c71e0564f4300c3b24b3ea32be65ece7ca885c95b8883e6cc9,44100,1,5.000000000,CC BY-NC 3.0; dataset-level license and attribution file,DATASET_LEVEL_VERIFIED,https://github.com/karolpiczak/ESC-50; meta/esc50.csv; src_file=36164 take=B,unknown,clsdoa_v1,true,true,5.000000000,44100,1,0.585174561,-27.576045,-0.000031347,0.000000000,0.928984127,0.355079365,AUTO_PASS,
esc50:72695:clsdoa_v1_srcprep_v1:1-72695-A-26,esc50:72695,1,laughing,transient,ESC-50,laughing,EXACT,72695,fold_1,raw/esc50/ESC-50-master/audio/1-72695-A-26.wav,00e40dabc61f55f7b41edb89a6690f1dc12c69321eb14c7272fb57d286f97e9a,44100,1,5.000000000,CC BY-NC 3.0; dataset-level license and attribution file,DATASET_LEVEL_VERIFIED,https://github.com/karolpiczak/ESC-50; meta/esc50.csv; src_file=72695 take=A,unknown,clsdoa_v1,true,true,5.000000000,44100,1,0.996368408,-29.481975,-0.000029202,0.000000000,0.976480726,0.117596372,AUTO_PASS,
esc50:73123:clsdoa_v1_srcprep_v1:1-73123-A-26,esc50:73123,1,laughing,transient,ESC-50,laughing,EXACT,73123,fold_1,raw/esc50/ESC-50-master/audio/1-73123-A-26.wav,8057fd399edeefc25205d97ef8577693154507e9be4fcd7c4663eb14a6ee59f7,44100,1,5.000000000,CC BY-NC 3.0; dataset-level license and attribution file,DATASET_LEVEL_VERIFIED,https://github.com/karolpiczak/ESC-50; meta/esc50.csv; src_file=73123 take=A,unknown,clsdoa_v1,true,true,5.000000000,44100,1,1.000000000,-22.778635,0.000029436,0.000825397,0.940281179,0.298594104,AUTO_PASS,
esc50:109759:clsdoa_v1_srcprep_v1:2-109759-A-26,esc50:109759,1,laughing,transient,ESC-50,laughing,EXACT,109759,fold_2,raw/esc50/ESC-50-master/audio/2-109759-A-26.wav,a254709bbf039a760772033127d7ddd1b1296827c1c4bf91397c4eed47630415,44100,1,5.000000000,CC BY-NC 3.0; dataset-level license and attribution file,DATASET_LEVEL_VERIFIED,https://github.com/karolpiczak/ESC-50; meta/esc50.csv; src_file=109759 take=A,unknown,clsdoa_v1,true,true,5.000000000,44100,1,1.000000000,-20.166777,-0.000184687,0.000353741,0.915396825,0.423015873,AUTO_PASS,
esc50:109759:clsdoa_v1_srcprep_v1:2-109759-B-26,esc50:109759,1,laughing,transient,ESC-50,laughing,EXACT,109759,fold_2,raw/esc50/ESC-50-master/audio/2-109759-B-26.wav,b13e8ec284aaa51991b9de66ccf1ace3bc9d46fc8e76f6bc318dfa6ffddc7e52,44100,1,5.000000000,CC BY-NC 3.0; dataset-level license and attribution file,DATASET_LEVEL_VERIFIED,https://github.com/karolpiczak/ESC-50; meta/esc50.csv; src_file=109759 take=B,unknown,clsdoa_v1,true,true,5.000000000,44100,1,1.000000000,-21.937937,-0.000052092,0.000848073,0.934181406,0.329092971,AUTO_PASS,
esc50:60791:clsdoa_v1_srcprep_v1:2-60791-A-26,esc50:60791,1,laughing,transient,ESC-50,laughing,EXACT,60791,fold_2,raw/esc50/ESC-50-master/audio/2-60791-A-26.wav,3617e0efead9f24c01d37b5127870e3b703464f759a5ac89617e358c3dcd25c0,44100,1,5.000000000,CC BY-NC 3.0; dataset-level license and attribution file,DATASET_LEVEL_VERIFIED,https://github.com/karolpiczak/ESC-50; meta/esc50.csv; src_file=60791 take=A,unknown,clsdoa_v1,true,true,5.000000000,44100,1,0.813171387,-19.804045,-0.000006759,0.000000000,0.657954649,1.710226757,AUTO_PASS,
esc50:60794:clsdoa_v1_srcprep_v1:2-60794-A-26,esc50:60794,1,laughing,transient,ESC-50,laughing,EXACT,60794,fold_2,raw/esc50/ESC-50-master/audio/2-60794-A-26.wav,4e108347a69a7e5079b18a08626bbc7e5cd7f26896535e62f3c883b131b24d09,44100,1,5.000000000,CC BY-NC 3.0; dataset-level license and attribution file,DATASET_LEVEL_VERIFIED,https://github.com/karolpiczak/ESC-50; meta/esc50.csv; src_file=60794 take=A,unknown,clsdoa_v1,true,true,5.000000000,44100,1,1.000000000,-11.034521,-0.000129474,0.008938776,0.363238095,3.183809524,AUTO_PASS,
esc50:60795:clsdoa_v1_srcprep_v1:2-60795-A-26,esc50:60795,1,laughing,transient,ESC-50,laughing,EXACT,60795,fold_2,raw/esc50/ESC-50-master/audio/2-60795-A-26.wav,160104c769dc88fa6958c3e6207cd646bb5d77950f9ba7ed23dd3ef0a2e8c3f7,44100,1,5.000000000,CC BY-NC 3.0; dataset-level license and attribution file,DATASET_LEVEL_VERIFIED,https://github.com/karolpiczak/ESC-50; meta/esc50.csv; src_file=60795 take=A,unknown,clsdoa_v1,true,true,5.000000000,44100,1,0.934387207,-18.012343,-0.000003274,0.000000000,0.701024943,1.494875283,AUTO_PASS,
esc50:62226:clsdoa_v1_srcprep_v1:2-62226-A-26,esc50:62226,1,laughing,transient,ESC-50,laughing,EXACT,62226,fold_2,raw/esc50/ESC-50-master/audio/2-62226-A-26.wav,c24516dab6222edf2357eab0339ab50f51d255b33ac447178d05c9f651ea8742,44100,1,5.000000000,CC BY-NC 3.0; dataset-level license and attribution file,DATASET_LEVEL_VERIFIED,https://github.com/karolpiczak/ESC-50; meta/esc50.csv; src_file=62226 take=A,unknown,clsdoa_v1,true,true,5.000000000,44100,1,0.802459717,-27.913136,0.000517087,0.000000000,0.959986395,0.200068027,AUTO_PASS,
esc50:79769:clsdoa_v1_srcprep_v1:2-79769-A-26,esc50:79769,1,laughing,transient,ESC-50,laughing,EXACT,79769,fold_2,raw/esc50/ESC-50-master/audio/2-79769-A-26.wav,ad612364637a6a7f546b1e4c0fb3eaaa516bead72ebc60ada09081017770abf1,44100,1,5.000000000,CC BY-NC 3.0; dataset-level license and attribution file,DATASET_LEVEL_VERIFIED,https://github.com/karolpiczak/ESC-50; meta/esc50.csv; src_file=79769 take=A,unknown,clsdoa_v1,true,true,5.000000000,44100,1,1.000000000,-16.217959,0.000031890,0.000195011,0.749541950,1.252290249,AUTO_PASS,
esc50:79775:clsdoa_v1_srcprep_v1:2-79775-A-26,esc50:79775,1,laughing,transient,ESC-50,laughing,EXACT,79775,fold_2,raw/esc50/ESC-50-master/audio/2-79775-A-26.wav,8ed1db1744128556b36925ec2e5fa2b85284304db5b7b015d72f6e94b1f9fc9b,44100,1,5.000000000,CC BY-NC 3.0; dataset-level license and attribution file,DATASET_LEVEL_VERIFIED,https://github.com/karolpiczak/ESC-50; meta/esc50.csv; src_file=79775 take=A,unknown,clsdoa_v1,true,true,5.000000000,44100,1,0.972564697,-19.922999,-0.000004955,0.000000000,0.920349206,0.398253968,AUTO_PASS,
esc50:107123:clsdoa_v1_srcprep_v1:3-107123-A-26,esc50:107123,1,laughing,transient,ESC-50,laughing,EXACT,107123,fold_3,raw/esc50/ESC-50-master/audio/3-107123-A-26.wav,9b6a405f45bad8af59b0c17aacbda14dc6162b434345353adaf28cd182334d0d,44100,1,5.000000000,CC BY-NC 3.0; dataset-level license and attribution file,DATASET_LEVEL_VERIFIED,https://github.com/karolpiczak/ESC-50; meta/esc50.csv; src_file=107123 take=A,unknown,clsdoa_v1,true,true,5.000000000,44100,1,0.748992920,-26.404928,-0.000162611,0.000000000,0.922675737,0.386621315,AUTO_PASS,
esc50:110536:clsdoa_v1_srcprep_v1:3-110536-A-26,esc50:110536,1,laughing,transient,ESC-50,laughing,EXACT,110536,fold_3,raw/esc50/ESC-50-master/audio/3-110536-A-26.wav,b3e784756507d4b37c8bc019d0d951c1a3981728a9af466dc7574584423b352e,44100,1,5.000000000,CC BY-NC 3.0; dataset-level license and attribution file,DATASET_LEVEL_VERIFIED,https://github.com/karolpiczak/ESC-50; meta/esc50.csv; src_file=110536 take=A,unknown,clsdoa_v1,true,true,5.000000000,44100,1,0.307525635,-32.396711,-0.000016606,0.000000000,0.952816327,0.235918367,AUTO_PASS,
esc50:118487:clsdoa_v1_srcprep_v1:3-118487-A-26,esc50:118487,1,laughing,transient,ESC-50,laughing,EXACT,118487,fold_3,raw/esc50/ESC-50-master/audio/3-118487-A-26.wav,252276ae67705b907d8346888c1d71ca4aa9cb20dde6a9b6ea15f4e2ff921f49,44100,1,5.000000000,CC BY-NC 3.0; dataset-level license and attribution file,DATASET_LEVEL_VERIFIED,https://github.com/karolpiczak/ESC-50; meta/esc50.csv; src_file=118487 take=A,unknown,clsdoa_v1,true,true,5.000000000,44100,1,1.000000000,-17.142284,-0.000231520,0.000621315,0.863038549,0.684807256,AUTO_PASS,
esc50:119459:clsdoa_v1_srcprep_v1:3-119459-A-26,esc50:119459,1,laughing,transient,ESC-50,laughing,EXACT,119459,fold_3,raw/esc50/ESC-50-master/audio/3-119459-A-26.wav,157dc3eb648f0422b60fdfd02960ce9b61948d76338addab30981bb0755ee016,44100,1,5.000000000,CC BY-NC 3.0; dataset-level license and attribution file,DATASET_LEVEL_VERIFIED,https://github.com/karolpiczak/ESC-50; meta/esc50.csv; src_file=119459 take=A,unknown,clsdoa_v1,true,true,5.000000000,44100,1,0.097167969,-33.057726,-0.000109211,0.000000000,0.783310658,1.083446712,AUTO_PASS,
esc50:126113:clsdoa_v1_srcprep_v1:3-126113-A-26,esc50:126113,1,laughing,transient,ESC-50,laughing,EXACT,126113,fold_3,raw/esc50/ESC-50-master/audio/3-126113-A-26.wav,fa437400cd1875436258ceaa9a3014ad5a0927e90911f24ca62e1d9d79316062,44100,1,5.000000000,CC BY-NC 3.0; dataset-level license and attribution file,DATASET_LEVEL_VERIFIED,https://github.com/karolpiczak/ESC-50; meta/esc50.csv; src_file=126113 take=A,unknown,clsdoa_v1,true,true,5.000000000,44100,1,0.719726562,-24.282387,0.000211087,0.000000000,0.891047619,0.544761905,AUTO_PASS,
esc50:132747:clsdoa_v1_srcprep_v1:3-132747-A-26,esc50:132747,1,laughing,transient,ESC-50,laughing,EXACT,132747,fold_3,raw/esc50/ESC-50-master/audio/3-132747-A-26.wav,ac22151d27e63ba67a9108638c824a43c17a3bafd4549063bb765a1653707968,44100,1,5.000000000,CC BY-NC 3.0; dataset-level license and attribution file,DATASET_LEVEL_VERIFIED,https://github.com/karolpiczak/ESC-50; meta/esc50.csv; src_file=132747 take=A,unknown,clsdoa_v1,true,true,5.000000000,44100,1,1.000000000,-15.131733,-0.000037050,0.006984127,0.835170068,0.824149660,AUTO_PASS,
esc50:152912:clsdoa_v1_srcprep_v1:3-152912-A-26,esc50:152912,1,laughing,transient,ESC-50,laughing,EXACT,152912,fold_3,raw/esc50/ESC-50-master/audio/3-152912-A-26.wav,64e6f858d87c27697ec95eb37e3137a71ad8b4ab4402ee98a33095a42003e1d0,44100,1,5.000000000,CC BY-NC 3.0; dataset-level license and attribution file,DATASET_LEVEL_VERIFIED,https://github.com/karolpiczak/ESC-50; meta/esc50.csv; src_file=152912 take=A,unknown,clsdoa_v1,true,true,5.000000000,44100,1,1.000000000,-18.635517,-0.000166174,0.004680272,0.914875283,0.425623583,AUTO_PASS,
esc50:152997:clsdoa_v1_srcprep_v1:3-152997-A-26,esc50:152997,1,laughing,transient,ESC-50,laughing,EXACT,152997,fold_3,raw/esc50/ESC-50-master/audio/3-152997-A-26.wav,0a7ba8bbefee74c4e6c1a4ce399cdd8fa0e344b44d8adf5345ad84ba90611290,44100,1,5.000000000,CC BY-NC 3.0; dataset-level license and attribution file,DATASET_LEVEL_VERIFIED,https://github.com/karolpiczak/ESC-50; meta/esc50.csv; src_file=152997 take=A,unknown,clsdoa_v1,true,true,5.000000000,44100,1,1.000000000,-13.769375,-0.000496917,0.005995465,0.591705215,2.041473923,AUTO_PASS,
esc50:132803:clsdoa_v1_srcprep_v1:4-132803-A-26,esc50:132803,1,laughing,transient,ESC-50,laughing,EXACT,132803,fold_4,raw/esc50/ESC-50-master/audio/4-132803-A-26.wav,de5e596027c88e0e27334e4dfeb024238bc0b6028dba0f96c764017e534e8233,44100,1,5.000000000,CC BY-NC 3.0; dataset-level license and attribution file,DATASET_LEVEL_VERIFIED,https://github.com/karolpiczak/ESC-50; meta/esc50.csv; src_file=132803 take=A,unknown,clsdoa_v1,true,true,5.000000000,44100,1,1.000000000,-16.183984,-0.000052617,0.002163265,0.802625850,0.986870748,AUTO_PASS,
esc50:132810:clsdoa_v1_srcprep_v1:4-132810-A-26,esc50:132810,1,laughing,transient,ESC-50,laughing,EXACT,132810,fold_4,raw/esc50/ESC-50-master/audio/4-132810-A-26.wav,c7f7466fe1fa3d585fbf7a1fe9692e1890f0b05d6910b81504e808b4fb885bb8,44100,1,5.000000000,CC BY-NC 3.0; dataset-level license and attribution file,DATASET_LEVEL_VERIFIED,https://github.com/karolpiczak/ESC-50; meta/esc50.csv; src_file=132810 take=A,unknown,clsdoa_v1,true,true,5.000000000,44100,1,1.000000000,-20.075936,0.000004180,0.000149660,0.863655329,0.681723356,AUTO_PASS,
esc50:132816:clsdoa_v1_srcprep_v1:4-132816-A-26,esc50:132816,1,laughing,transient,ESC-50,laughing,EXACT,132816,fold_4,raw/esc50/ESC-50-master/audio/4-132816-A-26.wav,b2d5c158cb461eae5001862bfdbbdbfb1367d6e80e3e187dc52ebbba869a8b85,44100,1,5.000000000,CC BY-NC 3.0; dataset-level license and attribution file,DATASET_LEVEL_VERIFIED,https://github.com/karolpiczak/ESC-50; meta/esc50.csv; src_file=132816 take=A,unknown,clsdoa_v1,true,true,5.000000000,44100,1,1.000000000,-14.274071,0.000091983,0.002675737,0.676603175,1.616984127,AUTO_PASS,
esc50:133674:clsdoa_v1_srcprep_v1:4-133674-A-26,esc50:133674,1,laughing,transient,ESC-50,laughing,EXACT,133674,fold_4,raw/esc50/ESC-50-master/audio/4-133674-A-26.wav,7b0f9348022ff7ff2f4466565aa8cf6396d79eae07d3269fa2fb174a8fa03552,44100,1,5.000000000,CC BY-NC 3.0; dataset-level license and attribution file,DATASET_LEVEL_VERIFIED,https://github.com/karolpiczak/ESC-50; meta/esc50.csv; src_file=133674 take=A,unknown,clsdoa_v1,true,true,5.000000000,44100,1,1.000000000,-18.837470,-0.000015024,0.000090703,0.753904762,1.230476190,AUTO_PASS,
esc50:155670:clsdoa_v1_srcprep_v1:4-155670-A-26,esc50:155670,1,laughing,transient,ESC-50,laughing,EXACT,155670,fold_4,raw/esc50/ESC-50-master/audio/4-155670-A-26.wav,9368b7604caf4337cb81e95bb2461fa80a90011c94fdfffef10e0ab819d9842e,44100,1,5.000000000,CC BY-NC 3.0; dataset-level license and attribution file,DATASET_LEVEL_VERIFIED,https://github.com/karolpiczak/ESC-50; meta/esc50.csv; src_file=155670 take=A,unknown,clsdoa_v1,true,true,5.000000000,44100,1,0.216461182,-26.877468,-0.037952170,0.000000000,0.188104308,4.059478458,AUTO_PASS,
esc50:164243:clsdoa_v1_srcprep_v1:4-164243-A-26,esc50:164243,1,laughing,transient,ESC-50,laughing,EXACT,164243,fold_4,raw/esc50/ESC-50-master/audio/4-164243-A-26.wav,558345f57ac5e2ec558fcf6011bdd1381df3eab7b6315463908856fa4b7a9db2,44100,1,5.000000000,CC BY-NC 3.0; dataset-level license and attribution file,DATASET_LEVEL_VERIFIED,https://github.com/karolpiczak/ESC-50; meta/esc50.csv; src_file=164243 take=A,unknown,clsdoa_v1,true,true,5.000000000,44100,1,1.000000000,-16.516944,0.000012593,0.000077098,0.718789116,1.406054422,AUTO_PASS,
esc50:167571:clsdoa_v1_srcprep_v1:4-167571-A-26,esc50:167571,1,laughing,transient,ESC-50,laughing,EXACT,167571,fold_4,raw/esc50/ESC-50-master/audio/4-167571-A-26.wav,0384583066e8dd028d98ca571e55a99ef2a3ee158be227e241e167b577bb2955,44100,1,5.000000000,CC BY-NC 3.0; dataset-level license and attribution file,DATASET_LEVEL_VERIFIED,https://github.com/karolpiczak/ESC-50; meta/esc50.csv; src_file=167571 take=A,unknown,clsdoa_v1,true,true,5.000000000,44100,1,0.742004395,-22.435391,0.000227573,0.000000000,0.847555556,0.762222222,AUTO_PASS,
esc50:181599:clsdoa_v1_srcprep_v1:4-181599-A-26,esc50:181599,1,laughing,transient,ESC-50,laughing,EXACT,181599,fold_4,raw/esc50/ESC-50-master/audio/4-181599-A-26.wav,e414fc3ba7dea88437d0be3c0dd1101177cfcc0052e2a2b2cb8973cad984e178,44100,1,5.000000000,CC BY-NC 3.0; dataset-level license and attribution file,DATASET_LEVEL_VERIFIED,https://github.com/karolpiczak/ESC-50; meta/esc50.csv; src_file=181599 take=A,unknown,clsdoa_v1,true,true,5.000000000,44100,1,0.995452881,-15.721549,0.142859325,0.000000000,0.104362812,4.478185941,AUTO_PASS,
esc50:171118:clsdoa_v1_srcprep_v1:5-171118-A-26,esc50:171118,1,laughing,transient,ESC-50,laughing,EXACT,171118,fold_5,raw/esc50/ESC-50-master/audio/5-171118-A-26.wav,acf4fc669f782f4b85e601fb61cddef90599416c519741428e1e62ea6228e2c2,44100,1,5.000000000,CC BY-NC 3.0; dataset-level license and attribution file,DATASET_LEVEL_VERIFIED,https://github.com/karolpiczak/ESC-50; meta/esc50.csv; src_file=171118 take=A,unknown,clsdoa_v1,true,true,5.000000000,44100,1,0.270843506,-32.541161,-0.000035929,0.000000000,0.901092971,0.494535147,AUTO_PASS,
esc50:242932:clsdoa_v1_srcprep_v1:5-242932-A-26,esc50:242932,1,laughing,transient,ESC-50,laughing,EXACT,242932,fold_5,raw/esc50/ESC-50-master/audio/5-242932-A-26.wav,9c2021684ccd03cbb5606565178197bc1251de351c65e2e10c068e0da0499a87,44100,1,5.000000000,CC BY-NC 3.0; dataset-level license and attribution file,DATASET_LEVEL_VERIFIED,https://github.com/karolpiczak/ESC-50; meta/esc50.csv; src_file=242932 take=A,unknown,clsdoa_v1,true,true,5.000000000,44100,1,0.975311279,-17.664824,-0.000459986,0.000000000,0.809646259,0.951768707,AUTO_PASS,
esc50:242932:clsdoa_v1_srcprep_v1:5-242932-B-26,esc50:242932,1,laughing,transient,ESC-50,laughing,EXACT,242932,fold_5,raw/esc50/ESC-50-master/audio/5-242932-B-26.wav,a7d72dd0f1e81bcae369ea26db6c2495829c7c308ceb50670a33b2fe925bb564,44100,1,5.000000000,CC BY-NC 3.0; dataset-level license and attribution file,DATASET_LEVEL_VERIFIED,https://github.com/karolpiczak/ESC-50; meta/esc50.csv; src_file=242932 take=B,unknown,clsdoa_v1,true,true,5.000000000,44100,1,0.951354980,-18.939083,-0.000532566,0.000000000,0.837138322,0.814308390,AUTO_PASS,
esc50:244526:clsdoa_v1_srcprep_v1:5-244526-A-26,esc50:244526,1,laughing,transient,ESC-50,laughing,EXACT,244526,fold_5,raw/esc50/ESC-50-master/audio/5-244526-A-26.wav,d3165c0292b08ca116b10f3fcfe24978eefef40dcacb751723c13cf8816ffbd0,44100,1,5.000000000,CC BY-NC 3.0; dataset-level license and attribution file,DATASET_LEVEL_VERIFIED,https://github.com/karolpiczak/ESC-50; meta/esc50.csv; src_file=244526 take=A,unknown,clsdoa_v1,true,true,5.000000000,44100,1,1.000000000,-16.987102,0.000533157,0.006403628,0.886589569,0.567052154,AUTO_PASS,
esc50:253534:clsdoa_v1_srcprep_v1:5-253534-A-26,esc50:253534,1,laughing,transient,ESC-50,laughing,EXACT,253534,fold_5,raw/esc50/ESC-50-master/audio/5-253534-A-26.wav,251c084088b365d60f5509569e97cbf6d10259926470a53f004c4adec97fcfba,44100,1,5.000000000,CC BY-NC 3.0; dataset-level license and attribution file,DATASET_LEVEL_VERIFIED,https://github.com/karolpiczak/ESC-50; meta/esc50.csv; src_file=253534 take=A,unknown,clsdoa_v1,true,true,5.000000000,44100,1,0.971740723,-18.070858,-0.000022270,0.000000000,0.767473923,1.162630385,AUTO_PASS,
esc50:259514:clsdoa_v1_srcprep_v1:5-259514-A-26,esc50:259514,1,laughing,transient,ESC-50,laughing,EXACT,259514,fold_5,raw/esc50/ESC-50-master/audio/5-259514-A-26.wav,bff4fba03e6137cd08b1f0eeb5512e238a047fbcd49d7de923d6d9262ad25296,44100,1,5.000000000,CC BY-NC 3.0; dataset-level license and attribution file,DATASET_LEVEL_VERIFIED,https://github.com/karolpiczak/ESC-50; meta/esc50.csv; src_file=259514 take=A,unknown,clsdoa_v1,true,true,5.000000000,44100,1,0.999969482,-25.910737,-0.000016560,0.000063492,0.949151927,0.254240363,AUTO_PASS,
esc50:263775:clsdoa_v1_srcprep_v1:5-263775-A-26,esc50:263775,1,laughing,transient,ESC-50,laughing,EXACT,263775,fold_5,raw/esc50/ESC-50-master/audio/5-263775-A-26.wav,3da4f9803fcd4044d76160ac5a4bcdbfc167f8422c6ca089e957be938d8b1dfe,44100,1,5.000000000,CC BY-NC 3.0; dataset-level license and attribution file,DATASET_LEVEL_VERIFIED,https://github.com/karolpiczak/ESC-50; meta/esc50.csv; src_file=263775 take=A,unknown,clsdoa_v1,true,true,5.000000000,44100,1,0.601348877,-28.319489,-0.000056401,0.000000000,0.955170068,0.224149660,AUTO_PASS,
esc50:263775:clsdoa_v1_srcprep_v1:5-263775-B-26,esc50:263775,1,laughing,transient,ESC-50,laughing,EXACT,263775,fold_5,raw/esc50/ESC-50-master/audio/5-263775-B-26.wav,91ad833977880350aac446f5d3ea2b01cb307609d0e5b7f6fba821b57eeb3e2f,44100,1,5.000000000,CC BY-NC 3.0; dataset-level license and attribution file,DATASET_LEVEL_VERIFIED,https://github.com/karolpiczak/ESC-50; meta/esc50.csv; src_file=263775 take=B,unknown,clsdoa_v1,true,true,5.000000000,44100,1,1.000000000,-15.521683,-0.000268984,0.001714286,0.771215420,1.143922902,AUTO_PASS,
esc50:137:clsdoa_v1_srcprep_v1:1-137-A-32,esc50:137,2,keyboard_typing,transient,ESC-50,keyboard_typing,EXACT,137,fold_1,raw/esc50/ESC-50-master/audio/1-137-A-32.wav,d68e4716f74f073be8f78f5fe8e45daf7c09b0ec0575b21f57989d803536abb3,44100,1,5.000000000,CC BY-NC 3.0; dataset-level license and attribution file,DATASET_LEVEL_VERIFIED,https://github.com/karolpiczak/ESC-50; meta/esc50.csv; src_file=137 take=A,unknown,clsdoa_v1,true,true,5.000000000,44100,1,0.521240234,-38.913586,0.000019206,0.000000000,0.992462585,0.037687075,AUTO_FLAG,mostly_silence_or_low_activity
esc50:53501:clsdoa_v1_srcprep_v1:1-53501-A-32,esc50:53501,2,keyboard_typing,transient,ESC-50,keyboard_typing,EXACT,53501,fold_1,raw/esc50/ESC-50-master/audio/1-53501-A-32.wav,7edf3a6b856987de4fc2da27906d70abb00c40fba3352275eec840917daf2e50,44100,1,5.000000000,CC BY-NC 3.0; dataset-level license and attribution file,DATASET_LEVEL_VERIFIED,https://github.com/karolpiczak/ESC-50; meta/esc50.csv; src_file=53501 take=A,unknown,clsdoa_v1,true,true,5.000000000,44100,1,0.175598145,-45.868629,-0.000011665,0.000000000,0.986979592,0.065102041,AUTO_FLAG,mostly_silence_or_low_activity
esc50:61212:clsdoa_v1_srcprep_v1:1-61212-A-32,esc50:61212,2,keyboard_typing,transient,ESC-50,keyboard_typing,EXACT,61212,fold_1,raw/esc50/ESC-50-master/audio/1-61212-A-32.wav,655cc6c53397673f39fb8f125124e65fafc87480e1d18cc53f78f4404464826d,44100,1,5.000000000,CC BY-NC 3.0; dataset-level license and attribution file,DATASET_LEVEL_VERIFIED,https://github.com/karolpiczak/ESC-50; meta/esc50.csv; src_file=61212 take=A,unknown,clsdoa_v1,true,true,5.000000000,44100,1,0.592346191,-34.639246,-0.000056808,0.000000000,0.982204082,0.088979592,AUTO_FLAG,mostly_silence_or_low_activity
esc50:62594:clsdoa_v1_srcprep_v1:1-62594-A-32,esc50:62594,2,keyboard_typing,transient,ESC-50,keyboard_typing,EXACT,62594,fold_1,raw/esc50/ESC-50-master/audio/1-62594-A-32.wav,a8adb317bb75afae3395204f0d0e19fb0230539d0a2cd02d6e2cc424cb3efe05,44100,1,5.000000000,CC BY-NC 3.0; dataset-level license and attribution file,DATASET_LEVEL_VERIFIED,https://github.com/karolpiczak/ESC-50; meta/esc50.csv; src_file=62594 take=A,unknown,clsdoa_v1,true,true,5.000000000,44100,1,1.000000000,-21.642092,-0.000184164,0.000625850,0.923891156,0.380544218,AUTO_PASS,
esc50:79711:clsdoa_v1_srcprep_v1:1-79711-A-32,esc50:79711,2,keyboard_typing,transient,ESC-50,keyboard_typing,EXACT,79711,fold_1,raw/esc50/ESC-50-master/audio/1-79711-A-32.wav,f3fd05d3bfed74942257ef036a83c7775c00a4213fd471c5ad6868e9487db525,44100,1,5.000000000,CC BY-NC 3.0; dataset-level license and attribution file,DATASET_LEVEL_VERIFIED,https://github.com/karolpiczak/ESC-50; meta/esc50.csv; src_file=79711 take=A,unknown,clsdoa_v1,true,true,5.000000000,44100,1,1.000000000,-30.080160,0.000030992,0.000031746,0.987755102,0.061224490,AUTO_FLAG,mostly_silence_or_low_activity
esc50:84393:clsdoa_v1_srcprep_v1:1-84393-A-32,esc50:84393,2,keyboard_typing,transient,ESC-50,keyboard_typing,EXACT,84393,fold_1,raw/esc50/ESC-50-master/audio/1-84393-A-32.wav,48f3964c939192128456567e9b8150638194650fb5241d02dda6b970774325fb,44100,1,5.000000000,CC BY-NC 3.0; dataset-level license and attribution file,DATASET_LEVEL_VERIFIED,https://github.com/karolpiczak/ESC-50; meta/esc50.csv; src_file=84393 take=A,unknown,clsdoa_v1,true,true,5.000000000,44100,1,1.000000000,-19.401962,-0.000070873,0.000870748,0.878848073,0.605759637,AUTO_PASS,
esc50:94231:clsdoa_v1_srcprep_v1:1-94231-A-32,esc50:94231,2,keyboard_typing,transient,ESC-50,keyboard_typing,EXACT,94231,fold_1,raw/esc50/ESC-50-master/audio/1-94231-A-32.wav,ba393d3cdb1cf2186477e289d101a56a80d8d47b7a2a4fbfadfd8b7a1b3f511f,44100,1,5.000000000,CC BY-NC 3.0; dataset-level license and attribution file,DATASET_LEVEL_VERIFIED,https://github.com/karolpiczak/ESC-50; meta/esc50.csv; src_file=94231 take=A,unknown,clsdoa_v1,true,true,5.000000000,44100,1,0.136047363,-49.722361,-0.000000445,0.000000000,0.989922902,0.050385488,AUTO_FLAG,mostly_silence_or_low_activity
esc50:94231:clsdoa_v1_srcprep_v1:1-94231-B-32,esc50:94231,2,keyboard_typing,transient,ESC-50,keyboard_typing,EXACT,94231,fold_1,raw/esc50/ESC-50-master/audio/1-94231-B-32.wav,d24ad98dcd482f142ec917e68df4eced7fa204f6d831d8389cae5f1ead51dcf9,44100,1,5.000000000,CC BY-NC 3.0; dataset-level license and attribution file,DATASET_LEVEL_VERIFIED,https://github.com/karolpiczak/ESC-50; meta/esc50.csv; src_file=94231 take=B,unknown,clsdoa_v1,true,true,5.000000000,44100,1,0.186065674,-45.982922,0.000003254,0.000000000,0.988725624,0.056371882,AUTO_FLAG,mostly_silence_or_low_activity
esc50:104168:clsdoa_v1_srcprep_v1:2-104168-A-32,esc50:104168,2,keyboard_typing,transient,ESC-50,keyboard_typing,EXACT,104168,fold_2,raw/esc50/ESC-50-master/audio/2-104168-A-32.wav,62f9d3cd5d576e5dd6f956fe11d5c50fb04f054c38e32597a16e19021536943d,44100,1,5.000000000,CC BY-NC 3.0; dataset-level license and attribution file,DATASET_LEVEL_VERIFIED,https://github.com/karolpiczak/ESC-50; meta/esc50.csv; src_file=104168 take=A,unknown,clsdoa_v1,true,true,5.000000000,44100,1,0.698608398,-35.059094,-0.000007086,0.000000000,0.990376417,0.048117914,AUTO_FLAG,mostly_silence_or_low_activity
esc50:109316:clsdoa_v1_srcprep_v1:2-109316-A-32,esc50:109316,2,keyboard_typing,transient,ESC-50,keyboard_typing,EXACT,109316,fold_2,raw/esc50/ESC-50-master/audio/2-109316-A-32.wav,29b85ff0c4551fff8893f1b70faee79f0de8edf383f15877cfdeedb4b9aeabce,44100,1,5.000000000,CC BY-NC 3.0; dataset-level license and attribution file,DATASET_LEVEL_VERIFIED,https://github.com/karolpiczak/ESC-50; meta/esc50.csv; src_file=109316 take=A,unknown,clsdoa_v1,true,true,5.000000000,44100,1,0.505462646,-34.268485,0.000032856,0.000000000,0.974530612,0.127346939,AUTO_PASS,
esc50:118459:clsdoa_v1_srcprep_v1:2-118459-A-32,esc50:118459,2,keyboard_typing,transient,ESC-50,keyboard_typing,EXACT,118459,fold_2,raw/esc50/ESC-50-master/audio/2-118459-A-32.wav,3e144910a7444c162120ff2067726788fc886aaf4b28be55ca0b6d3347e35a28,44100,1,5.000000000,CC BY-NC 3.0; dataset-level license and attribution file,DATASET_LEVEL_VERIFIED,https://github.com/karolpiczak/ESC-50; meta/esc50.csv; src_file=118459 take=A,unknown,clsdoa_v1,true,true,5.000000000,44100,1,0.951080322,-26.187980,-0.000461132,0.000000000,0.946870748,0.265646259,AUTO_PASS,
esc50:118459:clsdoa_v1_srcprep_v1:2-118459-B-32,esc50:118459,2,keyboard_typing,transient,ESC-50,keyboard_typing,EXACT,118459,fold_2,raw/esc50/ESC-50-master/audio/2-118459-B-32.wav,580103e9df8e83e039c5cc0b600a5c33457051afd66d9efd87063516f68ef320,44100,1,5.000000000,CC BY-NC 3.0; dataset-level license and attribution file,DATASET_LEVEL_VERIFIED,https://github.com/karolpiczak/ESC-50; meta/esc50.csv; src_file=118459 take=B,unknown,clsdoa_v1,true,true,5.000000000,44100,1,0.812896729,-28.382053,-0.000583896,0.000000000,0.958253968,0.208730159,AUTO_PASS,
esc50:118817:clsdoa_v1_srcprep_v1:2-118817-A-32,esc50:118817,2,keyboard_typing,transient,ESC-50,keyboard_typing,EXACT,118817,fold_2,raw/esc50/ESC-50-master/audio/2-118817-A-32.wav,5f4f048fde966a014079f5a42a0d5658df58b2db9802d577b206a32f0d9a2042,44100,1,5.000000000,CC BY-NC 3.0; dataset-level license and attribution file,DATASET_LEVEL_VERIFIED,https://github.com/karolpiczak/ESC-50; meta/esc50.csv; src_file=118817 take=A,unknown,clsdoa_v1,true,true,5.000000000,44100,1,0.289428711,-36.175582,-0.000008938,0.000000000,0.939950113,0.300249433,AUTO_PASS,
esc50:120333:clsdoa_v1_srcprep_v1:2-120333-A-32,esc50:120333,2,keyboard_typing,transient,ESC-50,keyboard_typing,EXACT,120333,fold_2,raw/esc50/ESC-50-master/audio/2-120333-A-32.wav,0221aef890f7252c3774518946c6bec589eeaab5a6d56fc593a488b7c51f95fc,44100,1,5.000000000,CC BY-NC 3.0; dataset-level license and attribution file,DATASET_LEVEL_VERIFIED,https://github.com/karolpiczak/ESC-50; meta/esc50.csv; src_file=120333 take=A,unknown,clsdoa_v1,true,true,5.000000000,44100,1,1.000000000,-19.347560,0.000133933,0.000535147,0.734521542,1.327392290,AUTO_PASS,
esc50:99795:clsdoa_v1_srcprep_v1:2-99795-A-32,esc50:99795,2,keyboard_typing,transient,ESC-50,keyboard_typing,EXACT,99795,fold_2,raw/esc50/ESC-50-master/audio/2-99795-A-32.wav,d73b231a5965c385dab9ff28652ea38f4d49e8f018e0623e9dfb499c82cfed0f,44100,1,5.000000000,CC BY-NC 3.0; dataset-level license and attribution file,DATASET_LEVEL_VERIFIED,https://github.com/karolpiczak/ESC-50; meta/esc50.csv; src_file=99795 take=A,unknown,clsdoa_v1,true,true,5.000000000,44100,1,0.748992920,-30.381644,-0.000050884,0.000000000,0.969659864,0.151700680,AUTO_PASS,
esc50:99796:clsdoa_v1_srcprep_v1:2-99796-A-32,esc50:99796,2,keyboard_typing,transient,ESC-50,keyboard_typing,EXACT,99796,fold_2,raw/esc50/ESC-50-master/audio/2-99796-A-32.wav,31bdd426e490ee983bb2643cf5b02cb36aaa194eb0acced143671ea16c30934e,44100,1,5.000000000,CC BY-NC 3.0; dataset-level license and attribution file,DATASET_LEVEL_VERIFIED,https://github.com/karolpiczak/ESC-50; meta/esc50.csv; src_file=99796 take=A,unknown,clsdoa_v1,true,true,5.000000000,44100,1,0.431671143,-39.717582,-0.000061419,0.000000000,0.990344671,0.048276644,AUTO_FLAG,mostly_silence_or_low_activity
esc50:125548:clsdoa_v1_srcprep_v1:3-125548-A-32,esc50:125548,2,keyboard_typing,transient,ESC-50,keyboard_typing,EXACT,125548,fold_3,raw/esc50/ESC-50-master/audio/3-125548-A-32.wav,786c0ab915c44c716dd70971fc8f80f0cc501164423095e3e5c97929b3796f7d,44100,1,5.000000000,CC BY-NC 3.0; dataset-level license and attribution file,DATASET_LEVEL_VERIFIED,https://github.com/karolpiczak/ESC-50; meta/esc50.csv; src_file=125548 take=A,unknown,clsdoa_v1,true,true,5.000000000,44100,1,0.248504639,-43.702420,0.000000465,0.000000000,0.987841270,0.060793651,AUTO_FLAG,mostly_silence_or_low_activity
esc50:132830:clsdoa_v1_srcprep_v1:3-132830-A-32,esc50:132830,2,keyboard_typing,transient,ESC-50,keyboard_typing,EXACT,132830,fold_3,raw/esc50/ESC-50-master/audio/3-132830-A-32.wav,d75fa250788f499ec7faa1c5ba8ee38eff4e66460f9b2a0b7f8aa26dc2f73e3a,44100,1,5.000000000,CC BY-NC 3.0; dataset-level license and attribution file,DATASET_LEVEL_VERIFIED,https://github.com/karolpiczak/ESC-50; meta/esc50.csv; src_file=132830 take=A,unknown,clsdoa_v1,true,true,5.000000000,44100,1,0.206024170,-50.121515,-0.000036376,0.000000000,0.996961451,0.015192744,AUTO_FLAG,mostly_silence_or_low_activity
esc50:144106:clsdoa_v1_srcprep_v1:3-144106-A-32,esc50:144106,2,keyboard_typing,transient,ESC-50,keyboard_typing,EXACT,144106,fold_3,raw/esc50/ESC-50-master/audio/3-144106-A-32.wav,e47881c1bcc652c7e07492c7c1325dba436ddf99cef422f2972b35fa87ad680d,44100,1,5.000000000,CC BY-NC 3.0; dataset-level license and attribution file,DATASET_LEVEL_VERIFIED,https://github.com/karolpiczak/ESC-50; meta/esc50.csv; src_file=144106 take=A,unknown,clsdoa_v1,true,true,5.000000000,44100,1,1.000000000,-23.297570,-0.000026760,0.000376417,0.938104308,0.309478458,AUTO_PASS,
esc50:144120:clsdoa_v1_srcprep_v1:3-144120-A-32,esc50:144120,2,keyboard_typing,transient,ESC-50,keyboard_typing,EXACT,144120,fold_3,raw/esc50/ESC-50-master/audio/3-144120-A-32.wav,bbc3a875b5add54169100adeaf253ed6120715bcd6ac3b55442b3e2d2863ed5c,44100,1,5.000000000,CC BY-NC 3.0; dataset-level license and attribution file,DATASET_LEVEL_VERIFIED,https://github.com/karolpiczak/ESC-50; meta/esc50.csv; src_file=144120 take=A,unknown,clsdoa_v1,true,true,5.000000000,44100,1,0.451995850,-40.397252,-0.000006599,0.000000000,0.993673469,0.031632653,AUTO_FLAG,mostly_silence_or_low_activity
esc50:153444:clsdoa_v1_srcprep_v1:3-153444-A-32,esc50:153444,2,keyboard_typing,transient,ESC-50,keyboard_typing,EXACT,153444,fold_3,raw/esc50/ESC-50-master/audio/3-153444-A-32.wav,ca3cd2deab66200c838c5395cf6221c95d309bec310456cf194bc316af410393,44100,1,5.000000000,CC BY-NC 3.0; dataset-level license and attribution file,DATASET_LEVEL_VERIFIED,https://github.com/karolpiczak/ESC-50; meta/esc50.csv; src_file=153444 take=A,unknown,clsdoa_v1,true,true,5.000000000,44100,1,0.141754150,-48.935447,-0.000003655,0.000000000,0.990639456,0.046802721,AUTO_FLAG,mostly_silence_or_low_activity
esc50:154781:clsdoa_v1_srcprep_v1:3-154781-A-32,esc50:154781,2,keyboard_typing,transient,ESC-50,keyboard_typing,EXACT,154781,fold_3,raw/esc50/ESC-50-master/audio/3-154781-A-32.wav,b65a1cd87e450898f9d40e96ee329d9b06887151cdd782cc21bdfa49cfb17cb9,44100,1,5.000000000,CC BY-NC 3.0; dataset-level license and attribution file,DATASET_LEVEL_VERIFIED,https://github.com/karolpiczak/ESC-50; meta/esc50.csv; src_file=154781 take=A,unknown,clsdoa_v1,true,true,5.000000000,44100,1,0.109588623,-49.940772,-0.000062595,0.000000000,0.987673469,0.061632653,AUTO_FLAG,mostly_silence_or_low_activity
esc50:155568:clsdoa_v1_srcprep_v1:3-155568-A-32,esc50:155568,2,keyboard_typing,transient,ESC-50,keyboard_typing,EXACT,155568,fold_3,raw/esc50/ESC-50-master/audio/3-155568-A-32.wav,e7204b94b2ba3beebf31d92c3e9a27fde8129644669644746df9b76fda63d01f,44100,1,5.000000000,CC BY-NC 3.0; dataset-level license and attribution file,DATASET_LEVEL_VERIFIED,https://github.com/karolpiczak/ESC-50; meta/esc50.csv; src_file=155568 take=A,unknown,clsdoa_v1,true,true,5.000000000,44100,1,0.163208008,-43.303198,-0.000024923,0.000000000,0.968253968,0.158730159,AUTO_PASS,
esc50:155570:clsdoa_v1_srcprep_v1:3-155570-A-32,esc50:155570,2,keyboard_typing,transient,ESC-50,keyboard_typing,EXACT,155570,fold_3,raw/esc50/ESC-50-master/audio/3-155570-A-32.wav,d9a50c67926f09ea4f9b1530182634ebf958f4cb17508ab1c2d3e89d93a73b37,44100,1,5.000000000,CC BY-NC 3.0; dataset-level license and attribution file,DATASET_LEVEL_VERIFIED,https://github.com/karolpiczak/ESC-50; meta/esc50.csv; src_file=155570 take=A,unknown,clsdoa_v1,true,true,5.000000000,44100,1,0.303680420,-34.272378,-0.000027435,0.000000000,0.916467120,0.417664399,AUTO_PASS,
esc50:158653:clsdoa_v1_srcprep_v1:4-158653-A-32,esc50:158653,2,keyboard_typing,transient,ESC-50,keyboard_typing,EXACT,158653,fold_4,raw/esc50/ESC-50-master/audio/4-158653-A-32.wav,125691734898f9db80100600cb63a65203ac0948b4a234e136f0e369bffe3b6b,44100,1,5.000000000,CC BY-NC 3.0; dataset-level license and attribution file,DATASET_LEVEL_VERIFIED,https://github.com/karolpiczak/ESC-50; meta/esc50.csv; src_file=158653 take=A,unknown,clsdoa_v1,true,true,5.000000000,44100,1,1.000000000,-32.620084,-0.000233376,0.000054422,0.992480726,0.037596372,AUTO_FLAG,mostly_silence_or_low_activity
esc50:167155:clsdoa_v1_srcprep_v1:4-167155-A-32,esc50:167155,2,keyboard_typing,transient,ESC-50,keyboard_typing,EXACT,167155,fold_4,raw/esc50/ESC-50-master/audio/4-167155-A-32.wav,c95a4bcca8a2113cb7a20bd59d404919eb88f10dc23401815369a449a7f59344,44100,1,5.000000000,CC BY-NC 3.0; dataset-level license and attribution file,DATASET_LEVEL_VERIFIED,https://github.com/karolpiczak/ESC-50; meta/esc50.csv; src_file=167155 take=A,unknown,clsdoa_v1,true,true,5.000000000,44100,1,0.191741943,-39.182370,-0.000022094,0.000000000,0.935551020,0.322244898,AUTO_PASS,
esc50:172180:clsdoa_v1_srcprep_v1:4-172180-A-32,esc50:172180,2,keyboard_typing,transient,ESC-50,keyboard_typing,EXACT,172180,fold_4,raw/esc50/ESC-50-master/audio/4-172180-A-32.wav,38cb4fdd3c362dddfec350f850a246b3289ae59f9d41ad7ddcd23a069232353c,44100,1,5.000000000,CC BY-NC 3.0; dataset-level license and attribution file,DATASET_LEVEL_VERIFIED,https://github.com/karolpiczak/ESC-50; meta/esc50.csv; src_file=172180 take=A,unknown,clsdoa_v1,true,true,5.000000000,44100,1,0.607147217,-25.684857,0.000350164,0.000000000,0.817546485,0.912267574,AUTO_PASS,
esc50:172742:clsdoa_v1_srcprep_v1:4-172742-A-32,esc50:172742,2,keyboard_typing,transient,ESC-50,keyboard_typing,EXACT,172742,fold_4,raw/esc50/ESC-50-master/audio/4-172742-A-32.wav,6107e92023ebe6a8cc7514ed3a4721a10a319f8162a8a6be255cf46c4851ac8e,44100,1,5.000000000,CC BY-NC 3.0; dataset-level license and attribution file,DATASET_LEVEL_VERIFIED,https://github.com/karolpiczak/ESC-50; meta/esc50.csv; src_file=172742 take=A,unknown,clsdoa_v1,true,true,5.000000000,44100,1,0.596130371,-40.276368,-0.000249343,0.000000000,0.996312925,0.018435374,AUTO_FLAG,mostly_silence_or_low_activity
esc50:177243:clsdoa_v1_srcprep_v1:4-177243-A-32,esc50:177243,2,keyboard_typing,transient,ESC-50,keyboard_typing,EXACT,177243,fold_4,raw/esc50/ESC-50-master/audio/4-177243-A-32.wav,e2163c61a24be93d31a3e6b1c87191f87eb0d7cebda85b110b7f2a115f0b86fa,44100,1,5.000000000,CC BY-NC 3.0; dataset-level license and attribution file,DATASET_LEVEL_VERIFIED,https://github.com/karolpiczak/ESC-50; meta/esc50.csv; src_file=177243 take=A,unknown,clsdoa_v1,true,true,5.000000000,44100,1,0.212707520,-41.344164,0.000078676,0.000000000,0.974258503,0.128707483,AUTO_PASS,
esc50:181707:clsdoa_v1_srcprep_v1:4-181707-A-32,esc50:181707,2,keyboard_typing,transient,ESC-50,keyboard_typing,EXACT,181707,fold_4,raw/esc50/ESC-50-master/audio/4-181707-A-32.wav,62448717b3d141a1151db037583848723200c14b253297b8205d01d6c04fb23a,44100,1,5.000000000,CC BY-NC 3.0; dataset-level license and attribution file,DATASET_LEVEL_VERIFIED,https://github.com/karolpiczak/ESC-50; meta/esc50.csv; src_file=181707 take=A,unknown,clsdoa_v1,true,true,5.000000000,44100,1,0.443450928,-37.893030,-0.000012725,0.000000000,0.985473923,0.072630385,AUTO_FLAG,mostly_silence_or_low_activity
esc50:181708:clsdoa_v1_srcprep_v1:4-181708-A-32,esc50:181708,2,keyboard_typing,transient,ESC-50,keyboard_typing,EXACT,181708,fold_4,raw/esc50/ESC-50-master/audio/4-181708-A-32.wav,d136197cac1ecfea55c9d3faaad31f6b740132ba9f0e05b435ee33daa2eef3ff,44100,1,5.000000000,CC BY-NC 3.0; dataset-level license and attribution file,DATASET_LEVEL_VERIFIED,https://github.com/karolpiczak/ESC-50; meta/esc50.csv; src_file=181708 take=A,unknown,clsdoa_v1,true,true,5.000000000,44100,1,0.694061279,-33.502144,-0.000010907,0.000000000,0.982625850,0.086870748,AUTO_FLAG,mostly_silence_or_low_activity
esc50:185613:clsdoa_v1_srcprep_v1:4-185613-A-32,esc50:185613,2,keyboard_typing,transient,ESC-50,keyboard_typing,EXACT,185613,fold_4,raw/esc50/ESC-50-master/audio/4-185613-A-32.wav,e7c612cbd5ed3fa812dc1dcfc30af74670a6f9d4265a0d3e512396624a6eb7d6,44100,1,5.000000000,CC BY-NC 3.0; dataset-level license and attribution file,DATASET_LEVEL_VERIFIED,https://github.com/karolpiczak/ESC-50; meta/esc50.csv; src_file=185613 take=A,unknown,clsdoa_v1,true,true,5.000000000,44100,1,1.000000000,-31.153485,-0.000083536,0.000009070,0.991392290,0.043038549,AUTO_FLAG,mostly_silence_or_low_activity
esc50:205090:clsdoa_v1_srcprep_v1:5-205090-A-32,esc50:205090,2,keyboard_typing,transient,ESC-50,keyboard_typing,EXACT,205090,fold_5,raw/esc50/ESC-50-master/audio/5-205090-A-32.wav,5a8f193f14fa649248b1d645ce6dae97f5c105015b3351ffaf86406e998c36d3,44100,1,5.000000000,CC BY-NC 3.0; dataset-level license and attribution file,DATASET_LEVEL_VERIFIED,https://github.com/karolpiczak/ESC-50; meta/esc50.csv; src_file=205090 take=A,unknown,clsdoa_v1,true,true,5.000000000,44100,1,0.099670410,-38.272406,-0.000015216,0.000000000,0.809532880,0.952335601,AUTO_PASS,
esc50:215005:clsdoa_v1_srcprep_v1:5-215005-A-32,esc50:215005,2,keyboard_typing,transient,ESC-50,keyboard_typing,EXACT,215005,fold_5,raw/esc50/ESC-50-master/audio/5-215005-A-32.wav,b8c6b7a28f1523c4aa0a0261ed45dee934c5a8f2558893312d9d981bf1f92067,44100,1,5.000000000,CC BY-NC 3.0; dataset-level license and attribution file,DATASET_LEVEL_VERIFIED,https://github.com/karolpiczak/ESC-50; meta/esc50.csv; src_file=215005 take=A,unknown,clsdoa_v1,true,true,5.000000000,44100,1,0.124084473,-49.823044,-0.000002173,0.000000000,0.988208617,0.058956916,AUTO_FLAG,mostly_silence_or_low_activity
esc50:216131:clsdoa_v1_srcprep_v1:5-216131-A-32,esc50:216131,2,keyboard_typing,transient,ESC-50,keyboard_typing,EXACT,216131,fold_5,raw/esc50/ESC-50-master/audio/5-216131-A-32.wav,096ac1b0324a6c59c96f974f006f8ec35ffa362790c58327438c7f5c67744b9a,44100,1,5.000000000,CC BY-NC 3.0; dataset-level license and attribution file,DATASET_LEVEL_VERIFIED,https://github.com/karolpiczak/ESC-50; meta/esc50.csv; src_file=216131 take=A,unknown,clsdoa_v1,true,true,5.000000000,44100,1,0.420532227,-38.594149,0.000002831,0.000000000,0.986312925,0.068435374,AUTO_FLAG,mostly_silence_or_low_activity
esc50:222894:clsdoa_v1_srcprep_v1:5-222894-A-32,esc50:222894,2,keyboard_typing,transient,ESC-50,keyboard_typing,EXACT,222894,fold_5,raw/esc50/ESC-50-master/audio/5-222894-A-32.wav,10352ae357018a1123532e2875b0358dc3954e15b5845a312c7ff846623e56a7,44100,1,5.000000000,CC BY-NC 3.0; dataset-level license and attribution file,DATASET_LEVEL_VERIFIED,https://github.com/karolpiczak/ESC-50; meta/esc50.csv; src_file=222894 take=A,unknown,clsdoa_v1,true,true,5.000000000,44100,1,0.886413574,-21.637575,0.000027330,0.000000000,0.832489796,0.837551020,AUTO_PASS,
esc50:223099:clsdoa_v1_srcprep_v1:5-223099-A-32,esc50:223099,2,keyboard_typing,transient,ESC-50,keyboard_typing,EXACT,223099,fold_5,raw/esc50/ESC-50-master/audio/5-223099-A-32.wav,d4189f4b4acc489e7bb8314685ebff687ccf8cdf7925d73a3aab1f30c40f44c4,44100,1,5.000000000,CC BY-NC 3.0; dataset-level license and attribution file,DATASET_LEVEL_VERIFIED,https://github.com/karolpiczak/ESC-50; meta/esc50.csv; src_file=223099 take=A,unknown,clsdoa_v1,true,true,5.000000000,44100,1,1.000000000,-26.147167,0.000157595,0.000653061,0.975972789,0.120136054,AUTO_PASS,
esc50:223099:clsdoa_v1_srcprep_v1:5-223099-B-32,esc50:223099,2,keyboard_typing,transient,ESC-50,keyboard_typing,EXACT,223099,fold_5,raw/esc50/ESC-50-master/audio/5-223099-B-32.wav,d247b713e188eb4185782cd0722b46db5fb0d6c5d315553a2ec96e924866f30d,44100,1,5.000000000,CC BY-NC 3.0; dataset-level license and attribution file,DATASET_LEVEL_VERIFIED,https://github.com/karolpiczak/ESC-50; meta/esc50.csv; src_file=223099 take=B,unknown,clsdoa_v1,true,true,5.000000000,44100,1,1.000000000,-24.467548,0.000121944,0.000820862,0.961714286,0.191428571,AUTO_PASS,
esc50:234923:clsdoa_v1_srcprep_v1:5-234923-A-32,esc50:234923,2,keyboard_typing,transient,ESC-50,keyboard_typing,EXACT,234923,fold_5,raw/esc50/ESC-50-master/audio/5-234923-A-32.wav,074d29a97388008bb7ca266b786f1b22552fc7bcac5d901625640b925aa8a101,44100,1,5.000000000,CC BY-NC 3.0; dataset-level license and attribution file,DATASET_LEVEL_VERIFIED,https://github.com/karolpiczak/ESC-50; meta/esc50.csv; src_file=234923 take=A,unknown,clsdoa_v1,true,true,5.000000000,44100,1,0.889709473,-24.680626,0.032554917,0.000000000,0.902603175,0.486984127,AUTO_PASS,
esc50:244178:clsdoa_v1_srcprep_v1:5-244178-A-32,esc50:244178,2,keyboard_typing,transient,ESC-50,keyboard_typing,EXACT,244178,fold_5,raw/esc50/ESC-50-master/audio/5-244178-A-32.wav,c0e6aa625241929b173a1003bbf175e1c0910b1f10c68be91aab8fdcc3e78cb2,44100,1,5.000000000,CC BY-NC 3.0; dataset-level license and attribution file,DATASET_LEVEL_VERIFIED,https://github.com/karolpiczak/ESC-50; meta/esc50.csv; src_file=244178 take=A,unknown,clsdoa_v1,true,true,5.000000000,44100,1,0.301269531,-41.773361,0.000001069,0.000000000,0.991396825,0.043015873,AUTO_FLAG,mostly_silence_or_low_activity
esc50:100210:clsdoa_v1_srcprep_v1:1-100210-A-36,esc50:100210,3,vacuum_cleaner,persistent,ESC-50,vacuum_cleaner,EXACT,100210,fold_1,raw/esc50/ESC-50-master/audio/1-100210-A-36.wav,f97e97b0fe0afce323d858503b6fa3ffd6c8cb1162c43cf3b24461300fb9abf6,44100,1,5.000000000,CC BY-NC 3.0; dataset-level license and attribution file,DATASET_LEVEL_VERIFIED,https://github.com/karolpiczak/ESC-50; meta/esc50.csv; src_file=100210 take=A,unknown,clsdoa_v1,true,true,5.000000000,44100,1,1.000000000,-11.200717,0.000475012,0.000049887,0.264947846,3.675260771,AUTO_PASS,
esc50:100210:clsdoa_v1_srcprep_v1:1-100210-B-36,esc50:100210,3,vacuum_cleaner,persistent,ESC-50,vacuum_cleaner,EXACT,100210,fold_1,raw/esc50/ESC-50-master/audio/1-100210-B-36.wav,acfdccbb58647655b9b63ab5574c178783b969f56e05933f115ae4dd1878a524,44100,1,5.000000000,CC BY-NC 3.0; dataset-level license and attribution file,DATASET_LEVEL_VERIFIED,https://github.com/karolpiczak/ESC-50; meta/esc50.csv; src_file=100210 take=B,unknown,clsdoa_v1,true,true,5.000000000,44100,1,1.000000000,-10.965703,0.000379119,0.000113379,0.280290249,3.598548753,AUTO_PASS,
esc50:19840:clsdoa_v1_srcprep_v1:1-19840-A-36,esc50:19840,3,vacuum_cleaner,persistent,ESC-50,vacuum_cleaner,EXACT,19840,fold_1,raw/esc50/ESC-50-master/audio/1-19840-A-36.wav,d6d58e48005b976207cd6030de5d8976e9e7f4377eab86f790c5473c95ad2dd1,44100,1,5.000000000,CC BY-NC 3.0; dataset-level license and attribution file,DATASET_LEVEL_VERIFIED,https://github.com/karolpiczak/ESC-50; meta/esc50.csv; src_file=19840 take=A,unknown,clsdoa_v1,true,true,5.000000000,44100,1,0.115570068,-31.540371,-0.000603060,0.000000000,0.338639456,3.306802721,AUTO_PASS,
esc50:19872:clsdoa_v1_srcprep_v1:1-19872-A-36,esc50:19872,3,vacuum_cleaner,persistent,ESC-50,vacuum_cleaner,EXACT,19872,fold_1,raw/esc50/ESC-50-master/audio/1-19872-A-36.wav,6f15bb8c669aaf930dfd44ef95920141a2b8d43148f7e29c0f1a7a52f91260d6,44100,1,5.000000000,CC BY-NC 3.0; dataset-level license and attribution file,DATASET_LEVEL_VERIFIED,https://github.com/karolpiczak/ESC-50; meta/esc50.csv; src_file=19872 take=A,unknown,clsdoa_v1,true,true,5.000000000,44100,1,0.442993164,-19.728277,-0.001704972,0.000000000,0.321092971,3.394535147,AUTO_PASS,
esc50:19872:clsdoa_v1_srcprep_v1:1-19872-B-36,esc50:19872,3,vacuum_cleaner,persistent,ESC-50,vacuum_cleaner,EXACT,19872,fold_1,raw/esc50/ESC-50-master/audio/1-19872-B-36.wav,610ae9ac76627cf8c1d655190fffa635979a24d25c5925cbbcf1dc659e323146,44100,1,5.000000000,CC BY-NC 3.0; dataset-level license and attribution file,DATASET_LEVEL_VERIFIED,https://github.com/karolpiczak/ESC-50; meta/esc50.csv; src_file=19872 take=B,unknown,clsdoa_v1,true,true,5.000000000,44100,1,0.334106445,-22.242413,-0.001652180,0.000000000,0.321129252,3.394353741,AUTO_PASS,
esc50:46744:clsdoa_v1_srcprep_v1:1-46744-A-36,esc50:46744,3,vacuum_cleaner,persistent,ESC-50,vacuum_cleaner,EXACT,46744,fold_1,raw/esc50/ESC-50-master/audio/1-46744-A-36.wav,2ce9931568a6e0ddf3cf840988ffd2af6fe3be62012a1f865e18180fb2b0f21e,44100,1,5.000000000,CC BY-NC 3.0; dataset-level license and attribution file,DATASET_LEVEL_VERIFIED,https://github.com/karolpiczak/ESC-50; meta/esc50.csv; src_file=46744 take=A,unknown,clsdoa_v1,true,true,5.000000000,44100,1,1.000000000,-7.198810,-0.001810194,0.024390023,0.137723356,4.311383220,AUTO_FLAG,severe_clipping_candidate
esc50:60460:clsdoa_v1_srcprep_v1:1-60460-A-36,esc50:60460,3,vacuum_cleaner,persistent,ESC-50,vacuum_cleaner,EXACT,60460,fold_1,raw/esc50/ESC-50-master/audio/1-60460-A-36.wav,b5be86f8883d3deb8ecde4d8bd18ca9264abebd2726439f06684028061ef5dd2,44100,1,5.000000000,CC BY-NC 3.0; dataset-level license and attribution file,DATASET_LEVEL_VERIFIED,https://github.com/karolpiczak/ESC-50; meta/esc50.csv; src_file=60460 take=A,unknown,clsdoa_v1,true,true,5.000000000,44100,1,0.370208740,-22.516499,-0.000010970,0.000000000,0.371174603,3.144126984,AUTO_PASS,
esc50:79236:clsdoa_v1_srcprep_v1:1-79236-A-36,esc50:79236,3,vacuum_cleaner,persistent,ESC-50,vacuum_cleaner,EXACT,79236,fold_1,raw/esc50/ESC-50-master/audio/1-79236-A-36.wav,c2a7d2bc06b14b9e9cecaa1e67ab5c0b21e1c1caa9945b853d1b7c9009e3ae8b,44100,1,5.000000000,CC BY-NC 3.0; dataset-level license and attribution file,DATASET_LEVEL_VERIFIED,https://github.com/karolpiczak/ESC-50; meta/esc50.csv; src_file=79236 take=A,unknown,clsdoa_v1,true,true,5.000000000,44100,1,1.000000000,-13.909188,-0.000048709,0.000077098,0.391020408,3.044897959,AUTO_PASS,
esc50:106072:clsdoa_v1_srcprep_v1:2-106072-A-36,esc50:106072,3,vacuum_cleaner,persistent,ESC-50,vacuum_cleaner,EXACT,106072,fold_2,raw/esc50/ESC-50-master/audio/2-106072-A-36.wav,48d6c73a9f124f3d9454d1c93bbd91e088c96e7cc88352419bdad3f73ba499cd,44100,1,5.000000000,CC BY-NC 3.0; dataset-level license and attribution file,DATASET_LEVEL_VERIFIED,https://github.com/karolpiczak/ESC-50; meta/esc50.csv; src_file=106072 take=A,unknown,clsdoa_v1,true,true,5.000000000,44100,1,1.000000000,-9.307428,0.000109125,0.002861678,0.227133787,3.864331066,AUTO_PASS,
esc50:106073:clsdoa_v1_srcprep_v1:2-106073-A-36,esc50:106073,3,vacuum_cleaner,persistent,ESC-50,vacuum_cleaner,EXACT,106073,fold_2,raw/esc50/ESC-50-master/audio/2-106073-A-36.wav,a578d3c4f74bc96341a041e63e8c3190b2c94d3ec3a306f4b7ac8fbe7e84c828,44100,1,5.000000000,CC BY-NC 3.0; dataset-level license and attribution file,DATASET_LEVEL_VERIFIED,https://github.com/karolpiczak/ESC-50; meta/esc50.csv; src_file=106073 take=A,unknown,clsdoa_v1,true,true,5.000000000,44100,1,1.000000000,-12.220672,-0.000080384,0.000022676,0.314997732,3.425011338,AUTO_PASS,
esc50:122820:clsdoa_v1_srcprep_v1:2-122820-A-36,esc50:122820,3,vacuum_cleaner,persistent,ESC-50,vacuum_cleaner,EXACT,122820,fold_2,raw/esc50/ESC-50-master/audio/2-122820-A-36.wav,89cb5093a2706c98fb55cf9f2b609349e31c44f3be91dcd22fbb3ed64162ec38,44100,1,5.000000000,CC BY-NC 3.0; dataset-level license and attribution file,DATASET_LEVEL_VERIFIED,https://github.com/karolpiczak/ESC-50; meta/esc50.csv; src_file=122820 take=A,unknown,clsdoa_v1,true,true,5.000000000,44100,1,0.799224854,-15.589952,-0.000319686,0.000000000,0.373927438,3.130362812,AUTO_PASS,
esc50:122820:clsdoa_v1_srcprep_v1:2-122820-B-36,esc50:122820,3,vacuum_cleaner,persistent,ESC-50,vacuum_cleaner,EXACT,122820,fold_2,raw/esc50/ESC-50-master/audio/2-122820-B-36.wav,d00e4870e272267edea4c370525c8aa653979564b84646a5a97d0bef7694ba8d,44100,1,5.000000000,CC BY-NC 3.0; dataset-level license and attribution file,DATASET_LEVEL_VERIFIED,https://github.com/karolpiczak/ESC-50; meta/esc50.csv; src_file=122820 take=B,unknown,clsdoa_v1,true,true,5.000000000,44100,1,0.782043457,-16.339355,-0.000231021,0.000000000,0.388997732,3.055011338,AUTO_PASS,
esc50:141681:clsdoa_v1_srcprep_v1:2-141681-A-36,esc50:141681,3,vacuum_cleaner,persistent,ESC-50,vacuum_cleaner,EXACT,141681,fold_2,raw/esc50/ESC-50-master/audio/2-141681-A-36.wav,026fec8e7c4352de859263c9ddd2e1550b43c88508c34df8fb5b36ece4f11c1c,44100,1,5.000000000,CC BY-NC 3.0; dataset-level license and attribution file,DATASET_LEVEL_VERIFIED,https://github.com/karolpiczak/ESC-50; meta/esc50.csv; src_file=141681 take=A,unknown,clsdoa_v1,true,true,5.000000000,44100,1,0.478729248,-21.545446,-0.000227516,0.000000000,0.464956916,2.675215420,AUTO_PASS,
esc50:141681:clsdoa_v1_srcprep_v1:2-141681-B-36,esc50:141681,3,vacuum_cleaner,persistent,ESC-50,vacuum_cleaner,EXACT,141681,fold_2,raw/esc50/ESC-50-master/audio/2-141681-B-36.wav,97ccb3466e1818cac37554b034ac7b3bf1d78662374bb17b161028577ca07785,44100,1,5.000000000,CC BY-NC 3.0; dataset-level license and attribution file,DATASET_LEVEL_VERIFIED,https://github.com/karolpiczak/ESC-50; meta/esc50.csv; src_file=141681 take=B,unknown,clsdoa_v1,true,true,5.000000000,44100,1,0.943115234,-16.569747,-0.000023728,0.000000000,0.496689342,2.516553288,AUTO_PASS,
esc50:141682:clsdoa_v1_srcprep_v1:2-141682-A-36,esc50:141682,3,vacuum_cleaner,persistent,ESC-50,vacuum_cleaner,EXACT,141682,fold_2,raw/esc50/ESC-50-master/audio/2-141682-A-36.wav,86fe6179c0cf6a81dff3620cdc9ece6cfacc208630e6af8664ecc937e862806e,44100,1,5.000000000,CC BY-NC 3.0; dataset-level license and attribution file,DATASET_LEVEL_VERIFIED,https://github.com/karolpiczak/ESC-50; meta/esc50.csv; src_file=141682 take=A,unknown,clsdoa_v1,true,true,5.000000000,44100,1,1.000000000,-13.829621,-0.000195355,0.000299320,0.576299320,2.118503401,AUTO_PASS,
esc50:141682:clsdoa_v1_srcprep_v1:2-141682-B-36,esc50:141682,3,vacuum_cleaner,persistent,ESC-50,vacuum_cleaner,EXACT,141682,fold_2,raw/esc50/ESC-50-master/audio/2-141682-B-36.wav,4551ede90c715089480f7f02e0bcd4af52a2940d71f8391a05bf3fafbb128c78,44100,1,5.000000000,CC BY-NC 3.0; dataset-level license and attribution file,DATASET_LEVEL_VERIFIED,https://github.com/karolpiczak/ESC-50; meta/esc50.csv; src_file=141682 take=B,unknown,clsdoa_v1,true,true,5.000000000,44100,1,1.000000000,-11.506911,-0.000009818,0.000063492,0.292897959,3.535510204,AUTO_PASS,
esc50:152020:clsdoa_v1_srcprep_v1:3-152020-A-36,esc50:152020,3,vacuum_cleaner,persistent,ESC-50,vacuum_cleaner,EXACT,152020,fold_3,raw/esc50/ESC-50-master/audio/3-152020-A-36.wav,7ddbf7a38dc48773279a392aa8914c313481422b21ccbb221bb2f8321f39f06c,44100,1,5.000000000,CC BY-NC 3.0; dataset-level license and attribution file,DATASET_LEVEL_VERIFIED,https://github.com/karolpiczak/ESC-50; meta/esc50.csv; src_file=152020 take=A,unknown,clsdoa_v1,true,true,5.000000000,44100,1,1.000000000,-8.645607,0.001534839,0.025709751,0.476594104,2.617029478,AUTO_FLAG,severe_clipping_candidate
esc50:152020:clsdoa_v1_srcprep_v1:3-152020-B-36,esc50:152020,3,vacuum_cleaner,persistent,ESC-50,vacuum_cleaner,EXACT,152020,fold_3,raw/esc50/ESC-50-master/audio/3-152020-B-36.wav,304f09ebbd0232d073c29d19903a48d02e442e5a161ec04d1afe9914572acf9d,44100,1,5.000000000,CC BY-NC 3.0; dataset-level license and attribution file,DATASET_LEVEL_VERIFIED,https://github.com/karolpiczak/ESC-50; meta/esc50.csv; src_file=152020 take=B,unknown,clsdoa_v1,true,true,5.000000000,44100,1,1.000000000,-5.272973,0.001708918,0.062839002,0.134902494,4.325487528,AUTO_FLAG,severe_clipping_candidate
esc50:152020:clsdoa_v1_srcprep_v1:3-152020-C-36,esc50:152020,3,vacuum_cleaner,persistent,ESC-50,vacuum_cleaner,EXACT,152020,fold_3,raw/esc50/ESC-50-master/audio/3-152020-C-36.wav,4ced9cc682392672f385022463c93959a21916af693324410932b031e5e5d8c8,44100,1,5.000000000,CC BY-NC 3.0; dataset-level license and attribution file,DATASET_LEVEL_VERIFIED,https://github.com/karolpiczak/ESC-50; meta/esc50.csv; src_file=152020 take=C,unknown,clsdoa_v1,true,true,5.000000000,44100,1,1.000000000,-14.181188,0.000120887,0.000598639,0.678244898,1.608775510,AUTO_PASS,
esc50:159346:clsdoa_v1_srcprep_v1:3-159346-A-36,esc50:159346,3,vacuum_cleaner,persistent,ESC-50,vacuum_cleaner,EXACT,159346,fold_3,raw/esc50/ESC-50-master/audio/3-159346-A-36.wav,5327e7573883e6dfbcfd2d0ee1106a9fb3a2121e108fe9d7b8c1313c4df73819,44100,1,5.000000000,CC BY-NC 3.0; dataset-level license and attribution file,DATASET_LEVEL_VERIFIED,https://github.com/karolpiczak/ESC-50; meta/esc50.csv; src_file=159346 take=A,unknown,clsdoa_v1,true,true,5.000000000,44100,1,0.435302734,-20.127338,0.000012517,0.000000000,0.340321995,3.298390023,AUTO_PASS,
esc50:159346:clsdoa_v1_srcprep_v1:3-159346-B-36,esc50:159346,3,vacuum_cleaner,persistent,ESC-50,vacuum_cleaner,EXACT,159346,fold_3,raw/esc50/ESC-50-master/audio/3-159346-B-36.wav,b65b9b210d3504813c914551618622a005f20a8fd4398fcfa13a10c4eb7233ca,44100,1,5.000000000,CC BY-NC 3.0; dataset-level license and attribution file,DATASET_LEVEL_VERIFIED,https://github.com/karolpiczak/ESC-50; meta/esc50.csv; src_file=159346 take=B,unknown,clsdoa_v1,true,true,5.000000000,44100,1,0.906372070,-17.832466,-0.000012802,0.000000000,0.539188209,2.304058957,AUTO_PASS,
esc50:159347:clsdoa_v1_srcprep_v1:3-159347-A-36,esc50:159347,3,vacuum_cleaner,persistent,ESC-50,vacuum_cleaner,EXACT,159347,fold_3,raw/esc50/ESC-50-master/audio/3-159347-A-36.wav,749869b3dac818842a45bfde1afdf1ebcb5217eb3b0e4fe147dc473048fb5da9,44100,1,5.000000000,CC BY-NC 3.0; dataset-level license and attribution file,DATASET_LEVEL_VERIFIED,https://github.com/karolpiczak/ESC-50; meta/esc50.csv; src_file=159347 take=A,unknown,clsdoa_v1,true,true,5.000000000,44100,1,0.856903076,-17.432154,-0.000103667,0.000000000,0.494145125,2.529274376,AUTO_PASS,
esc50:159347:clsdoa_v1_srcprep_v1:3-159347-B-36,esc50:159347,3,vacuum_cleaner,persistent,ESC-50,vacuum_cleaner,EXACT,159347,fold_3,raw/esc50/ESC-50-master/audio/3-159347-B-36.wav,721091bccc4982b97642db5feb28bf9e80de3f26751bf1a007d9f3b258043f4b,44100,1,5.000000000,CC BY-NC 3.0; dataset-level license and attribution file,DATASET_LEVEL_VERIFIED,https://github.com/karolpiczak/ESC-50; meta/esc50.csv; src_file=159347 take=B,unknown,clsdoa_v1,true,true,5.000000000,44100,1,0.717132568,-22.345284,-0.000072680,0.000000000,0.747777778,1.261111111,AUTO_PASS,
esc50:159348:clsdoa_v1_srcprep_v1:3-159348-A-36,esc50:159348,3,vacuum_cleaner,persistent,ESC-50,vacuum_cleaner,EXACT,159348,fold_3,raw/esc50/ESC-50-master/audio/3-159348-A-36.wav,5e2a850746457f0823b26ae31227d340b3dafab392e1b5714bbc63502be6cdc0,44100,1,5.000000000,CC BY-NC 3.0; dataset-level license and attribution file,DATASET_LEVEL_VERIFIED,https://github.com/karolpiczak/ESC-50; meta/esc50.csv; src_file=159348 take=A,unknown,clsdoa_v1,true,true,5.000000000,44100,1,0.173645020,-32.001622,0.000003301,0.000000000,0.705192744,1.474036281,AUTO_PASS,
esc50:146200:clsdoa_v1_srcprep_v1:4-146200-A-36,esc50:146200,3,vacuum_cleaner,persistent,ESC-50,vacuum_cleaner,EXACT,146200,fold_4,raw/esc50/ESC-50-master/audio/4-146200-A-36.wav,41db87e753f13f238ba7f8ffca60421d08f8ab3e315c4d79f0557caed80ee9d8,44100,1,5.000000000,CC BY-NC 3.0; dataset-level license and attribution file,DATASET_LEVEL_VERIFIED,https://github.com/karolpiczak/ESC-50; meta/esc50.csv; src_file=146200 take=A,unknown,clsdoa_v1,true,true,5.000000000,44100,1,1.000000000,-10.676721,-0.008592833,0.000285714,0.273736961,3.631315193,AUTO_PASS,
esc50:172732:clsdoa_v1_srcprep_v1:4-172732-A-36,esc50:172732,3,vacuum_cleaner,persistent,ESC-50,vacuum_cleaner,EXACT,172732,fold_4,raw/esc50/ESC-50-master/audio/4-172732-A-36.wav,e6e0690da254355cd5e8ae4bda3ea349c83d93b8ece5e140bfd6d467813a3c47,44100,1,5.000000000,CC BY-NC 3.0; dataset-level license and attribution file,DATASET_LEVEL_VERIFIED,https://github.com/karolpiczak/ESC-50; meta/esc50.csv; src_file=172732 take=A,unknown,clsdoa_v1,true,true,5.000000000,44100,1,0.842834473,-13.733384,0.000093211,0.000000000,0.303519274,3.482403628,AUTO_PASS,
esc50:172733:clsdoa_v1_srcprep_v1:4-172733-A-36,esc50:172733,3,vacuum_cleaner,persistent,ESC-50,vacuum_cleaner,EXACT,172733,fold_4,raw/esc50/ESC-50-master/audio/4-172733-A-36.wav,cb2683c4942cb7e1d85e0d3ff62ab29e47a035b2d78808f5341302914867a0d7,44100,1,5.000000000,CC BY-NC 3.0; dataset-level license and attribution file,DATASET_LEVEL_VERIFIED,https://github.com/karolpiczak/ESC-50; meta/esc50.csv; src_file=172733 take=A,unknown,clsdoa_v1,true,true,5.000000000,44100,1,1.000000000,-9.866786,0.000059860,0.001623583,0.240870748,3.795646259,AUTO_PASS,
esc50:172734:clsdoa_v1_srcprep_v1:4-172734-A-36,esc50:172734,3,vacuum_cleaner,persistent,ESC-50,vacuum_cleaner,EXACT,172734,fold_4,raw/esc50/ESC-50-master/audio/4-172734-A-36.wav,011ed0542de4d6069f22eb60442db8247126bc1eb0681e39cb85f25b6ba6c301,44100,1,5.000000000,CC BY-NC 3.0; dataset-level license and attribution file,DATASET_LEVEL_VERIFIED,https://github.com/karolpiczak/ESC-50; meta/esc50.csv; src_file=172734 take=A,unknown,clsdoa_v1,true,true,5.000000000,44100,1,1.000000000,-14.348684,0.000082101,0.000154195,0.542353741,2.288231293,AUTO_PASS,
esc50:172736:clsdoa_v1_srcprep_v1:4-172736-A-36,esc50:172736,3,vacuum_cleaner,persistent,ESC-50,vacuum_cleaner,EXACT,172736,fold_4,raw/esc50/ESC-50-master/audio/4-172736-A-36.wav,3a1ee8ca78c888284dcf58aa5d2e029862b0ef16352edc8126e232942ca01e29,44100,1,5.000000000,CC BY-NC 3.0; dataset-level license and attribution file,DATASET_LEVEL_VERIFIED,https://github.com/karolpiczak/ESC-50; meta/esc50.csv; src_file=172736 take=A,unknown,clsdoa_v1,true,true,5.000000000,44100,1,1.000000000,-14.436202,0.000081325,0.000063492,0.422027211,2.889863946,AUTO_PASS,
esc50:172736:clsdoa_v1_srcprep_v1:4-172736-B-36,esc50:172736,3,vacuum_cleaner,persistent,ESC-50,vacuum_cleaner,EXACT,172736,fold_4,raw/esc50/ESC-50-master/audio/4-172736-B-36.wav,7577d19d249da591d43b44dec9d0988f3d13ebfbba8932fd3110606b3d18c5a3,44100,1,5.000000000,CC BY-NC 3.0; dataset-level license and attribution file,DATASET_LEVEL_VERIFIED,https://github.com/karolpiczak/ESC-50; meta/esc50.csv; src_file=172736 take=B,unknown,clsdoa_v1,true,true,5.000000000,44100,1,1.000000000,-14.915688,0.000015271,0.000489796,0.429673469,2.851632653,AUTO_PASS,
esc50:181999:clsdoa_v1_srcprep_v1:4-181999-A-36,esc50:181999,3,vacuum_cleaner,persistent,ESC-50,vacuum_cleaner,EXACT,181999,fold_4,raw/esc50/ESC-50-master/audio/4-181999-A-36.wav,10fdd12ca0a1d4dde025138f18da53c290e853e652d54691254bbee3f2bd40a5,44100,1,5.000000000,CC BY-NC 3.0; dataset-level license and attribution file,DATASET_LEVEL_VERIFIED,https://github.com/karolpiczak/ESC-50; meta/esc50.csv; src_file=181999 take=A,unknown,clsdoa_v1,true,true,5.000000000,44100,1,1.000000000,-11.743547,-0.010455672,0.000049887,0.300181406,3.499092971,AUTO_PASS,
esc50:194680:clsdoa_v1_srcprep_v1:4-194680-A-36,esc50:194680,3,vacuum_cleaner,persistent,ESC-50,vacuum_cleaner,EXACT,194680,fold_4,raw/esc50/ESC-50-master/audio/4-194680-A-36.wav,7cfaaaa5fd15d746f66a0131d44cbdd6b0f0ddb3690da99b6f8857ea3f69b2b5,44100,1,5.000000000,CC BY-NC 3.0; dataset-level license and attribution file,DATASET_LEVEL_VERIFIED,https://github.com/karolpiczak/ESC-50; meta/esc50.csv; src_file=194680 take=A,unknown,clsdoa_v1,true,true,5.000000000,44100,1,0.255737305,-27.283929,-0.000004182,0.000000000,0.497786848,2.511065760,AUTO_PASS,
esc50:182007:clsdoa_v1_srcprep_v1:5-182007-A-36,esc50:182007,3,vacuum_cleaner,persistent,ESC-50,vacuum_cleaner,EXACT,182007,fold_5,raw/esc50/ESC-50-master/audio/5-182007-A-36.wav,3da75e2e43452c3d1bc595b46a51e7a04bc6be977fc5b11e7adaa5e8e5877b0f,44100,1,5.000000000,CC BY-NC 3.0; dataset-level license and attribution file,DATASET_LEVEL_VERIFIED,https://github.com/karolpiczak/ESC-50; meta/esc50.csv; src_file=182007 take=A,unknown,clsdoa_v1,true,true,5.000000000,44100,1,1.000000000,-13.475555,-0.004112972,0.000040816,0.354371882,3.228140590,AUTO_PASS,
esc50:182010:clsdoa_v1_srcprep_v1:5-182010-A-36,esc50:182010,3,vacuum_cleaner,persistent,ESC-50,vacuum_cleaner,EXACT,182010,fold_5,raw/esc50/ESC-50-master/audio/5-182010-A-36.wav,0ac4e7dd19c4f99e9453c79e0409650b1fb12972f9da4d15f96408788b015a07,44100,1,5.000000000,CC BY-NC 3.0; dataset-level license and attribution file,DATASET_LEVEL_VERIFIED,https://github.com/karolpiczak/ESC-50; meta/esc50.csv; src_file=182010 take=A,unknown,clsdoa_v1,true,true,5.000000000,44100,1,1.000000000,-10.859943,-0.004356917,0.000145125,0.278798186,3.606009070,AUTO_PASS,
esc50:182012:clsdoa_v1_srcprep_v1:5-182012-A-36,esc50:182012,3,vacuum_cleaner,persistent,ESC-50,vacuum_cleaner,EXACT,182012,fold_5,raw/esc50/ESC-50-master/audio/5-182012-A-36.wav,8fa37e0bd01c6e825f68c8a21bb057a25d4a98b5088f16e16de0fdf0d4a42b03,44100,1,5.000000000,CC BY-NC 3.0; dataset-level license and attribution file,DATASET_LEVEL_VERIFIED,https://github.com/karolpiczak/ESC-50; meta/esc50.csv; src_file=182012 take=A,unknown,clsdoa_v1,true,true,5.000000000,44100,1,1.000000000,-9.645067,-0.004533526,0.000530612,0.240888889,3.795555556,AUTO_PASS,
esc50:188365:clsdoa_v1_srcprep_v1:5-188365-A-36,esc50:188365,3,vacuum_cleaner,persistent,ESC-50,vacuum_cleaner,EXACT,188365,fold_5,raw/esc50/ESC-50-master/audio/5-188365-A-36.wav,b18b10fd9ceb79b47445240e36b77651334a69fee351b9a47896f6cd0fd97ab8,44100,1,5.000000000,CC BY-NC 3.0; dataset-level license and attribution file,DATASET_LEVEL_VERIFIED,https://github.com/karolpiczak/ESC-50; meta/esc50.csv; src_file=188365 take=A,unknown,clsdoa_v1,true,true,5.000000000,44100,1,1.000000000,-10.068686,0.000146536,0.000181406,0.231963719,3.840181406,AUTO_PASS,
esc50:212054:clsdoa_v1_srcprep_v1:5-212054-A-36,esc50:212054,3,vacuum_cleaner,persistent,ESC-50,vacuum_cleaner,EXACT,212054,fold_5,raw/esc50/ESC-50-master/audio/5-212054-A-36.wav,3d4cc6c8b7a3960972294b6b90e957d4bd504a7a2674d0afe00f8021c6e1e56a,44100,1,5.000000000,CC BY-NC 3.0; dataset-level license and attribution file,DATASET_LEVEL_VERIFIED,https://github.com/karolpiczak/ESC-50; meta/esc50.csv; src_file=212054 take=A,unknown,clsdoa_v1,true,true,5.000000000,44100,1,1.000000000,-9.570170,0.000035289,0.002430839,0.262875283,3.685623583,AUTO_PASS,
esc50:212059:clsdoa_v1_srcprep_v1:5-212059-A-36,esc50:212059,3,vacuum_cleaner,persistent,ESC-50,vacuum_cleaner,EXACT,212059,fold_5,raw/esc50/ESC-50-master/audio/5-212059-A-36.wav,99df07d9b9dce2b58c52389933adaa286e531f422ca51cccb0bb3db6425d8c45,44100,1,5.000000000,CC BY-NC 3.0; dataset-level license and attribution file,DATASET_LEVEL_VERIFIED,https://github.com/karolpiczak/ESC-50; meta/esc50.csv; src_file=212059 take=A,unknown,clsdoa_v1,true,true,5.000000000,44100,1,1.000000000,-12.450525,0.000108295,0.000018141,0.347215420,3.263922902,AUTO_PASS,
esc50:231551:clsdoa_v1_srcprep_v1:5-231551-A-36,esc50:231551,3,vacuum_cleaner,persistent,ESC-50,vacuum_cleaner,EXACT,231551,fold_5,raw/esc50/ESC-50-master/audio/5-231551-A-36.wav,0a22d8fb67750e1487e0e7e4ae242d45bb99562885cb7d74b1bf4db7a26caf07,44100,1,5.000000000,CC BY-NC 3.0; dataset-level license and attribution file,DATASET_LEVEL_VERIFIED,https://github.com/karolpiczak/ESC-50; meta/esc50.csv; src_file=231551 take=A,unknown,clsdoa_v1,true,true,5.000000000,44100,1,0.516815186,-19.873270,0.000009467,0.000000000,0.511863946,2.440680272,AUTO_PASS,
esc50:263902:clsdoa_v1_srcprep_v1:5-263902-A-36,esc50:263902,3,vacuum_cleaner,persistent,ESC-50,vacuum_cleaner,EXACT,263902,fold_5,raw/esc50/ESC-50-master/audio/5-263902-A-36.wav,2548fc884ad1cfdbe8de0f6a13297faf674d9e486f3e7fdad8aa95092be39cea,44100,1,5.000000000,CC BY-NC 3.0; dataset-level license and attribution file,DATASET_LEVEL_VERIFIED,https://github.com/karolpiczak/ESC-50; meta/esc50.csv; src_file=263902 take=A,unknown,clsdoa_v1,true,true,5.000000000,44100,1,0.505126953,-18.442722,-0.000008750,0.000000000,0.309650794,3.451746032,AUTO_PASS,
esc50:13613:clsdoa_v1_srcprep_v1:1-13613-A-37,esc50:13613,4,clock_alarm,transient,ESC-50,clock_alarm,EXACT,13613,fold_1,raw/esc50/ESC-50-master/audio/1-13613-A-37.wav,2e28b25e14611723cdcc0becfa36468a8d0329a0c141e4f1d894bd6bb5773f34,44100,1,5.000000000,CC BY-NC 3.0; dataset-level license and attribution file,DATASET_LEVEL_VERIFIED,https://github.com/karolpiczak/ESC-50; meta/esc50.csv; src_file=13613 take=A,unknown,clsdoa_v1,true,true,5.000000000,44100,1,0.843261719,-17.816687,-0.000002967,0.000000000,0.561750567,2.191247166,AUTO_PASS,
esc50:14262:clsdoa_v1_srcprep_v1:1-14262-A-37,esc50:14262,4,clock_alarm,transient,ESC-50,clock_alarm,EXACT,14262,fold_1,raw/esc50/ESC-50-master/audio/1-14262-A-37.wav,220c3d127df2f0d8979a2edde5318aaaa3aed19d8c5d3b4a40d529f979bba453,44100,1,5.000000000,CC BY-NC 3.0; dataset-level license and attribution file,DATASET_LEVEL_VERIFIED,https://github.com/karolpiczak/ESC-50; meta/esc50.csv; src_file=14262 take=A,unknown,clsdoa_v1,true,true,5.000000000,44100,1,0.412994385,-23.138128,0.000448421,0.000000000,0.536172336,2.319138322,AUTO_PASS,
esc50:34853:clsdoa_v1_srcprep_v1:1-34853-A-37,esc50:34853,4,clock_alarm,transient,ESC-50,clock_alarm,EXACT,34853,fold_1,raw/esc50/ESC-50-master/audio/1-34853-A-37.wav,87c0ead33b915845a8d86437b78755278408aedf8ed19e4880674a3679122cf4,44100,1,5.000000000,CC BY-NC 3.0; dataset-level license and attribution file,DATASET_LEVEL_VERIFIED,https://github.com/karolpiczak/ESC-50; meta/esc50.csv; src_file=34853 take=A,unknown,clsdoa_v1,true,true,5.000000000,44100,1,0.506805420,-19.095361,-0.000118819,0.000000000,0.638757370,1.806213152,AUTO_PASS,
esc50:67033:clsdoa_v1_srcprep_v1:1-67033-A-37,esc50:67033,4,clock_alarm,transient,ESC-50,clock_alarm,EXACT,67033,fold_1,raw/esc50/ESC-50-master/audio/1-67033-A-37.wav,e00a8c065c7797e35ac9857dfdd8ae4272a22cc1a41af0ed245068774a8b9cea,44100,1,5.000000000,CC BY-NC 3.0; dataset-level license and attribution file,DATASET_LEVEL_VERIFIED,https://github.com/karolpiczak/ESC-50; meta/esc50.csv; src_file=67033 take=A,unknown,clsdoa_v1,true,true,5.000000000,44100,1,0.342742920,-22.613047,-0.000000259,0.000000000,0.792702948,1.036485261,AUTO_PASS,
esc50:72195:clsdoa_v1_srcprep_v1:1-72195-A-37,esc50:72195,4,clock_alarm,transient,ESC-50,clock_alarm,EXACT,72195,fold_1,raw/esc50/ESC-50-master/audio/1-72195-A-37.wav,d4bf2130de0d593abb7cd7c96867e4f26a3ae266cf07413a3a7804781d221d02,44100,1,5.000000000,CC BY-NC 3.0; dataset-level license and attribution file,DATASET_LEVEL_VERIFIED,https://github.com/karolpiczak/ESC-50; meta/esc50.csv; src_file=72195 take=A,unknown,clsdoa_v1,true,true,5.000000000,44100,1,1.000000000,-14.903093,-0.000600171,0.005936508,0.921696145,0.391519274,AUTO_PASS,
esc50:72195:clsdoa_v1_srcprep_v1:1-72195-B-37,esc50:72195,4,clock_alarm,transient,ESC-50,clock_alarm,EXACT,72195,fold_1,raw/esc50/ESC-50-master/audio/1-72195-B-37.wav,e7aab3836068e1776bc2a16086b49e57046d728812b4ed9989053ebc705a4f7e,44100,1,5.000000000,CC BY-NC 3.0; dataset-level license and attribution file,DATASET_LEVEL_VERIFIED,https://github.com/karolpiczak/ESC-50; meta/esc50.csv; src_file=72195 take=B,unknown,clsdoa_v1,true,true,5.000000000,44100,1,1.000000000,-9.390426,-0.001852897,0.017138322,0.695537415,1.522312925,AUTO_FLAG,severe_clipping_candidate
esc50:74517:clsdoa_v1_srcprep_v1:1-74517-A-37,esc50:74517,4,clock_alarm,transient,ESC-50,clock_alarm,EXACT,74517,fold_1,raw/esc50/ESC-50-master/audio/1-74517-A-37.wav,119c27838962b7aee90e1d26fbad8a7da2977da8f788d79a1ada43d27f15e4aa,44100,1,5.000000000,CC BY-NC 3.0; dataset-level license and attribution file,DATASET_LEVEL_VERIFIED,https://github.com/karolpiczak/ESC-50; meta/esc50.csv; src_file=74517 take=A,unknown,clsdoa_v1,true,true,5.000000000,44100,1,0.813323975,-15.145858,-0.000811442,0.000000000,0.642680272,1.786598639,AUTO_PASS,
esc50:96890:clsdoa_v1_srcprep_v1:1-96890-A-37,esc50:96890,4,clock_alarm,transient,ESC-50,clock_alarm,EXACT,96890,fold_1,raw/esc50/ESC-50-master/audio/1-96890-A-37.wav,48e8337f9d0df547ca9784597aea7f00d4ec3984ee5aa5894d21fed0f4f8a399,44100,1,5.000000000,CC BY-NC 3.0; dataset-level license and attribution file,DATASET_LEVEL_VERIFIED,https://github.com/karolpiczak/ESC-50; meta/esc50.csv; src_file=96890 take=A,unknown,clsdoa_v1,true,true,5.000000000,44100,1,0.165588379,-29.313808,-0.000020314,0.000000000,0.620757370,1.896213152,AUTO_PASS,
esc50:102435:clsdoa_v1_srcprep_v1:2-102435-A-37,esc50:102435,4,clock_alarm,transient,ESC-50,clock_alarm,EXACT,102435,fold_2,raw/esc50/ESC-50-master/audio/2-102435-A-37.wav,6917ce398c3cb7cb426c65224f59e63794eeabd732ad2f399c23f5b091bbcd12,44100,1,5.000000000,CC BY-NC 3.0; dataset-level license and attribution file,DATASET_LEVEL_VERIFIED,https://github.com/karolpiczak/ESC-50; meta/esc50.csv; src_file=102435 take=A,unknown,clsdoa_v1,true,true,5.000000000,44100,1,1.000000000,-19.319946,-0.000032159,0.001047619,0.894839002,0.525804989,AUTO_PASS,
esc50:104475:clsdoa_v1_srcprep_v1:2-104475-A-37,esc50:104475,4,clock_alarm,transient,ESC-50,clock_alarm,EXACT,104475,fold_2,raw/esc50/ESC-50-master/audio/2-104475-A-37.wav,3b2f085ba02fd9a1070e28f42ba5c132bde45be96753349258f566bb24172d69,44100,1,5.000000000,CC BY-NC 3.0; dataset-level license and attribution file,DATASET_LEVEL_VERIFIED,https://github.com/karolpiczak/ESC-50; meta/esc50.csv; src_file=104475 take=A,unknown,clsdoa_v1,true,true,5.000000000,44100,1,0.086517334,-30.115336,-0.000000404,0.000000000,0.548902494,2.255487528,AUTO_PASS,
esc50:104476:clsdoa_v1_srcprep_v1:2-104476-A-37,esc50:104476,4,clock_alarm,transient,ESC-50,clock_alarm,EXACT,104476,fold_2,raw/esc50/ESC-50-master/audio/2-104476-A-37.wav,eb652724ba0a12a9665073a2b7130c685c67ac69c2d55cd8fd6c5b4593e28548,44100,1,5.000000000,CC BY-NC 3.0; dataset-level license and attribution file,DATASET_LEVEL_VERIFIED,https://github.com/karolpiczak/ESC-50; meta/esc50.csv; src_file=104476 take=A,unknown,clsdoa_v1,true,true,5.000000000,44100,1,0.319335938,-19.976638,0.000000625,0.000000000,0.538938776,2.305306122,AUTO_PASS,
esc50:117116:clsdoa_v1_srcprep_v1:2-117116-A-37,esc50:117116,4,clock_alarm,transient,ESC-50,clock_alarm,EXACT,117116,fold_2,raw/esc50/ESC-50-master/audio/2-117116-A-37.wav,c1d8172cb41dd3338c2f48475c13b0bccaa99515c111e24f1a638a76774f0979,44100,1,5.000000000,CC BY-NC 3.0; dataset-level license and attribution file,DATASET_LEVEL_VERIFIED,https://github.com/karolpiczak/ESC-50; meta/esc50.csv; src_file=117116 take=A,unknown,clsdoa_v1,true,true,5.000000000,44100,1,0.246368408,-22.495706,-0.000007255,0.000000000,0.592167800,2.039160998,AUTO_PASS,
esc50:78562:clsdoa_v1_srcprep_v1:2-78562-A-37,esc50:78562,4,clock_alarm,transient,ESC-50,clock_alarm,EXACT,78562,fold_2,raw/esc50/ESC-50-master/audio/2-78562-A-37.wav,e89e5beebe92c819855411884b7294bb32b3f07bcde4671bba66064fc7b40d60,44100,1,5.000000000,CC BY-NC 3.0; dataset-level license and attribution file,DATASET_LEVEL_VERIFIED,https://github.com/karolpiczak/ESC-50; meta/esc50.csv; src_file=78562 take=A,unknown,clsdoa_v1,true,true,5.000000000,44100,1,1.000000000,-9.557212,-0.000015779,0.002621315,0.233709751,3.831451247,AUTO_PASS,
esc50:78562:clsdoa_v1_srcprep_v1:2-78562-B-37,esc50:78562,4,clock_alarm,transient,ESC-50,clock_alarm,EXACT,78562,fold_2,raw/esc50/ESC-50-master/audio/2-78562-B-37.wav,5e7905399bf6604eab686cdf53301d4af34a48fa2fba98262deb217e8a401f51,44100,1,5.000000000,CC BY-NC 3.0; dataset-level license and attribution file,DATASET_LEVEL_VERIFIED,https://github.com/karolpiczak/ESC-50; meta/esc50.csv; src_file=78562 take=B,unknown,clsdoa_v1,true,true,5.000000000,44100,1,1.000000000,-9.887087,-0.000002991,0.002104308,0.239687075,3.801564626,AUTO_PASS,
esc50:89516:clsdoa_v1_srcprep_v1:2-89516-A-37,esc50:89516,4,clock_alarm,transient,ESC-50,clock_alarm,EXACT,89516,fold_2,raw/esc50/ESC-50-master/audio/2-89516-A-37.wav,dc52aabca65500b637d2cc526f7f09a9f5d9ad1951b1c00ad02558002159a039,44100,1,5.000000000,CC BY-NC 3.0; dataset-level license and attribution file,DATASET_LEVEL_VERIFIED,https://github.com/karolpiczak/ESC-50; meta/esc50.csv; src_file=89516 take=A,unknown,clsdoa_v1,true,true,5.000000000,44100,1,0.244598389,-28.032916,-0.000009788,0.000000000,0.642122449,1.789387755,AUTO_PASS,
esc50:96063:clsdoa_v1_srcprep_v1:2-96063-A-37,esc50:96063,4,clock_alarm,transient,ESC-50,clock_alarm,EXACT,96063,fold_2,raw/esc50/ESC-50-master/audio/2-96063-A-37.wav,d2232652538520fdd06fa275470eb166ab0794705fdf3922ca8aa82c89d78cb8,44100,1,5.000000000,CC BY-NC 3.0; dataset-level license and attribution file,DATASET_LEVEL_VERIFIED,https://github.com/karolpiczak/ESC-50; meta/esc50.csv; src_file=96063 take=A,unknown,clsdoa_v1,true,true,5.000000000,44100,1,0.107360840,-32.257976,-0.000019692,0.000000000,0.707097506,1.464512472,AUTO_PASS,
esc50:117793:clsdoa_v1_srcprep_v1:3-117793-A-37,esc50:117793,4,clock_alarm,transient,ESC-50,clock_alarm,EXACT,117793,fold_3,raw/esc50/ESC-50-master/audio/3-117793-A-37.wav,403a522c137b94195bdf3d9175aa3432a76018e41fd049f74cbd6da900f38cd4,44100,1,5.000000000,CC BY-NC 3.0; dataset-level license and attribution file,DATASET_LEVEL_VERIFIED,https://github.com/karolpiczak/ESC-50; meta/esc50.csv; src_file=117793 take=A,unknown,clsdoa_v1,true,true,5.000000000,44100,1,0.358032227,-40.144671,0.000008681,0.000000000,0.977238095,0.113809524,AUTO_PASS,
esc50:117883:clsdoa_v1_srcprep_v1:3-117883-A-37,esc50:117883,4,clock_alarm,transient,ESC-50,clock_alarm,EXACT,117883,fold_3,raw/esc50/ESC-50-master/audio/3-117883-A-37.wav,93064c312872ee32c74e893a7b2a7fa2b8fa83170a17ce6267227186178ddcdb,44100,1,5.000000000,CC BY-NC 3.0; dataset-level license and attribution file,DATASET_LEVEL_VERIFIED,https://github.com/karolpiczak/ESC-50; meta/esc50.csv; src_file=117883 take=A,unknown,clsdoa_v1,true,true,5.000000000,44100,1,0.249603271,-24.492981,-0.000048301,0.000000000,0.546616780,2.266916100,AUTO_PASS,
esc50:120526:clsdoa_v1_srcprep_v1:3-120526-A-37,esc50:120526,4,clock_alarm,transient,ESC-50,clock_alarm,EXACT,120526,fold_3,raw/esc50/ESC-50-master/audio/3-120526-A-37.wav,9e45012b982eeb50eeaeb84f1ba27035027f1d5967b593707840306e880e4ab3,44100,1,5.000000000,CC BY-NC 3.0; dataset-level license and attribution file,DATASET_LEVEL_VERIFIED,https://github.com/karolpiczak/ESC-50; meta/esc50.csv; src_file=120526 take=A,unknown,clsdoa_v1,true,true,5.000000000,44100,1,0.195129395,-27.457970,-0.000014786,0.000000000,0.801115646,0.994421769,AUTO_PASS,
esc50:120526:clsdoa_v1_srcprep_v1:3-120526-B-37,esc50:120526,4,clock_alarm,transient,ESC-50,clock_alarm,EXACT,120526,fold_3,raw/esc50/ESC-50-master/audio/3-120526-B-37.wav,bb41577fe3816b9447a12823add1f4126aba6c023eb20022ec44645179bf5429,44100,1,5.000000000,CC BY-NC 3.0; dataset-level license and attribution file,DATASET_LEVEL_VERIFIED,https://github.com/karolpiczak/ESC-50; meta/esc50.csv; src_file=120526 take=B,unknown,clsdoa_v1,true,true,5.000000000,44100,1,0.775238037,-14.824392,-0.000024402,0.000000000,0.781160998,1.094195011,AUTO_PASS,
esc50:131943:clsdoa_v1_srcprep_v1:3-131943-A-37,esc50:131943,4,clock_alarm,transient,ESC-50,clock_alarm,EXACT,131943,fold_3,raw/esc50/ESC-50-master/audio/3-131943-A-37.wav,1d12a9f29903f1d8c5ed2cfd86873a768724b818d38f418afd924327c428e539,44100,1,5.000000000,CC BY-NC 3.0; dataset-level license and attribution file,DATASET_LEVEL_VERIFIED,https://github.com/karolpiczak/ESC-50; meta/esc50.csv; src_file=131943 take=A,unknown,clsdoa_v1,true,true,5.000000000,44100,1,1.000000000,-3.173525,-0.000001266,0.226086168,0.085342404,4.573287982,AUTO_FLAG,severe_clipping_candidate
esc50:132340:clsdoa_v1_srcprep_v1:3-132340-A-37,esc50:132340,4,clock_alarm,transient,ESC-50,clock_alarm,EXACT,132340,fold_3,raw/esc50/ESC-50-master/audio/3-132340-A-37.wav,822124583e9e57218af01ea91f97c04d373deea3548d106d822106670486a3c8,44100,1,5.000000000,CC BY-NC 3.0; dataset-level license and attribution file,DATASET_LEVEL_VERIFIED,https://github.com/karolpiczak/ESC-50; meta/esc50.csv; src_file=132340 take=A,unknown,clsdoa_v1,true,true,5.000000000,44100,1,0.743072510,-13.295226,0.000095745,0.000000000,0.273106576,3.634467120,AUTO_PASS,
esc50:139958:clsdoa_v1_srcprep_v1:3-139958-A-37,esc50:139958,4,clock_alarm,transient,ESC-50,clock_alarm,EXACT,139958,fold_3,raw/esc50/ESC-50-master/audio/3-139958-A-37.wav,b863f4119feb3ca8b754fa25ce918542b8421947823df89ef53948af726a21f3,44100,1,5.000000000,CC BY-NC 3.0; dataset-level license and attribution file,DATASET_LEVEL_VERIFIED,https://github.com/karolpiczak/ESC-50; meta/esc50.csv; src_file=139958 take=A,unknown,clsdoa_v1,true,true,5.000000000,44100,1,1.000000000,-14.495801,-0.000068569,0.000036281,0.696240363,1.518798186,AUTO_PASS,
esc50:148297:clsdoa_v1_srcprep_v1:3-148297-A-37,esc50:148297,4,clock_alarm,transient,ESC-50,clock_alarm,EXACT,148297,fold_3,raw/esc50/ESC-50-master/audio/3-148297-A-37.wav,3e1cd1eb5c9bfe18c841b222af19d3d0fb999a931c4665c9c43385f5f26739ce,44100,1,5.000000000,CC BY-NC 3.0; dataset-level license and attribution file,DATASET_LEVEL_VERIFIED,https://github.com/karolpiczak/ESC-50; meta/esc50.csv; src_file=148297 take=A,unknown,clsdoa_v1,true,true,5.000000000,44100,1,1.000000000,-8.635779,0.000038235,0.000040816,0.737043084,1.314784580,AUTO_PASS,
esc50:151242:clsdoa_v1_srcprep_v1:4-151242-A-37,esc50:151242,4,clock_alarm,transient,ESC-50,clock_alarm,EXACT,151242,fold_4,raw/esc50/ESC-50-master/audio/4-151242-A-37.wav,c83789199d3a2794323f9151cae42fa478b7ae408a624f483399316bd44cf899,44100,1,5.000000000,CC BY-NC 3.0; dataset-level license and attribution file,DATASET_LEVEL_VERIFIED,https://github.com/karolpiczak/ESC-50; meta/esc50.csv; src_file=151242 take=A,unknown,clsdoa_v1,true,true,5.000000000,44100,1,1.000000000,-8.680827,0.001297457,0.076276644,0.757401361,1.212993197,AUTO_FLAG,severe_clipping_candidate
esc50:169508:clsdoa_v1_srcprep_v1:4-169508-A-37,esc50:169508,4,clock_alarm,transient,ESC-50,clock_alarm,EXACT,169508,fold_4,raw/esc50/ESC-50-master/audio/4-169508-A-37.wav,1b78f0e61352c9d8d4c95987ba852cc3f9e84c3d6a4f3be7424e2704057570a2,44100,1,5.000000000,CC BY-NC 3.0; dataset-level license and attribution file,DATASET_LEVEL_VERIFIED,https://github.com/karolpiczak/ESC-50; meta/esc50.csv; src_file=169508 take=A,unknown,clsdoa_v1,true,true,5.000000000,44100,1,0.452789307,-22.567802,-0.000013854,0.000000000,0.475446712,2.622766440,AUTO_PASS,
esc50:172366:clsdoa_v1_srcprep_v1:4-172366-A-37,esc50:172366,4,clock_alarm,transient,ESC-50,clock_alarm,EXACT,172366,fold_4,raw/esc50/ESC-50-master/audio/4-172366-A-37.wav,b6d260c3b1823bdd45c9d8968b87a9bc6d57c0b99bfef07362cae506ae38b32a,44100,1,5.000000000,CC BY-NC 3.0; dataset-level license and attribution file,DATASET_LEVEL_VERIFIED,https://github.com/karolpiczak/ESC-50; meta/esc50.csv; src_file=172366 take=A,unknown,clsdoa_v1,true,true,5.000000000,44100,1,0.064453125,-35.625178,-0.000043291,0.000000000,0.674839002,1.625804989,AUTO_PASS,
esc50:189332:clsdoa_v1_srcprep_v1:4-189332-A-37,esc50:189332,4,clock_alarm,transient,ESC-50,clock_alarm,EXACT,189332,fold_4,raw/esc50/ESC-50-master/audio/4-189332-A-37.wav,892a04fea067db4c75b8d8e835a55d852dfd44f96c85c354ee86f5c63ce52721,44100,1,5.000000000,CC BY-NC 3.0; dataset-level license and attribution file,DATASET_LEVEL_VERIFIED,https://github.com/karolpiczak/ESC-50; meta/esc50.csv; src_file=189332 take=A,unknown,clsdoa_v1,true,true,5.000000000,44100,1,0.575134277,-17.544188,-0.001128692,0.000000000,0.763433107,1.182834467,AUTO_PASS,
esc50:198841:clsdoa_v1_srcprep_v1:4-198841-A-37,esc50:198841,4,clock_alarm,transient,ESC-50,clock_alarm,EXACT,198841,fold_4,raw/esc50/ESC-50-master/audio/4-198841-A-37.wav,49223fa45a7db4a1ca663d7c0f4c2de3e46a76f7f0e740fa5511f1fd3107062c,44100,1,5.000000000,CC BY-NC 3.0; dataset-level license and attribution file,DATASET_LEVEL_VERIFIED,https://github.com/karolpiczak/ESC-50; meta/esc50.csv; src_file=198841 take=A,unknown,clsdoa_v1,true,true,5.000000000,44100,1,1.000000000,-12.873441,0.001480583,0.000462585,0.475133787,2.624331066,AUTO_PASS,
esc50:204684:clsdoa_v1_srcprep_v1:4-204684-A-37,esc50:204684,4,clock_alarm,transient,ESC-50,clock_alarm,EXACT,204684,fold_4,raw/esc50/ESC-50-master/audio/4-204684-A-37.wav,2d2ae2240ee02f8208eab138101ff702013bcc018327bae3aeeae53c2716d04b,44100,1,5.000000000,CC BY-NC 3.0; dataset-level license and attribution file,DATASET_LEVEL_VERIFIED,https://github.com/karolpiczak/ESC-50; meta/esc50.csv; src_file=204684 take=A,unknown,clsdoa_v1,true,true,5.000000000,44100,1,0.456268311,-22.579664,-0.000013754,0.000000000,0.488013605,2.559931973,AUTO_PASS,
esc50:209536:clsdoa_v1_srcprep_v1:4-209536-A-37,esc50:209536,4,clock_alarm,transient,ESC-50,clock_alarm,EXACT,209536,fold_4,raw/esc50/ESC-50-master/audio/4-209536-A-37.wav,c7d052483af976895f91bc5fc48b32467ac8b3968c47b33daff87c5e93527877,44100,1,5.000000000,CC BY-NC 3.0; dataset-level license and attribution file,DATASET_LEVEL_VERIFIED,https://github.com/karolpiczak/ESC-50; meta/esc50.csv; src_file=209536 take=A,unknown,clsdoa_v1,true,true,5.000000000,44100,1,0.576812744,-16.918942,-0.000036080,0.000000000,0.366875283,3.165623583,AUTO_PASS,
esc50:209698:clsdoa_v1_srcprep_v1:4-209698-A-37,esc50:209698,4,clock_alarm,transient,ESC-50,clock_alarm,EXACT,209698,fold_4,raw/esc50/ESC-50-master/audio/4-209698-A-37.wav,b8b67daf8895617ba9f2b6b266e6cdc32845ddcc9153b017d06874a95d780945,44100,1,5.000000000,CC BY-NC 3.0; dataset-level license and attribution file,DATASET_LEVEL_VERIFIED,https://github.com/karolpiczak/ESC-50; meta/esc50.csv; src_file=209698 take=A,unknown,clsdoa_v1,true,true,5.000000000,44100,1,0.499511719,-24.163574,0.000000760,0.000000000,0.777750567,1.111247166,AUTO_PASS,
esc50:210612:clsdoa_v1_srcprep_v1:5-210612-A-37,esc50:210612,4,clock_alarm,transient,ESC-50,clock_alarm,EXACT,210612,fold_5,raw/esc50/ESC-50-master/audio/5-210612-A-37.wav,c08a0615afcfbe6b30ba536eeb3cc555d4bd25580a36f12f8b32330b83228dfb,44100,1,5.000000000,CC BY-NC 3.0; dataset-level license and attribution file,DATASET_LEVEL_VERIFIED,https://github.com/karolpiczak/ESC-50; meta/esc50.csv; src_file=210612 take=A,unknown,clsdoa_v1,true,true,5.000000000,44100,1,1.000000000,-15.424233,0.000011343,0.000013605,0.689174603,1.554126984,AUTO_PASS,
esc50:211408:clsdoa_v1_srcprep_v1:5-211408-A-37,esc50:211408,4,clock_alarm,transient,ESC-50,clock_alarm,EXACT,211408,fold_5,raw/esc50/ESC-50-master/audio/5-211408-A-37.wav,c78db93c244fafc7d835cc32e64959c93ce3fdfc0ffd5b58067cbc99f845a239,44100,1,5.000000000,CC BY-NC 3.0; dataset-level license and attribution file,DATASET_LEVEL_VERIFIED,https://github.com/karolpiczak/ESC-50; meta/esc50.csv; src_file=211408 take=A,unknown,clsdoa_v1,true,true,5.000000000,44100,1,0.412170410,-23.690877,0.000009199,0.000000000,0.513541950,2.432290249,AUTO_PASS,
esc50:219242:clsdoa_v1_srcprep_v1:5-219242-A-37,esc50:219242,4,clock_alarm,transient,ESC-50,clock_alarm,EXACT,219242,fold_5,raw/esc50/ESC-50-master/audio/5-219242-A-37.wav,1c5a500bc3c9d8546bf57377724aad24957d8a8c67cba7c0f3f2d4a4ed7ba9d1,44100,1,5.000000000,CC BY-NC 3.0; dataset-level license and attribution file,DATASET_LEVEL_VERIFIED,https://github.com/karolpiczak/ESC-50; meta/esc50.csv; src_file=219242 take=A,unknown,clsdoa_v1,true,true,5.000000000,44100,1,0.201202393,-27.753602,-0.000026946,0.000000000,0.724571429,1.377142857,AUTO_PASS,
esc50:219242:clsdoa_v1_srcprep_v1:5-219242-B-37,esc50:219242,4,clock_alarm,transient,ESC-50,clock_alarm,EXACT,219242,fold_5,raw/esc50/ESC-50-master/audio/5-219242-B-37.wav,21679508d50f7b025c74d8c9bd332fb835ce51b2768d6e98eb5c118810dfdf8d,44100,1,5.000000000,CC BY-NC 3.0; dataset-level license and attribution file,DATASET_LEVEL_VERIFIED,https://github.com/karolpiczak/ESC-50; meta/esc50.csv; src_file=219242 take=B,unknown,clsdoa_v1,true,true,5.000000000,44100,1,0.204284668,-26.171135,-0.000023495,0.000000000,0.635863946,1.820680272,AUTO_PASS,
esc50:223176:clsdoa_v1_srcprep_v1:5-223176-A-37,esc50:223176,4,clock_alarm,transient,ESC-50,clock_alarm,EXACT,223176,fold_5,raw/esc50/ESC-50-master/audio/5-223176-A-37.wav,5822815ceb1589bc11f05f26b6972e5ebd9dd1a7f12568645140a82852664db8,44100,1,5.000000000,CC BY-NC 3.0; dataset-level license and attribution file,DATASET_LEVEL_VERIFIED,https://github.com/karolpiczak/ESC-50; meta/esc50.csv; src_file=223176 take=A,unknown,clsdoa_v1,true,true,5.000000000,44100,1,1.000000000,-7.567832,-0.003753945,0.036485261,0.581111111,2.094444444,AUTO_FLAG,severe_clipping_candidate
esc50:233645:clsdoa_v1_srcprep_v1:5-233645-A-37,esc50:233645,4,clock_alarm,transient,ESC-50,clock_alarm,EXACT,233645,fold_5,raw/esc50/ESC-50-master/audio/5-233645-A-37.wav,218a6463e3618d4cb98a725827dc51901682b6ffcf3c15763c73032870f1ac94,44100,1,5.000000000,CC BY-NC 3.0; dataset-level license and attribution file,DATASET_LEVEL_VERIFIED,https://github.com/karolpiczak/ESC-50; meta/esc50.csv; src_file=233645 take=A,unknown,clsdoa_v1,true,true,5.000000000,44100,1,0.216125488,-28.527452,-0.000213535,0.000000000,0.751115646,1.244421769,AUTO_PASS,
esc50:234247:clsdoa_v1_srcprep_v1:5-234247-A-37,esc50:234247,4,clock_alarm,transient,ESC-50,clock_alarm,EXACT,234247,fold_5,raw/esc50/ESC-50-master/audio/5-234247-A-37.wav,0f99cf9aecfa93e37ba0de4c4a80849ded00cd52f80fc11c9315261512f94702,44100,1,5.000000000,CC BY-NC 3.0; dataset-level license and attribution file,DATASET_LEVEL_VERIFIED,https://github.com/karolpiczak/ESC-50; meta/esc50.csv; src_file=234247 take=A,unknown,clsdoa_v1,true,true,5.000000000,44100,1,0.306213379,-21.352527,-0.000007897,0.000000000,0.504721088,2.476394558,AUTO_PASS,
esc50:250629:clsdoa_v1_srcprep_v1:5-250629-A-37,esc50:250629,4,clock_alarm,transient,ESC-50,clock_alarm,EXACT,250629,fold_5,raw/esc50/ESC-50-master/audio/5-250629-A-37.wav,cd9fd493266fcc36b6a89a8427b88c745feaf0b1315ad7fb14f57cd2c08e343e,44100,1,5.000000000,CC BY-NC 3.0; dataset-level license and attribution file,DATASET_LEVEL_VERIFIED,https://github.com/karolpiczak/ESC-50; meta/esc50.csv; src_file=250629 take=A,unknown,clsdoa_v1,true,true,5.000000000,44100,1,1.000000000,-9.240026,-0.009416611,0.073405896,0.798371882,1.008140590,AUTO_FLAG,severe_clipping_candidate
