source_clip_id,base_clip_id,canonical_class_id,canonical_class,temporal_type,source_dataset,source_label,mapping_type,original_id,original_dataset_split,raw_relpath,raw_sha256,original_sample_rate,original_channels,original_duration_sec,license_raw,license_status,provenance_source,pretrain_seen_status,source_asset_root_id,resource_status,decode_ok,finite,duration_sec,sample_rate,channels,peak_abs,rms_dbfs,dc_offset,clip_fraction,silence_or_low_activity_ratio,active_duration_estimate_sec,auto_qc_status,auto_qc_reason
desed:eval:22627_0:clsdoa_v1_srcprep_v1,desed:eval:22627,4,clock_alarm,transient,DESED isolated foreground,Alarm_bell_ringing,SEMANTIC_STRONG,22627,eval,raw/desed/extracted/audio/eval/soundbank/foreground/Alarm_bell_ringing/22627_0.wav,e8a560a411124c0477f52ee59370d487b0ad6c90447971a681b6ecc3d78f412a,44100,1,0.093673469,http://creativecommons.org/licenses/by/3.0/,PER_RECORDING_METADATA,DESED_synth_soundbank.tar.gz; audio/eval/soundbank/foreground/Alarm_bell_ringing/22627_0.wav ; official eval license TSV,unknown,clsdoa_v1,PRESENT,true,true,0.093673469,44100,1,0.170806885,-25.804634,0.000018919,0.000000000,0.401597676,0.056054422,AUTO_FLAG,mostly_silence_or_low_activity
desed:eval:22627_1:clsdoa_v1_srcprep_v1,desed:eval:22627,4,clock_alarm,transient,DESED isolated foreground,Alarm_bell_ringing,SEMANTIC_STRONG,22627,eval,raw/desed/extracted/audio/eval/soundbank/foreground/Alarm_bell_ringing/22627_1.wav,f2f7f7b9ca9eeadb22521f0f29a891d39c5057351c64f3e7605ea19d36784a4f,44100,1,0.095170068,http://creativecommons.org/licenses/by/3.0/,PER_RECORDING_METADATA,DESED_synth_soundbank.tar.gz; audio/eval/soundbank/foreground/Alarm_bell_ringing/22627_1.wav ; official eval license TSV,unknown,clsdoa_v1,PRESENT,true,true,0.095170068,44100,1,0.171569824,-25.804647,-0.000013815,0.000000000,0.410054801,0.056145125,AUTO_FLAG,mostly_silence_or_low_activity
desed:eval:22627_2:clsdoa_v1_srcprep_v1,desed:eval:22627,4,clock_alarm,transient,DESED isolated foreground,Alarm_bell_ringing,SEMANTIC_STRONG,22627,eval,raw/desed/extracted/audio/eval/soundbank/foreground/Alarm_bell_ringing/22627_2.wav,ded23e299366d1342d306ab09392e4c6ff9469670eb0bd8c94bc749cfaee4e87,44100,1,0.095419501,http://creativecommons.org/licenses/by/3.0/,PER_RECORDING_METADATA,DESED_synth_soundbank.tar.gz; audio/eval/soundbank/foreground/Alarm_bell_ringing/22627_2.wav ; official eval license TSV,unknown,clsdoa_v1,PRESENT,true,true,0.095419501,44100,1,0.168151855,-25.797300,0.000050215,0.000000000,0.409933460,0.056303855,AUTO_FLAG,mostly_silence_or_low_activity
desed:eval:22627_3:clsdoa_v1_srcprep_v1,desed:eval:22627,4,clock_alarm,transient,DESED isolated foreground,Alarm_bell_ringing,SEMANTIC_STRONG,22627,eval,raw/desed/extracted/audio/eval/soundbank/foreground/Alarm_bell_ringing/22627_3.wav,b35268d5405d8a0ed92c0fb79a8189e3ce92397336b38a62f8b87a44f9be26d4,44100,1,0.095442177,http://creativecommons.org/licenses/by/3.0/,PER_RECORDING_METADATA,DESED_synth_soundbank.tar.gz; audio/eval/soundbank/foreground/Alarm_bell_ringing/22627_3.wav ; official eval license TSV,unknown,clsdoa_v1,PRESENT,true,true,0.095442177,44100,1,0.172027588,-25.802634,0.000010970,0.000000000,0.413162271,0.056009070,AUTO_FLAG,mostly_silence_or_low_activity
desed:eval:233645_0:clsdoa_v1_srcprep_v1,desed:eval:233645,4,clock_alarm,transient,DESED isolated foreground,Alarm_bell_ringing,SEMANTIC_STRONG,233645,eval,raw/desed/extracted/audio/eval/soundbank/foreground/Alarm_bell_ringing/233645_0.wav,6b98ee0bd32e93ff8eaac5273993a94adc5745ec0dfbb71813519cca1c550dc8,44100,1,1.016190476,http://creativecommons.org/licenses/by-nc/3.0/,PER_RECORDING_METADATA,DESED_synth_soundbank.tar.gz; audio/eval/soundbank/foreground/Alarm_bell_ringing/233645_0.wav ; official eval license TSV,unknown,clsdoa_v1,PRESENT,true,true,1.016190476,44100,1,0.221557617,-24.496287,-0.001620634,0.000000000,0.430668987,0.578548753,AUTO_PASS,
desed:eval:233645_1:clsdoa_v1_srcprep_v1,desed:eval:233645,4,clock_alarm,transient,DESED isolated foreground,Alarm_bell_ringing,SEMANTIC_STRONG,233645,eval,raw/desed/extracted/audio/eval/soundbank/foreground/Alarm_bell_ringing/233645_1.wav,5620a7d91c961f1dfedb410973c8c498658ef7d5bb0ba64982b95e90e53a12ec,44100,1,1.000521542,http://creativecommons.org/licenses/by-nc/3.0/,PER_RECORDING_METADATA,DESED_synth_soundbank.tar.gz; audio/eval/soundbank/foreground/Alarm_bell_ringing/233645_1.wav ; official eval license TSV,unknown,clsdoa_v1,PRESENT,true,true,1.000521542,44100,1,0.202606201,-25.080066,0.000539589,0.000000000,0.483353353,0.516916100,AUTO_PASS,
desed:eval:233645_10:clsdoa_v1_srcprep_v1,desed:eval:233645,4,clock_alarm,transient,DESED isolated foreground,Alarm_bell_ringing,SEMANTIC_STRONG,233645,eval,raw/desed/extracted/audio/eval/soundbank/foreground/Alarm_bell_ringing/233645_10.wav,e7076506c98e389a7c8dd6cd1620f870a181dbcc9ec422e3b13442159e06fa68,44100,1,0.994784580,http://creativecommons.org/licenses/by-nc/3.0/,PER_RECORDING_METADATA,DESED_synth_soundbank.tar.gz; audio/eval/soundbank/foreground/Alarm_bell_ringing/233645_10.wav ; official eval license TSV,unknown,clsdoa_v1,PRESENT,true,true,0.994784580,44100,1,0.483764648,-17.140251,-0.000272527,0.000000000,0.575495783,0.422290249,AUTO_PASS,
desed:eval:233645_11:clsdoa_v1_srcprep_v1,desed:eval:233645,4,clock_alarm,transient,DESED isolated foreground,Alarm_bell_ringing,SEMANTIC_STRONG,233645,eval,raw/desed/extracted/audio/eval/soundbank/foreground/Alarm_bell_ringing/233645_11.wav,af29effdbb6d2d143c078864cbc18ad7b4d647069cdca5f6cd85a0d855f8a814,44100,1,1.035464853,http://creativecommons.org/licenses/by-nc/3.0/,PER_RECORDING_METADATA,DESED_synth_soundbank.tar.gz; audio/eval/soundbank/foreground/Alarm_bell_ringing/233645_11.wav ; official eval license TSV,unknown,clsdoa_v1,PRESENT,true,true,1.035464853,44100,1,0.606719971,-16.749818,-0.000806535,0.000000000,0.543031710,0.473174603,AUTO_PASS,
desed:eval:233645_12:clsdoa_v1_srcprep_v1,desed:eval:233645,4,clock_alarm,transient,DESED isolated foreground,Alarm_bell_ringing,SEMANTIC_STRONG,233645,eval,raw/desed/extracted/audio/eval/soundbank/foreground/Alarm_bell_ringing/233645_12.wav,b6ab58a8622a9672794013e54f0cb4cf227891cc7afd5d6db23125dc15211828,44100,1,1.036938776,http://creativecommons.org/licenses/by-nc/3.0/,PER_RECORDING_METADATA,DESED_synth_soundbank.tar.gz; audio/eval/soundbank/foreground/Alarm_bell_ringing/233645_12.wav ; official eval license TSV,unknown,clsdoa_v1,PRESENT,true,true,1.036938776,44100,1,0.516845703,-17.238910,0.000625960,0.000000000,0.587985742,0.427233560,AUTO_PASS,
desed:eval:233645_13:clsdoa_v1_srcprep_v1,desed:eval:233645,4,clock_alarm,transient,DESED isolated foreground,Alarm_bell_ringing,SEMANTIC_STRONG,233645,eval,raw/desed/extracted/audio/eval/soundbank/foreground/Alarm_bell_ringing/233645_13.wav,744e48bf02c7051d583e92ad512ac16fbc7e7463cbab0749850d8f973d379da2,44100,1,1.007392290,http://creativecommons.org/licenses/by-nc/3.0/,PER_RECORDING_METADATA,DESED_synth_soundbank.tar.gz; audio/eval/soundbank/foreground/Alarm_bell_ringing/233645_13.wav ; official eval license TSV,unknown,clsdoa_v1,PRESENT,true,true,1.007392290,44100,1,0.490692139,-17.447284,0.000459476,0.000000000,0.583194526,0.419886621,AUTO_PASS,
desed:eval:233645_14:clsdoa_v1_srcprep_v1,desed:eval:233645,4,clock_alarm,transient,DESED isolated foreground,Alarm_bell_ringing,SEMANTIC_STRONG,233645,eval,raw/desed/extracted/audio/eval/soundbank/foreground/Alarm_bell_ringing/233645_14.wav,c7ed22dee5284f76f7dac56840e142184dc429651fda749104a6b7923fd5b70b,44100,1,0.111904762,http://creativecommons.org/licenses/by-nc/3.0/,PER_RECORDING_METADATA,DESED_synth_soundbank.tar.gz; audio/eval/soundbank/foreground/Alarm_bell_ringing/233645_14.wav ; official eval license TSV,unknown,clsdoa_v1,PRESENT,true,true,0.111904762,44100,1,0.072875977,-29.330801,0.005129965,0.000000000,0.174468085,0.092380952,AUTO_FLAG,mostly_silence_or_low_activity
desed:eval:233645_15:clsdoa_v1_srcprep_v1,desed:eval:233645,4,clock_alarm,transient,DESED isolated foreground,Alarm_bell_ringing,SEMANTIC_STRONG,233645,eval,raw/desed/extracted/audio/eval/soundbank/foreground/Alarm_bell_ringing/233645_15.wav,d42d99670d44de8b5e7355e70e23b7801f5f3532db1a3d534ab651344ce71713,44100,1,1.119433107,http://creativecommons.org/licenses/by-nc/3.0/,PER_RECORDING_METADATA,DESED_synth_soundbank.tar.gz; audio/eval/soundbank/foreground/Alarm_bell_ringing/233645_15.wav ; official eval license TSV,unknown,clsdoa_v1,PRESENT,true,true,1.119433107,44100,1,0.558105469,-17.536823,0.000251689,0.000000000,0.570705127,0.480566893,AUTO_PASS,
desed:eval:233645_16:clsdoa_v1_srcprep_v1,desed:eval:233645,4,clock_alarm,transient,DESED isolated foreground,Alarm_bell_ringing,SEMANTIC_STRONG,233645,eval,raw/desed/extracted/audio/eval/soundbank/foreground/Alarm_bell_ringing/233645_16.wav,c3056946b36aaf1df202b80d2a9915ca6cc4a25d833eacf93b3511f2ddb46f3a,44100,1,0.096666667,http://creativecommons.org/licenses/by-nc/3.0/,PER_RECORDING_METADATA,DESED_synth_soundbank.tar.gz; audio/eval/soundbank/foreground/Alarm_bell_ringing/233645_16.wav ; official eval license TSV,unknown,clsdoa_v1,PRESENT,true,true,0.096666667,44100,1,0.096527100,-26.420985,-0.001358437,0.000000000,0.193525686,0.077959184,AUTO_FLAG,mostly_silence_or_low_activity
desed:eval:233645_17:clsdoa_v1_srcprep_v1,desed:eval:233645,4,clock_alarm,transient,DESED isolated foreground,Alarm_bell_ringing,SEMANTIC_STRONG,233645,eval,raw/desed/extracted/audio/eval/soundbank/foreground/Alarm_bell_ringing/233645_17.wav,4dcf1840e6916bbbae1b04d930b6e4dbaae178253bf4a8bc5bd88b7e88eabeb7,44100,1,1.012312925,http://creativecommons.org/licenses/by-nc/3.0/,PER_RECORDING_METADATA,DESED_synth_soundbank.tar.gz; audio/eval/soundbank/foreground/Alarm_bell_ringing/233645_17.wav ; official eval license TSV,unknown,clsdoa_v1,PRESENT,true,true,1.012312925,44100,1,0.680084229,-14.599783,0.000642292,0.000000000,0.576686155,0.428526077,AUTO_PASS,
desed:eval:233645_2:clsdoa_v1_srcprep_v1,desed:eval:233645,4,clock_alarm,transient,DESED isolated foreground,Alarm_bell_ringing,SEMANTIC_STRONG,233645,eval,raw/desed/extracted/audio/eval/soundbank/foreground/Alarm_bell_ringing/233645_2.wav,e5e328c5014e44b5f1b4e7a159591dc08edea8522eb01b52cf380ffabb6e1dce,44100,1,1.001927438,http://creativecommons.org/licenses/by-nc/3.0/,PER_RECORDING_METADATA,DESED_synth_soundbank.tar.gz; audio/eval/soundbank/foreground/Alarm_bell_ringing/233645_2.wav ; official eval license TSV,unknown,clsdoa_v1,PRESENT,true,true,1.001927438,44100,1,0.225097656,-24.590113,-0.001335543,0.000000000,0.448545887,0.552517007,AUTO_PASS,
desed:eval:233645_3:clsdoa_v1_srcprep_v1,desed:eval:233645,4,clock_alarm,transient,DESED isolated foreground,Alarm_bell_ringing,SEMANTIC_STRONG,233645,eval,raw/desed/extracted/audio/eval/soundbank/foreground/Alarm_bell_ringing/233645_3.wav,66037bb20978de7c93f7780553a29da3d17d3d2d828b260122ed125cc35520a2,44100,1,1.015850340,http://creativecommons.org/licenses/by-nc/3.0/,PER_RECORDING_METADATA,DESED_synth_soundbank.tar.gz; audio/eval/soundbank/foreground/Alarm_bell_ringing/233645_3.wav ; official eval license TSV,unknown,clsdoa_v1,PRESENT,true,true,1.015850340,44100,1,0.215881348,-25.007869,-0.000543424,0.000000000,0.517310654,0.490340136,AUTO_PASS,
desed:eval:233645_4:clsdoa_v1_srcprep_v1,desed:eval:233645,4,clock_alarm,transient,DESED isolated foreground,Alarm_bell_ringing,SEMANTIC_STRONG,233645,eval,raw/desed/extracted/audio/eval/soundbank/foreground/Alarm_bell_ringing/233645_4.wav,7e5012d029a43dec3c8757a30af99fda689bd162191291fe8823e8d6b2903426,44100,1,1.005396825,http://creativecommons.org/licenses/by-nc/3.0/,PER_RECORDING_METADATA,DESED_synth_soundbank.tar.gz; audio/eval/soundbank/foreground/Alarm_bell_ringing/233645_4.wav ; official eval license TSV,unknown,clsdoa_v1,PRESENT,true,true,1.005396825,44100,1,0.520965576,-17.131968,-0.000353919,0.000000000,0.578284993,0.423990930,AUTO_PASS,
desed:eval:233645_5:clsdoa_v1_srcprep_v1,desed:eval:233645,4,clock_alarm,transient,DESED isolated foreground,Alarm_bell_ringing,SEMANTIC_STRONG,233645,eval,raw/desed/extracted/audio/eval/soundbank/foreground/Alarm_bell_ringing/233645_5.wav,1508a031c820d30c332dd59e3c549d80e19d7d00ad787a46832e71706088e59e,44100,1,1.007981859,http://creativecommons.org/licenses/by-nc/3.0/,PER_RECORDING_METADATA,DESED_synth_soundbank.tar.gz; audio/eval/soundbank/foreground/Alarm_bell_ringing/233645_5.wav ; official eval license TSV,unknown,clsdoa_v1,PRESENT,true,true,1.007981859,44100,1,0.529571533,-17.072892,-0.000662222,0.000000000,0.593111671,0.410136054,AUTO_PASS,
desed:eval:233645_6:clsdoa_v1_srcprep_v1,desed:eval:233645,4,clock_alarm,transient,DESED isolated foreground,Alarm_bell_ringing,SEMANTIC_STRONG,233645,eval,raw/desed/extracted/audio/eval/soundbank/foreground/Alarm_bell_ringing/233645_6.wav,0e84410322d7f83e0c01aeb8b3e1ed3ffffb70a9757d2ed2ea20cbd708f94709,44100,1,0.118594104,http://creativecommons.org/licenses/by-nc/3.0/,PER_RECORDING_METADATA,DESED_synth_soundbank.tar.gz; audio/eval/soundbank/foreground/Alarm_bell_ringing/233645_6.wav ; official eval license TSV,unknown,clsdoa_v1,PRESENT,true,true,0.118594104,44100,1,0.089843750,-27.389500,-0.001402986,0.000000000,0.286424474,0.084625850,AUTO_FLAG,mostly_silence_or_low_activity
desed:eval:233645_7:clsdoa_v1_srcprep_v1,desed:eval:233645,4,clock_alarm,transient,DESED isolated foreground,Alarm_bell_ringing,SEMANTIC_STRONG,233645,eval,raw/desed/extracted/audio/eval/soundbank/foreground/Alarm_bell_ringing/233645_7.wav,f2b3fc34cbf37ea52c41ab319f0f2588ab6e16454086790f795bbceafef355a7,44100,1,1.000907029,http://creativecommons.org/licenses/by-nc/3.0/,PER_RECORDING_METADATA,DESED_synth_soundbank.tar.gz; audio/eval/soundbank/foreground/Alarm_bell_ringing/233645_7.wav ; official eval license TSV,unknown,clsdoa_v1,PRESENT,true,true,1.000907029,44100,1,0.503906250,-16.948393,0.000768636,0.000000000,0.584481196,0.415895692,AUTO_PASS,
desed:eval:233645_8:clsdoa_v1_srcprep_v1,desed:eval:233645,4,clock_alarm,transient,DESED isolated foreground,Alarm_bell_ringing,SEMANTIC_STRONG,233645,eval,raw/desed/extracted/audio/eval/soundbank/foreground/Alarm_bell_ringing/233645_8.wav,812da415b7667e4cc774d3caabde7882290b0f14053db71c1d418aff47c2d04c,44100,1,0.992086168,http://creativecommons.org/licenses/by-nc/3.0/,PER_RECORDING_METADATA,DESED_synth_soundbank.tar.gz; audio/eval/soundbank/foreground/Alarm_bell_ringing/233645_8.wav ; official eval license TSV,unknown,clsdoa_v1,PRESENT,true,true,0.992086168,44100,1,0.502471924,-17.009566,0.000725653,0.000000000,0.585769468,0.410952381,AUTO_PASS,
desed:eval:233645_9:clsdoa_v1_srcprep_v1,desed:eval:233645,4,clock_alarm,transient,DESED isolated foreground,Alarm_bell_ringing,SEMANTIC_STRONG,233645,eval,raw/desed/extracted/audio/eval/soundbank/foreground/Alarm_bell_ringing/233645_9.wav,1421b4bb10b256b6923f557bf87bb32dc731568bde9e32d66bd41b7988de4543,44100,1,1.007687075,http://creativecommons.org/licenses/by-nc/3.0/,PER_RECORDING_METADATA,DESED_synth_soundbank.tar.gz; audio/eval/soundbank/foreground/Alarm_bell_ringing/233645_9.wav ; official eval license TSV,unknown,clsdoa_v1,PRESENT,true,true,1.007687075,44100,1,0.492187500,-17.188854,0.001089843,0.000000000,0.583834020,0.419365079,AUTO_PASS,
desed:eval:271399_0:clsdoa_v1_srcprep_v1,desed:eval:271399,4,clock_alarm,transient,DESED isolated foreground,Alarm_bell_ringing,SEMANTIC_STRONG,271399,eval,raw/desed/extracted/audio/eval/soundbank/foreground/Alarm_bell_ringing/271399_0.wav,cbab91c829864e41a9653d9577509eedbd80dfcc5697f1c3fbb1d301f8ccea4e,44100,1,2.203424036,http://creativecommons.org/licenses/by/3.0/,PER_RECORDING_METADATA,DESED_synth_soundbank.tar.gz; audio/eval/soundbank/foreground/Alarm_bell_ringing/271399_0.wav ; official eval license TSV,unknown,clsdoa_v1,PRESENT,true,true,2.203424036,44100,1,0.389831543,-26.807459,-0.000003329,0.000000000,0.839149541,0.354421769,AUTO_PASS,
desed:eval:271399_1:clsdoa_v1_srcprep_v1,desed:eval:271399,4,clock_alarm,transient,DESED isolated foreground,Alarm_bell_ringing,SEMANTIC_STRONG,271399,eval,raw/desed/extracted/audio/eval/soundbank/foreground/Alarm_bell_ringing/271399_1.wav,ec18194eaf7ae9f036cb2da89b88579e83ff64e27bde045b32f8a63b1fc86b96,44100,1,2.154739229,http://creativecommons.org/licenses/by/3.0/,PER_RECORDING_METADATA,DESED_synth_soundbank.tar.gz; audio/eval/soundbank/foreground/Alarm_bell_ringing/271399_1.wav ; official eval license TSV,unknown,clsdoa_v1,PRESENT,true,true,2.154739229,44100,1,0.422363281,-23.199027,-0.000004151,0.000000000,0.675303081,0.699637188,AUTO_PASS,
desed:eval:271399_2:clsdoa_v1_srcprep_v1,desed:eval:271399,4,clock_alarm,transient,DESED isolated foreground,Alarm_bell_ringing,SEMANTIC_STRONG,271399,eval,raw/desed/extracted/audio/eval/soundbank/foreground/Alarm_bell_ringing/271399_2.wav,c375974ad08c722552c9acd2f28c2cf73f2e51b68ba7f55afc9a077fc1e88102,44100,1,1.515759637,http://creativecommons.org/licenses/by/3.0/,PER_RECORDING_METADATA,DESED_synth_soundbank.tar.gz; audio/eval/soundbank/foreground/Alarm_bell_ringing/271399_2.wav ; official eval license TSV,unknown,clsdoa_v1,PRESENT,true,true,1.515759637,44100,1,0.367034912,-22.426327,-0.000004072,0.000000000,0.522701773,0.723469388,AUTO_PASS,
desed:eval:271399_3:clsdoa_v1_srcprep_v1,desed:eval:271399,4,clock_alarm,transient,DESED isolated foreground,Alarm_bell_ringing,SEMANTIC_STRONG,271399,eval,raw/desed/extracted/audio/eval/soundbank/foreground/Alarm_bell_ringing/271399_3.wav,8f32d8171d2f8e2e2156018131fd13e229240bfff08d222c73213ede99994f25,44100,1,2.475147392,http://creativecommons.org/licenses/by/3.0/,PER_RECORDING_METADATA,DESED_synth_soundbank.tar.gz; audio/eval/soundbank/foreground/Alarm_bell_ringing/271399_3.wav ; official eval license TSV,unknown,clsdoa_v1,PRESENT,true,true,2.475147392,44100,1,0.404357910,-23.957588,-0.000001906,0.000000000,0.689731938,0.767959184,AUTO_PASS,
desed:eval:271399_4:clsdoa_v1_srcprep_v1,desed:eval:271399,4,clock_alarm,transient,DESED isolated foreground,Alarm_bell_ringing,SEMANTIC_STRONG,271399,eval,raw/desed/extracted/audio/eval/soundbank/foreground/Alarm_bell_ringing/271399_4.wav,50944ebc360afb90845553e100f0c5c06d982f531b54087509f95ed7e0e8a6e6,44100,1,1.895283447,http://creativecommons.org/licenses/by/3.0/,PER_RECORDING_METADATA,DESED_synth_soundbank.tar.gz; audio/eval/soundbank/foreground/Alarm_bell_ringing/271399_4.wav ; official eval license TSV,unknown,clsdoa_v1,PRESENT,true,true,1.895283447,44100,1,0.460083008,-23.001609,-0.000001492,0.000000000,0.660285707,0.643854875,AUTO_PASS,
desed:eval:329896_0:clsdoa_v1_srcprep_v1,desed:eval:329896,4,clock_alarm,transient,DESED isolated foreground,Alarm_bell_ringing,SEMANTIC_STRONG,329896,eval,raw/desed/extracted/audio/eval/soundbank/foreground/Alarm_bell_ringing/329896_0.wav,dd2eafd1b0eb0d47350d1097451443001428d1d3efd6166d3219e90c4ee8445d,44100,1,0.526417234,http://creativecommons.org/licenses/by/3.0/,PER_RECORDING_METADATA,DESED_synth_soundbank.tar.gz; audio/eval/soundbank/foreground/Alarm_bell_ringing/329896_0.wav ; official eval license TSV,unknown,clsdoa_v1,PRESENT,true,true,0.526417234,44100,1,0.306549072,-20.542065,-0.000102028,0.000000000,0.532199009,0.246258503,AUTO_PASS,
desed:eval:329896_1:clsdoa_v1_srcprep_v1,desed:eval:329896,4,clock_alarm,transient,DESED isolated foreground,Alarm_bell_ringing,SEMANTIC_STRONG,329896,eval,raw/desed/extracted/audio/eval/soundbank/foreground/Alarm_bell_ringing/329896_1.wav,6261dc0a1c20b2332ef48b4312ca39576d6e502090c615f2d7e456e081e033bf,44100,1,0.672018141,http://creativecommons.org/licenses/by/3.0/,PER_RECORDING_METADATA,DESED_synth_soundbank.tar.gz; audio/eval/soundbank/foreground/Alarm_bell_ringing/329896_1.wav ; official eval license TSV,unknown,clsdoa_v1,PRESENT,true,true,0.672018141,44100,1,0.302185059,-21.774231,0.000004238,0.000000000,0.636017006,0.244603175,AUTO_PASS,
desed:eval:329896_10:clsdoa_v1_srcprep_v1,desed:eval:329896,4,clock_alarm,transient,DESED isolated foreground,Alarm_bell_ringing,SEMANTIC_STRONG,329896,eval,raw/desed/extracted/audio/eval/soundbank/foreground/Alarm_bell_ringing/329896_10.wav,47161f238ac7a5f0fb7934c2040bcf0e09040d55f7fdbb46461e66e3ac624003,44100,1,0.534149660,http://creativecommons.org/licenses/by/3.0/,PER_RECORDING_METADATA,DESED_synth_soundbank.tar.gz; audio/eval/soundbank/foreground/Alarm_bell_ringing/329896_10.wav ; official eval license TSV,unknown,clsdoa_v1,PRESENT,true,true,0.534149660,44100,1,0.336547852,-18.554909,-0.000062868,0.000000000,0.543937850,0.243605442,AUTO_PASS,
desed:eval:329896_11:clsdoa_v1_srcprep_v1,desed:eval:329896,4,clock_alarm,transient,DESED isolated foreground,Alarm_bell_ringing,SEMANTIC_STRONG,329896,eval,raw/desed/extracted/audio/eval/soundbank/foreground/Alarm_bell_ringing/329896_11.wav,be8ba650956f2b8399841f84957817e4a260ed5eade7720df9e8e6f1716bb926,44100,1,0.552630385,http://creativecommons.org/licenses/by/3.0/,PER_RECORDING_METADATA,DESED_synth_soundbank.tar.gz; audio/eval/soundbank/foreground/Alarm_bell_ringing/329896_11.wav ; official eval license TSV,unknown,clsdoa_v1,PRESENT,true,true,0.552630385,44100,1,0.341430664,-18.470006,-0.000079743,0.000000000,0.561897337,0.242108844,AUTO_PASS,
desed:eval:329896_12:clsdoa_v1_srcprep_v1,desed:eval:329896,4,clock_alarm,transient,DESED isolated foreground,Alarm_bell_ringing,SEMANTIC_STRONG,329896,eval,raw/desed/extracted/audio/eval/soundbank/foreground/Alarm_bell_ringing/329896_12.wav,10ae73defd38993cc781f2647256c989dfca0360f8d3dfaebf962416fb004c17,44100,1,0.559229025,http://creativecommons.org/licenses/by/3.0/,PER_RECORDING_METADATA,DESED_synth_soundbank.tar.gz; audio/eval/soundbank/foreground/Alarm_bell_ringing/329896_12.wav ; official eval license TSV,unknown,clsdoa_v1,PRESENT,true,true,0.559229025,44100,1,0.349426270,-18.364953,-0.000022259,0.000000000,0.565282621,0.243106576,AUTO_PASS,
desed:eval:329896_13:clsdoa_v1_srcprep_v1,desed:eval:329896,4,clock_alarm,transient,DESED isolated foreground,Alarm_bell_ringing,SEMANTIC_STRONG,329896,eval,raw/desed/extracted/audio/eval/soundbank/foreground/Alarm_bell_ringing/329896_13.wav,3d9c81a55d1fa40b2f4c7413dd42838af2aefa9853f7004e6e0578ba4faa5ca8,44100,1,0.537596372,http://creativecommons.org/licenses/by/3.0/,PER_RECORDING_METADATA,DESED_synth_soundbank.tar.gz; audio/eval/soundbank/foreground/Alarm_bell_ringing/329896_13.wav ; official eval license TSV,unknown,clsdoa_v1,PRESENT,true,true,0.537596372,44100,1,0.340789795,-18.368560,-0.000026289,0.000000000,0.551121984,0.241315193,AUTO_PASS,
desed:eval:329896_14:clsdoa_v1_srcprep_v1,desed:eval:329896,4,clock_alarm,transient,DESED isolated foreground,Alarm_bell_ringing,SEMANTIC_STRONG,329896,eval,raw/desed/extracted/audio/eval/soundbank/foreground/Alarm_bell_ringing/329896_14.wav,f4af2a9c8d8c78d8fbbb460f0dd679bff649f2e52ae38f6b45066baa95abd3cb,44100,1,0.531678005,http://creativecommons.org/licenses/by/3.0/,PER_RECORDING_METADATA,DESED_synth_soundbank.tar.gz; audio/eval/soundbank/foreground/Alarm_bell_ringing/329896_14.wav ; official eval license TSV,unknown,clsdoa_v1,PRESENT,true,true,0.531678005,44100,1,0.332580566,-18.317927,-0.000079732,0.000000000,0.541604470,0.243718821,AUTO_PASS,
desed:eval:329896_15:clsdoa_v1_srcprep_v1,desed:eval:329896,4,clock_alarm,transient,DESED isolated foreground,Alarm_bell_ringing,SEMANTIC_STRONG,329896,eval,raw/desed/extracted/audio/eval/soundbank/foreground/Alarm_bell_ringing/329896_15.wav,984c7d8f41678629303bf1cd14f628e0235e3faf16a8f5030c3a9b44fd73fffa,44100,1,0.571995465,http://creativecommons.org/licenses/by/3.0/,PER_RECORDING_METADATA,DESED_synth_soundbank.tar.gz; audio/eval/soundbank/foreground/Alarm_bell_ringing/329896_15.wav ; official eval license TSV,unknown,clsdoa_v1,PRESENT,true,true,0.571995465,44100,1,0.347259521,-18.599459,0.000012964,0.000000000,0.581605550,0.239319728,AUTO_PASS,
desed:eval:329896_16:clsdoa_v1_srcprep_v1,desed:eval:329896,4,clock_alarm,transient,DESED isolated foreground,Alarm_bell_ringing,SEMANTIC_STRONG,329896,eval,raw/desed/extracted/audio/eval/soundbank/foreground/Alarm_bell_ringing/329896_16.wav,fc42e9a74d8c2ac9dd6a4d1afa9ff666cf04d894789b2dae7cb8b2aa026906aa,44100,1,0.538004535,http://creativecommons.org/licenses/by/3.0/,PER_RECORDING_METADATA,DESED_synth_soundbank.tar.gz; audio/eval/soundbank/foreground/Alarm_bell_ringing/329896_16.wav ; official eval license TSV,unknown,clsdoa_v1,PRESENT,true,true,0.538004535,44100,1,0.355621338,-18.015465,-0.000067355,0.000000000,0.554750063,0.239546485,AUTO_PASS,
desed:eval:329896_17:clsdoa_v1_srcprep_v1,desed:eval:329896,4,clock_alarm,transient,DESED isolated foreground,Alarm_bell_ringing,SEMANTIC_STRONG,329896,eval,raw/desed/extracted/audio/eval/soundbank/foreground/Alarm_bell_ringing/329896_17.wav,9e2f9d5ed3f1ea4fcf1255b1fe59cf98f1cb398c0a1b35f3d44a2ec4151ff67e,44100,1,0.605011338,http://creativecommons.org/licenses/by/3.0/,PER_RECORDING_METADATA,DESED_synth_soundbank.tar.gz; audio/eval/soundbank/foreground/Alarm_bell_ringing/329896_17.wav ; official eval license TSV,unknown,clsdoa_v1,PRESENT,true,true,0.605011338,44100,1,0.353912354,-18.518646,0.000030850,0.000000000,0.603050860,0.240158730,AUTO_PASS,
desed:eval:329896_18:clsdoa_v1_srcprep_v1,desed:eval:329896,4,clock_alarm,transient,DESED isolated foreground,Alarm_bell_ringing,SEMANTIC_STRONG,329896,eval,raw/desed/extracted/audio/eval/soundbank/foreground/Alarm_bell_ringing/329896_18.wav,eec1000611d477a54922e1bcf059d6f6edafdb0a8ec55e7ceb2e5079660f28a6,44100,1,0.564943311,http://creativecommons.org/licenses/by/3.0/,PER_RECORDING_METADATA,DESED_synth_soundbank.tar.gz; audio/eval/soundbank/foreground/Alarm_bell_ringing/329896_18.wav ; official eval license TSV,unknown,clsdoa_v1,PRESENT,true,true,0.564943311,44100,1,0.349426270,-18.326547,0.000012114,0.000000000,0.577667175,0.238594104,AUTO_PASS,
desed:eval:329896_19:clsdoa_v1_srcprep_v1,desed:eval:329896,4,clock_alarm,transient,DESED isolated foreground,Alarm_bell_ringing,SEMANTIC_STRONG,329896,eval,raw/desed/extracted/audio/eval/soundbank/foreground/Alarm_bell_ringing/329896_19.wav,ccdb132eea1e9c69855ab7b1f8151bbdc46f87fd8594dbb0b088dad559c3561b,44100,1,0.615895692,http://creativecommons.org/licenses/by/3.0/,PER_RECORDING_METADATA,DESED_synth_soundbank.tar.gz; audio/eval/soundbank/foreground/Alarm_bell_ringing/329896_19.wav ; official eval license TSV,unknown,clsdoa_v1,PRESENT,true,true,0.615895692,44100,1,0.350769043,-18.783113,-0.000040602,0.000000000,0.613084938,0.238299320,AUTO_PASS,
desed:eval:329896_2:clsdoa_v1_srcprep_v1,desed:eval:329896,4,clock_alarm,transient,DESED isolated foreground,Alarm_bell_ringing,SEMANTIC_STRONG,329896,eval,raw/desed/extracted/audio/eval/soundbank/foreground/Alarm_bell_ringing/329896_2.wav,d09bd9f71c6cf33f03997dd0a949120d71fbc5cd71226ee6c3509cab3ec48e23,44100,1,0.686780045,http://creativecommons.org/licenses/by/3.0/,PER_RECORDING_METADATA,DESED_synth_soundbank.tar.gz; audio/eval/soundbank/foreground/Alarm_bell_ringing/329896_2.wav ; official eval license TSV,unknown,clsdoa_v1,PRESENT,true,true,0.686780045,44100,1,0.298858643,-21.985654,0.000040470,0.000000000,0.643939644,0.244535147,AUTO_PASS,
desed:eval:329896_20:clsdoa_v1_srcprep_v1,desed:eval:329896,4,clock_alarm,transient,DESED isolated foreground,Alarm_bell_ringing,SEMANTIC_STRONG,329896,eval,raw/desed/extracted/audio/eval/soundbank/foreground/Alarm_bell_ringing/329896_20.wav,3747d982df3389d8859d304f13149237eb6d2fefb70d74f896d0871e9c54e6b3,44100,1,0.610408163,http://creativecommons.org/licenses/by/3.0/,PER_RECORDING_METADATA,DESED_synth_soundbank.tar.gz; audio/eval/soundbank/foreground/Alarm_bell_ringing/329896_20.wav ; official eval license TSV,unknown,clsdoa_v1,PRESENT,true,true,0.610408163,44100,1,0.738647461,-19.103597,0.000065676,0.000000000,0.707975779,0.178253968,AUTO_PASS,
desed:eval:329896_3:clsdoa_v1_srcprep_v1,desed:eval:329896,4,clock_alarm,transient,DESED isolated foreground,Alarm_bell_ringing,SEMANTIC_STRONG,329896,eval,raw/desed/extracted/audio/eval/soundbank/foreground/Alarm_bell_ringing/329896_3.wav,39aad88b21902e1096e031701b93d7cde696f748b1240d008f686d66e478f857,44100,1,0.555464853,http://creativecommons.org/licenses/by/3.0/,PER_RECORDING_METADATA,DESED_synth_soundbank.tar.gz; audio/eval/soundbank/foreground/Alarm_bell_ringing/329896_3.wav ; official eval license TSV,unknown,clsdoa_v1,PRESENT,true,true,0.555464853,44100,1,0.292663574,-21.181284,0.000050426,0.000000000,0.558621816,0.245170068,AUTO_PASS,
desed:eval:329896_4:clsdoa_v1_srcprep_v1,desed:eval:329896,4,clock_alarm,transient,DESED isolated foreground,Alarm_bell_ringing,SEMANTIC_STRONG,329896,eval,raw/desed/extracted/audio/eval/soundbank/foreground/Alarm_bell_ringing/329896_4.wav,26315eee202fc0dc76646cf207748985e70607faa59fa81a7b9bfb1669f1781f,44100,1,0.564489796,http://creativecommons.org/licenses/by/3.0/,PER_RECORDING_METADATA,DESED_synth_soundbank.tar.gz; audio/eval/soundbank/foreground/Alarm_bell_ringing/329896_4.wav ; official eval license TSV,unknown,clsdoa_v1,PRESENT,true,true,0.564489796,44100,1,0.322967529,-19.890562,0.000009164,0.000000000,0.562786214,0.246802721,AUTO_PASS,
desed:eval:329896_5:clsdoa_v1_srcprep_v1,desed:eval:329896,4,clock_alarm,transient,DESED isolated foreground,Alarm_bell_ringing,SEMANTIC_STRONG,329896,eval,raw/desed/extracted/audio/eval/soundbank/foreground/Alarm_bell_ringing/329896_5.wav,b8348a60fefbfa71e7f49f89c6fb60ef97f1a1ed6cf6d9c116e965d559c0ee9f,44100,1,0.547528345,http://creativecommons.org/licenses/by/3.0/,PER_RECORDING_METADATA,DESED_synth_soundbank.tar.gz; audio/eval/soundbank/foreground/Alarm_bell_ringing/329896_5.wav ; official eval license TSV,unknown,clsdoa_v1,PRESENT,true,true,0.547528345,44100,1,0.375427246,-16.665185,-0.000016569,0.000000000,0.566926199,0.237120181,AUTO_PASS,
desed:eval:329896_6:clsdoa_v1_srcprep_v1,desed:eval:329896,4,clock_alarm,transient,DESED isolated foreground,Alarm_bell_ringing,SEMANTIC_STRONG,329896,eval,raw/desed/extracted/audio/eval/soundbank/foreground/Alarm_bell_ringing/329896_6.wav,08e0991d46d9f31319d1e9c01ba41a04311ce99c8336103759754764fc5d760f,44100,1,0.533696145,http://creativecommons.org/licenses/by/3.0/,PER_RECORDING_METADATA,DESED_synth_soundbank.tar.gz; audio/eval/soundbank/foreground/Alarm_bell_ringing/329896_6.wav ; official eval license TSV,unknown,clsdoa_v1,PRESENT,true,true,0.533696145,44100,1,0.325622559,-20.222569,-0.000004121,0.000000000,0.548818831,0.240793651,AUTO_PASS,
desed:eval:329896_7:clsdoa_v1_srcprep_v1,desed:eval:329896,4,clock_alarm,transient,DESED isolated foreground,Alarm_bell_ringing,SEMANTIC_STRONG,329896,eval,raw/desed/extracted/audio/eval/soundbank/foreground/Alarm_bell_ringing/329896_7.wav,4a8f8fe2c80e9786f06f75b6d6a2928b8062047bd7c72ad302b270a8df8698a6,44100,1,0.590317460,http://creativecommons.org/licenses/by/3.0/,PER_RECORDING_METADATA,DESED_synth_soundbank.tar.gz; audio/eval/soundbank/foreground/Alarm_bell_ringing/329896_7.wav ; official eval license TSV,unknown,clsdoa_v1,PRESENT,true,true,0.590317460,44100,1,0.305969238,-20.722013,0.000064948,0.000000000,0.579226367,0.248390023,AUTO_PASS,
desed:eval:329896_8:clsdoa_v1_srcprep_v1,desed:eval:329896,4,clock_alarm,transient,DESED isolated foreground,Alarm_bell_ringing,SEMANTIC_STRONG,329896,eval,raw/desed/extracted/audio/eval/soundbank/foreground/Alarm_bell_ringing/329896_8.wav,e639f7952a117b639a90a1494b2f5b3635688eebf4219818d4e41d8d8ecb29bc,44100,1,0.543333333,http://creativecommons.org/licenses/by/3.0/,PER_RECORDING_METADATA,DESED_synth_soundbank.tar.gz; audio/eval/soundbank/foreground/Alarm_bell_ringing/329896_8.wav ; official eval license TSV,unknown,clsdoa_v1,PRESENT,true,true,0.543333333,44100,1,0.308563232,-20.229241,-0.000048410,0.000000000,0.541546680,0.249092971,AUTO_PASS,
desed:eval:329896_9:clsdoa_v1_srcprep_v1,desed:eval:329896,4,clock_alarm,transient,DESED isolated foreground,Alarm_bell_ringing,SEMANTIC_STRONG,329896,eval,raw/desed/extracted/audio/eval/soundbank/foreground/Alarm_bell_ringing/329896_9.wav,ae315091630dbdf767640287e2793e64943f523f6ee38c181b853d6e7d73ce86,44100,1,0.623968254,http://creativecommons.org/licenses/by/3.0/,PER_RECORDING_METADATA,DESED_synth_soundbank.tar.gz; audio/eval/soundbank/foreground/Alarm_bell_ringing/329896_9.wav ; official eval license TSV,unknown,clsdoa_v1,PRESENT,true,true,0.623968254,44100,1,0.323394775,-19.868018,-0.000029198,0.000000000,0.597775920,0.250975057,AUTO_PASS,
desed:eval:72558_0:clsdoa_v1_srcprep_v1,desed:eval:72558,4,clock_alarm,transient,DESED isolated foreground,Alarm_bell_ringing,SEMANTIC_STRONG,72558,eval,raw/desed/extracted/audio/eval/soundbank/foreground/Alarm_bell_ringing/72558_0.wav,9ca1a188e7b2668e1c26dd84e327348fbfad566fc97936115bc74842bddd5896,44100,1,0.314648526,http://creativecommons.org/licenses/by-nc/3.0/,PER_RECORDING_METADATA,DESED_synth_soundbank.tar.gz; audio/eval/soundbank/foreground/Alarm_bell_ringing/72558_0.wav ; official eval license TSV,unknown,clsdoa_v1,PRESENT,true,true,0.314648526,44100,1,0.706268311,-14.360834,-0.000070651,0.000000000,0.427933122,0.180000000,AUTO_PASS,
desed:eval:72558_1:clsdoa_v1_srcprep_v1,desed:eval:72558,4,clock_alarm,transient,DESED isolated foreground,Alarm_bell_ringing,SEMANTIC_STRONG,72558,eval,raw/desed/extracted/audio/eval/soundbank/foreground/Alarm_bell_ringing/72558_1.wav,701b77fda10ba5937d128d80efcb7703173589b0cceca6c861f68e78cc12a79d,44100,1,0.328390023,http://creativecommons.org/licenses/by-nc/3.0/,PER_RECORDING_METADATA,DESED_synth_soundbank.tar.gz; audio/eval/soundbank/foreground/Alarm_bell_ringing/72558_1.wav ; official eval license TSV,unknown,clsdoa_v1,PRESENT,true,true,0.328390023,44100,1,0.707305908,-14.347916,-0.000121881,0.000000000,0.454080928,0.179274376,AUTO_PASS,
desed:eval:72558_2:clsdoa_v1_srcprep_v1,desed:eval:72558,4,clock_alarm,transient,DESED isolated foreground,Alarm_bell_ringing,SEMANTIC_STRONG,72558,eval,raw/desed/extracted/audio/eval/soundbank/foreground/Alarm_bell_ringing/72558_2.wav,42f684885b9260a79fc0d3bf056af8466eb7791d21c8fe05897ccb0cbfab7ae1,44100,1,0.312834467,http://creativecommons.org/licenses/by-nc/3.0/,PER_RECORDING_METADATA,DESED_synth_soundbank.tar.gz; audio/eval/soundbank/foreground/Alarm_bell_ringing/72558_2.wav ; official eval license TSV,unknown,clsdoa_v1,PRESENT,true,true,0.312834467,44100,1,0.697784424,-14.031512,-0.000154417,0.000000000,0.416787475,0.182448980,AUTO_PASS,
desed:eval:72558_3:clsdoa_v1_srcprep_v1,desed:eval:72558,4,clock_alarm,transient,DESED isolated foreground,Alarm_bell_ringing,SEMANTIC_STRONG,72558,eval,raw/desed/extracted/audio/eval/soundbank/foreground/Alarm_bell_ringing/72558_3.wav,e8c622e7b56a2faba9905810426f99d17823fef92714b5b95a1d87762cb7f2dd,44100,1,0.319795918,http://creativecommons.org/licenses/by-nc/3.0/,PER_RECORDING_METADATA,DESED_synth_soundbank.tar.gz; audio/eval/soundbank/foreground/Alarm_bell_ringing/72558_3.wav ; official eval license TSV,unknown,clsdoa_v1,PRESENT,true,true,0.319795918,44100,1,0.700408936,-14.104725,-0.000059592,0.000000000,0.434517479,0.180839002,AUTO_PASS,
desed:eval:72558_4:clsdoa_v1_srcprep_v1,desed:eval:72558,4,clock_alarm,transient,DESED isolated foreground,Alarm_bell_ringing,SEMANTIC_STRONG,72558,eval,raw/desed/extracted/audio/eval/soundbank/foreground/Alarm_bell_ringing/72558_4.wav,ffbbde52d71156dfd8ced17cffc1d3a706914c9a5d80d5924977584638a370fe,44100,1,0.316394558,http://creativecommons.org/licenses/by-nc/3.0/,PER_RECORDING_METADATA,DESED_synth_soundbank.tar.gz; audio/eval/soundbank/foreground/Alarm_bell_ringing/72558_4.wav ; official eval license TSV,unknown,clsdoa_v1,PRESENT,true,true,0.316394558,44100,1,0.698852539,-14.072890,-0.000002511,0.000000000,0.419551351,0.183650794,AUTO_PASS,
desed:eval:72558_5:clsdoa_v1_srcprep_v1,desed:eval:72558,4,clock_alarm,transient,DESED isolated foreground,Alarm_bell_ringing,SEMANTIC_STRONG,72558,eval,raw/desed/extracted/audio/eval/soundbank/foreground/Alarm_bell_ringing/72558_5.wav,182ba4c46ebb71323f6f312f07d256b268a12704e30c978e778dd8d4063fa564,44100,1,0.320272109,http://creativecommons.org/licenses/by-nc/3.0/,PER_RECORDING_METADATA,DESED_synth_soundbank.tar.gz; audio/eval/soundbank/foreground/Alarm_bell_ringing/72558_5.wav ; official eval license TSV,unknown,clsdoa_v1,PRESENT,true,true,0.320272109,44100,1,0.698760986,-14.122328,-0.000080226,0.000000000,0.435004248,0.180952381,AUTO_PASS,
desed:eval:72558_6:clsdoa_v1_srcprep_v1,desed:eval:72558,4,clock_alarm,transient,DESED isolated foreground,Alarm_bell_ringing,SEMANTIC_STRONG,72558,eval,raw/desed/extracted/audio/eval/soundbank/foreground/Alarm_bell_ringing/72558_6.wav,b92ce32e05aec7d9af77a29848cee7b6cfcc72b4ba56bb08e6889cba39c6968a,44100,1,0.319977324,http://creativecommons.org/licenses/by-nc/3.0/,PER_RECORDING_METADATA,DESED_synth_soundbank.tar.gz; audio/eval/soundbank/foreground/Alarm_bell_ringing/72558_6.wav ; official eval license TSV,unknown,clsdoa_v1,PRESENT,true,true,0.319977324,44100,1,0.689605713,-14.105074,-0.000068927,0.000000000,0.424704132,0.184081633,AUTO_PASS,
desed:eval:72558_7:clsdoa_v1_srcprep_v1,desed:eval:72558,4,clock_alarm,transient,DESED isolated foreground,Alarm_bell_ringing,SEMANTIC_STRONG,72558,eval,raw/desed/extracted/audio/eval/soundbank/foreground/Alarm_bell_ringing/72558_7.wav,f9bde753026e069b20b0bfdcbbfa9bbe3511fa9a09684894c3eba354307f03e6,44100,1,0.320340136,http://creativecommons.org/licenses/by-nc/3.0/,PER_RECORDING_METADATA,DESED_synth_soundbank.tar.gz; audio/eval/soundbank/foreground/Alarm_bell_ringing/72558_7.wav ; official eval license TSV,unknown,clsdoa_v1,PRESENT,true,true,0.320340136,44100,1,0.704498291,-14.134934,-0.000068669,0.000000000,0.436610745,0.180476190,AUTO_PASS,
desed:eval:72558_8:clsdoa_v1_srcprep_v1,desed:eval:72558,4,clock_alarm,transient,DESED isolated foreground,Alarm_bell_ringing,SEMANTIC_STRONG,72558,eval,raw/desed/extracted/audio/eval/soundbank/foreground/Alarm_bell_ringing/72558_8.wav,399b7f76b064fc4cd14e99b69912af8018a56d25f19dec4d53ce4e11369c54d8,44100,1,0.320022676,http://creativecommons.org/licenses/by-nc/3.0/,PER_RECORDING_METADATA,DESED_synth_soundbank.tar.gz; audio/eval/soundbank/foreground/Alarm_bell_ringing/72558_8.wav ; official eval license TSV,unknown,clsdoa_v1,PRESENT,true,true,0.320022676,44100,1,0.694763184,-14.101442,-0.000042062,0.000000000,0.431446184,0.181950113,AUTO_PASS,
desed:eval:72558_9:clsdoa_v1_srcprep_v1,desed:eval:72558,4,clock_alarm,transient,DESED isolated foreground,Alarm_bell_ringing,SEMANTIC_STRONG,72558,eval,raw/desed/extracted/audio/eval/soundbank/foreground/Alarm_bell_ringing/72558_9.wav,ad217d822378cf3a06be3fa1df382fa893da70e67097d9dc060052d98b971fcd,44100,1,0.320204082,http://creativecommons.org/licenses/by-nc/3.0/,PER_RECORDING_METADATA,DESED_synth_soundbank.tar.gz; audio/eval/soundbank/foreground/Alarm_bell_ringing/72558_9.wav ; official eval license TSV,unknown,clsdoa_v1,PRESENT,true,true,0.320204082,44100,1,0.699157715,-14.137614,-0.000123393,0.000000000,0.430281142,0.182426304,AUTO_PASS,
desed:eval:79440_0:clsdoa_v1_srcprep_v1,desed:eval:79440,4,clock_alarm,transient,DESED isolated foreground,Alarm_bell_ringing,SEMANTIC_STRONG,79440,eval,raw/desed/extracted/audio/eval/soundbank/foreground/Alarm_bell_ringing/79440_0.wav,412215d7867840d5374aa64c10fad13497db86d11907bc874397731ea42fe377,44100,1,3.735442177,http://creativecommons.org/publicdomain/zero/1.0/,PER_RECORDING_METADATA,DESED_synth_soundbank.tar.gz; audio/eval/soundbank/foreground/Alarm_bell_ringing/79440_0.wav ; official eval license TSV,unknown,clsdoa_v1,PRESENT,true,true,3.735442177,44100,1,0.632354736,-19.482461,-0.000001513,0.000000000,0.644011825,1.329773243,AUTO_PASS,
desed:eval:79440_1:clsdoa_v1_srcprep_v1,desed:eval:79440,4,clock_alarm,transient,DESED isolated foreground,Alarm_bell_ringing,SEMANTIC_STRONG,79440,eval,raw/desed/extracted/audio/eval/soundbank/foreground/Alarm_bell_ringing/79440_1.wav,fc13687e3350be44c3e8376fd7885d71a47dca8d1bfe6f57d3e409ee6e9b5e3e,44100,1,4.207006803,http://creativecommons.org/publicdomain/zero/1.0/,PER_RECORDING_METADATA,DESED_synth_soundbank.tar.gz; audio/eval/soundbank/foreground/Alarm_bell_ringing/79440_1.wav ; official eval license TSV,unknown,clsdoa_v1,PRESENT,true,true,4.207006803,44100,1,0.630706787,-19.299045,-0.000001113,0.000000000,0.656986239,1.443061224,AUTO_PASS,
desed:eval:79440_2:clsdoa_v1_srcprep_v1,desed:eval:79440,4,clock_alarm,transient,DESED isolated foreground,Alarm_bell_ringing,SEMANTIC_STRONG,79440,eval,raw/desed/extracted/audio/eval/soundbank/foreground/Alarm_bell_ringing/79440_2.wav,9deb99fdd7d23a578a301a76c714e506edf971726670502b39ac315e29aade0a,44100,1,4.037414966,http://creativecommons.org/publicdomain/zero/1.0/,PER_RECORDING_METADATA,DESED_synth_soundbank.tar.gz; audio/eval/soundbank/foreground/Alarm_bell_ringing/79440_2.wav ; official eval license TSV,unknown,clsdoa_v1,PRESENT,true,true,4.037414966,44100,1,0.655944824,-19.549011,-0.000004022,0.000000000,0.672642516,1.321678005,AUTO_PASS,
desed:eval:79633:clsdoa_v1_srcprep_v1,desed:eval:79633,4,clock_alarm,transient,DESED isolated foreground,Alarm_bell_ringing,SEMANTIC_STRONG,79633,eval,raw/desed/extracted/audio/eval/soundbank/foreground/Alarm_bell_ringing/79633.wav,7866e7749310359e1fdf8729af11836ab2a527c55c0d2075ed2bdeb0c52270f9,44100,1,9.581315193,http://creativecommons.org/licenses/sampling+/1.0/,PER_RECORDING_METADATA,DESED_synth_soundbank.tar.gz; audio/eval/soundbank/foreground/Alarm_bell_ringing/79633.wav ; official eval license TSV,unknown,clsdoa_v1,PRESENT,true,true,9.581315193,44100,1,0.624633789,-20.570845,-0.000001034,0.000000000,0.719294924,2.689523810,AUTO_PASS,
desed:eval:79638:clsdoa_v1_srcprep_v1,desed:eval:79638,4,clock_alarm,transient,DESED isolated foreground,Alarm_bell_ringing,SEMANTIC_STRONG,79638,eval,raw/desed/extracted/audio/eval/soundbank/foreground/Alarm_bell_ringing/79638.wav,019d4688b0558578411d061aa6da9a32af92e594eaba748ef9853c14d966cb31,44100,1,2.487006803,http://creativecommons.org/licenses/sampling+/1.0/,PER_RECORDING_METADATA,DESED_synth_soundbank.tar.gz; audio/eval/soundbank/foreground/Alarm_bell_ringing/79638.wav ; official eval license TSV,unknown,clsdoa_v1,PRESENT,true,true,2.487006803,44100,1,1.000000000,-12.334303,-0.000002561,0.000082059,0.504590753,1.232086168,AUTO_PASS,
desed:eval:164574:clsdoa_v1_srcprep_v1,desed:eval:164574,10,dishes,transient,DESED isolated foreground,Dishes,EXACT,164574,eval,raw/desed/extracted/audio/eval/soundbank/foreground/Dishes/164574.wav,f1b06202e6ba272393524e8d764e1ef7aaa97821d65f7d69dd032f8af29aa48a,44100,1,0.097823129,http://creativecommons.org/publicdomain/zero/1.0/,PER_RECORDING_METADATA,DESED_synth_soundbank.tar.gz; audio/eval/soundbank/foreground/Dishes/164574.wav ; official eval license TSV,unknown,clsdoa_v1,PRESENT,true,true,0.097823129,44100,1,0.955535889,-17.920135,-0.000032569,0.000000000,0.834955957,0.016145125,AUTO_FLAG,mostly_silence_or_low_activity
desed:eval:20079_0:clsdoa_v1_srcprep_v1,desed:eval:20079,10,dishes,transient,DESED isolated foreground,Dishes,EXACT,20079,eval,raw/desed/extracted/audio/eval/soundbank/foreground/Dishes/20079_0.wav,acebad043f03f2693884bafcb157e282e7a1a3ab73cc63344abcd5f88deb7bc5,44100,1,0.801043084,http://creativecommons.org/licenses/by/3.0/,PER_RECORDING_METADATA,DESED_synth_soundbank.tar.gz; audio/eval/soundbank/foreground/Dishes/20079_0.wav ; official eval license TSV,unknown,clsdoa_v1,PRESENT,true,true,0.801043084,44100,1,0.628631592,-23.656159,-0.000073320,0.000000000,0.835871596,0.131473923,AUTO_PASS,
desed:eval:20079_1:clsdoa_v1_srcprep_v1,desed:eval:20079,10,dishes,transient,DESED isolated foreground,Dishes,EXACT,20079,eval,raw/desed/extracted/audio/eval/soundbank/foreground/Dishes/20079_1.wav,791f7f9154379891e80b9eb6119e2edf854004060d95a8be92a65c47723781ae,44100,1,0.838095238,http://creativecommons.org/licenses/by/3.0/,PER_RECORDING_METADATA,DESED_synth_soundbank.tar.gz; audio/eval/soundbank/foreground/Dishes/20079_1.wav ; official eval license TSV,unknown,clsdoa_v1,PRESENT,true,true,0.838095238,44100,1,0.590209961,-25.175096,-0.000094315,0.000000000,0.851406926,0.124535147,AUTO_PASS,
desed:eval:20079_2:clsdoa_v1_srcprep_v1,desed:eval:20079,10,dishes,transient,DESED isolated foreground,Dishes,EXACT,20079,eval,raw/desed/extracted/audio/eval/soundbank/foreground/Dishes/20079_2.wav,b950dcb4fb2c661d6ae096ecbbb96208ddd14c87551326c5d0fbceece8bf961f,44100,1,0.163106576,http://creativecommons.org/licenses/by/3.0/,PER_RECORDING_METADATA,DESED_synth_soundbank.tar.gz; audio/eval/soundbank/foreground/Dishes/20079_2.wav ; official eval license TSV,unknown,clsdoa_v1,PRESENT,true,true,0.163106576,44100,1,0.392395020,-25.236532,0.000028239,0.000000000,0.780341999,0.035827664,AUTO_FLAG,mostly_silence_or_low_activity
desed:eval:20081_0:clsdoa_v1_srcprep_v1,desed:eval:20081,10,dishes,transient,DESED isolated foreground,Dishes,EXACT,20081,eval,raw/desed/extracted/audio/eval/soundbank/foreground/Dishes/20081_0.wav,21038e85beb0119a0ddb34843c7a3302e6ffcbf0605fdcd94dd2f5d3aa8b9541,44100,1,0.224512472,http://creativecommons.org/licenses/by/3.0/,PER_RECORDING_METADATA,DESED_synth_soundbank.tar.gz; audio/eval/soundbank/foreground/Dishes/20081_0.wav ; official eval license TSV,unknown,clsdoa_v1,PRESENT,true,true,0.224512472,44100,1,0.403808594,-27.280756,-0.000186931,0.000000000,0.803757196,0.044058957,AUTO_FLAG,mostly_silence_or_low_activity
desed:eval:20081_1:clsdoa_v1_srcprep_v1,desed:eval:20081,10,dishes,transient,DESED isolated foreground,Dishes,EXACT,20081,eval,raw/desed/extracted/audio/eval/soundbank/foreground/Dishes/20081_1.wav,2546b788a441dcdf521c09398b62bc3730b40e0268316a68b120f0b579e2ac1f,44100,1,0.651836735,http://creativecommons.org/licenses/by/3.0/,PER_RECORDING_METADATA,DESED_synth_soundbank.tar.gz; audio/eval/soundbank/foreground/Dishes/20081_1.wav ; official eval license TSV,unknown,clsdoa_v1,PRESENT,true,true,0.651836735,44100,1,0.678192139,-21.284227,-0.000003116,0.000000000,0.792771168,0.135079365,AUTO_PASS,
desed:eval:20081_2:clsdoa_v1_srcprep_v1,desed:eval:20081,10,dishes,transient,DESED isolated foreground,Dishes,EXACT,20081,eval,raw/desed/extracted/audio/eval/soundbank/foreground/Dishes/20081_2.wav,2fe6a14a357f6ccc2725de3c607891ecc67948266cb888b9a2979567a9a1c3db,44100,1,0.160430839,http://creativecommons.org/licenses/by/3.0/,PER_RECORDING_METADATA,DESED_synth_soundbank.tar.gz; audio/eval/soundbank/foreground/Dishes/20081_2.wav ; official eval license TSV,unknown,clsdoa_v1,PRESENT,true,true,0.160430839,44100,1,0.664916992,-20.934524,-0.000420358,0.000000000,0.866148410,0.021473923,AUTO_FLAG,mostly_silence_or_low_activity
desed:eval:20081_3:clsdoa_v1_srcprep_v1,desed:eval:20081,10,dishes,transient,DESED isolated foreground,Dishes,EXACT,20081,eval,raw/desed/extracted/audio/eval/soundbank/foreground/Dishes/20081_3.wav,06b460d7a53ff424680ff0cb4f0734b7e24f4f14531ab9808435f4848544a53b,44100,1,0.200839002,http://creativecommons.org/licenses/by/3.0/,PER_RECORDING_METADATA,DESED_synth_soundbank.tar.gz; audio/eval/soundbank/foreground/Dishes/20081_3.wav ; official eval license TSV,unknown,clsdoa_v1,PRESENT,true,true,0.200839002,44100,1,0.511383057,-23.278193,-0.000176201,0.000000000,0.828384329,0.034467120,AUTO_FLAG,mostly_silence_or_low_activity
desed:eval:20093:clsdoa_v1_srcprep_v1,desed:eval:20093,10,dishes,transient,DESED isolated foreground,Dishes,EXACT,20093,eval,raw/desed/extracted/audio/eval/soundbank/foreground/Dishes/20093.wav,807b6a216760b823ff7e40cd6a59551eda0cfd67e3ac18148c2d9c82df626be2,44100,1,0.479659864,http://creativecommons.org/licenses/by/3.0/,PER_RECORDING_METADATA,DESED_synth_soundbank.tar.gz; audio/eval/soundbank/foreground/Dishes/20093.wav ; official eval license TSV,unknown,clsdoa_v1,PRESENT,true,true,0.479659864,44100,1,0.311859131,-31.434966,-0.000031966,0.000000000,0.901668794,0.047165533,AUTO_FLAG,mostly_silence_or_low_activity
desed:eval:20097_0:clsdoa_v1_srcprep_v1,desed:eval:20097,10,dishes,transient,DESED isolated foreground,Dishes,EXACT,20097,eval,raw/desed/extracted/audio/eval/soundbank/foreground/Dishes/20097_0.wav,65c30dd17562e4544a7438da375c5af1ad26dbbd9b1cbf9874ae75a3ec3e0594,44100,1,0.315011338,http://creativecommons.org/licenses/by/3.0/,PER_RECORDING_METADATA,DESED_synth_soundbank.tar.gz; audio/eval/soundbank/foreground/Dishes/20097_0.wav ; official eval license TSV,unknown,clsdoa_v1,PRESENT,true,true,0.315011338,44100,1,0.660888672,-23.678011,-0.000018464,0.000000000,0.866757846,0.041972789,AUTO_FLAG,mostly_silence_or_low_activity
desed:eval:20097_1:clsdoa_v1_srcprep_v1,desed:eval:20097,10,dishes,transient,DESED isolated foreground,Dishes,EXACT,20097,eval,raw/desed/extracted/audio/eval/soundbank/foreground/Dishes/20097_1.wav,8b5f5eb9c62be3bb188b8421ac2fa621b08cc96adcc32f013d73040f7936f29e,44100,1,0.216757370,http://creativecommons.org/licenses/by/3.0/,PER_RECORDING_METADATA,DESED_synth_soundbank.tar.gz; audio/eval/soundbank/foreground/Dishes/20097_1.wav ; official eval license TSV,unknown,clsdoa_v1,PRESENT,true,true,0.216757370,44100,1,0.298858643,-29.576645,0.000002248,0.000000000,0.839522963,0.034784580,AUTO_FLAG,mostly_silence_or_low_activity
desed:eval:272022_0:clsdoa_v1_srcprep_v1,desed:eval:272022,10,dishes,transient,DESED isolated foreground,Dishes,EXACT,272022,eval,raw/desed/extracted/audio/eval/soundbank/foreground/Dishes/272022_0.wav,d4ec4266ec7856c2845aef7e9621fcf9a67c50d7ff0a4efed3ac2c1df7b028ef,44100,1,0.097369615,http://creativecommons.org/publicdomain/zero/1.0/,PER_RECORDING_METADATA,DESED_synth_soundbank.tar.gz; audio/eval/soundbank/foreground/Dishes/272022_0.wav ; official eval license TSV,unknown,clsdoa_v1,PRESENT,true,true,0.097369615,44100,1,0.141510010,-33.968404,-0.000089947,0.000000000,0.816255240,0.017891156,AUTO_FLAG,mostly_silence_or_low_activity
desed:eval:272022_1:clsdoa_v1_srcprep_v1,desed:eval:272022,10,dishes,transient,DESED isolated foreground,Dishes,EXACT,272022,eval,raw/desed/extracted/audio/eval/soundbank/foreground/Dishes/272022_1.wav,0064291ed0bc0ba822c3f14af5ca410522e80ba3d00848302ea83257caab3fc0,44100,1,0.194195011,http://creativecommons.org/publicdomain/zero/1.0/,PER_RECORDING_METADATA,DESED_synth_soundbank.tar.gz; audio/eval/soundbank/foreground/Dishes/272022_1.wav ; official eval license TSV,unknown,clsdoa_v1,PRESENT,true,true,0.194195011,44100,1,0.710540771,-24.149516,-0.000095907,0.000000000,0.913825315,0.016734694,AUTO_FLAG,mostly_silence_or_low_activity
desed:eval:325254_0:clsdoa_v1_srcprep_v1,desed:eval:325254,10,dishes,transient,DESED isolated foreground,Dishes,EXACT,325254,eval,raw/desed/extracted/audio/eval/soundbank/foreground/Dishes/325254_0.wav,236f63f1797131a7d721c25b2e1ccd897a123e10d334835a4397fbedb56fbeff,44100,1,0.250272109,http://creativecommons.org/publicdomain/zero/1.0/,PER_RECORDING_METADATA,DESED_synth_soundbank.tar.gz; audio/eval/soundbank/foreground/Dishes/325254_0.wav ; official eval license TSV,unknown,clsdoa_v1,PRESENT,true,true,0.250272109,44100,1,0.525238037,-30.182091,0.000013817,0.000000000,0.923076923,0.019251701,AUTO_FLAG,mostly_silence_or_low_activity
desed:eval:325254_1:clsdoa_v1_srcprep_v1,desed:eval:325254,10,dishes,transient,DESED isolated foreground,Dishes,EXACT,325254,eval,raw/desed/extracted/audio/eval/soundbank/foreground/Dishes/325254_1.wav,a3bbf9decd02ae69c837cc3ee1d6afbac899a3a954ecf615a5f3c5e24c83d1ea,44100,1,0.286394558,http://creativecommons.org/publicdomain/zero/1.0/,PER_RECORDING_METADATA,DESED_synth_soundbank.tar.gz; audio/eval/soundbank/foreground/Dishes/325254_1.wav ; official eval license TSV,unknown,clsdoa_v1,PRESENT,true,true,0.286394558,44100,1,0.999969482,-23.692977,-0.000040792,0.000079177,0.917656374,0.023582766,AUTO_FLAG,mostly_silence_or_low_activity
desed:eval:325254_2:clsdoa_v1_srcprep_v1,desed:eval:325254,10,dishes,transient,DESED isolated foreground,Dishes,EXACT,325254,eval,raw/desed/extracted/audio/eval/soundbank/foreground/Dishes/325254_2.wav,30258c698e811868a396d4bc27688f94d8f0a6e3a77a58598d44b03ae667aa10,44100,1,0.254421769,http://creativecommons.org/publicdomain/zero/1.0/,PER_RECORDING_METADATA,DESED_synth_soundbank.tar.gz; audio/eval/soundbank/foreground/Dishes/325254_2.wav ; official eval license TSV,unknown,clsdoa_v1,PRESENT,true,true,0.254421769,44100,1,0.999969482,-27.115289,-0.000034521,0.000089127,0.963190731,0.009365079,AUTO_FLAG,mostly_silence_or_low_activity
desed:eval:325254_3:clsdoa_v1_srcprep_v1,desed:eval:325254,10,dishes,transient,DESED isolated foreground,Dishes,EXACT,325254,eval,raw/desed/extracted/audio/eval/soundbank/foreground/Dishes/325254_3.wav,0931f2afe9bd49dc5780c9d55af99aa870ad0b346f11ff8e586fa21045b07966,44100,1,0.244036281,http://creativecommons.org/publicdomain/zero/1.0/,PER_RECORDING_METADATA,DESED_synth_soundbank.tar.gz; audio/eval/soundbank/foreground/Dishes/325254_3.wav ; official eval license TSV,unknown,clsdoa_v1,PRESENT,true,true,0.244036281,44100,1,0.683746338,-31.520831,-0.000011660,0.000000000,0.974447129,0.006235828,AUTO_FLAG,mostly_silence_or_low_activity
desed:eval:365519_0:clsdoa_v1_srcprep_v1,desed:eval:365519,10,dishes,transient,DESED isolated foreground,Dishes,EXACT,365519,eval,raw/desed/extracted/audio/eval/soundbank/foreground/Dishes/365519_0.wav,0370956b06427d4422761fb8ef3236ae93feca5cf7e211c454ea98d3221a441d,44100,1,0.258095238,http://creativecommons.org/publicdomain/zero/1.0/,PER_RECORDING_METADATA,DESED_synth_soundbank.tar.gz; audio/eval/soundbank/foreground/Dishes/365519_0.wav ; official eval license TSV,unknown,clsdoa_v1,PRESENT,true,true,0.258095238,44100,1,0.381072998,-27.290215,-0.000072782,0.000000000,0.761465472,0.061564626,AUTO_FLAG,mostly_silence_or_low_activity
desed:eval:365519_1:clsdoa_v1_srcprep_v1,desed:eval:365519,10,dishes,transient,DESED isolated foreground,Dishes,EXACT,365519,eval,raw/desed/extracted/audio/eval/soundbank/foreground/Dishes/365519_1.wav,4812c9c91ed8a621bf16d572d38653f729d3300847b149f0e50d9d3c07debc77,44100,1,0.205578231,http://creativecommons.org/publicdomain/zero/1.0/,PER_RECORDING_METADATA,DESED_synth_soundbank.tar.gz; audio/eval/soundbank/foreground/Dishes/365519_1.wav ; official eval license TSV,unknown,clsdoa_v1,PRESENT,true,true,0.205578231,44100,1,0.966217041,-18.768007,-0.000216851,0.000000000,0.856717406,0.029455782,AUTO_FLAG,mostly_silence_or_low_activity
desed:eval:365519_2:clsdoa_v1_srcprep_v1,desed:eval:365519,10,dishes,transient,DESED isolated foreground,Dishes,EXACT,365519,eval,raw/desed/extracted/audio/eval/soundbank/foreground/Dishes/365519_2.wav,a7e77a7dd297fe642fa75df1ecaca9c1cdd84e9da0cd977e6f6d0c9981dda6c0,44100,1,0.244829932,http://creativecommons.org/publicdomain/zero/1.0/,PER_RECORDING_METADATA,DESED_synth_soundbank.tar.gz; audio/eval/soundbank/foreground/Dishes/365519_2.wav ; official eval license TSV,unknown,clsdoa_v1,PRESENT,true,true,0.244829932,44100,1,0.927368164,-21.271317,0.000027830,0.000000000,0.920903955,0.019365079,AUTO_FLAG,mostly_silence_or_low_activity
desed:eval:377500:clsdoa_v1_srcprep_v1,desed:eval:377500,10,dishes,transient,DESED isolated foreground,Dishes,EXACT,377500,eval,raw/desed/extracted/audio/eval/soundbank/foreground/Dishes/377500.wav,c9d2e5be51ba7cb8813ed1eaf00ce8327f191490fa5b72413edf16a1bc9fed87,44100,1,0.236984127,http://creativecommons.org/publicdomain/zero/1.0/,PER_RECORDING_METADATA,DESED_synth_soundbank.tar.gz; audio/eval/soundbank/foreground/Dishes/377500.wav ; official eval license TSV,unknown,clsdoa_v1,PRESENT,true,true,0.236984127,44100,1,0.498779297,-24.473125,-0.000214146,0.000000000,0.882307913,0.027891156,AUTO_FLAG,mostly_silence_or_low_activity
desed:eval:377501_0:clsdoa_v1_srcprep_v1,desed:eval:377501,10,dishes,transient,DESED isolated foreground,Dishes,EXACT,377501,eval,raw/desed/extracted/audio/eval/soundbank/foreground/Dishes/377501_0.wav,4a8c0d08b60070bb20d221029611c9e73f873bc5a64e765005a7e9b97d2579a4,44100,1,0.354648526,http://creativecommons.org/publicdomain/zero/1.0/,PER_RECORDING_METADATA,DESED_synth_soundbank.tar.gz; audio/eval/soundbank/foreground/Dishes/377501_0.wav ; official eval license TSV,unknown,clsdoa_v1,PRESENT,true,true,0.354648526,44100,1,0.510223389,-24.371010,-0.000213272,0.000000000,0.771994885,0.080861678,AUTO_FLAG,mostly_silence_or_low_activity
desed:eval:377501_1:clsdoa_v1_srcprep_v1,desed:eval:377501,10,dishes,transient,DESED isolated foreground,Dishes,EXACT,377501,eval,raw/desed/extracted/audio/eval/soundbank/foreground/Dishes/377501_1.wav,4bbbbb165eb9bf45d30beec8945d9e5e2e9aecf975dac0b4ad28124f230ff076,44100,1,0.417324263,http://creativecommons.org/publicdomain/zero/1.0/,PER_RECORDING_METADATA,DESED_synth_soundbank.tar.gz; audio/eval/soundbank/foreground/Dishes/377501_1.wav ; official eval license TSV,unknown,clsdoa_v1,PRESENT,true,true,0.417324263,44100,1,0.913177490,-14.201114,0.000225600,0.000000000,0.598456857,0.167573696,AUTO_PASS,
desed:eval:377982:clsdoa_v1_srcprep_v1,desed:eval:377982,10,dishes,transient,DESED isolated foreground,Dishes,EXACT,377982,eval,raw/desed/extracted/audio/eval/soundbank/foreground/Dishes/377982.wav,4d89ebddcf6121ea063738c83142f2fdeb72043eecbdfc056d7ed070a6dde46a,44100,1,7.181655329,http://creativecommons.org/publicdomain/zero/1.0/,PER_RECORDING_METADATA,DESED_synth_soundbank.tar.gz; audio/eval/soundbank/foreground/Dishes/377982.wav ; official eval license TSV,unknown,clsdoa_v1,PRESENT,true,true,7.181655329,44100,1,0.860015869,-30.003894,-0.000001263,0.000000000,0.974601451,0.182403628,AUTO_PASS,
desed:eval:379144_0:clsdoa_v1_srcprep_v1,desed:eval:379144,10,dishes,transient,DESED isolated foreground,Dishes,EXACT,379144,eval,raw/desed/extracted/audio/eval/soundbank/foreground/Dishes/379144_0.wav,22544b3429ef5f3def8f8a3218624acdf9b7305b72d9feb5ea085782de322729,44100,1,0.229931973,http://creativecommons.org/publicdomain/zero/1.0/,PER_RECORDING_METADATA,DESED_synth_soundbank.tar.gz; audio/eval/soundbank/foreground/Dishes/379144_0.wav ; official eval license TSV,unknown,clsdoa_v1,PRESENT,true,true,0.229931973,44100,1,0.429412842,-26.379605,0.000010952,0.000000000,0.846351085,0.035328798,AUTO_FLAG,mostly_silence_or_low_activity
desed:eval:379144_1:clsdoa_v1_srcprep_v1,desed:eval:379144,10,dishes,transient,DESED isolated foreground,Dishes,EXACT,379144,eval,raw/desed/extracted/audio/eval/soundbank/foreground/Dishes/379144_1.wav,877407c0a2db791350ff60f77c9aabe2dca26c8a51c04369724bc54eb0dc3abc,44100,1,0.543129252,http://creativecommons.org/publicdomain/zero/1.0/,PER_RECORDING_METADATA,DESED_synth_soundbank.tar.gz; audio/eval/soundbank/foreground/Dishes/379144_1.wav ; official eval license TSV,unknown,clsdoa_v1,PRESENT,true,true,0.543129252,44100,1,0.346343994,-27.950186,0.000002222,0.000000000,0.811581496,0.102335601,AUTO_PASS,
desed:eval:418508:clsdoa_v1_srcprep_v1,desed:eval:418508,10,dishes,transient,DESED isolated foreground,Dishes,EXACT,418508,eval,raw/desed/extracted/audio/eval/soundbank/foreground/Dishes/418508.wav,4d584fa1878b3551514b1c73ad17b684388d9441abf488344f8a095684192896,44100,1,1.044308390,http://creativecommons.org/publicdomain/zero/1.0/,PER_RECORDING_METADATA,DESED_synth_soundbank.tar.gz; audio/eval/soundbank/foreground/Dishes/418508.wav ; official eval license TSV,unknown,clsdoa_v1,PRESENT,true,true,1.044308390,44100,1,0.365142822,-32.562798,-0.000290153,0.000000000,0.939462370,0.063219955,AUTO_FLAG,mostly_silence_or_low_activity
desed:eval:427113_0:clsdoa_v1_srcprep_v1,desed:eval:427113,10,dishes,transient,DESED isolated foreground,Dishes,EXACT,427113,eval,raw/desed/extracted/audio/eval/soundbank/foreground/Dishes/427113_0.wav,9f62685f47d469ee7ad7e7241eea49a29171b34c2b8aefb995331cc1a6322426,44100,1,0.141836735,http://creativecommons.org/publicdomain/zero/1.0/,PER_RECORDING_METADATA,DESED_synth_soundbank.tar.gz; audio/eval/soundbank/foreground/Dishes/427113_0.wav ; official eval license TSV,unknown,clsdoa_v1,PRESENT,true,true,0.141836735,44100,1,0.057495117,-41.088399,-0.000013851,0.000000000,0.740047962,0.036870748,AUTO_FLAG,mostly_silence_or_low_activity
desed:eval:427113_1:clsdoa_v1_srcprep_v1,desed:eval:427113,10,dishes,transient,DESED isolated foreground,Dishes,EXACT,427113,eval,raw/desed/extracted/audio/eval/soundbank/foreground/Dishes/427113_1.wav,4ed95c7a626b34817cda54af127b175a8826d83c803b5894b88fa652ea0e9c76,44100,1,2.236848073,http://creativecommons.org/publicdomain/zero/1.0/,PER_RECORDING_METADATA,DESED_synth_soundbank.tar.gz; audio/eval/soundbank/foreground/Dishes/427113_1.wav ; official eval license TSV,unknown,clsdoa_v1,PRESENT,true,true,2.236848073,44100,1,0.280242920,-35.684767,0.000020398,0.000000000,0.938111410,0.138435374,AUTO_PASS,
desed:eval:429494_0:clsdoa_v1_srcprep_v1,desed:eval:429494,10,dishes,transient,DESED isolated foreground,Dishes,EXACT,429494,eval,raw/desed/extracted/audio/eval/soundbank/foreground/Dishes/429494_0.wav,e16d0bc6b96e3cdfbebed44eb725c033925f978cf7b3d7be068bdbce190fe96b,44100,1,1.754829932,http://creativecommons.org/publicdomain/zero/1.0/,PER_RECORDING_METADATA,DESED_synth_soundbank.tar.gz; audio/eval/soundbank/foreground/Dishes/429494_0.wav ; official eval license TSV,unknown,clsdoa_v1,PRESENT,true,true,1.754829932,44100,1,0.605194092,-39.150642,-0.000015644,0.000000000,0.996213883,0.006643991,AUTO_FLAG,mostly_silence_or_low_activity
desed:eval:429494_1:clsdoa_v1_srcprep_v1,desed:eval:429494,10,dishes,transient,DESED isolated foreground,Dishes,EXACT,429494,eval,raw/desed/extracted/audio/eval/soundbank/foreground/Dishes/429494_1.wav,e2ef3ac78fcae6f6c0a1a39ece360e4d492433b945d510a2bff8e014381c1279,44100,1,2.568072562,http://creativecommons.org/publicdomain/zero/1.0/,PER_RECORDING_METADATA,DESED_synth_soundbank.tar.gz; audio/eval/soundbank/foreground/Dishes/429494_1.wav ; official eval license TSV,unknown,clsdoa_v1,PRESENT,true,true,2.568072562,44100,1,0.634552002,-39.202144,-0.000011641,0.000000000,0.996379755,0.009297052,AUTO_FLAG,mostly_silence_or_low_activity
desed:eval:429494_2:clsdoa_v1_srcprep_v1,desed:eval:429494,10,dishes,transient,DESED isolated foreground,Dishes,EXACT,429494,eval,raw/desed/extracted/audio/eval/soundbank/foreground/Dishes/429494_2.wav,35b9cb2fcecc13293d90301c9609a7b83b8cc18e123adc651c5160757baf519b,44100,1,0.362653061,http://creativecommons.org/publicdomain/zero/1.0/,PER_RECORDING_METADATA,DESED_synth_soundbank.tar.gz; audio/eval/soundbank/foreground/Dishes/429494_2.wav ; official eval license TSV,unknown,clsdoa_v1,PRESENT,true,true,0.362653061,44100,1,0.254516602,-41.903663,0.000015853,0.000000000,0.988932658,0.004013605,AUTO_FLAG,mostly_silence_or_low_activity
desed:eval:429494_3:clsdoa_v1_srcprep_v1,desed:eval:429494,10,dishes,transient,DESED isolated foreground,Dishes,EXACT,429494,eval,raw/desed/extracted/audio/eval/soundbank/foreground/Dishes/429494_3.wav,5628f41be5bb41fa62a23cd249465d865cf0c6b9433f7ead537865820de1efc7,44100,1,0.304285714,http://creativecommons.org/publicdomain/zero/1.0/,PER_RECORDING_METADATA,DESED_synth_soundbank.tar.gz; audio/eval/soundbank/foreground/Dishes/429494_3.wav ; official eval license TSV,unknown,clsdoa_v1,PRESENT,true,true,0.304285714,44100,1,0.401428223,-39.637060,0.000111152,0.000000000,0.992696922,0.002222222,AUTO_FLAG,mostly_silence_or_low_activity
desed:eval:50114:clsdoa_v1_srcprep_v1,desed:eval:50114,10,dishes,transient,DESED isolated foreground,Dishes,EXACT,50114,eval,raw/desed/extracted/audio/eval/soundbank/foreground/Dishes/50114.wav,0a3d02892466ab7e404ec4eed7a8e732528ed010092a89e62e08287076f5fda2,44100,1,0.634036281,http://creativecommons.org/licenses/by/3.0/,PER_RECORDING_METADATA,DESED_synth_soundbank.tar.gz; audio/eval/soundbank/foreground/Dishes/50114.wav ; official eval license TSV,unknown,clsdoa_v1,PRESENT,true,true,0.634036281,44100,1,0.994964600,-28.118407,-0.000426683,0.000000000,0.993276349,0.004263039,AUTO_FLAG,mostly_silence_or_low_activity
desed:eval:347708:clsdoa_v1_srcprep_v1,desed:eval:347708,7,frying,transient,DESED isolated foreground,Frying,EXACT,347708,eval,raw/desed/extracted/audio/eval/soundbank/foreground/Frying/347708.wav,ae38edc3ce156e90f235e3b5d5f4c8be2e3f73dc5cbc6dc7b2d9da20c7045bd2,44100,1,21.058616780,http://creativecommons.org/licenses/by/3.0/,PER_RECORDING_METADATA,DESED_synth_soundbank.tar.gz; audio/eval/soundbank/foreground/Frying/347708.wav ; official eval license TSV,unknown,clsdoa_v1,PRESENT,true,true,21.058616780,44100,1,0.325561523,-37.888131,-0.000198303,0.000000000,0.973693987,0.553968254,AUTO_PASS,
desed:eval:417995:clsdoa_v1_srcprep_v1,desed:eval:417995,7,frying,transient,DESED isolated foreground,Frying,EXACT,417995,eval,raw/desed/extracted/audio/eval/soundbank/foreground/Frying/417995.wav,05742e2d57c3c7c8ef3d634b30a2501a70e823e5509624a422f646cca421e0d2,44100,1,9.731201814,http://creativecommons.org/publicdomain/zero/1.0/,PER_RECORDING_METADATA,DESED_synth_soundbank.tar.gz; audio/eval/soundbank/foreground/Frying/417995.wav ; official eval license TSV,unknown,clsdoa_v1,PRESENT,true,true,9.731201814,44100,1,0.692932129,-31.191017,-0.000032820,0.000000000,0.971543484,0.276916100,AUTO_PASS,
desed:eval:371615_1:clsdoa_v1_srcprep_v1,desed:eval:371615,6,running_water,transient,DESED isolated foreground,Running_water,EXACT,371615,eval,raw/desed/extracted/audio/eval/soundbank/foreground/Running_water/371615_1.wav,32811f1748d1b23b55016ce362b05c8595adb2ba6bb04d87eaf5d566e66f2714,44100,1,5.693877551,http://creativecommons.org/licenses/by/3.0/,PER_RECORDING_METADATA,DESED_synth_soundbank.tar.gz; audio/eval/soundbank/foreground/Running_water/371615_1.wav ; official eval license TSV,unknown,clsdoa_v1,PRESENT,true,true,5.693877551,44100,1,0.986785889,-18.035470,-0.000029425,0.000000000,0.799195540,1.143356009,AUTO_PASS,
desed:eval:371615_2:clsdoa_v1_srcprep_v1,desed:eval:371615,6,running_water,transient,DESED isolated foreground,Running_water,EXACT,371615,eval,raw/desed/extracted/audio/eval/soundbank/foreground/Running_water/371615_2.wav,2206ad3ad075426eb67924b765eee0b12e6790b5993a29092dd7862fdddbdc17,44100,1,5.204081633,http://creativecommons.org/licenses/by/3.0/,PER_RECORDING_METADATA,DESED_synth_soundbank.tar.gz; audio/eval/soundbank/foreground/Running_water/371615_2.wav ; official eval license TSV,unknown,clsdoa_v1,PRESENT,true,true,5.204081633,44100,1,0.953796387,-29.842897,-0.000095686,0.000000000,0.985908497,0.073333333,AUTO_FLAG,mostly_silence_or_low_activity
desed:eval:371913_1:clsdoa_v1_srcprep_v1,desed:eval:371913,6,running_water,transient,DESED isolated foreground,Running_water,EXACT,371913,eval,raw/desed/extracted/audio/eval/soundbank/foreground/Running_water/371913_1.wav,ea62283d1998484067e81d4226e8d0594cf5eba06b4a91ae9941a4ce8fa759da,44100,1,26.607777778,http://creativecommons.org/publicdomain/zero/1.0/,PER_RECORDING_METADATA,DESED_synth_soundbank.tar.gz; audio/eval/soundbank/foreground/Running_water/371913_1.wav ; official eval license TSV,unknown,clsdoa_v1,PRESENT,true,true,26.607777778,44100,1,0.409576416,-45.974790,-0.000000055,0.000000000,0.998900633,0.029251701,AUTO_FLAG,mostly_silence_or_low_activity
desed:eval:371914_1:clsdoa_v1_srcprep_v1,desed:eval:371914,6,running_water,transient,DESED isolated foreground,Running_water,EXACT,371914,eval,raw/desed/extracted/audio/eval/soundbank/foreground/Running_water/371914_1.wav,04a1b118727c75641b4a09cc96ea99f02c0cca6881e13d714951512efcba443c,44100,1,0.775941043,http://creativecommons.org/publicdomain/zero/1.0/,PER_RECORDING_METADATA,DESED_synth_soundbank.tar.gz; audio/eval/soundbank/foreground/Running_water/371914_1.wav ; official eval license TSV,unknown,clsdoa_v1,PRESENT,true,true,0.775941043,44100,1,0.028472900,-47.598598,-0.000013039,0.000000000,0.739735235,0.201950113,AUTO_PASS,
desed:eval:371918:clsdoa_v1_srcprep_v1,desed:eval:371918,6,running_water,transient,DESED isolated foreground,Running_water,EXACT,371918,eval,raw/desed/extracted/audio/eval/soundbank/foreground/Running_water/371918.wav,f64b79cdc6b7d98bd868351d08ff32b5a44ed25cc3f1cdb276596e193b74f0c6,44100,1,7.284421769,http://creativecommons.org/publicdomain/zero/1.0/,PER_RECORDING_METADATA,DESED_synth_soundbank.tar.gz; audio/eval/soundbank/foreground/Running_water/371918.wav ; official eval license TSV,unknown,clsdoa_v1,PRESENT,true,true,7.284421769,44100,1,0.030487061,-50.327876,-0.000018857,0.000000000,0.753068549,1.798752834,AUTO_PASS,
desed:eval:371920_1:clsdoa_v1_srcprep_v1,desed:eval:371920,6,running_water,transient,DESED isolated foreground,Running_water,EXACT,371920,eval,raw/desed/extracted/audio/eval/soundbank/foreground/Running_water/371920_1.wav,f5517f46cbf90877c60abce9aca84becf099b24bac1fcef30a0f1dad3d9628e0,44100,1,0.651904762,http://creativecommons.org/publicdomain/zero/1.0/,PER_RECORDING_METADATA,DESED_synth_soundbank.tar.gz; audio/eval/soundbank/foreground/Running_water/371920_1.wav ; official eval license TSV,unknown,clsdoa_v1,PRESENT,true,true,0.651904762,44100,1,0.224456787,-32.600914,0.000044502,0.000000000,0.859160319,0.091814059,AUTO_FLAG,mostly_silence_or_low_activity
desed:eval:371920_2:clsdoa_v1_srcprep_v1,desed:eval:371920,6,running_water,transient,DESED isolated foreground,Running_water,EXACT,371920,eval,raw/desed/extracted/audio/eval/soundbank/foreground/Running_water/371920_2.wav,d9f3c94b48441dfccc040ab0396329eed8e3159479c8f95b05052bf89324958e,44100,1,0.676054422,http://creativecommons.org/publicdomain/zero/1.0/,PER_RECORDING_METADATA,DESED_synth_soundbank.tar.gz; audio/eval/soundbank/foreground/Running_water/371920_2.wav ; official eval license TSV,unknown,clsdoa_v1,PRESENT,true,true,0.676054422,44100,1,0.090148926,-40.511235,-0.000011553,0.000000000,0.794995640,0.138594104,AUTO_PASS,
desed:eval:406066_1:clsdoa_v1_srcprep_v1,desed:eval:406066,6,running_water,transient,DESED isolated foreground,Running_water,EXACT,406066,eval,raw/desed/extracted/audio/eval/soundbank/foreground/Running_water/406066_1.wav,c414248fbdb9b48a3262e779ad7d4cf2d40e5730393302af3cc18d72bf17ec67,44100,1,8.548911565,http://creativecommons.org/publicdomain/zero/1.0/,PER_RECORDING_METADATA,DESED_synth_soundbank.tar.gz; audio/eval/soundbank/foreground/Running_water/406066_1.wav ; official eval license TSV,unknown,clsdoa_v1,PRESENT,true,true,8.548911565,44100,1,0.177124023,-38.188345,-0.003162583,0.000000000,0.872206617,1.092494331,AUTO_PASS,
desed:eval:406067_1:clsdoa_v1_srcprep_v1,desed:eval:406067,6,running_water,transient,DESED isolated foreground,Running_water,EXACT,406067,eval,raw/desed/extracted/audio/eval/soundbank/foreground/Running_water/406067_1.wav,fe827e28f526557743de6fb4072b8de726c5d840aa6f15742cb67478c2f994da,44100,1,2.554104308,http://creativecommons.org/publicdomain/zero/1.0/,PER_RECORDING_METADATA,DESED_synth_soundbank.tar.gz; audio/eval/soundbank/foreground/Running_water/406067_1.wav ; official eval license TSV,unknown,clsdoa_v1,PRESENT,true,true,2.554104308,44100,1,0.095733643,-39.911083,-0.003920118,0.000000000,0.714904649,0.728163265,AUTO_PASS,
desed:eval:406230:clsdoa_v1_srcprep_v1,desed:eval:406230,6,running_water,transient,DESED isolated foreground,Running_water,EXACT,406230,eval,raw/desed/extracted/audio/eval/soundbank/foreground/Running_water/406230.wav,c4dee1d135b1aac2c21eb09f8cbb4a8c6f39ff2af35861fe4d82d8fcfdac7d09,44100,1,8.820952381,http://creativecommons.org/publicdomain/zero/1.0/,PER_RECORDING_METADATA,DESED_synth_soundbank.tar.gz; audio/eval/soundbank/foreground/Running_water/406230.wav ; official eval license TSV,unknown,clsdoa_v1,PRESENT,true,true,8.820952381,44100,1,0.106964111,-35.969214,-0.000014881,0.000000000,0.519043506,4.242494331,AUTO_PASS,
desed:eval:408348_1:clsdoa_v1_srcprep_v1,desed:eval:408348,6,running_water,transient,DESED isolated foreground,Running_water,EXACT,408348,eval,raw/desed/extracted/audio/eval/soundbank/foreground/Running_water/408348_1.wav,49f2cf866328b42c27eabf19e498f0beaca04f0f8c2de338929d4ca2add4c8ec,44100,1,14.630000000,http://creativecommons.org/licenses/by-nc/3.0/,PER_RECORDING_METADATA,DESED_synth_soundbank.tar.gz; audio/eval/soundbank/foreground/Running_water/408348_1.wav ; official eval license TSV,unknown,clsdoa_v1,PRESENT,true,true,14.630000000,44100,1,0.344116211,-31.266695,-0.000012395,0.000000000,0.890835623,1.597074830,AUTO_PASS,
desed:eval:41634:clsdoa_v1_srcprep_v1,desed:eval:41634,6,running_water,transient,DESED isolated foreground,Running_water,EXACT,41634,eval,raw/desed/extracted/audio/eval/soundbank/foreground/Running_water/41634.wav,330a4f18d9f62461ab953ab6d4122db4a21b07b6d0ba1d21ece44b50f1d7c21f,44100,1,1.209569161,http://creativecommons.org/licenses/by/3.0/,PER_RECORDING_METADATA,DESED_synth_soundbank.tar.gz; audio/eval/soundbank/foreground/Running_water/41634.wav ; official eval license TSV,unknown,clsdoa_v1,PRESENT,true,true,1.209569161,44100,1,0.160491943,-37.603773,-0.000021051,0.000000000,0.846050017,0.186213152,AUTO_PASS,
desed:eval:49538_1:clsdoa_v1_srcprep_v1,desed:eval:49538,6,running_water,transient,DESED isolated foreground,Running_water,EXACT,49538,eval,raw/desed/extracted/audio/eval/soundbank/foreground/Running_water/49538_1.wav,b0763c0a847221dad75bb925726f8e9a22448d97e0eab8930e7d2b01e43fa133,44100,1,8.581496599,http://creativecommons.org/licenses/sampling+/1.0/,PER_RECORDING_METADATA,DESED_synth_soundbank.tar.gz; audio/eval/soundbank/foreground/Running_water/49538_1.wav ; official eval license TSV,unknown,clsdoa_v1,PRESENT,true,true,8.581496599,44100,1,0.110870361,-39.055281,0.000003653,0.000000000,0.756920443,2.085986395,AUTO_PASS,
desed:eval:588_1:clsdoa_v1_srcprep_v1,desed:eval:588,6,running_water,transient,DESED isolated foreground,Running_water,EXACT,588,eval,raw/desed/extracted/audio/eval/soundbank/foreground/Running_water/588_1.wav,2469c308e0f6849f34b70ff27167c7096a36acaa6d8df35019fe7081559e329b,44100,1,12.274421769,http://creativecommons.org/licenses/by/3.0/,PER_RECORDING_METADATA,DESED_synth_soundbank.tar.gz; audio/eval/soundbank/foreground/Running_water/588_1.wav ; official eval license TSV,unknown,clsdoa_v1,PRESENT,true,true,12.274421769,44100,1,0.148498535,-33.529366,-0.000000101,0.000000000,0.665905539,4.100816327,AUTO_PASS,
desed:eval:589_1:clsdoa_v1_srcprep_v1,desed:eval:589,6,running_water,transient,DESED isolated foreground,Running_water,EXACT,589,eval,raw/desed/extracted/audio/eval/soundbank/foreground/Running_water/589_1.wav,57de8c8ada22a1bce8c44e8c612bc5659c8bf954ca965102c278ba6c07ca8545,44100,1,10.690294785,http://creativecommons.org/licenses/by/3.0/,PER_RECORDING_METADATA,DESED_synth_soundbank.tar.gz; audio/eval/soundbank/foreground/Running_water/589_1.wav ; official eval license TSV,unknown,clsdoa_v1,PRESENT,true,true,10.690294785,44100,1,0.735290527,-24.322240,-0.000109705,0.000000000,0.820612080,1.917709751,AUTO_PASS,
desed:eval:71218_1:clsdoa_v1_srcprep_v1,desed:eval:71218,6,running_water,transient,DESED isolated foreground,Running_water,EXACT,71218,eval,raw/desed/extracted/audio/eval/soundbank/foreground/Running_water/71218_1.wav,d2f0efc46c7ba9012609b1b1f873df808fd0d89a7309452ace948c696fe75c16,44100,1,10.673287982,http://creativecommons.org/publicdomain/zero/1.0/,PER_RECORDING_METADATA,DESED_synth_soundbank.tar.gz; audio/eval/soundbank/foreground/Running_water/71218_1.wav ; official eval license TSV,unknown,clsdoa_v1,PRESENT,true,true,10.673287982,44100,1,0.750000000,-20.042647,-0.000048550,0.000000000,0.747703381,2.692834467,AUTO_PASS,
desed:eval:99181_1:clsdoa_v1_srcprep_v1,desed:eval:99181,6,running_water,transient,DESED isolated foreground,Running_water,EXACT,99181,eval,raw/desed/extracted/audio/eval/soundbank/foreground/Running_water/99181_1.wav,618f403f40f3da2815381401dc826b221f364e6305e876b8a07bafd03ebc2f67,44100,1,8.314126984,http://creativecommons.org/licenses/by-nc/3.0/,PER_RECORDING_METADATA,DESED_synth_soundbank.tar.gz; audio/eval/soundbank/foreground/Running_water/99181_1.wav ; official eval license TSV,unknown,clsdoa_v1,PRESENT,true,true,8.314126984,44100,1,0.849182129,-19.161020,0.001309415,0.000000000,0.656269006,2.857823129,AUTO_PASS,
desed:eval:122204:clsdoa_v1_srcprep_v1,desed:eval:122204,5,speech,transient,DESED isolated foreground,Speech,EXACT,122204,eval,raw/desed/extracted/audio/eval/soundbank/foreground/Speech/122204.wav,7647c31671c21bb04ab8b64274ae799accca514e8fcdac7513d05270356b0a60,44100,1,0.786031746,http://creativecommons.org/licenses/by/3.0/,PER_RECORDING_METADATA,DESED_synth_soundbank.tar.gz; audio/eval/soundbank/foreground/Speech/122204.wav ; official eval license TSV,unknown,clsdoa_v1,PRESENT,true,true,0.786031746,44100,1,0.401885986,-21.827339,-0.000023131,0.000000000,0.584006462,0.326984127,AUTO_PASS,
desed:eval:146291:clsdoa_v1_srcprep_v1,desed:eval:146291,5,speech,transient,DESED isolated foreground,Speech,EXACT,146291,eval,raw/desed/extracted/audio/eval/soundbank/foreground/Speech/146291.wav,f62863928c2a713be2b30b74fa678cc06cba97eae026b1cc4b2db361c3db6a7e,44100,1,1.059931973,http://creativecommons.org/publicdomain/zero/1.0/,PER_RECORDING_METADATA,DESED_synth_soundbank.tar.gz; audio/eval/soundbank/foreground/Speech/146291.wav ; official eval license TSV,unknown,clsdoa_v1,PRESENT,true,true,1.059931973,44100,1,0.609283447,-15.601949,-0.035116982,0.000000000,0.374922448,0.662539683,AUTO_PASS,
desed:eval:189361:clsdoa_v1_srcprep_v1,desed:eval:189361,5,speech,transient,DESED isolated foreground,Speech,EXACT,189361,eval,raw/desed/extracted/audio/eval/soundbank/foreground/Speech/189361.wav,74f479054b39ef7eb69784f054012c1399820cde3224cb4c3c968e47ff41f8b9,44100,1,0.601201814,http://creativecommons.org/licenses/by/3.0/,PER_RECORDING_METADATA,DESED_synth_soundbank.tar.gz; audio/eval/soundbank/foreground/Speech/189361.wav ; official eval license TSV,unknown,clsdoa_v1,PRESENT,true,true,0.601201814,44100,1,0.926635742,-15.144138,-0.000008700,0.000000000,0.593369291,0.244467120,AUTO_PASS,
desed:eval:189377:clsdoa_v1_srcprep_v1,desed:eval:189377,5,speech,transient,DESED isolated foreground,Speech,EXACT,189377,eval,raw/desed/extracted/audio/eval/soundbank/foreground/Speech/189377.wav,ab2337cf5879850830638f376ed7000e3be9b88d50981b0077bdc30fae475bf6,44100,1,0.859750567,http://creativecommons.org/licenses/by/3.0/,PER_RECORDING_METADATA,DESED_synth_soundbank.tar.gz; audio/eval/soundbank/foreground/Speech/189377.wav ; official eval license TSV,unknown,clsdoa_v1,PRESENT,true,true,0.859750567,44100,1,0.777648926,-20.924988,0.000047299,0.000000000,0.820888830,0.153990930,AUTO_PASS,
desed:eval:189382:clsdoa_v1_srcprep_v1,desed:eval:189382,5,speech,transient,DESED isolated foreground,Speech,EXACT,189382,eval,raw/desed/extracted/audio/eval/soundbank/foreground/Speech/189382.wav,51552a71de67d56165f78126e761d5b458162a2c3c1fb55b220b563172f94201,44100,1,0.666916100,http://creativecommons.org/licenses/by/3.0/,PER_RECORDING_METADATA,DESED_synth_soundbank.tar.gz; audio/eval/soundbank/foreground/Speech/189382.wav ; official eval license TSV,unknown,clsdoa_v1,PRESENT,true,true,0.666916100,44100,1,0.890350342,-17.106200,0.000069011,0.000000000,0.600149604,0.266666667,AUTO_PASS,
desed:eval:189386:clsdoa_v1_srcprep_v1,desed:eval:189386,5,speech,transient,DESED isolated foreground,Speech,EXACT,189386,eval,raw/desed/extracted/audio/eval/soundbank/foreground/Speech/189386.wav,3af564b749577012af5c467c9fea4a134ae05635f545fcddbb8fa16654d58933,44100,1,0.724512472,http://creativecommons.org/licenses/by/3.0/,PER_RECORDING_METADATA,DESED_synth_soundbank.tar.gz; audio/eval/soundbank/foreground/Speech/189386.wav ; official eval license TSV,unknown,clsdoa_v1,PRESENT,true,true,0.724512472,44100,1,0.811920166,-18.305382,0.000002320,0.000000000,0.676285562,0.234535147,AUTO_PASS,
desed:eval:189405:clsdoa_v1_srcprep_v1,desed:eval:189405,5,speech,transient,DESED isolated foreground,Speech,EXACT,189405,eval,raw/desed/extracted/audio/eval/soundbank/foreground/Speech/189405.wav,ab24e748c9a77eff1d758231e6e2dcef6551b05ab79fe340615fcefa4cb44fa3,44100,1,0.824444444,http://creativecommons.org/licenses/by/3.0/,PER_RECORDING_METADATA,DESED_synth_soundbank.tar.gz; audio/eval/soundbank/foreground/Speech/189405.wav ; official eval license TSV,unknown,clsdoa_v1,PRESENT,true,true,0.824444444,44100,1,0.522186279,-20.121393,0.000002299,0.000000000,0.554898509,0.366961451,AUTO_PASS,
desed:eval:189407:clsdoa_v1_srcprep_v1,desed:eval:189407,5,speech,transient,DESED isolated foreground,Speech,EXACT,189407,eval,raw/desed/extracted/audio/eval/soundbank/foreground/Speech/189407.wav,0d20fc4f8e8b9f37eaa85962073133e644f8105c275d4c3a8eb9d67458623225,44100,1,0.839863946,http://creativecommons.org/licenses/by/3.0/,PER_RECORDING_METADATA,DESED_synth_soundbank.tar.gz; audio/eval/soundbank/foreground/Speech/189407.wav ; official eval license TSV,unknown,clsdoa_v1,PRESENT,true,true,0.839863946,44100,1,0.927612305,-17.422316,-0.000026699,0.000000000,0.695096927,0.256077098,AUTO_PASS,
desed:eval:189410:clsdoa_v1_srcprep_v1,desed:eval:189410,5,speech,transient,DESED isolated foreground,Speech,EXACT,189410,eval,raw/desed/extracted/audio/eval/soundbank/foreground/Speech/189410.wav,8012fbf53f9664d598714bb599e9e06d57e49c205913b4a775791937114b5d02,44100,1,0.719183673,http://creativecommons.org/licenses/by/3.0/,PER_RECORDING_METADATA,DESED_synth_soundbank.tar.gz; audio/eval/soundbank/foreground/Speech/189410.wav ; official eval license TSV,unknown,clsdoa_v1,PRESENT,true,true,0.719183673,44100,1,0.773498535,-18.177172,-0.000002508,0.000000000,0.693908437,0.220136054,AUTO_PASS,
desed:eval:189413:clsdoa_v1_srcprep_v1,desed:eval:189413,5,speech,transient,DESED isolated foreground,Speech,EXACT,189413,eval,raw/desed/extracted/audio/eval/soundbank/foreground/Speech/189413.wav,7168463601d7bbeec0de5b4e20c8fbba7bcfdcbf91fbcaa526694853d784faf0,44100,1,0.650476190,http://creativecommons.org/licenses/by/3.0/,PER_RECORDING_METADATA,DESED_synth_soundbank.tar.gz; audio/eval/soundbank/foreground/Speech/189413.wav ; official eval license TSV,unknown,clsdoa_v1,PRESENT,true,true,0.650476190,44100,1,0.538055420,-19.806497,0.000007221,0.000000000,0.625740779,0.243446712,AUTO_PASS,
desed:eval:189415:clsdoa_v1_srcprep_v1,desed:eval:189415,5,speech,transient,DESED isolated foreground,Speech,EXACT,189415,eval,raw/desed/extracted/audio/eval/soundbank/foreground/Speech/189415.wav,0819de8bd483f008b65061764376352d8f7316c5bd1f547d5e8336c5d8290ca2,44100,1,0.802154195,http://creativecommons.org/licenses/by/3.0/,PER_RECORDING_METADATA,DESED_synth_soundbank.tar.gz; audio/eval/soundbank/foreground/Speech/189415.wav ; official eval license TSV,unknown,clsdoa_v1,PRESENT,true,true,0.802154195,44100,1,0.944030762,-17.944179,0.000013733,0.000000000,0.760650177,0.191995465,AUTO_PASS,
desed:eval:189419:clsdoa_v1_srcprep_v1,desed:eval:189419,5,speech,transient,DESED isolated foreground,Speech,EXACT,189419,eval,raw/desed/extracted/audio/eval/soundbank/foreground/Speech/189419.wav,6c8de84ffcc9643b883ebe5b92e47c63df6607e6b6c7d95ce9e4751c455f7e02,44100,1,0.990385488,http://creativecommons.org/licenses/by/3.0/,PER_RECORDING_METADATA,DESED_synth_soundbank.tar.gz; audio/eval/soundbank/foreground/Speech/189419.wav ; official eval license TSV,unknown,clsdoa_v1,PRESENT,true,true,0.990385488,44100,1,0.606353760,-20.114676,-0.000009589,0.000000000,0.633414232,0.363061224,AUTO_PASS,
desed:eval:189420:clsdoa_v1_srcprep_v1,desed:eval:189420,5,speech,transient,DESED isolated foreground,Speech,EXACT,189420,eval,raw/desed/extracted/audio/eval/soundbank/foreground/Speech/189420.wav,dd66951af835b78a791e4811618a9e11bf47f782c2d6170623faa974310d121d,44100,1,0.622199546,http://creativecommons.org/licenses/by/3.0/,PER_RECORDING_METADATA,DESED_synth_soundbank.tar.gz; audio/eval/soundbank/foreground/Speech/189420.wav ; official eval license TSV,unknown,clsdoa_v1,PRESENT,true,true,0.622199546,44100,1,0.653106689,-18.150645,0.000042614,0.000000000,0.608841430,0.243378685,AUTO_PASS,
desed:eval:189421:clsdoa_v1_srcprep_v1,desed:eval:189421,5,speech,transient,DESED isolated foreground,Speech,EXACT,189421,eval,raw/desed/extracted/audio/eval/soundbank/foreground/Speech/189421.wav,2e242951ff3cb78cec692a4ef7dfc0989b136fd84d93c16f1b3531b804fb52c2,44100,1,0.841179138,http://creativecommons.org/licenses/by/3.0/,PER_RECORDING_METADATA,DESED_synth_soundbank.tar.gz; audio/eval/soundbank/foreground/Speech/189421.wav ; official eval license TSV,unknown,clsdoa_v1,PRESENT,true,true,0.841179138,44100,1,0.685760498,-19.508172,0.000019339,0.000000000,0.626752210,0.313968254,AUTO_PASS,
desed:eval:189433:clsdoa_v1_srcprep_v1,desed:eval:189433,5,speech,transient,DESED isolated foreground,Speech,EXACT,189433,eval,raw/desed/extracted/audio/eval/soundbank/foreground/Speech/189433.wav,16de5580ec4d9ab005974d832dcd7574fd48b8c3906ad83d02b2665d64696238,44100,1,0.783696145,http://creativecommons.org/licenses/by/3.0/,PER_RECORDING_METADATA,DESED_synth_soundbank.tar.gz; audio/eval/soundbank/foreground/Speech/189433.wav ; official eval license TSV,unknown,clsdoa_v1,PRESENT,true,true,0.783696145,44100,1,0.740447998,-18.519626,0.000036550,0.000000000,0.609993924,0.305646259,AUTO_PASS,
desed:eval:236348:clsdoa_v1_srcprep_v1,desed:eval:236348,5,speech,transient,DESED isolated foreground,Speech,EXACT,236348,eval,raw/desed/extracted/audio/eval/soundbank/foreground/Speech/236348.wav,b89c13c0455ff7fdb27800bb191d037e0a7117a6a66797ce505e74ebbae1f8f2,44100,1,2.250000000,http://creativecommons.org/licenses/by/3.0/,PER_RECORDING_METADATA,DESED_synth_soundbank.tar.gz; audio/eval/soundbank/foreground/Speech/236348.wav ; official eval license TSV,unknown,clsdoa_v1,PRESENT,true,true,2.250000000,44100,1,0.449920654,-27.708708,-0.000007830,0.000000000,0.897425044,0.230793651,AUTO_PASS,
desed:eval:236368:clsdoa_v1_srcprep_v1,desed:eval:236368,5,speech,transient,DESED isolated foreground,Speech,EXACT,236368,eval,raw/desed/extracted/audio/eval/soundbank/foreground/Speech/236368.wav,533bece9ea0fb42d5be135c1ce7c62db60ec7cf77df169dd3ce571a266ba34b6,44100,1,0.523560091,http://creativecommons.org/licenses/by/3.0/,PER_RECORDING_METADATA,DESED_synth_soundbank.tar.gz; audio/eval/soundbank/foreground/Speech/236368.wav ; official eval license TSV,unknown,clsdoa_v1,PRESENT,true,true,0.523560091,44100,1,0.348297119,-22.177382,0.000328113,0.000000000,0.476114167,0.274285714,AUTO_PASS,
desed:eval:236420:clsdoa_v1_srcprep_v1,desed:eval:236420,5,speech,transient,DESED isolated foreground,Speech,EXACT,236420,eval,raw/desed/extracted/audio/eval/soundbank/foreground/Speech/236420.wav,269237d8823ed68f2062ef70949a5aeb306fe595ffc1e7c8c51515ec9d1650fe,44100,1,2.374988662,http://creativecommons.org/licenses/by/3.0/,PER_RECORDING_METADATA,DESED_synth_soundbank.tar.gz; audio/eval/soundbank/foreground/Speech/236420.wav ; official eval license TSV,unknown,clsdoa_v1,PRESENT,true,true,2.374988662,44100,1,0.478454590,-28.900946,0.000093860,0.000000000,0.917774998,0.195283447,AUTO_PASS,
desed:eval:236487_0:clsdoa_v1_srcprep_v1,desed:eval:236487,5,speech,transient,DESED isolated foreground,Speech,EXACT,236487,eval,raw/desed/extracted/audio/eval/soundbank/foreground/Speech/236487_0.wav,c9dfeed267fe851bef5976165d7ccd441ed07b3bc72f2505263d8d6cbfe798e7,44100,1,0.798480726,http://creativecommons.org/licenses/by/3.0/,PER_RECORDING_METADATA,DESED_synth_soundbank.tar.gz; audio/eval/soundbank/foreground/Speech/236487_0.wav ; official eval license TSV,unknown,clsdoa_v1,PRESENT,true,true,0.798480726,44100,1,0.351989746,-23.133203,0.000037463,0.000000000,0.573481385,0.340566893,AUTO_PASS,
desed:eval:236487_1:clsdoa_v1_srcprep_v1,desed:eval:236487,5,speech,transient,DESED isolated foreground,Speech,EXACT,236487,eval,raw/desed/extracted/audio/eval/soundbank/foreground/Speech/236487_1.wav,3444bfc3575074068171264bf2cdcdede8f7d0b8517dcffa3c207b5eb107e5d8,44100,1,0.565986395,http://creativecommons.org/licenses/by/3.0/,PER_RECORDING_METADATA,DESED_synth_soundbank.tar.gz; audio/eval/soundbank/foreground/Speech/236487_1.wav ; official eval license TSV,unknown,clsdoa_v1,PRESENT,true,true,0.565986395,44100,1,0.244934082,-27.260738,-0.000150541,0.000000000,0.683293269,0.179251701,AUTO_PASS,
desed:eval:236487_2:clsdoa_v1_srcprep_v1,desed:eval:236487,5,speech,transient,DESED isolated foreground,Speech,EXACT,236487,eval,raw/desed/extracted/audio/eval/soundbank/foreground/Speech/236487_2.wav,1c2f1869862d6a2e6b3aad8a0f7f9b4a07682236f4c6aa1d02392a0b9e72d0dd,44100,1,0.408480726,http://creativecommons.org/licenses/by/3.0/,PER_RECORDING_METADATA,DESED_synth_soundbank.tar.gz; audio/eval/soundbank/foreground/Speech/236487_2.wav ; official eval license TSV,unknown,clsdoa_v1,PRESENT,true,true,0.408480726,44100,1,0.453674316,-22.990046,-0.000393327,0.000000000,0.752470301,0.101111111,AUTO_PASS,
desed:eval:236487_3:clsdoa_v1_srcprep_v1,desed:eval:236487,5,speech,transient,DESED isolated foreground,Speech,EXACT,236487,eval,raw/desed/extracted/audio/eval/soundbank/foreground/Speech/236487_3.wav,32700ecd3682e36efb8fea114521f44532d11b8ff6de01c4a67953641c024942,44100,1,0.514580499,http://creativecommons.org/licenses/by/3.0/,PER_RECORDING_METADATA,DESED_synth_soundbank.tar.gz; audio/eval/soundbank/foreground/Speech/236487_3.wav ; official eval license TSV,unknown,clsdoa_v1,PRESENT,true,true,0.514580499,44100,1,0.220245361,-26.125932,0.000552735,0.000000000,0.545366413,0.233945578,AUTO_PASS,
desed:eval:236531:clsdoa_v1_srcprep_v1,desed:eval:236531,5,speech,transient,DESED isolated foreground,Speech,EXACT,236531,eval,raw/desed/extracted/audio/eval/soundbank/foreground/Speech/236531.wav,86d99f057508927b3445bf2ab947501de7cb019e29b2ecce167524bab0a1ce6e,44100,1,0.692970522,http://creativecommons.org/licenses/by/3.0/,PER_RECORDING_METADATA,DESED_synth_soundbank.tar.gz; audio/eval/soundbank/foreground/Speech/236531.wav ; official eval license TSV,unknown,clsdoa_v1,PRESENT,true,true,0.692970522,44100,1,0.570983887,-20.011929,-0.000037254,0.000000000,0.648200262,0.243786848,AUTO_PASS,
desed:eval:236561_0:clsdoa_v1_srcprep_v1,desed:eval:236561,5,speech,transient,DESED isolated foreground,Speech,EXACT,236561,eval,raw/desed/extracted/audio/eval/soundbank/foreground/Speech/236561_0.wav,3246d5606611e8d144c3505910735104c718d0790874d4e8ad9e86d4d80a775e,44100,1,1.402063492,http://creativecommons.org/licenses/by/3.0/,PER_RECORDING_METADATA,DESED_synth_soundbank.tar.gz; audio/eval/soundbank/foreground/Speech/236561_0.wav ; official eval license TSV,unknown,clsdoa_v1,PRESENT,true,true,1.402063492,44100,1,0.321868896,-25.889073,0.000031323,0.000000000,0.678623991,0.450589569,AUTO_PASS,
desed:eval:236561_1:clsdoa_v1_srcprep_v1,desed:eval:236561,5,speech,transient,DESED isolated foreground,Speech,EXACT,236561,eval,raw/desed/extracted/audio/eval/soundbank/foreground/Speech/236561_1.wav,c01b2a796d7e74121388b000803c08503822a66619236b8b1fd7269b5a69f35f,44100,1,1.391950113,http://creativecommons.org/licenses/by/3.0/,PER_RECORDING_METADATA,DESED_synth_soundbank.tar.gz; audio/eval/soundbank/foreground/Speech/236561_1.wav ; official eval license TSV,unknown,clsdoa_v1,PRESENT,true,true,1.391950113,44100,1,0.461486816,-23.269289,-0.000000642,0.000000000,0.695006924,0.424535147,AUTO_PASS,
desed:eval:236561_2:clsdoa_v1_srcprep_v1,desed:eval:236561,5,speech,transient,DESED isolated foreground,Speech,EXACT,236561,eval,raw/desed/extracted/audio/eval/soundbank/foreground/Speech/236561_2.wav,b698a638cb2c66f39c785a9e4945dfea46ec6ef993a0f8932274548099fa815b,44100,1,0.544829932,http://creativecommons.org/licenses/by/3.0/,PER_RECORDING_METADATA,DESED_synth_soundbank.tar.gz; audio/eval/soundbank/foreground/Speech/236561_2.wav ; official eval license TSV,unknown,clsdoa_v1,PRESENT,true,true,0.544829932,44100,1,0.193267822,-29.861679,0.000121851,0.000000000,0.671577808,0.178934240,AUTO_PASS,
desed:eval:236605:clsdoa_v1_srcprep_v1,desed:eval:236605,5,speech,transient,DESED isolated foreground,Speech,EXACT,236605,eval,raw/desed/extracted/audio/eval/soundbank/foreground/Speech/236605.wav,9495e1133018d06d42c5d8a104c25920293923ed566bc47b2ebb0b6ad60cada8,44100,1,0.675714286,http://creativecommons.org/licenses/by/3.0/,PER_RECORDING_METADATA,DESED_synth_soundbank.tar.gz; audio/eval/soundbank/foreground/Speech/236605.wav ; official eval license TSV,unknown,clsdoa_v1,PRESENT,true,true,0.675714286,44100,1,0.677398682,-18.848910,-0.000108042,0.000000000,0.663243733,0.227551020,AUTO_PASS,
desed:eval:236651:clsdoa_v1_srcprep_v1,desed:eval:236651,5,speech,transient,DESED isolated foreground,Speech,EXACT,236651,eval,raw/desed/extracted/audio/eval/soundbank/foreground/Speech/236651.wav,9d97e514951959f6b8ccb3ff811f2cf35e5f535c9f5131784e29af02e63ebbf7,44100,1,0.761519274,http://creativecommons.org/licenses/by/3.0/,PER_RECORDING_METADATA,DESED_synth_soundbank.tar.gz; audio/eval/soundbank/foreground/Speech/236651.wav ; official eval license TSV,unknown,clsdoa_v1,PRESENT,true,true,0.761519274,44100,1,0.441619873,-20.742664,0.000061846,0.000000000,0.531399815,0.356848073,AUTO_PASS,
desed:eval:277010_0:clsdoa_v1_srcprep_v1,desed:eval:277010,5,speech,transient,DESED isolated foreground,Speech,EXACT,277010,eval,raw/desed/extracted/audio/eval/soundbank/foreground/Speech/277010_0.wav,7334aafe351d59c1ea6213114807ff48165c6a26232a8aedc2ae96bbc5caaeed,44100,1,2.405963719,http://creativecommons.org/licenses/by-nc/3.0/,PER_RECORDING_METADATA,DESED_synth_soundbank.tar.gz; audio/eval/soundbank/foreground/Speech/277010_0.wav ; official eval license TSV,unknown,clsdoa_v1,PRESENT,true,true,2.405963719,44100,1,0.799133301,-17.501843,0.000009345,0.000000000,0.624930492,0.902403628,AUTO_PASS,
desed:eval:277010_1:clsdoa_v1_srcprep_v1,desed:eval:277010,5,speech,transient,DESED isolated foreground,Speech,EXACT,277010,eval,raw/desed/extracted/audio/eval/soundbank/foreground/Speech/277010_1.wav,e9296c38327b4daafdefab307db311e8be63c899df6b622dbb7f47073eb43f5b,44100,1,2.405804989,http://creativecommons.org/licenses/by-nc/3.0/,PER_RECORDING_METADATA,DESED_synth_soundbank.tar.gz; audio/eval/soundbank/foreground/Speech/277010_1.wav ; official eval license TSV,unknown,clsdoa_v1,PRESENT,true,true,2.405804989,44100,1,0.610076904,-20.268363,0.000001610,0.000000000,0.627978435,0.895011338,AUTO_PASS,
desed:eval:277010_2:clsdoa_v1_srcprep_v1,desed:eval:277010,5,speech,transient,DESED isolated foreground,Speech,EXACT,277010,eval,raw/desed/extracted/audio/eval/soundbank/foreground/Speech/277010_2.wav,1d575ee55137e986fd9869a653d68fd8abefa902f0a62fd8b1dcd34ba5214b2a,44100,1,0.818321995,http://creativecommons.org/licenses/by-nc/3.0/,PER_RECORDING_METADATA,DESED_synth_soundbank.tar.gz; audio/eval/soundbank/foreground/Speech/277010_2.wav ; official eval license TSV,unknown,clsdoa_v1,PRESENT,true,true,0.818321995,44100,1,0.352020264,-22.791328,0.000010196,0.000000000,0.631594990,0.301473923,AUTO_PASS,
desed:eval:277010_3:clsdoa_v1_srcprep_v1,desed:eval:277010,5,speech,transient,DESED isolated foreground,Speech,EXACT,277010,eval,raw/desed/extracted/audio/eval/soundbank/foreground/Speech/277010_3.wav,a4d1322bdb0af47147c402feaa370d97dee47f0c4297d5cdb73d452932e61377,44100,1,1.036349206,http://creativecommons.org/licenses/by-nc/3.0/,PER_RECORDING_METADATA,DESED_synth_soundbank.tar.gz; audio/eval/soundbank/foreground/Speech/277010_3.wav ; official eval license TSV,unknown,clsdoa_v1,PRESENT,true,true,1.036349206,44100,1,0.488464355,-21.937743,0.000002704,0.000000000,0.645931339,0.366938776,AUTO_PASS,
desed:eval:361089_0:clsdoa_v1_srcprep_v1,desed:eval:361089,5,speech,transient,DESED isolated foreground,Speech,EXACT,361089,eval,raw/desed/extracted/audio/eval/soundbank/foreground/Speech/361089_0.wav,3e07db755e5fe9b219bde3f661b5c18832642621a805225aa2f4364556fedf53,44100,1,2.292675737,http://creativecommons.org/publicdomain/zero/1.0/,PER_RECORDING_METADATA,DESED_synth_soundbank.tar.gz; audio/eval/soundbank/foreground/Speech/361089_0.wav ; official eval license TSV,unknown,clsdoa_v1,PRESENT,true,true,2.292675737,44100,1,0.988677979,-10.833300,-0.000011677,0.000000000,0.465882679,1.224557823,AUTO_PASS,
desed:eval:361089_1:clsdoa_v1_srcprep_v1,desed:eval:361089,5,speech,transient,DESED isolated foreground,Speech,EXACT,361089,eval,raw/desed/extracted/audio/eval/soundbank/foreground/Speech/361089_1.wav,db894e15cfefbbf82864c3a54772d5c0bd8543053f1a7bad879ff3d40d0ea828,44100,1,1.035442177,http://creativecommons.org/publicdomain/zero/1.0/,PER_RECORDING_METADATA,DESED_synth_soundbank.tar.gz; audio/eval/soundbank/foreground/Speech/361089_1.wav ; official eval license TSV,unknown,clsdoa_v1,PRESENT,true,true,1.035442177,44100,1,0.680877686,-15.583074,0.000056704,0.000000000,0.491097825,0.526938776,AUTO_PASS,
desed:eval:86461:clsdoa_v1_srcprep_v1,desed:eval:86461,5,speech,transient,DESED isolated foreground,Speech,EXACT,86461,eval,raw/desed/extracted/audio/eval/soundbank/foreground/Speech/86461.wav,fcbadfa878d0e473e2443be02c352db0f25660ba309da80c46aa1f15965b67a6,44100,1,1.119478458,http://creativecommons.org/licenses/by/3.0/,PER_RECORDING_METADATA,DESED_synth_soundbank.tar.gz; audio/eval/soundbank/foreground/Speech/86461.wav ; official eval license TSV,unknown,clsdoa_v1,PRESENT,true,true,1.119478458,44100,1,0.281524658,-24.843195,-0.006773636,0.000000000,0.567258806,0.484444444,AUTO_PASS,
desed:eval:92922:clsdoa_v1_srcprep_v1,desed:eval:92922,5,speech,transient,DESED isolated foreground,Speech,EXACT,92922,eval,raw/desed/extracted/audio/eval/soundbank/foreground/Speech/92922.wav,c699a838a4a88f4d83e73b65f0f4e2d59919e171304305a6365490f5c6233fae,44100,1,1.001201814,http://creativecommons.org/licenses/by-nc/3.0/,PER_RECORDING_METADATA,DESED_synth_soundbank.tar.gz; audio/eval/soundbank/foreground/Speech/92922.wav ; official eval license TSV,unknown,clsdoa_v1,PRESENT,true,true,1.001201814,44100,1,0.414520264,-25.523610,-0.000011914,0.000000000,0.857925849,0.142244898,AUTO_PASS,
desed:eval:92931:clsdoa_v1_srcprep_v1,desed:eval:92931,5,speech,transient,DESED isolated foreground,Speech,EXACT,92931,eval,raw/desed/extracted/audio/eval/soundbank/foreground/Speech/92931.wav,2062f03ef9fb0feb5acc3ee3fe90324083b537c311cd35f4601719078d807a8d,44100,1,1.677414966,http://creativecommons.org/licenses/by-nc/3.0/,PER_RECORDING_METADATA,DESED_synth_soundbank.tar.gz; audio/eval/soundbank/foreground/Speech/92931.wav ; official eval license TSV,unknown,clsdoa_v1,PRESENT,true,true,1.677414966,44100,1,0.691284180,-20.094367,0.000002293,0.000000000,0.758712521,0.404739229,AUTO_PASS,
desed:eval:92932:clsdoa_v1_srcprep_v1,desed:eval:92932,5,speech,transient,DESED isolated foreground,Speech,EXACT,92932,eval,raw/desed/extracted/audio/eval/soundbank/foreground/Speech/92932.wav,f74e5640562a24df53b2b112378de479695c184f4156978d6f80d35e232f12ff,44100,1,0.732358277,http://creativecommons.org/licenses/by-nc/3.0/,PER_RECORDING_METADATA,DESED_synth_soundbank.tar.gz; audio/eval/soundbank/foreground/Speech/92932.wav ; official eval license TSV,unknown,clsdoa_v1,PRESENT,true,true,0.732358277,44100,1,0.639251709,-20.793282,0.000012567,0.000000000,0.794160448,0.150748299,AUTO_PASS,
desed:eval:92951:clsdoa_v1_srcprep_v1,desed:eval:92951,5,speech,transient,DESED isolated foreground,Speech,EXACT,92951,eval,raw/desed/extracted/audio/eval/soundbank/foreground/Speech/92951.wav,f0e8e9c21408bf3df42b5bec7fd51e1682754e69c63e5ffbe42fc68934d73ebd,44100,1,0.838571429,http://creativecommons.org/licenses/by-nc/3.0/,PER_RECORDING_METADATA,DESED_synth_soundbank.tar.gz; audio/eval/soundbank/foreground/Speech/92951.wav ; official eval license TSV,unknown,clsdoa_v1,PRESENT,true,true,0.838571429,44100,1,0.686981201,-13.243814,0.000000325,0.000000000,0.308401612,0.579954649,AUTO_PASS,
desed:eval:92955:clsdoa_v1_srcprep_v1,desed:eval:92955,5,speech,transient,DESED isolated foreground,Speech,EXACT,92955,eval,raw/desed/extracted/audio/eval/soundbank/foreground/Speech/92955.wav,07c4e95a85a1584ac11697e95e43e95912bb0f6c0d4f7d3e8f69e8623116643a,44100,1,0.811179138,http://creativecommons.org/licenses/by-nc/3.0/,PER_RECORDING_METADATA,DESED_synth_soundbank.tar.gz; audio/eval/soundbank/foreground/Speech/92955.wav ; official eval license TSV,unknown,clsdoa_v1,PRESENT,true,true,0.811179138,44100,1,0.333679199,-29.928102,0.000015486,0.000000000,0.882565063,0.095260771,AUTO_FLAG,mostly_silence_or_low_activity
desed:eval:92961_0:clsdoa_v1_srcprep_v1,desed:eval:92961,5,speech,transient,DESED isolated foreground,Speech,EXACT,92961,eval,raw/desed/extracted/audio/eval/soundbank/foreground/Speech/92961_0.wav,37a856511fb9d043e371b5d74b4eda5aefd974684f57cfcc7f32c9872522804a,44100,1,1.431133787,http://creativecommons.org/licenses/by-nc/3.0/,PER_RECORDING_METADATA,DESED_synth_soundbank.tar.gz; audio/eval/soundbank/foreground/Speech/92961_0.wav ; official eval license TSV,unknown,clsdoa_v1,PRESENT,true,true,1.431133787,44100,1,0.737579346,-18.344042,0.000003186,0.000000000,0.700695578,0.428344671,AUTO_PASS,
desed:eval:92961_1:clsdoa_v1_srcprep_v1,desed:eval:92961,5,speech,transient,DESED isolated foreground,Speech,EXACT,92961,eval,raw/desed/extracted/audio/eval/soundbank/foreground/Speech/92961_1.wav,39815aa24ab76ac932893cd8d531fd92e7e4c7fe709fed65e758d07b29db3436,44100,1,0.980521542,http://creativecommons.org/licenses/by-nc/3.0/,PER_RECORDING_METADATA,DESED_synth_soundbank.tar.gz; audio/eval/soundbank/foreground/Speech/92961_1.wav ; official eval license TSV,unknown,clsdoa_v1,PRESENT,true,true,0.980521542,44100,1,0.246551514,-22.293047,0.000001139,0.000000000,0.442404200,0.546734694,AUTO_PASS,
desed:eval:92962:clsdoa_v1_srcprep_v1,desed:eval:92962,5,speech,transient,DESED isolated foreground,Speech,EXACT,92962,eval,raw/desed/extracted/audio/eval/soundbank/foreground/Speech/92962.wav,1618b7553ff2c712e8048ff6225e01606dcbee1dc34c477e4b7751e7710d217a,44100,1,0.531247166,http://creativecommons.org/licenses/by-nc/3.0/,PER_RECORDING_METADATA,DESED_synth_soundbank.tar.gz; audio/eval/soundbank/foreground/Speech/92962.wav ; official eval license TSV,unknown,clsdoa_v1,PRESENT,true,true,0.531247166,44100,1,0.294616699,-22.934365,-0.000011464,0.000000000,0.448693871,0.292879819,AUTO_PASS,
desed:eval:92965:clsdoa_v1_srcprep_v1,desed:eval:92965,5,speech,transient,DESED isolated foreground,Speech,EXACT,92965,eval,raw/desed/extracted/audio/eval/soundbank/foreground/Speech/92965.wav,011d528d4f7e3430476f062f6c24c41e9f22631566f98825a48da174d03c32e6,44100,1,1.791859410,http://creativecommons.org/licenses/by-nc/3.0/,PER_RECORDING_METADATA,DESED_synth_soundbank.tar.gz; audio/eval/soundbank/foreground/Speech/92965.wav ; official eval license TSV,unknown,clsdoa_v1,PRESENT,true,true,1.791859410,44100,1,0.999938965,-12.953468,-0.000251405,0.000177168,0.525278091,0.850634921,AUTO_PASS,
desed:eval:92967:clsdoa_v1_srcprep_v1,desed:eval:92967,5,speech,transient,DESED isolated foreground,Speech,EXACT,92967,eval,raw/desed/extracted/audio/eval/soundbank/foreground/Speech/92967.wav,70d7e848265e618795b74eba2da459ebdf7d69120be9240345ea460335261dce,44100,1,0.794648526,http://creativecommons.org/licenses/by-nc/3.0/,PER_RECORDING_METADATA,DESED_synth_soundbank.tar.gz; audio/eval/soundbank/foreground/Speech/92967.wav ; official eval license TSV,unknown,clsdoa_v1,PRESENT,true,true,0.794648526,44100,1,0.773101807,-18.978471,-0.000031969,0.000000000,0.709508047,0.230839002,AUTO_PASS,
desed:eval:92972:clsdoa_v1_srcprep_v1,desed:eval:92972,5,speech,transient,DESED isolated foreground,Speech,EXACT,92972,eval,raw/desed/extracted/audio/eval/soundbank/foreground/Speech/92972.wav,757703223b91e65b863b41fa39642f16ed83674fc456ae990c9d5d373d75d5a2,44100,1,0.731247166,http://creativecommons.org/licenses/by-nc/3.0/,PER_RECORDING_METADATA,DESED_synth_soundbank.tar.gz; audio/eval/soundbank/foreground/Speech/92972.wav ; official eval license TSV,unknown,clsdoa_v1,PRESENT,true,true,0.731247166,44100,1,0.215332031,-29.235367,-0.000011895,0.000000000,0.746650955,0.185260771,AUTO_PASS,
desed:eval:97828:clsdoa_v1_srcprep_v1,desed:eval:97828,5,speech,transient,DESED isolated foreground,Speech,EXACT,97828,eval,raw/desed/extracted/audio/eval/soundbank/foreground/Speech/97828.wav,0bce7a6f441a8a3d6075b986e69b2add770cce635d02183693461586da3aec9a,44100,1,1.658321995,http://creativecommons.org/licenses/by/3.0/,PER_RECORDING_METADATA,DESED_synth_soundbank.tar.gz; audio/eval/soundbank/foreground/Speech/97828.wav ; official eval license TSV,unknown,clsdoa_v1,PRESENT,true,true,1.658321995,44100,1,0.136718750,-36.164559,-0.006848955,0.000000000,0.738431877,0.433764172,AUTO_PASS,
desed:eval:146200_0:clsdoa_v1_srcprep_v1,desed:eval:146200,3,vacuum_cleaner,persistent,DESED isolated foreground,Vacuum_cleaner,EXACT,146200,eval,raw/desed/extracted/audio/eval/soundbank/foreground/Vacuum_cleaner/146200_0.wav,c96c0bdaca7a75af656c8141d656b82e5364b88ede360c6c4bf36993bc805ae6,44100,1,14.690997732,http://creativecommons.org/publicdomain/zero/1.0/,PER_RECORDING_METADATA,DESED_synth_soundbank.tar.gz; audio/eval/soundbank/foreground/Vacuum_cleaner/146200_0.wav ; official eval license TSV,unknown,clsdoa_v1,PRESENT,true,true,14.690997732,44100,1,0.883453369,-16.788388,-0.004702067,0.000000000,0.514120823,7.138049887,AUTO_PASS,
desed:eval:146200_1:clsdoa_v1_srcprep_v1,desed:eval:146200,3,vacuum_cleaner,persistent,DESED isolated foreground,Vacuum_cleaner,EXACT,146200,eval,raw/desed/extracted/audio/eval/soundbank/foreground/Vacuum_cleaner/146200_1.wav,89780729c2d58fd0df0da1a3dd765372909a179242a93e62d118ed448f062d58,44100,1,7.790317460,http://creativecommons.org/publicdomain/zero/1.0/,PER_RECORDING_METADATA,DESED_synth_soundbank.tar.gz; audio/eval/soundbank/foreground/Vacuum_cleaner/146200_1.wav ; official eval license TSV,unknown,clsdoa_v1,PRESENT,true,true,7.790317460,44100,1,0.758819580,-17.119167,-0.004707532,0.000000000,0.513682023,3.788571429,AUTO_PASS,
desed:eval:152532:clsdoa_v1_srcprep_v1,desed:eval:152532,3,vacuum_cleaner,persistent,DESED isolated foreground,Vacuum_cleaner,EXACT,152532,eval,raw/desed/extracted/audio/eval/soundbank/foreground/Vacuum_cleaner/152532.wav,ad2c7cec22863e82861e94f854d88291e8c7c1a6b92588ab81cb8f3fdec9d2e3,44100,1,6.920204082,http://creativecommons.org/licenses/by/3.0/,PER_RECORDING_METADATA,DESED_synth_soundbank.tar.gz; audio/eval/soundbank/foreground/Vacuum_cleaner/152532.wav ; official eval license TSV,unknown,clsdoa_v1,PRESENT,true,true,6.920204082,44100,1,0.987731934,-15.046799,-0.000000004,0.000000000,0.522935569,3.301383220,AUTO_PASS,
desed:eval:152533:clsdoa_v1_srcprep_v1,desed:eval:152533,3,vacuum_cleaner,persistent,DESED isolated foreground,Vacuum_cleaner,EXACT,152533,eval,raw/desed/extracted/audio/eval/soundbank/foreground/Vacuum_cleaner/152533.wav,d62f10283d0eb8dff5dca3b639ef6c537c5d707612c944df27219c3ad6dca670,44100,1,7.074852608,http://creativecommons.org/licenses/by/3.0/,PER_RECORDING_METADATA,DESED_synth_soundbank.tar.gz; audio/eval/soundbank/foreground/Vacuum_cleaner/152533.wav ; official eval license TSV,unknown,clsdoa_v1,PRESENT,true,true,7.074852608,44100,1,0.947296143,-17.255166,-0.000000221,0.000000000,0.564600754,3.080385488,AUTO_PASS,
desed:eval:189735:clsdoa_v1_srcprep_v1,desed:eval:189735,3,vacuum_cleaner,persistent,DESED isolated foreground,Vacuum_cleaner,EXACT,189735,eval,raw/desed/extracted/audio/eval/soundbank/foreground/Vacuum_cleaner/189735.wav,c7e193d1138836e05c2c4202ba52064670efd3b43307f0d76495ac53c2735995,44100,1,59.129954649,http://creativecommons.org/licenses/by/3.0/,PER_RECORDING_METADATA,DESED_synth_soundbank.tar.gz; audio/eval/soundbank/foreground/Vacuum_cleaner/189735.wav ; official eval license TSV,unknown,clsdoa_v1,PRESENT,true,true,59.129954649,44100,1,1.000000000,-18.454277,0.000609380,0.000626622,0.636223837,21.510068027,AUTO_PASS,
desed:eval:271460:clsdoa_v1_srcprep_v1,desed:eval:271460,3,vacuum_cleaner,persistent,DESED isolated foreground,Vacuum_cleaner,EXACT,271460,eval,raw/desed/extracted/audio/eval/soundbank/foreground/Vacuum_cleaner/271460.wav,814da7165bf8e7651fde476ab483c418954274125d8cf0165361540dd24536a7,44100,1,16.848412698,http://creativecommons.org/publicdomain/zero/1.0/,PER_RECORDING_METADATA,DESED_synth_soundbank.tar.gz; audio/eval/soundbank/foreground/Vacuum_cleaner/271460.wav ; official eval license TSV,unknown,clsdoa_v1,PRESENT,true,true,16.848412698,44100,1,0.792175293,-19.143232,-0.000000288,0.000000000,0.587432286,6.951111111,AUTO_PASS,
desed:eval:327387:clsdoa_v1_srcprep_v1,desed:eval:327387,3,vacuum_cleaner,persistent,DESED isolated foreground,Vacuum_cleaner,EXACT,327387,eval,raw/desed/extracted/audio/eval/soundbank/foreground/Vacuum_cleaner/327387.wav,269b0bee80ab921791a5f57cf40999b9776299fa6765a314144725db2404ed70,44100,1,5.905192744,http://creativecommons.org/licenses/by-nc/3.0/,PER_RECORDING_METADATA,DESED_synth_soundbank.tar.gz; audio/eval/soundbank/foreground/Vacuum_cleaner/327387.wav ; official eval license TSV,unknown,clsdoa_v1,PRESENT,true,true,5.905192744,44100,1,0.592529297,-17.198274,-0.000017503,0.000000000,0.341127184,3.890770975,AUTO_PASS,
desed:eval:352266:clsdoa_v1_srcprep_v1,desed:eval:352266,3,vacuum_cleaner,persistent,DESED isolated foreground,Vacuum_cleaner,EXACT,352266,eval,raw/desed/extracted/audio/eval/soundbank/foreground/Vacuum_cleaner/352266.wav,341e140a8b6c3c066dfc8d688e327e950e0e7397f1d5d0e1b9d07a4a3d53b615,44100,1,5.883401361,http://creativecommons.org/publicdomain/zero/1.0/,PER_RECORDING_METADATA,DESED_synth_soundbank.tar.gz; audio/eval/soundbank/foreground/Vacuum_cleaner/352266.wav ; official eval license TSV,unknown,clsdoa_v1,PRESENT,true,true,5.883401361,44100,1,0.437011719,-23.761666,0.000000151,0.000000000,0.681771231,1.872267574,AUTO_PASS,
desed:eval:352268:clsdoa_v1_srcprep_v1,desed:eval:352268,3,vacuum_cleaner,persistent,DESED isolated foreground,Vacuum_cleaner,EXACT,352268,eval,raw/desed/extracted/audio/eval/soundbank/foreground/Vacuum_cleaner/352268.wav,3e1a37f250aecac8f598b4ca038a2a7d5c19a2804aeee4e486225434f995e1ff,44100,1,5.762448980,http://creativecommons.org/publicdomain/zero/1.0/,PER_RECORDING_METADATA,DESED_synth_soundbank.tar.gz; audio/eval/soundbank/foreground/Vacuum_cleaner/352268.wav ; official eval license TSV,unknown,clsdoa_v1,PRESENT,true,true,5.762448980,44100,1,0.491424561,-24.246179,-0.000000260,0.000000000,0.730053045,1.555555556,AUTO_PASS,
desed:eval:352270:clsdoa_v1_srcprep_v1,desed:eval:352270,3,vacuum_cleaner,persistent,DESED isolated foreground,Vacuum_cleaner,EXACT,352270,eval,raw/desed/extracted/audio/eval/soundbank/foreground/Vacuum_cleaner/352270.wav,dcdcb4d0d451e2107f4e559f25ed8f58941c886c86fccdb07bdc7feb0a5c957e,44100,1,9.964875283,http://creativecommons.org/publicdomain/zero/1.0/,PER_RECORDING_METADATA,DESED_synth_soundbank.tar.gz; audio/eval/soundbank/foreground/Vacuum_cleaner/352270.wav ; official eval license TSV,unknown,clsdoa_v1,PRESENT,true,true,9.964875283,44100,1,1.000000000,-11.040146,-0.000046085,0.006776637,0.459705405,5.383968254,AUTO_PASS,
desed:eval:352271:clsdoa_v1_srcprep_v1,desed:eval:352271,3,vacuum_cleaner,persistent,DESED isolated foreground,Vacuum_cleaner,EXACT,352271,eval,raw/desed/extracted/audio/eval/soundbank/foreground/Vacuum_cleaner/352271.wav,d5f981f36d093e110f0d8fe437a45420e6c16a568b4f209e64b8a953f469a0e1,44100,1,8.870884354,http://creativecommons.org/publicdomain/zero/1.0/,PER_RECORDING_METADATA,DESED_synth_soundbank.tar.gz; audio/eval/soundbank/foreground/Vacuum_cleaner/352271.wav ; official eval license TSV,unknown,clsdoa_v1,PRESENT,true,true,8.870884354,44100,1,0.599822998,-24.140249,-0.000000115,0.000000000,0.768807227,2.050884354,AUTO_PASS,
desed:eval:352272:clsdoa_v1_srcprep_v1,desed:eval:352272,3,vacuum_cleaner,persistent,DESED isolated foreground,Vacuum_cleaner,EXACT,352272,eval,raw/desed/extracted/audio/eval/soundbank/foreground/Vacuum_cleaner/352272.wav,af42ed31a529f2357b7893ce3b3bafc33143e27e3428e069afa8e09658cfebe6,44100,1,9.908911565,http://creativecommons.org/publicdomain/zero/1.0/,PER_RECORDING_METADATA,DESED_synth_soundbank.tar.gz; audio/eval/soundbank/foreground/Vacuum_cleaner/352272.wav ; official eval license TSV,unknown,clsdoa_v1,PRESENT,true,true,9.908911565,44100,1,0.444030762,-24.151199,-0.000000027,0.000000000,0.643382008,3.533696145,AUTO_PASS,
desed:eval:352273:clsdoa_v1_srcprep_v1,desed:eval:352273,3,vacuum_cleaner,persistent,DESED isolated foreground,Vacuum_cleaner,EXACT,352273,eval,raw/desed/extracted/audio/eval/soundbank/foreground/Vacuum_cleaner/352273.wav,b96c65c770ffa00269c6954f9a531df9119728af391dca63aaceb9002e040da5,44100,1,6.943265306,http://creativecommons.org/publicdomain/zero/1.0/,PER_RECORDING_METADATA,DESED_synth_soundbank.tar.gz; audio/eval/soundbank/foreground/Vacuum_cleaner/352273.wav ; official eval license TSV,unknown,clsdoa_v1,PRESENT,true,true,6.943265306,44100,1,0.721649170,-21.274163,0.000000020,0.000000000,0.719665053,1.946439909,AUTO_PASS,
desed:eval:389755:clsdoa_v1_srcprep_v1,desed:eval:389755,3,vacuum_cleaner,persistent,DESED isolated foreground,Vacuum_cleaner,EXACT,389755,eval,raw/desed/extracted/audio/eval/soundbank/foreground/Vacuum_cleaner/389755.wav,73a57de825023bfd72c63b0fa2770858961f5b40556787e26a7dfd130e9b6ac7,44100,1,6.249841270,http://creativecommons.org/publicdomain/zero/1.0/,PER_RECORDING_METADATA,DESED_synth_soundbank.tar.gz; audio/eval/soundbank/foreground/Vacuum_cleaner/389755.wav ; official eval license TSV,unknown,clsdoa_v1,PRESENT,true,true,6.249841270,44100,1,0.238739014,-28.772036,-0.000002555,0.000000000,0.654529095,2.159138322,AUTO_PASS,
desed:eval:47000:clsdoa_v1_srcprep_v1,desed:eval:47000,3,vacuum_cleaner,persistent,DESED isolated foreground,Vacuum_cleaner,EXACT,47000,eval,raw/desed/extracted/audio/eval/soundbank/foreground/Vacuum_cleaner/47000.wav,147dced717b302df80d3d67cf61bb88f0a43ba2c06308ef49ac5a93861bbd06b,44100,1,68.314807256,http://creativecommons.org/publicdomain/zero/1.0/,PER_RECORDING_METADATA,DESED_synth_soundbank.tar.gz; audio/eval/soundbank/foreground/Vacuum_cleaner/47000.wav ; official eval license TSV,unknown,clsdoa_v1,PRESENT,true,true,68.314807256,44100,1,0.656829834,-21.441651,0.000000105,0.000000000,0.594332029,27.713129252,AUTO_PASS,
desed:train:110165:clsdoa_v1_srcprep_v1,desed:train:110165,4,clock_alarm,transient,DESED isolated foreground,Alarm_bell_ringing,SEMANTIC_STRONG,110165,train,raw/desed/extracted/audio/train/soundbank/foreground/Alarm_bell_ringing/110165.wav,84a326ed5673c53a9096ad0ebec11b791778fa9168372e432e0a511282915e22,44100,1,4.945850340,http://creativecommons.org/publicdomain/zero/1.0/,PER_RECORDING_METADATA,DESED_synth_soundbank.tar.gz; audio/train/soundbank/foreground/Alarm_bell_ringing/110165.wav ; official train license TSV,unknown,clsdoa_v1,PRESENT,true,true,4.945850340,44100,1,0.339630127,-17.932230,0.000000263,0.000000000,0.237478910,3.771315193,AUTO_PASS,
desed:train:131641_0:clsdoa_v1_srcprep_v1,desed:train:131641,4,clock_alarm,transient,DESED isolated foreground,Alarm_bell_ringing,SEMANTIC_STRONG,131641,train,raw/desed/extracted/audio/train/soundbank/foreground/Alarm_bell_ringing/131641_0.wav,4c60bea636b649ef95d8529277caddf0e648cdc4df86d29895ee222d1ae649e9,44100,1,5.375102041,http://creativecommons.org/licenses/by-nc/3.0/,PER_RECORDING_METADATA,DESED_synth_soundbank.tar.gz; audio/train/soundbank/foreground/Alarm_bell_ringing/131641_0.wav ; official train license TSV,unknown,clsdoa_v1,PRESENT,true,true,5.375102041,44100,1,0.968017578,-20.846044,0.000000779,0.000000000,0.801301035,1.068027211,AUTO_PASS,
desed:train:131641_1:clsdoa_v1_srcprep_v1,desed:train:131641,4,clock_alarm,transient,DESED isolated foreground,Alarm_bell_ringing,SEMANTIC_STRONG,131641,train,raw/desed/extracted/audio/train/soundbank/foreground/Alarm_bell_ringing/131641_1.wav,d6c819cd1471eec09c880b6df88209e6bffbcf2d1b335a8730be72372a8cf17e,44100,1,1.956485261,http://creativecommons.org/licenses/by-nc/3.0/,PER_RECORDING_METADATA,DESED_synth_soundbank.tar.gz; audio/train/soundbank/foreground/Alarm_bell_ringing/131641_1.wav ; official train license TSV,unknown,clsdoa_v1,PRESENT,true,true,1.956485261,44100,1,0.218536377,-31.785985,-0.000001360,0.000000000,0.655323884,0.674353741,AUTO_PASS,
desed:train:13613_0:clsdoa_v1_srcprep_v1,desed:train:13613,4,clock_alarm,transient,DESED isolated foreground,Alarm_bell_ringing,SEMANTIC_STRONG,13613,train,raw/desed/extracted/audio/train/soundbank/foreground/Alarm_bell_ringing/13613_0.wav,b865d3008caa03967b8f904ebd3bc3477c903f9d833213bb5972c319fc4e19f4,44100,1,0.320136054,http://creativecommons.org/publicdomain/zero/1.0/,PER_RECORDING_METADATA,DESED_synth_soundbank.tar.gz; audio/train/soundbank/foreground/Alarm_bell_ringing/13613_0.wav ; official train license TSV,unknown,clsdoa_v1,PRESENT,true,true,0.320136054,44100,1,0.256164551,-22.850086,-0.000073034,0.000000000,0.431718374,0.181927438,AUTO_PASS,
desed:train:13613_1:clsdoa_v1_srcprep_v1,desed:train:13613,4,clock_alarm,transient,DESED isolated foreground,Alarm_bell_ringing,SEMANTIC_STRONG,13613,train,raw/desed/extracted/audio/train/soundbank/foreground/Alarm_bell_ringing/13613_1.wav,bfa154e795fe48850b69122a2d6aac97e3a5176186cd79c2ea0b26794f4e9be8,44100,1,0.320294785,http://creativecommons.org/publicdomain/zero/1.0/,PER_RECORDING_METADATA,DESED_synth_soundbank.tar.gz; audio/train/soundbank/foreground/Alarm_bell_ringing/13613_1.wav ; official train license TSV,unknown,clsdoa_v1,PRESENT,true,true,0.320294785,44100,1,0.258789062,-22.753222,-0.000112508,0.000000000,0.422725664,0.184897959,AUTO_PASS,
desed:train:13613_10:clsdoa_v1_srcprep_v1,desed:train:13613,4,clock_alarm,transient,DESED isolated foreground,Alarm_bell_ringing,SEMANTIC_STRONG,13613,train,raw/desed/extracted/audio/train/soundbank/foreground/Alarm_bell_ringing/13613_10.wav,d4ae5400c7bb8860cf8109917add1ecb50a2d860accc75119ac4621dc5ea7146,44100,1,0.320362812,http://creativecommons.org/publicdomain/zero/1.0/,PER_RECORDING_METADATA,DESED_synth_soundbank.tar.gz; audio/train/soundbank/foreground/Alarm_bell_ringing/13613_10.wav ; official train license TSV,unknown,clsdoa_v1,PRESENT,true,true,0.320362812,44100,1,0.259063721,-22.822476,-0.000076860,0.000000000,0.436155153,0.180634921,AUTO_PASS,
desed:train:13613_11:clsdoa_v1_srcprep_v1,desed:train:13613,4,clock_alarm,transient,DESED isolated foreground,Alarm_bell_ringing,SEMANTIC_STRONG,13613,train,raw/desed/extracted/audio/train/soundbank/foreground/Alarm_bell_ringing/13613_11.wav,e2bfb294e728fb7bcbc0d237c1dc4aa8361a38fda0d599336182b81a557a1b2e,44100,1,0.320022676,http://creativecommons.org/publicdomain/zero/1.0/,PER_RECORDING_METADATA,DESED_synth_soundbank.tar.gz; audio/train/soundbank/foreground/Alarm_bell_ringing/13613_11.wav ; official train license TSV,unknown,clsdoa_v1,PRESENT,true,true,0.320022676,44100,1,0.255950928,-22.788660,-0.000067170,0.000000000,0.432225608,0.181700680,AUTO_PASS,
desed:train:13613_12:clsdoa_v1_srcprep_v1,desed:train:13613,4,clock_alarm,transient,DESED isolated foreground,Alarm_bell_ringing,SEMANTIC_STRONG,13613,train,raw/desed/extracted/audio/train/soundbank/foreground/Alarm_bell_ringing/13613_12.wav,d759507941e3ed5bc0d58225da663f58b45871abfc25f4a4fc671afdc5bd9403,44100,1,0.320204082,http://creativecommons.org/publicdomain/zero/1.0/,PER_RECORDING_METADATA,DESED_synth_soundbank.tar.gz; audio/train/soundbank/foreground/Alarm_bell_ringing/13613_12.wav ; official train license TSV,unknown,clsdoa_v1,PRESENT,true,true,0.320204082,44100,1,0.256408691,-22.824851,-0.000097133,0.000000000,0.429502160,0.182675737,AUTO_PASS,
desed:train:13613_2:clsdoa_v1_srcprep_v1,desed:train:13613,4,clock_alarm,transient,DESED isolated foreground,Alarm_bell_ringing,SEMANTIC_STRONG,13613,train,raw/desed/extracted/audio/train/soundbank/foreground/Alarm_bell_ringing/13613_2.wav,044b6f06b89383a3b432151cff37b460d1ab596628fa286e9e4b2cea856eb7b0,44100,1,0.352857143,http://creativecommons.org/publicdomain/zero/1.0/,PER_RECORDING_METADATA,DESED_synth_soundbank.tar.gz; audio/train/soundbank/foreground/Alarm_bell_ringing/13613_2.wav ; official train license TSV,unknown,clsdoa_v1,PRESENT,true,true,0.352857143,44100,1,0.254180908,-23.417964,-0.000113286,0.000000000,0.489878543,0.180000000,AUTO_PASS,
desed:train:13613_3:clsdoa_v1_srcprep_v1,desed:train:13613,4,clock_alarm,transient,DESED isolated foreground,Alarm_bell_ringing,SEMANTIC_STRONG,13613,train,raw/desed/extracted/audio/train/soundbank/foreground/Alarm_bell_ringing/13613_3.wav,7010b150c56e8fc37c3302f42670cda46f8b9222f1ad1aaf497664392290a75f,44100,1,0.320612245,http://creativecommons.org/publicdomain/zero/1.0/,PER_RECORDING_METADATA,DESED_synth_soundbank.tar.gz; audio/train/soundbank/foreground/Alarm_bell_ringing/13613_3.wav ; official train license TSV,unknown,clsdoa_v1,PRESENT,true,true,0.320612245,44100,1,0.260314941,-23.128697,-0.000096599,0.000000000,0.439281420,0.179773243,AUTO_PASS,
desed:train:13613_4:clsdoa_v1_srcprep_v1,desed:train:13613,4,clock_alarm,transient,DESED isolated foreground,Alarm_bell_ringing,SEMANTIC_STRONG,13613,train,raw/desed/extracted/audio/train/soundbank/foreground/Alarm_bell_ringing/13613_4.wav,bb2f50f9bced232e2aa958d886567b436d592addfc3268b3b1b53c9c3cbe4fb3,44100,1,0.328412698,http://creativecommons.org/publicdomain/zero/1.0/,PER_RECORDING_METADATA,DESED_synth_soundbank.tar.gz; audio/train/soundbank/foreground/Alarm_bell_ringing/13613_4.wav ; official train license TSV,unknown,clsdoa_v1,PRESENT,true,true,0.328412698,44100,1,0.260864258,-23.035448,-0.000096431,0.000000000,0.454049575,0.179297052,AUTO_PASS,
desed:train:13613_5:clsdoa_v1_srcprep_v1,desed:train:13613,4,clock_alarm,transient,DESED isolated foreground,Alarm_bell_ringing,SEMANTIC_STRONG,13613,train,raw/desed/extracted/audio/train/soundbank/foreground/Alarm_bell_ringing/13613_5.wav,bab1f1617897d62bc0fc7285b6606a2b4705ede4ee2662c682fa7425a4e3a74f,44100,1,0.312811791,http://creativecommons.org/publicdomain/zero/1.0/,PER_RECORDING_METADATA,DESED_synth_soundbank.tar.gz; audio/train/soundbank/foreground/Alarm_bell_ringing/13613_5.wav ; official train license TSV,unknown,clsdoa_v1,PRESENT,true,true,0.312811791,44100,1,0.255737305,-22.718426,-0.000108313,0.000000000,0.414353026,0.183197279,AUTO_PASS,
desed:train:13613_6:clsdoa_v1_srcprep_v1,desed:train:13613,4,clock_alarm,transient,DESED isolated foreground,Alarm_bell_ringing,SEMANTIC_STRONG,13613,train,raw/desed/extracted/audio/train/soundbank/foreground/Alarm_bell_ringing/13613_6.wav,2c424415d1942ee12e5655c38e0066d7b30d431b7563472761f174771336d2b8,44100,1,0.319727891,http://creativecommons.org/publicdomain/zero/1.0/,PER_RECORDING_METADATA,DESED_synth_soundbank.tar.gz; audio/train/soundbank/foreground/Alarm_bell_ringing/13613_6.wav ; official train license TSV,unknown,clsdoa_v1,PRESENT,true,true,0.319727891,44100,1,0.257904053,-22.791028,-0.000073788,0.000000000,0.434609929,0.180770975,AUTO_PASS,
desed:train:13613_7:clsdoa_v1_srcprep_v1,desed:train:13613,4,clock_alarm,transient,DESED isolated foreground,Alarm_bell_ringing,SEMANTIC_STRONG,13613,train,raw/desed/extracted/audio/train/soundbank/foreground/Alarm_bell_ringing/13613_7.wav,3787c6c4e66e8b0048367050c9e864d6ad313bc8a1c1ae827176a36d36669f41,44100,1,0.316371882,http://creativecommons.org/publicdomain/zero/1.0/,PER_RECORDING_METADATA,DESED_synth_soundbank.tar.gz; audio/train/soundbank/foreground/Alarm_bell_ringing/13613_7.wav ; official train license TSV,unknown,clsdoa_v1,PRESENT,true,true,0.316371882,44100,1,0.256988525,-22.759820,-0.000052841,0.000000000,0.421301606,0.183083900,AUTO_PASS,
desed:train:13613_8:clsdoa_v1_srcprep_v1,desed:train:13613,4,clock_alarm,transient,DESED isolated foreground,Alarm_bell_ringing,SEMANTIC_STRONG,13613,train,raw/desed/extracted/audio/train/soundbank/foreground/Alarm_bell_ringing/13613_8.wav,fb89116a95b3f6158a9e92642ca84dddf5f94202b996d3ffd9d23a3e851d1292,44100,1,0.320272109,http://creativecommons.org/publicdomain/zero/1.0/,PER_RECORDING_METADATA,DESED_synth_soundbank.tar.gz; audio/train/soundbank/foreground/Alarm_bell_ringing/13613_8.wav ; official train license TSV,unknown,clsdoa_v1,PRESENT,true,true,0.320272109,44100,1,0.256652832,-22.809566,-0.000081318,0.000000000,0.434296233,0.181179138,AUTO_PASS,
desed:train:13613_9:clsdoa_v1_srcprep_v1,desed:train:13613,4,clock_alarm,transient,DESED isolated foreground,Alarm_bell_ringing,SEMANTIC_STRONG,13613,train,raw/desed/extracted/audio/train/soundbank/foreground/Alarm_bell_ringing/13613_9.wav,3530a9cb9644b86e4805301d63aea83e2fa4c6165782ce3a92c51ad27ed6cce5,44100,1,0.319977324,http://creativecommons.org/publicdomain/zero/1.0/,PER_RECORDING_METADATA,DESED_synth_soundbank.tar.gz; audio/train/soundbank/foreground/Alarm_bell_ringing/13613_9.wav ; official train license TSV,unknown,clsdoa_v1,PRESENT,true,true,0.319977324,44100,1,0.253448486,-22.792322,-0.000077071,0.000000000,0.423853731,0.184353741,AUTO_PASS,
desed:train:141287:clsdoa_v1_srcprep_v1,desed:train:141287,4,clock_alarm,transient,DESED isolated foreground,Alarm_bell_ringing,SEMANTIC_STRONG,141287,train,raw/desed/extracted/audio/train/soundbank/foreground/Alarm_bell_ringing/141287.wav,248cb8a7887b1ec86e3dc69adfd21377ef7e8e8d05f2b398ab7fb81c32fae254,44100,1,25.449274376,http://creativecommons.org/licenses/by/3.0/,PER_RECORDING_METADATA,DESED_synth_soundbank.tar.gz; audio/train/soundbank/foreground/Alarm_bell_ringing/141287.wav ; official train license TSV,unknown,clsdoa_v1,PRESENT,true,true,25.449274376,44100,1,0.320007324,-26.136808,-0.000058771,0.000000000,0.549890271,11.454965986,AUTO_PASS,
desed:train:151242_0:clsdoa_v1_srcprep_v1,desed:train:151242,4,clock_alarm,transient,DESED isolated foreground,Alarm_bell_ringing,SEMANTIC_STRONG,151242,train,raw/desed/extracted/audio/train/soundbank/foreground/Alarm_bell_ringing/151242_0.wav,42ad3bf9580b061d6e3befcb357ca5a8b2884f5b0c635ae73aeaac7b10bc79f6,44100,1,0.229387755,http://creativecommons.org/licenses/by-nc/3.0/,PER_RECORDING_METADATA,DESED_synth_soundbank.tar.gz; audio/train/soundbank/foreground/Alarm_bell_ringing/151242_0.wav ; official train license TSV,unknown,clsdoa_v1,PRESENT,true,true,0.229387755,44100,1,0.802307129,-10.762509,0.000001916,0.000000000,0.530150257,0.107777778,AUTO_PASS,
desed:train:151242_1:clsdoa_v1_srcprep_v1,desed:train:151242,4,clock_alarm,transient,DESED isolated foreground,Alarm_bell_ringing,SEMANTIC_STRONG,151242,train,raw/desed/extracted/audio/train/soundbank/foreground/Alarm_bell_ringing/151242_1.wav,49d0ae15ca31f451a56d742605b9e7ef8bc98b65cdd94902e458fd48d91c1df1,44100,1,0.236870748,http://creativecommons.org/licenses/by-nc/3.0/,PER_RECORDING_METADATA,DESED_synth_soundbank.tar.gz; audio/train/soundbank/foreground/Alarm_bell_ringing/151242_1.wav ; official train license TSV,unknown,clsdoa_v1,PRESENT,true,true,0.236870748,44100,1,0.824981689,-10.593647,0.000000619,0.000000000,0.517422937,0.114308390,AUTO_PASS,
desed:train:151242_10:clsdoa_v1_srcprep_v1,desed:train:151242,4,clock_alarm,transient,DESED isolated foreground,Alarm_bell_ringing,SEMANTIC_STRONG,151242,train,raw/desed/extracted/audio/train/soundbank/foreground/Alarm_bell_ringing/151242_10.wav,c2837498175f1d7ad6ed33fd9c813f844032f8b264f62582d021726625bf8250,44100,1,0.483537415,http://creativecommons.org/licenses/by-nc/3.0/,PER_RECORDING_METADATA,DESED_synth_soundbank.tar.gz; audio/train/soundbank/foreground/Alarm_bell_ringing/151242_10.wav ; official train license TSV,unknown,clsdoa_v1,PRESENT,true,true,0.483537415,44100,1,0.999450684,-9.629535,0.000000783,0.000046896,0.552194710,0.216530612,AUTO_PASS,
desed:train:151242_11:clsdoa_v1_srcprep_v1,desed:train:151242,4,clock_alarm,transient,DESED isolated foreground,Alarm_bell_ringing,SEMANTIC_STRONG,151242,train,raw/desed/extracted/audio/train/soundbank/foreground/Alarm_bell_ringing/151242_11.wav,56bca4644404fa98154005b8a42227fa0da0d12c4d09f54f26b1e483b54e5561,44100,1,0.481609977,http://creativecommons.org/licenses/by-nc/3.0/,PER_RECORDING_METADATA,DESED_synth_soundbank.tar.gz; audio/train/soundbank/foreground/Alarm_bell_ringing/151242_11.wav ; official train license TSV,unknown,clsdoa_v1,PRESENT,true,true,0.481609977,44100,1,0.999969482,-9.568526,0.000000805,0.000047083,0.553792551,0.214897959,AUTO_PASS,
desed:train:151242_12:clsdoa_v1_srcprep_v1,desed:train:151242,4,clock_alarm,transient,DESED isolated foreground,Alarm_bell_ringing,SEMANTIC_STRONG,151242,train,raw/desed/extracted/audio/train/soundbank/foreground/Alarm_bell_ringing/151242_12.wav,20245f3995d537b76e2a19b386d9af8e79d009cf4cf3649b1696e96a15550869,44100,1,0.481315193,http://creativecommons.org/licenses/by-nc/3.0/,PER_RECORDING_METADATA,DESED_synth_soundbank.tar.gz; audio/train/soundbank/foreground/Alarm_bell_ringing/151242_12.wav ; official train license TSV,unknown,clsdoa_v1,PRESENT,true,true,0.481315193,44100,1,0.988800049,-9.543628,0.000001038,0.000000000,0.548384057,0.217369615,AUTO_PASS,
desed:train:151242_13:clsdoa_v1_srcprep_v1,desed:train:151242,4,clock_alarm,transient,DESED isolated foreground,Alarm_bell_ringing,SEMANTIC_STRONG,151242,train,raw/desed/extracted/audio/train/soundbank/foreground/Alarm_bell_ringing/151242_13.wav,207ac269aaf597dce0083624569977c7b93f9b9cefe9464b976391d5521b2b36,44100,1,0.482970522,http://creativecommons.org/licenses/by-nc/3.0/,PER_RECORDING_METADATA,DESED_synth_soundbank.tar.gz; audio/train/soundbank/foreground/Alarm_bell_ringing/151242_13.wav ; official train license TSV,unknown,clsdoa_v1,PRESENT,true,true,0.482970522,44100,1,0.999969482,-9.569479,-0.000001305,0.000046951,0.551011785,0.216848073,AUTO_PASS,
desed:train:151242_2:clsdoa_v1_srcprep_v1,desed:train:151242,4,clock_alarm,transient,DESED isolated foreground,Alarm_bell_ringing,SEMANTIC_STRONG,151242,train,raw/desed/extracted/audio/train/soundbank/foreground/Alarm_bell_ringing/151242_2.wav,3ab4ee0b2f88eaa3aacd26a93dc3b8394478a4cbaae87ac79415618a6a0cbca0,44100,1,0.235215420,http://creativecommons.org/licenses/by-nc/3.0/,PER_RECORDING_METADATA,DESED_synth_soundbank.tar.gz; audio/train/soundbank/foreground/Alarm_bell_ringing/151242_2.wav ; official train license TSV,unknown,clsdoa_v1,PRESENT,true,true,0.235215420,44100,1,0.868621826,-10.428907,-0.000000533,0.000000000,0.515665670,0.113922902,AUTO_PASS,
desed:train:151242_3:clsdoa_v1_srcprep_v1,desed:train:151242,4,clock_alarm,transient,DESED isolated foreground,Alarm_bell_ringing,SEMANTIC_STRONG,151242,train,raw/desed/extracted/audio/train/soundbank/foreground/Alarm_bell_ringing/151242_3.wav,38ceec78c21aba551ad8875d0cb9932d70f778cf46db53a523370f661b365db7,44100,1,0.234829932,http://creativecommons.org/licenses/by-nc/3.0/,PER_RECORDING_METADATA,DESED_synth_soundbank.tar.gz; audio/train/soundbank/foreground/Alarm_bell_ringing/151242_3.wav ; official train license TSV,unknown,clsdoa_v1,PRESENT,true,true,0.234829932,44100,1,0.792205811,-10.420065,-0.000002107,0.000000000,0.508787177,0.115351474,AUTO_PASS,
desed:train:151242_4:clsdoa_v1_srcprep_v1,desed:train:151242,4,clock_alarm,transient,DESED isolated foreground,Alarm_bell_ringing,SEMANTIC_STRONG,151242,train,raw/desed/extracted/audio/train/soundbank/foreground/Alarm_bell_ringing/151242_4.wav,c50cab9f5297135920d426feae5ad2bf591c50d0bbd6f72e7db12f0fcd1e4c92,44100,1,0.359614512,http://creativecommons.org/licenses/by-nc/3.0/,PER_RECORDING_METADATA,DESED_synth_soundbank.tar.gz; audio/train/soundbank/foreground/Alarm_bell_ringing/151242_4.wav ; official train license TSV,unknown,clsdoa_v1,PRESENT,true,true,0.359614512,44100,1,0.837371826,-10.499672,-0.000001890,0.000000000,0.525632133,0.170589569,AUTO_PASS,
desed:train:151242_5:clsdoa_v1_srcprep_v1,desed:train:151242,4,clock_alarm,transient,DESED isolated foreground,Alarm_bell_ringing,SEMANTIC_STRONG,151242,train,raw/desed/extracted/audio/train/soundbank/foreground/Alarm_bell_ringing/151242_5.wav,7552527e79d979c2b28fde186d7c110f51b5ce7a2bce6b3916c4d3cb3c466edd,44100,1,0.361043084,http://creativecommons.org/licenses/by-nc/3.0/,PER_RECORDING_METADATA,DESED_synth_soundbank.tar.gz; audio/train/soundbank/foreground/Alarm_bell_ringing/151242_5.wav ; official train license TSV,unknown,clsdoa_v1,PRESENT,true,true,0.361043084,44100,1,0.994964600,-9.764901,-0.000000188,0.000000000,0.547983922,0.163197279,AUTO_PASS,
desed:train:151242_6:clsdoa_v1_srcprep_v1,desed:train:151242,4,clock_alarm,transient,DESED isolated foreground,Alarm_bell_ringing,SEMANTIC_STRONG,151242,train,raw/desed/extracted/audio/train/soundbank/foreground/Alarm_bell_ringing/151242_6.wav,60367f0647cf1086db56cd1ffd1734cce461c3035084e0c27f70544b5d362605,44100,1,0.359274376,http://creativecommons.org/licenses/by-nc/3.0/,PER_RECORDING_METADATA,DESED_synth_soundbank.tar.gz; audio/train/soundbank/foreground/Alarm_bell_ringing/151242_6.wav ; official train license TSV,unknown,clsdoa_v1,PRESENT,true,true,0.359274376,44100,1,0.988616943,-9.717597,0.000001531,0.000000000,0.553080030,0.160566893,AUTO_PASS,
desed:train:151242_7:clsdoa_v1_srcprep_v1,desed:train:151242,4,clock_alarm,transient,DESED isolated foreground,Alarm_bell_ringing,SEMANTIC_STRONG,151242,train,raw/desed/extracted/audio/train/soundbank/foreground/Alarm_bell_ringing/151242_7.wav,7aaad03d6cd5f2cbb084ffe8b5f4c379acf37a08232835944daeccafb8665913,44100,1,0.359274376,http://creativecommons.org/licenses/by-nc/3.0/,PER_RECORDING_METADATA,DESED_synth_soundbank.tar.gz; audio/train/soundbank/foreground/Alarm_bell_ringing/151242_7.wav ; official train license TSV,unknown,clsdoa_v1,PRESENT,true,true,0.359274376,44100,1,0.978149414,-9.625621,0.000000865,0.000000000,0.548661954,0.162154195,AUTO_PASS,
desed:train:151242_8:clsdoa_v1_srcprep_v1,desed:train:151242,4,clock_alarm,transient,DESED isolated foreground,Alarm_bell_ringing,SEMANTIC_STRONG,151242,train,raw/desed/extracted/audio/train/soundbank/foreground/Alarm_bell_ringing/151242_8.wav,ee8c0dc76587c4a5a1b7efa798f82d82c199020f0545e24d7feb8624d4d87d94,44100,1,0.482879819,http://creativecommons.org/licenses/by-nc/3.0/,PER_RECORDING_METADATA,DESED_synth_soundbank.tar.gz; audio/train/soundbank/foreground/Alarm_bell_ringing/151242_8.wav ; official train license TSV,unknown,clsdoa_v1,PRESENT,true,true,0.482879819,44100,1,0.984222412,-9.671329,0.000000566,0.000000000,0.553557173,0.215578231,AUTO_PASS,
desed:train:151242_9:clsdoa_v1_srcprep_v1,desed:train:151242,4,clock_alarm,transient,DESED isolated foreground,Alarm_bell_ringing,SEMANTIC_STRONG,151242,train,raw/desed/extracted/audio/train/soundbank/foreground/Alarm_bell_ringing/151242_9.wav,53935871bf35f27ed17000e9924b76dd3650e84aee04468185c3451370e70f16,44100,1,0.484535147,http://creativecommons.org/licenses/by-nc/3.0/,PER_RECORDING_METADATA,DESED_synth_soundbank.tar.gz; audio/train/soundbank/foreground/Alarm_bell_ringing/151242_9.wav ; official train license TSV,unknown,clsdoa_v1,PRESENT,true,true,0.484535147,44100,1,0.999969482,-9.653418,-0.000002165,0.000046799,0.553912392,0.216145125,AUTO_PASS,
desed:train:162851_0:clsdoa_v1_srcprep_v1,desed:train:162851,4,clock_alarm,transient,DESED isolated foreground,Alarm_bell_ringing,SEMANTIC_STRONG,162851,train,raw/desed/extracted/audio/train/soundbank/foreground/Alarm_bell_ringing/162851_0.wav,727cfab738a3b8e32e268af0cde633d38f62c20b97a7d9242fa657987b8278d2,44100,1,0.519387755,http://creativecommons.org/licenses/by-nc/3.0/,PER_RECORDING_METADATA,DESED_synth_soundbank.tar.gz; audio/train/soundbank/foreground/Alarm_bell_ringing/162851_0.wav ; official train license TSV,unknown,clsdoa_v1,PRESENT,true,true,0.519387755,44100,1,1.000000000,-5.410413,0.010615207,0.054180310,0.497271338,0.261111111,AUTO_FLAG,severe_clipping_candidate
desed:train:162851_1:clsdoa_v1_srcprep_v1,desed:train:162851,4,clock_alarm,transient,DESED isolated foreground,Alarm_bell_ringing,SEMANTIC_STRONG,162851,train,raw/desed/extracted/audio/train/soundbank/foreground/Alarm_bell_ringing/162851_1.wav,5d6ca0a1be9752c759eab231ed7bc539d201bbd71cc7be1ac37310ee0d1f5611,44100,1,0.518276644,http://creativecommons.org/licenses/by-nc/3.0/,PER_RECORDING_METADATA,DESED_synth_soundbank.tar.gz; audio/train/soundbank/foreground/Alarm_bell_ringing/162851_1.wav ; official train license TSV,unknown,clsdoa_v1,PRESENT,true,true,0.518276644,44100,1,1.000000000,-5.382071,0.010396630,0.055346517,0.498862443,0.259727891,AUTO_FLAG,severe_clipping_candidate
desed:train:162851_2:clsdoa_v1_srcprep_v1,desed:train:162851,4,clock_alarm,transient,DESED isolated foreground,Alarm_bell_ringing,SEMANTIC_STRONG,162851,train,raw/desed/extracted/audio/train/soundbank/foreground/Alarm_bell_ringing/162851_2.wav,b5321f49748234e28053aa4a7031663e470084778bff5dba8db4bb9bb4c8da09,44100,1,0.491383220,http://creativecommons.org/licenses/by-nc/3.0/,PER_RECORDING_METADATA,DESED_synth_soundbank.tar.gz; audio/train/soundbank/foreground/Alarm_bell_ringing/162851_2.wav ; official train license TSV,unknown,clsdoa_v1,PRESENT,true,true,0.491383220,44100,1,1.000000000,-5.132245,0.008537630,0.059113982,0.473004153,0.258956916,AUTO_FLAG,severe_clipping_candidate
desed:train:162851_3:clsdoa_v1_srcprep_v1,desed:train:162851,4,clock_alarm,transient,DESED isolated foreground,Alarm_bell_ringing,SEMANTIC_STRONG,162851,train,raw/desed/extracted/audio/train/soundbank/foreground/Alarm_bell_ringing/162851_3.wav,914672253542c7e0a7950cdc2bce0e21414d98a89a95cdd382f87331efe0b8c2,44100,1,0.516077098,http://creativecommons.org/licenses/by-nc/3.0/,PER_RECORDING_METADATA,DESED_synth_soundbank.tar.gz; audio/train/soundbank/foreground/Alarm_bell_ringing/162851_3.wav ; official train license TSV,unknown,clsdoa_v1,PRESENT,true,true,0.516077098,44100,1,1.000000000,-5.346696,0.009194538,0.053868799,0.497825036,0.259160998,AUTO_FLAG,severe_clipping_candidate
desed:train:164036_0:clsdoa_v1_srcprep_v1,desed:train:164036,4,clock_alarm,transient,DESED isolated foreground,Alarm_bell_ringing,SEMANTIC_STRONG,164036,train,raw/desed/extracted/audio/train/soundbank/foreground/Alarm_bell_ringing/164036_0.wav,b781464b181bef58b0da869b09bc19288e080151bfb3cd8deb9cae1091f95278,44100,1,4.982403628,http://creativecommons.org/licenses/by-nc/3.0/,PER_RECORDING_METADATA,DESED_synth_soundbank.tar.gz; audio/train/soundbank/foreground/Alarm_bell_ringing/164036_0.wav ; official train license TSV,unknown,clsdoa_v1,PRESENT,true,true,4.982403628,44100,1,0.671600342,-22.133299,-0.000000745,0.000000000,0.824261346,0.875600907,AUTO_PASS,
desed:train:164036_1:clsdoa_v1_srcprep_v1,desed:train:164036,4,clock_alarm,transient,DESED isolated foreground,Alarm_bell_ringing,SEMANTIC_STRONG,164036,train,raw/desed/extracted/audio/train/soundbank/foreground/Alarm_bell_ringing/164036_1.wav,d0f17cb8a026b0dee31b3633294717a5df3ae997d301a3a774957ec87f69e153,44100,1,3.238526077,http://creativecommons.org/licenses/by-nc/3.0/,PER_RECORDING_METADATA,DESED_synth_soundbank.tar.gz; audio/train/soundbank/foreground/Alarm_bell_ringing/164036_1.wav ; official train license TSV,unknown,clsdoa_v1,PRESENT,true,true,3.238526077,44100,1,0.669799805,-22.139802,0.000001108,0.000000000,0.806762406,0.625804989,AUTO_PASS,
desed:train:164036_2:clsdoa_v1_srcprep_v1,desed:train:164036,4,clock_alarm,transient,DESED isolated foreground,Alarm_bell_ringing,SEMANTIC_STRONG,164036,train,raw/desed/extracted/audio/train/soundbank/foreground/Alarm_bell_ringing/164036_2.wav,c1e32f27dc578542e6256a7616cb759769db5aaf63358e6a12a9302447657184,44100,1,3.156145125,http://creativecommons.org/licenses/by-nc/3.0/,PER_RECORDING_METADATA,DESED_synth_soundbank.tar.gz; audio/train/soundbank/foreground/Alarm_bell_ringing/164036_2.wav ; official train license TSV,unknown,clsdoa_v1,PRESENT,true,true,3.156145125,44100,1,0.695678711,-21.418984,-0.000000941,0.000000000,0.796610291,0.641927438,AUTO_PASS,
desed:train:164690:clsdoa_v1_srcprep_v1,desed:train:164690,4,clock_alarm,transient,DESED isolated foreground,Alarm_bell_ringing,SEMANTIC_STRONG,164690,train,raw/desed/extracted/audio/train/soundbank/foreground/Alarm_bell_ringing/164690.wav,2930494e4f3b2d93f95c4632f6f35c6a4e3afbab9df255b5434e6f5870858e56,44100,1,4.537278912,http://creativecommons.org/publicdomain/zero/1.0/,PER_RECORDING_METADATA,DESED_synth_soundbank.tar.gz; audio/train/soundbank/foreground/Alarm_bell_ringing/164690.wav ; official train license TSV,unknown,clsdoa_v1,PRESENT,true,true,4.537278912,44100,1,0.282318115,-32.294393,-0.000011400,0.000000000,0.882040441,0.535215420,AUTO_PASS,
desed:train:177875:clsdoa_v1_srcprep_v1,desed:train:177875,4,clock_alarm,transient,DESED isolated foreground,Alarm_bell_ringing,SEMANTIC_STRONG,177875,train,raw/desed/extracted/audio/train/soundbank/foreground/Alarm_bell_ringing/177875.wav,14f288323e5d2f6b13cd9db7d9e8fd6bf7159ad4999a1491c5ffaa49ee6871a8,44100,1,1.680725624,http://creativecommons.org/licenses/by/3.0/,PER_RECORDING_METADATA,DESED_synth_soundbank.tar.gz; audio/train/soundbank/foreground/Alarm_bell_ringing/177875.wav ; official train license TSV,unknown,clsdoa_v1,PRESENT,true,true,1.680725624,44100,1,0.242950439,-28.975619,-0.000007645,0.000000000,0.723070696,0.465442177,AUTO_PASS,
desed:train:189332_0:clsdoa_v1_srcprep_v1,desed:train:189332,4,clock_alarm,transient,DESED isolated foreground,Alarm_bell_ringing,SEMANTIC_STRONG,189332,train,raw/desed/extracted/audio/train/soundbank/foreground/Alarm_bell_ringing/189332_0.wav,6d17d863c97bbb294070421802b92af6ab693f3ffae8dc99cba1a0e96e32dd03,44100,1,0.476167800,http://creativecommons.org/publicdomain/zero/1.0/,PER_RECORDING_METADATA,DESED_synth_soundbank.tar.gz; audio/train/soundbank/foreground/Alarm_bell_ringing/189332_0.wav ; official train license TSV,unknown,clsdoa_v1,PRESENT,true,true,0.476167800,44100,1,0.302734375,-21.173471,-0.000572413,0.000000000,0.625267870,0.178435374,AUTO_PASS,
desed:train:189332_1:clsdoa_v1_srcprep_v1,desed:train:189332,4,clock_alarm,transient,DESED isolated foreground,Alarm_bell_ringing,SEMANTIC_STRONG,189332,train,raw/desed/extracted/audio/train/soundbank/foreground/Alarm_bell_ringing/189332_1.wav,36e4658245f6bbf5d6815ca99ca5bcdb7d46be4d494008e62c8a21a133133bf9,44100,1,0.562380952,http://creativecommons.org/publicdomain/zero/1.0/,PER_RECORDING_METADATA,DESED_synth_soundbank.tar.gz; audio/train/soundbank/foreground/Alarm_bell_ringing/189332_1.wav ; official train license TSV,unknown,clsdoa_v1,PRESENT,true,true,0.562380952,44100,1,0.283843994,-20.688179,-0.000567982,0.000000000,0.577718640,0.237482993,AUTO_PASS,
desed:train:189332_2:clsdoa_v1_srcprep_v1,desed:train:189332,4,clock_alarm,transient,DESED isolated foreground,Alarm_bell_ringing,SEMANTIC_STRONG,189332,train,raw/desed/extracted/audio/train/soundbank/foreground/Alarm_bell_ringing/189332_2.wav,37a1f4a3b0c08f092a676deeab3c3aca30032d4952848bdb780e503d608838e2,44100,1,0.572176871,http://creativecommons.org/publicdomain/zero/1.0/,PER_RECORDING_METADATA,DESED_synth_soundbank.tar.gz; audio/train/soundbank/foreground/Alarm_bell_ringing/189332_2.wav ; official train license TSV,unknown,clsdoa_v1,PRESENT,true,true,0.572176871,44100,1,0.284759521,-21.014790,-0.000569886,0.000000000,0.588158364,0.235646259,AUTO_PASS,
desed:train:189332_3:clsdoa_v1_srcprep_v1,desed:train:189332,4,clock_alarm,transient,DESED isolated foreground,Alarm_bell_ringing,SEMANTIC_STRONG,189332,train,raw/desed/extracted/audio/train/soundbank/foreground/Alarm_bell_ringing/189332_3.wav,08817a4e14f5c4f08a428ad34c67a19596a2e09df59862c1f96e19e0b65030f0,44100,1,0.572154195,http://creativecommons.org/publicdomain/zero/1.0/,PER_RECORDING_METADATA,DESED_synth_soundbank.tar.gz; audio/train/soundbank/foreground/Alarm_bell_ringing/189332_3.wav ; official train license TSV,unknown,clsdoa_v1,PRESENT,true,true,0.572154195,44100,1,0.244201660,-22.447344,-0.000571707,0.000000000,0.592779011,0.232993197,AUTO_PASS,
desed:train:189332_4:clsdoa_v1_srcprep_v1,desed:train:189332,4,clock_alarm,transient,DESED isolated foreground,Alarm_bell_ringing,SEMANTIC_STRONG,189332,train,raw/desed/extracted/audio/train/soundbank/foreground/Alarm_bell_ringing/189332_4.wav,bee584ac1f877cb14172e1fec437ea922eb9767db31fbe6161170edb90c14eca,44100,1,0.571224490,http://creativecommons.org/publicdomain/zero/1.0/,PER_RECORDING_METADATA,DESED_synth_soundbank.tar.gz; audio/train/soundbank/foreground/Alarm_bell_ringing/189332_4.wav ; official train license TSV,unknown,clsdoa_v1,PRESENT,true,true,0.571224490,44100,1,0.254913330,-21.721486,-0.000567693,0.000000000,0.583660831,0.237823129,AUTO_PASS,
desed:train:189332_5:clsdoa_v1_srcprep_v1,desed:train:189332,4,clock_alarm,transient,DESED isolated foreground,Alarm_bell_ringing,SEMANTIC_STRONG,189332,train,raw/desed/extracted/audio/train/soundbank/foreground/Alarm_bell_ringing/189332_5.wav,a2084b1995d715fcd23dd55ab0752d738300a8818e7ad6ff81b3c992333260e0,44100,1,0.567573696,http://creativecommons.org/publicdomain/zero/1.0/,PER_RECORDING_METADATA,DESED_synth_soundbank.tar.gz; audio/train/soundbank/foreground/Alarm_bell_ringing/189332_5.wav ; official train license TSV,unknown,clsdoa_v1,PRESENT,true,true,0.567573696,44100,1,0.263122559,-21.435432,-0.000566480,0.000000000,0.579624451,0.238594104,AUTO_PASS,
desed:train:189332_6:clsdoa_v1_srcprep_v1,desed:train:189332,4,clock_alarm,transient,DESED isolated foreground,Alarm_bell_ringing,SEMANTIC_STRONG,189332,train,raw/desed/extracted/audio/train/soundbank/foreground/Alarm_bell_ringing/189332_6.wav,42a59b74a83d60bf2baeb0916fef422e41c222268d8baa002bb90d44c5b20a30,44100,1,0.569931973,http://creativecommons.org/publicdomain/zero/1.0/,PER_RECORDING_METADATA,DESED_synth_soundbank.tar.gz; audio/train/soundbank/foreground/Alarm_bell_ringing/189332_6.wav ; official train license TSV,unknown,clsdoa_v1,PRESENT,true,true,0.569931973,44100,1,0.271453857,-20.958751,-0.000565991,0.000000000,0.576430333,0.241405896,AUTO_PASS,
desed:train:189332_7:clsdoa_v1_srcprep_v1,desed:train:189332,4,clock_alarm,transient,DESED isolated foreground,Alarm_bell_ringing,SEMANTIC_STRONG,189332,train,raw/desed/extracted/audio/train/soundbank/foreground/Alarm_bell_ringing/189332_7.wav,0feed5f4c3bd1a886f6135d1757ec953771adb7aadeaa909dac906e03b6d9e57,44100,1,0.597006803,http://creativecommons.org/publicdomain/zero/1.0/,PER_RECORDING_METADATA,DESED_synth_soundbank.tar.gz; audio/train/soundbank/foreground/Alarm_bell_ringing/189332_7.wav ; official train license TSV,unknown,clsdoa_v1,PRESENT,true,true,0.597006803,44100,1,0.275451660,-21.094858,-0.000572395,0.000000000,0.595905500,0.241247166,AUTO_PASS,
desed:train:189332_8:clsdoa_v1_srcprep_v1,desed:train:189332,4,clock_alarm,transient,DESED isolated foreground,Alarm_bell_ringing,SEMANTIC_STRONG,189332,train,raw/desed/extracted/audio/train/soundbank/foreground/Alarm_bell_ringing/189332_8.wav,e545d7974c40116f1975163e5dfdb69453f3f585eaa9406ee85b4059cc796759,44100,1,0.568911565,http://creativecommons.org/publicdomain/zero/1.0/,PER_RECORDING_METADATA,DESED_synth_soundbank.tar.gz; audio/train/soundbank/foreground/Alarm_bell_ringing/189332_8.wav ; official train license TSV,unknown,clsdoa_v1,PRESENT,true,true,0.568911565,44100,1,0.291839600,-20.507172,-0.000569350,0.000000000,0.578779545,0.239637188,AUTO_PASS,
desed:train:192761:clsdoa_v1_srcprep_v1,desed:train:192761,4,clock_alarm,transient,DESED isolated foreground,Alarm_bell_ringing,SEMANTIC_STRONG,192761,train,raw/desed/extracted/audio/train/soundbank/foreground/Alarm_bell_ringing/192761.wav,b9bc75ff5b5dc125d42a037807dd2d7650114fb9d492d342e5a348f55e671684,44100,1,0.535056689,http://creativecommons.org/publicdomain/zero/1.0/,PER_RECORDING_METADATA,DESED_synth_soundbank.tar.gz; audio/train/soundbank/foreground/Alarm_bell_ringing/192761.wav ; official train license TSV,unknown,clsdoa_v1,PRESENT,true,true,0.535056689,44100,1,0.175140381,-32.510157,0.000007058,0.000000000,0.670749280,0.176167800,AUTO_PASS,
desed:train:196368:clsdoa_v1_srcprep_v1,desed:train:196368,4,clock_alarm,transient,DESED isolated foreground,Alarm_bell_ringing,SEMANTIC_STRONG,196368,train,raw/desed/extracted/audio/train/soundbank/foreground/Alarm_bell_ringing/196368.wav,f815d53ae0b04edd788eebd10bb90069b9578b1f2c942455af71f6fd9f9ebca3,44100,1,2.569024943,http://creativecommons.org/licenses/by/3.0/,PER_RECORDING_METADATA,DESED_synth_soundbank.tar.gz; audio/train/soundbank/foreground/Alarm_bell_ringing/196368.wav ; official train license TSV,unknown,clsdoa_v1,PRESENT,true,true,2.569024943,44100,1,0.999969482,-21.757526,-0.000001830,0.000008827,0.886657722,0.291179138,AUTO_PASS,
desed:train:196376:clsdoa_v1_srcprep_v1,desed:train:196376,4,clock_alarm,transient,DESED isolated foreground,Alarm_bell_ringing,SEMANTIC_STRONG,196376,train,raw/desed/extracted/audio/train/soundbank/foreground/Alarm_bell_ringing/196376.wav,097d4455680b2216b0dc06b088eb86c65d4cb060748beb36e9d6a4018ee7ca26,44100,1,2.644557823,http://creativecommons.org/licenses/by/3.0/,PER_RECORDING_METADATA,DESED_synth_soundbank.tar.gz; audio/train/soundbank/foreground/Alarm_bell_ringing/196376.wav ; official train license TSV,unknown,clsdoa_v1,PRESENT,true,true,2.644557823,44100,1,0.668914795,-25.236949,-0.000000494,0.000000000,0.867892819,0.349365079,AUTO_PASS,
desed:train:196838_0:clsdoa_v1_srcprep_v1,desed:train:196838,4,clock_alarm,transient,DESED isolated foreground,Alarm_bell_ringing,SEMANTIC_STRONG,196838,train,raw/desed/extracted/audio/train/soundbank/foreground/Alarm_bell_ringing/196838_0.wav,c7140117aa912aab2dba6bc6585332b65208f1cafe85cadf170c14255519902b,44100,1,0.304285714,http://creativecommons.org/licenses/by/3.0/,PER_RECORDING_METADATA,DESED_synth_soundbank.tar.gz; audio/train/soundbank/foreground/Alarm_bell_ringing/196838_0.wav ; official train license TSV,unknown,clsdoa_v1,PRESENT,true,true,0.304285714,44100,1,0.014984131,-47.468360,-0.000018555,0.000000000,0.356807512,0.195714286,AUTO_PASS,
desed:train:196838_1:clsdoa_v1_srcprep_v1,desed:train:196838,4,clock_alarm,transient,DESED isolated foreground,Alarm_bell_ringing,SEMANTIC_STRONG,196838,train,raw/desed/extracted/audio/train/soundbank/foreground/Alarm_bell_ringing/196838_1.wav,91cde4de8dd333e4ada9fdedb9a1f37028b5d0865c6ba1440f0ca41ecd908854,44100,1,0.313106576,http://creativecommons.org/licenses/by/3.0/,PER_RECORDING_METADATA,DESED_synth_soundbank.tar.gz; audio/train/soundbank/foreground/Alarm_bell_ringing/196838_1.wav ; official train license TSV,unknown,clsdoa_v1,PRESENT,true,true,0.313106576,44100,1,0.013336182,-47.480842,0.000007833,0.000000000,0.301347045,0.218752834,AUTO_PASS,
desed:train:196838_2:clsdoa_v1_srcprep_v1,desed:train:196838,4,clock_alarm,transient,DESED isolated foreground,Alarm_bell_ringing,SEMANTIC_STRONG,196838,train,raw/desed/extracted/audio/train/soundbank/foreground/Alarm_bell_ringing/196838_2.wav,748515ad33b6ab90094b5b744c5ac597f55431f7ffb0f4b011039b866c38f17c,44100,1,0.319206349,http://creativecommons.org/licenses/by/3.0/,PER_RECORDING_METADATA,DESED_synth_soundbank.tar.gz; audio/train/soundbank/foreground/Alarm_bell_ringing/196838_2.wav ; official train license TSV,unknown,clsdoa_v1,PRESENT,true,true,0.319206349,44100,1,0.012817383,-47.544078,0.000003564,0.000000000,0.298714215,0.223854875,AUTO_PASS,
desed:train:196838_3:clsdoa_v1_srcprep_v1,desed:train:196838,4,clock_alarm,transient,DESED isolated foreground,Alarm_bell_ringing,SEMANTIC_STRONG,196838,train,raw/desed/extracted/audio/train/soundbank/foreground/Alarm_bell_ringing/196838_3.wav,5b9e6bd8d86b6560b4f76ed5db01a6edc4820cb32aba6b16b34bc6217c328539,44100,1,0.314875283,http://creativecommons.org/licenses/by/3.0/,PER_RECORDING_METADATA,DESED_synth_soundbank.tar.gz; audio/train/soundbank/foreground/Alarm_bell_ringing/196838_3.wav ; official train license TSV,unknown,clsdoa_v1,PRESENT,true,true,0.314875283,44100,1,0.012634277,-47.466244,0.000001332,0.000000000,0.289356186,0.223764172,AUTO_PASS,
desed:train:196838_4:clsdoa_v1_srcprep_v1,desed:train:196838,4,clock_alarm,transient,DESED isolated foreground,Alarm_bell_ringing,SEMANTIC_STRONG,196838,train,raw/desed/extracted/audio/train/soundbank/foreground/Alarm_bell_ringing/196838_4.wav,9548a650a38daeacde61eb8b76e3739245fa2b7a318f12dda053ff8b2d064180,44100,1,0.321700680,http://creativecommons.org/licenses/by/3.0/,PER_RECORDING_METADATA,DESED_synth_soundbank.tar.gz; audio/train/soundbank/foreground/Alarm_bell_ringing/196838_4.wav ; official train license TSV,unknown,clsdoa_v1,PRESENT,true,true,0.321700680,44100,1,0.013763428,-47.445140,-0.000015023,0.000000000,0.320786636,0.218503401,AUTO_PASS,
desed:train:196838_5:clsdoa_v1_srcprep_v1,desed:train:196838,4,clock_alarm,transient,DESED isolated foreground,Alarm_bell_ringing,SEMANTIC_STRONG,196838,train,raw/desed/extracted/audio/train/soundbank/foreground/Alarm_bell_ringing/196838_5.wav,10af084e9cec0b15dc2f68d405e7cf20cdc6ad4063bc2d9863267935223dfbf4,44100,1,0.315079365,http://creativecommons.org/licenses/by/3.0/,PER_RECORDING_METADATA,DESED_synth_soundbank.tar.gz; audio/train/soundbank/foreground/Alarm_bell_ringing/196838_5.wav ; official train license TSV,unknown,clsdoa_v1,PRESENT,true,true,0.315079365,44100,1,0.012756348,-47.564511,-0.000004788,0.000000000,0.296653472,0.221609977,AUTO_PASS,
desed:train:196838_6:clsdoa_v1_srcprep_v1,desed:train:196838,4,clock_alarm,transient,DESED isolated foreground,Alarm_bell_ringing,SEMANTIC_STRONG,196838,train,raw/desed/extracted/audio/train/soundbank/foreground/Alarm_bell_ringing/196838_6.wav,355fa571bdcb574ac852abec862edab10b9a25ba9f07df78abe4b9230799b115,44100,1,0.320294785,http://creativecommons.org/licenses/by/3.0/,PER_RECORDING_METADATA,DESED_synth_soundbank.tar.gz; audio/train/soundbank/foreground/Alarm_bell_ringing/196838_6.wav ; official train license TSV,unknown,clsdoa_v1,PRESENT,true,true,0.320294785,44100,1,0.014648438,-47.543420,0.000004822,0.000000000,0.341663717,0.210861678,AUTO_PASS,
desed:train:196838_7:clsdoa_v1_srcprep_v1,desed:train:196838,4,clock_alarm,transient,DESED isolated foreground,Alarm_bell_ringing,SEMANTIC_STRONG,196838,train,raw/desed/extracted/audio/train/soundbank/foreground/Alarm_bell_ringing/196838_7.wav,5dbbdf6956c4551db2a40347f015fc949582aaaa1fbc1ed3a6d72715e99fe7ec,44100,1,0.312471655,http://creativecommons.org/licenses/by/3.0/,PER_RECORDING_METADATA,DESED_synth_soundbank.tar.gz; audio/train/soundbank/foreground/Alarm_bell_ringing/196838_7.wav ; official train license TSV,unknown,clsdoa_v1,PRESENT,true,true,0.312471655,44100,1,0.015441895,-47.555311,0.000010236,0.000000000,0.355878084,0.201269841,AUTO_PASS,
desed:train:20101_0:clsdoa_v1_srcprep_v1,desed:train:20101,4,clock_alarm,transient,DESED isolated foreground,Alarm_bell_ringing,SEMANTIC_STRONG,20101,train,raw/desed/extracted/audio/train/soundbank/foreground/Alarm_bell_ringing/20101_0.wav,2b7772471b4be0b119a0f8be45fd2c34d9babed24b8188683267d766f7bd821e,44100,1,2.167528345,http://creativecommons.org/licenses/by/3.0/,PER_RECORDING_METADATA,DESED_synth_soundbank.tar.gz; audio/train/soundbank/foreground/Alarm_bell_ringing/20101_0.wav ; official train license TSV,unknown,clsdoa_v1,PRESENT,true,true,2.167528345,44100,1,0.632873535,-16.620926,-0.000007467,0.000000000,0.375591078,1.353424036,AUTO_PASS,
desed:train:20101_1:clsdoa_v1_srcprep_v1,desed:train:20101,4,clock_alarm,transient,DESED isolated foreground,Alarm_bell_ringing,SEMANTIC_STRONG,20101,train,raw/desed/extracted/audio/train/soundbank/foreground/Alarm_bell_ringing/20101_1.wav,a4c3f2bd70c8ab73c2663bdcd5a451b1fe92d8fe759d44102e7e3e6b34641117,44100,1,2.190317460,http://creativecommons.org/licenses/by/3.0/,PER_RECORDING_METADATA,DESED_synth_soundbank.tar.gz; audio/train/soundbank/foreground/Alarm_bell_ringing/20101_1.wav ; official train license TSV,unknown,clsdoa_v1,PRESENT,true,true,2.190317460,44100,1,0.628265381,-16.863830,0.000002941,0.000000000,0.388371828,1.339659864,AUTO_PASS,
desed:train:20101_2:clsdoa_v1_srcprep_v1,desed:train:20101,4,clock_alarm,transient,DESED isolated foreground,Alarm_bell_ringing,SEMANTIC_STRONG,20101,train,raw/desed/extracted/audio/train/soundbank/foreground/Alarm_bell_ringing/20101_2.wav,e74b45e66285e1c056e0866973ae90410f6f71e23041c9c6a5194b1ce88d4984,44100,1,2.142063492,http://creativecommons.org/licenses/by/3.0/,PER_RECORDING_METADATA,DESED_synth_soundbank.tar.gz; audio/train/soundbank/foreground/Alarm_bell_ringing/20101_2.wav ; official train license TSV,unknown,clsdoa_v1,PRESENT,true,true,2.142063492,44100,1,0.636260986,-16.944733,-0.000010889,0.000000000,0.388387233,1.310113379,AUTO_PASS,
desed:train:209536:clsdoa_v1_srcprep_v1,desed:train:209536,4,clock_alarm,transient,DESED isolated foreground,Alarm_bell_ringing,SEMANTIC_STRONG,209536,train,raw/desed/extracted/audio/train/soundbank/foreground/Alarm_bell_ringing/209536.wav,4028a3da17c16ebc0b35a3a077516be637e840424ae6170e14be9a8f5555dd4d,44100,1,4.831428571,http://creativecommons.org/publicdomain/zero/1.0/,PER_RECORDING_METADATA,DESED_synth_soundbank.tar.gz; audio/train/soundbank/foreground/Alarm_bell_ringing/209536.wav ; official train license TSV,unknown,clsdoa_v1,PRESENT,true,true,4.831428571,44100,1,0.424804688,-22.845076,0.000463182,0.000000000,0.523523228,2.302063492,AUTO_PASS,
desed:train:212128:clsdoa_v1_srcprep_v1,desed:train:212128,4,clock_alarm,transient,DESED isolated foreground,Alarm_bell_ringing,SEMANTIC_STRONG,212128,train,raw/desed/extracted/audio/train/soundbank/foreground/Alarm_bell_ringing/212128.wav,bf572b6dc27593fe8fdb164de0664b6ce5694105399e688e118b8b596a10518e,44100,1,0.866009070,http://creativecommons.org/licenses/by/3.0/,PER_RECORDING_METADATA,DESED_synth_soundbank.tar.gz; audio/train/soundbank/foreground/Alarm_bell_ringing/212128.wav ; official train license TSV,unknown,clsdoa_v1,PRESENT,true,true,0.866009070,44100,1,0.461791992,-27.718519,0.000094981,0.000000000,0.877615145,0.105986395,AUTO_PASS,
desed:train:21986:clsdoa_v1_srcprep_v1,desed:train:21986,4,clock_alarm,transient,DESED isolated foreground,Alarm_bell_ringing,SEMANTIC_STRONG,21986,train,raw/desed/extracted/audio/train/soundbank/foreground/Alarm_bell_ringing/21986.wav,09b865ef8cfe8f114db6f2b938ba1b110fb776ddd93b4832295023e437e7222f,44100,1,5.720544218,http://creativecommons.org/licenses/by/3.0/,PER_RECORDING_METADATA,DESED_synth_soundbank.tar.gz; audio/train/soundbank/foreground/Alarm_bell_ringing/21986.wav ; official train license TSV,unknown,clsdoa_v1,PRESENT,true,true,5.720544218,44100,1,0.811340332,-21.889523,-0.000016619,0.000000000,0.851317605,0.850544218,AUTO_PASS,
desed:train:245445_0:clsdoa_v1_srcprep_v1,desed:train:245445,4,clock_alarm,transient,DESED isolated foreground,Alarm_bell_ringing,SEMANTIC_STRONG,245445,train,raw/desed/extracted/audio/train/soundbank/foreground/Alarm_bell_ringing/245445_0.wav,ee68c35c18293e8b833710fe82890eab2a881f1599b8550c8dac5645a51bcbfa,44100,1,1.929251701,http://creativecommons.org/publicdomain/zero/1.0/,PER_RECORDING_METADATA,DESED_synth_soundbank.tar.gz; audio/train/soundbank/foreground/Alarm_bell_ringing/245445_0.wav ; official train license TSV,unknown,clsdoa_v1,PRESENT,true,true,1.929251701,44100,1,0.364166260,-24.832425,0.000001226,0.000000000,0.642313117,0.690068027,AUTO_PASS,
desed:train:245445_1:clsdoa_v1_srcprep_v1,desed:train:245445,4,clock_alarm,transient,DESED isolated foreground,Alarm_bell_ringing,SEMANTIC_STRONG,245445,train,raw/desed/extracted/audio/train/soundbank/foreground/Alarm_bell_ringing/245445_1.wav,80b5adebfa78c5bd0a6b232d582966dad3c443ab00f4355ed97ca12d5c389faa,44100,1,2.541315193,http://creativecommons.org/publicdomain/zero/1.0/,PER_RECORDING_METADATA,DESED_synth_soundbank.tar.gz; audio/train/soundbank/foreground/Alarm_bell_ringing/245445_1.wav ; official train license TSV,unknown,clsdoa_v1,PRESENT,true,true,2.541315193,44100,1,0.402191162,-24.973366,-0.000004090,0.000000000,0.704752302,0.750317460,AUTO_PASS,
desed:train:249303_0:clsdoa_v1_srcprep_v1,desed:train:249303,4,clock_alarm,transient,DESED isolated foreground,Alarm_bell_ringing,SEMANTIC_STRONG,249303,train,raw/desed/extracted/audio/train/soundbank/foreground/Alarm_bell_ringing/249303_0.wav,c9677274f0e3eafdfb928655e8db5c545f1f52a4c7d48adfafe6c72b3fa5d686,44100,1,1.985238095,http://creativecommons.org/licenses/by/3.0/,PER_RECORDING_METADATA,DESED_synth_soundbank.tar.gz; audio/train/soundbank/foreground/Alarm_bell_ringing/249303_0.wav ; official train license TSV,unknown,clsdoa_v1,PRESENT,true,true,1.985238095,44100,1,0.995605469,-9.914461,0.000014530,0.000000000,0.282116301,1.425170068,AUTO_PASS,
desed:train:249303_1:clsdoa_v1_srcprep_v1,desed:train:249303,4,clock_alarm,transient,DESED isolated foreground,Alarm_bell_ringing,SEMANTIC_STRONG,249303,train,raw/desed/extracted/audio/train/soundbank/foreground/Alarm_bell_ringing/249303_1.wav,d8aabdb71e8336eaeebf54d079b103f259fb6c37bc5d8052fa46557132264753,44100,1,1.984897959,http://creativecommons.org/licenses/by/3.0/,PER_RECORDING_METADATA,DESED_synth_soundbank.tar.gz; audio/train/soundbank/foreground/Alarm_bell_ringing/249303_1.wav ; official train license TSV,unknown,clsdoa_v1,PRESENT,true,true,1.984897959,44100,1,1.000000000,-10.173453,0.000021621,0.000022848,0.282633034,1.423900227,AUTO_PASS,
desed:train:255193_0:clsdoa_v1_srcprep_v1,desed:train:255193,4,clock_alarm,transient,DESED isolated foreground,Alarm_bell_ringing,SEMANTIC_STRONG,255193,train,raw/desed/extracted/audio/train/soundbank/foreground/Alarm_bell_ringing/255193_0.wav,7bbe1dda412650672ba777b917fb910491f76ef174f4128e1195e71b9d01414f,44100,1,0.235918367,http://creativecommons.org/licenses/by/3.0/,PER_RECORDING_METADATA,DESED_synth_soundbank.tar.gz; audio/train/soundbank/foreground/Alarm_bell_ringing/255193_0.wav ; official train license TSV,unknown,clsdoa_v1,PRESENT,true,true,0.235918367,44100,1,0.841644287,-8.869872,-0.055764027,0.000000000,0.162053057,0.197687075,AUTO_PASS,
desed:train:255193_1:clsdoa_v1_srcprep_v1,desed:train:255193,4,clock_alarm,transient,DESED isolated foreground,Alarm_bell_ringing,SEMANTIC_STRONG,255193,train,raw/desed/extracted/audio/train/soundbank/foreground/Alarm_bell_ringing/255193_1.wav,75735c8c43d75af76ecde2cfbdc7d90334e4a8ebb9b5a0deda7a69c875a74504,44100,1,0.241564626,http://creativecommons.org/licenses/by/3.0/,PER_RECORDING_METADATA,DESED_synth_soundbank.tar.gz; audio/train/soundbank/foreground/Alarm_bell_ringing/255193_1.wav ; official train license TSV,unknown,clsdoa_v1,PRESENT,true,true,0.241564626,44100,1,0.841644287,-8.972584,-0.054460604,0.000000000,0.181545105,0.197709751,AUTO_PASS,
desed:train:255193_2:clsdoa_v1_srcprep_v1,desed:train:255193,4,clock_alarm,transient,DESED isolated foreground,Alarm_bell_ringing,SEMANTIC_STRONG,255193,train,raw/desed/extracted/audio/train/soundbank/foreground/Alarm_bell_ringing/255193_2.wav,0f458a6393f3351909cb2497ddd3c13deaa679bd3b9d42cb2aea220a0a3da531,44100,1,0.241564626,http://creativecommons.org/licenses/by/3.0/,PER_RECORDING_METADATA,DESED_synth_soundbank.tar.gz; audio/train/soundbank/foreground/Alarm_bell_ringing/255193_2.wav ; official train license TSV,unknown,clsdoa_v1,PRESENT,true,true,0.241564626,44100,1,0.841613770,-8.972607,-0.054460593,0.000000000,0.181638975,0.197687075,AUTO_PASS,
desed:train:255193_3:clsdoa_v1_srcprep_v1,desed:train:255193,4,clock_alarm,transient,DESED isolated foreground,Alarm_bell_ringing,SEMANTIC_STRONG,255193,train,raw/desed/extracted/audio/train/soundbank/foreground/Alarm_bell_ringing/255193_3.wav,66c738d531b80f5fe4f7fa65874ebf84c716a5abfd26ae7c926af4c7676c54b1,44100,1,0.241564626,http://creativecommons.org/licenses/by/3.0/,PER_RECORDING_METADATA,DESED_synth_soundbank.tar.gz; audio/train/soundbank/foreground/Alarm_bell_ringing/255193_3.wav ; official train license TSV,unknown,clsdoa_v1,PRESENT,true,true,0.241564626,44100,1,0.841705322,-8.972599,-0.054460626,0.000000000,0.181638975,0.197687075,AUTO_PASS,
desed:train:255193_4:clsdoa_v1_srcprep_v1,desed:train:255193,4,clock_alarm,transient,DESED isolated foreground,Alarm_bell_ringing,SEMANTIC_STRONG,255193,train,raw/desed/extracted/audio/train/soundbank/foreground/Alarm_bell_ringing/255193_4.wav,56a3938ee021d4a6a29bed92ef6925bbbfac7a074f453b493c3ae757cf3a2602,44100,1,0.241564626,http://creativecommons.org/licenses/by/3.0/,PER_RECORDING_METADATA,DESED_synth_soundbank.tar.gz; audio/train/soundbank/foreground/Alarm_bell_ringing/255193_4.wav ; official train license TSV,unknown,clsdoa_v1,PRESENT,true,true,0.241564626,44100,1,0.841613770,-8.972583,-0.054460559,0.000000000,0.181638975,0.197687075,AUTO_PASS,
desed:train:255193_5:clsdoa_v1_srcprep_v1,desed:train:255193,4,clock_alarm,transient,DESED isolated foreground,Alarm_bell_ringing,SEMANTIC_STRONG,255193,train,raw/desed/extracted/audio/train/soundbank/foreground/Alarm_bell_ringing/255193_5.wav,ebf46738247205af1c56b8da7b1a4c5854bffd0d42c24af9f5e9a5054219b34f,44100,1,0.241564626,http://creativecommons.org/licenses/by/3.0/,PER_RECORDING_METADATA,DESED_synth_soundbank.tar.gz; audio/train/soundbank/foreground/Alarm_bell_ringing/255193_5.wav ; official train license TSV,unknown,clsdoa_v1,PRESENT,true,true,0.241564626,44100,1,0.841674805,-8.972600,-0.054460570,0.000000000,0.181545105,0.197709751,AUTO_PASS,
desed:train:255193_6:clsdoa_v1_srcprep_v1,desed:train:255193,4,clock_alarm,transient,DESED isolated foreground,Alarm_bell_ringing,SEMANTIC_STRONG,255193,train,raw/desed/extracted/audio/train/soundbank/foreground/Alarm_bell_ringing/255193_6.wav,08dea2987d1d991ea482a2dbd98b297d41a4719330799425f8188b8a77f0c2f6,44100,1,0.241564626,http://creativecommons.org/licenses/by/3.0/,PER_RECORDING_METADATA,DESED_synth_soundbank.tar.gz; audio/train/soundbank/foreground/Alarm_bell_ringing/255193_6.wav ; official train license TSV,unknown,clsdoa_v1,PRESENT,true,true,0.241564626,44100,1,0.841644287,-8.972598,-0.054460593,0.000000000,0.181545105,0.197709751,AUTO_PASS,
desed:train:255193_7:clsdoa_v1_srcprep_v1,desed:train:255193,4,clock_alarm,transient,DESED isolated foreground,Alarm_bell_ringing,SEMANTIC_STRONG,255193,train,raw/desed/extracted/audio/train/soundbank/foreground/Alarm_bell_ringing/255193_7.wav,016586c49dee1486577d68a9904b451cc7b464b964606947f2dccce3c4c102e6,44100,1,0.241564626,http://creativecommons.org/licenses/by/3.0/,PER_RECORDING_METADATA,DESED_synth_soundbank.tar.gz; audio/train/soundbank/foreground/Alarm_bell_ringing/255193_7.wav ; official train license TSV,unknown,clsdoa_v1,PRESENT,true,true,0.241564626,44100,1,0.841461182,-8.972595,-0.054460626,0.000000000,0.181638975,0.197687075,AUTO_PASS,
desed:train:255193_8:clsdoa_v1_srcprep_v1,desed:train:255193,4,clock_alarm,transient,DESED isolated foreground,Alarm_bell_ringing,SEMANTIC_STRONG,255193,train,raw/desed/extracted/audio/train/soundbank/foreground/Alarm_bell_ringing/255193_8.wav,e557f03205d3253aa23662605951de4e76368acb08c9dc0a49528f79ff9ff9bf,44100,1,0.241564626,http://creativecommons.org/licenses/by/3.0/,PER_RECORDING_METADATA,DESED_synth_soundbank.tar.gz; audio/train/soundbank/foreground/Alarm_bell_ringing/255193_8.wav ; official train license TSV,unknown,clsdoa_v1,PRESENT,true,true,0.241564626,44100,1,0.841644287,-8.972595,-0.054460581,0.000000000,0.181638975,0.197687075,AUTO_PASS,
desed:train:255193_9:clsdoa_v1_srcprep_v1,desed:train:255193,4,clock_alarm,transient,DESED isolated foreground,Alarm_bell_ringing,SEMANTIC_STRONG,255193,train,raw/desed/extracted/audio/train/soundbank/foreground/Alarm_bell_ringing/255193_9.wav,20191b46bd552f336f62f9e711ff199f1d3ac60ba380b269b020d393dba0a3e5,44100,1,0.241564626,http://creativecommons.org/licenses/by/3.0/,PER_RECORDING_METADATA,DESED_synth_soundbank.tar.gz; audio/train/soundbank/foreground/Alarm_bell_ringing/255193_9.wav ; official train license TSV,unknown,clsdoa_v1,PRESENT,true,true,0.241564626,44100,1,0.841644287,-8.972598,-0.054460589,0.000000000,0.181638975,0.197687075,AUTO_PASS,
desed:train:255194_0:clsdoa_v1_srcprep_v1,desed:train:255194,4,clock_alarm,transient,DESED isolated foreground,Alarm_bell_ringing,SEMANTIC_STRONG,255194,train,raw/desed/extracted/audio/train/soundbank/foreground/Alarm_bell_ringing/255194_0.wav,99539daba031be93e57f33e12afae06ce5221649b453e1828285c33c9bdd1651,44100,1,0.273560091,http://creativecommons.org/licenses/by/3.0/,PER_RECORDING_METADATA,DESED_synth_soundbank.tar.gz; audio/train/soundbank/foreground/Alarm_bell_ringing/255194_0.wav ; official train license TSV,unknown,clsdoa_v1,PRESENT,true,true,0.273560091,44100,1,0.841644287,-9.101191,-0.052976556,0.000000000,0.194628647,0.220317460,AUTO_PASS,
desed:train:255194_1:clsdoa_v1_srcprep_v1,desed:train:255194,4,clock_alarm,transient,DESED isolated foreground,Alarm_bell_ringing,SEMANTIC_STRONG,255194,train,raw/desed/extracted/audio/train/soundbank/foreground/Alarm_bell_ringing/255194_1.wav,77ea9d95968ae64b83e8d96a107c0b8bd1f8c03e42e4c8f63d6db724f26433d9,44100,1,0.332675737,http://creativecommons.org/licenses/by/3.0/,PER_RECORDING_METADATA,DESED_synth_soundbank.tar.gz; audio/train/soundbank/foreground/Alarm_bell_ringing/255194_1.wav ; official train license TSV,unknown,clsdoa_v1,PRESENT,true,true,0.332675737,44100,1,0.841522217,-9.326258,-0.050552219,0.000000000,0.232158680,0.255442177,AUTO_PASS,
desed:train:255194_2:clsdoa_v1_srcprep_v1,desed:train:255194,4,clock_alarm,transient,DESED isolated foreground,Alarm_bell_ringing,SEMANTIC_STRONG,255194,train,raw/desed/extracted/audio/train/soundbank/foreground/Alarm_bell_ringing/255194_2.wav,c1383453629d44e85f0ae007fe2cbe79f7ca7b15dbda2b920eedf83100fd504f,44100,1,0.316394558,http://creativecommons.org/licenses/by/3.0/,PER_RECORDING_METADATA,DESED_synth_soundbank.tar.gz; audio/train/soundbank/foreground/Alarm_bell_ringing/255194_2.wav ; official train license TSV,unknown,clsdoa_v1,PRESENT,true,true,0.316394558,44100,1,0.841674805,-9.091939,-0.053465985,0.000000000,0.190209991,0.256213152,AUTO_PASS,
desed:train:255194_3:clsdoa_v1_srcprep_v1,desed:train:255194,4,clock_alarm,transient,DESED isolated foreground,Alarm_bell_ringing,SEMANTIC_STRONG,255194,train,raw/desed/extracted/audio/train/soundbank/foreground/Alarm_bell_ringing/255194_3.wav,b9d2412aff4d7a87a7a57aca88d833b562ceff0292d425bbaa7200efd359bd10,44100,1,0.332698413,http://creativecommons.org/licenses/by/3.0/,PER_RECORDING_METADATA,DESED_synth_soundbank.tar.gz; audio/train/soundbank/foreground/Alarm_bell_ringing/255194_3.wav ; official train license TSV,unknown,clsdoa_v1,PRESENT,true,true,0.332698413,44100,1,0.841674805,-9.309287,-0.050988663,0.000000000,0.229552890,0.256326531,AUTO_PASS,
desed:train:255194_4:clsdoa_v1_srcprep_v1,desed:train:255194,4,clock_alarm,transient,DESED isolated foreground,Alarm_bell_ringing,SEMANTIC_STRONG,255194,train,raw/desed/extracted/audio/train/soundbank/foreground/Alarm_bell_ringing/255194_4.wav,62ed06e7c41901c0eeba6accb9e6e1adc9590ba7a6685a12472bebfdcf6925c7,44100,1,0.332698413,http://creativecommons.org/licenses/by/3.0/,PER_RECORDING_METADATA,DESED_synth_soundbank.tar.gz; audio/train/soundbank/foreground/Alarm_bell_ringing/255194_4.wav ; official train license TSV,unknown,clsdoa_v1,PRESENT,true,true,0.332698413,44100,1,0.841247559,-9.306647,-0.050739635,0.000000000,0.228939477,0.256530612,AUTO_PASS,
desed:train:255194_5:clsdoa_v1_srcprep_v1,desed:train:255194,4,clock_alarm,transient,DESED isolated foreground,Alarm_bell_ringing,SEMANTIC_STRONG,255194,train,raw/desed/extracted/audio/train/soundbank/foreground/Alarm_bell_ringing/255194_5.wav,279220b2a6c3cf78515751947e98e613d2ecc5cc6ca7914b647c8c3137f77319,44100,1,0.316394558,http://creativecommons.org/licenses/by/3.0/,PER_RECORDING_METADATA,DESED_synth_soundbank.tar.gz; audio/train/soundbank/foreground/Alarm_bell_ringing/255194_5.wav ; official train license TSV,unknown,clsdoa_v1,PRESENT,true,true,0.316394558,44100,1,0.842742920,-9.109977,-0.052933153,0.000000000,0.198738623,0.253514739,AUTO_PASS,
desed:train:255194_6:clsdoa_v1_srcprep_v1,desed:train:255194,4,clock_alarm,transient,DESED isolated foreground,Alarm_bell_ringing,SEMANTIC_STRONG,255194,train,raw/desed/extracted/audio/train/soundbank/foreground/Alarm_bell_ringing/255194_6.wav,d258794f03637e886cd7edafdeb8c458014d64e2edc5ce8bb315e44947a5da1d,44100,1,0.332698413,http://creativecommons.org/licenses/by/3.0/,PER_RECORDING_METADATA,DESED_synth_soundbank.tar.gz; audio/train/soundbank/foreground/Alarm_bell_ringing/255194_6.wav ; official train license TSV,unknown,clsdoa_v1,PRESENT,true,true,0.332698413,44100,1,0.841827393,-9.317248,-0.050596427,0.000000000,0.230234460,0.256099773,AUTO_PASS,
desed:train:255194_7:clsdoa_v1_srcprep_v1,desed:train:255194,4,clock_alarm,transient,DESED isolated foreground,Alarm_bell_ringing,SEMANTIC_STRONG,255194,train,raw/desed/extracted/audio/train/soundbank/foreground/Alarm_bell_ringing/255194_7.wav,d7f408609363b385699eb6fd290f54e67637e6ea7035e785f70b38fe149f586b,44100,1,0.316417234,http://creativecommons.org/licenses/by/3.0/,PER_RECORDING_METADATA,DESED_synth_soundbank.tar.gz; audio/train/soundbank/foreground/Alarm_bell_ringing/255194_7.wav ; official train license TSV,unknown,clsdoa_v1,PRESENT,true,true,0.316417234,44100,1,0.841461182,-9.092169,-0.053492282,0.000000000,0.192489609,0.255510204,AUTO_PASS,
desed:train:255194_8:clsdoa_v1_srcprep_v1,desed:train:255194,4,clock_alarm,transient,DESED isolated foreground,Alarm_bell_ringing,SEMANTIC_STRONG,255194,train,raw/desed/extracted/audio/train/soundbank/foreground/Alarm_bell_ringing/255194_8.wav,f95c30bf038d5a0ed9da51c8bef762ffb8da8ccbf030e726f95224377c36c9f4,44100,1,0.332721088,http://creativecommons.org/licenses/by/3.0/,PER_RECORDING_METADATA,DESED_synth_soundbank.tar.gz; audio/train/soundbank/foreground/Alarm_bell_ringing/255194_8.wav ; official train license TSV,unknown,clsdoa_v1,PRESENT,true,true,0.332721088,44100,1,0.842010498,-9.300337,-0.050994735,0.000000000,0.231104750,0.255827664,AUTO_PASS,
desed:train:255194_9:clsdoa_v1_srcprep_v1,desed:train:255194,4,clock_alarm,transient,DESED isolated foreground,Alarm_bell_ringing,SEMANTIC_STRONG,255194,train,raw/desed/extracted/audio/train/soundbank/foreground/Alarm_bell_ringing/255194_9.wav,c23378b223f7e459223e19d78ce66529ed5cf7e47c8868f9c8b246022483938f,44100,1,0.332675737,http://creativecommons.org/licenses/by/3.0/,PER_RECORDING_METADATA,DESED_synth_soundbank.tar.gz; audio/train/soundbank/foreground/Alarm_bell_ringing/255194_9.wav ; official train license TSV,unknown,clsdoa_v1,PRESENT,true,true,0.332675737,44100,1,0.842102051,-9.323854,-0.050537463,0.000000000,0.234476177,0.254671202,AUTO_PASS,
desed:train:258175_0:clsdoa_v1_srcprep_v1,desed:train:258175,4,clock_alarm,transient,DESED isolated foreground,Alarm_bell_ringing,SEMANTIC_STRONG,258175,train,raw/desed/extracted/audio/train/soundbank/foreground/Alarm_bell_ringing/258175_0.wav,bb1ce08d96cf698f0ad94b3ae4e4e441ec52fbf8ec2940bec9dc7622498d3ab3,44100,1,3.647936508,http://creativecommons.org/licenses/by/3.0/,PER_RECORDING_METADATA,DESED_synth_soundbank.tar.gz; audio/train/soundbank/foreground/Alarm_bell_ringing/258175_0.wav ; official train license TSV,unknown,clsdoa_v1,PRESENT,true,true,3.647936508,44100,1,1.000000000,-12.040328,0.000022093,0.000895110,0.651080970,1.272834467,AUTO_PASS,
desed:train:258175_1:clsdoa_v1_srcprep_v1,desed:train:258175,4,clock_alarm,transient,DESED isolated foreground,Alarm_bell_ringing,SEMANTIC_STRONG,258175,train,raw/desed/extracted/audio/train/soundbank/foreground/Alarm_bell_ringing/258175_1.wav,908390376da35d2f22fc5f2bfebd7f5e97169937d7d0b557db8614d8b706b2f9,44100,1,3.647936508,http://creativecommons.org/licenses/by/3.0/,PER_RECORDING_METADATA,DESED_synth_soundbank.tar.gz; audio/train/soundbank/foreground/Alarm_bell_ringing/258175_1.wav ; official train license TSV,unknown,clsdoa_v1,PRESENT,true,true,3.647936508,44100,1,1.000000000,-12.040451,0.000022385,0.000882678,0.650826112,1.273764172,AUTO_PASS,
desed:train:258175_2:clsdoa_v1_srcprep_v1,desed:train:258175,4,clock_alarm,transient,DESED isolated foreground,Alarm_bell_ringing,SEMANTIC_STRONG,258175,train,raw/desed/extracted/audio/train/soundbank/foreground/Alarm_bell_ringing/258175_2.wav,3def01ac97ac806f901853ae7bbce66ee710ec1c0072b96208c4bc29c628b13f,44100,1,3.647936508,http://creativecommons.org/licenses/by/3.0/,PER_RECORDING_METADATA,DESED_synth_soundbank.tar.gz; audio/train/soundbank/foreground/Alarm_bell_ringing/258175_2.wav ; official train license TSV,unknown,clsdoa_v1,PRESENT,true,true,3.647936508,44100,1,1.000000000,-12.040293,0.000020748,0.000845382,0.651255019,1.272199546,AUTO_PASS,
desed:train:258175_3:clsdoa_v1_srcprep_v1,desed:train:258175,4,clock_alarm,transient,DESED isolated foreground,Alarm_bell_ringing,SEMANTIC_STRONG,258175,train,raw/desed/extracted/audio/train/soundbank/foreground/Alarm_bell_ringing/258175_3.wav,fe31367071f32417a0dd97951231328fdc56c1eb12d4746039a576ae27616c85,44100,1,3.647913832,http://creativecommons.org/licenses/by/3.0/,PER_RECORDING_METADATA,DESED_synth_soundbank.tar.gz; audio/train/soundbank/foreground/Alarm_bell_ringing/258175_3.wav ; official train license TSV,unknown,clsdoa_v1,PRESENT,true,true,3.647913832,44100,1,1.000000000,-12.040412,0.000022956,0.000913764,0.651271500,1.272131519,AUTO_PASS,
desed:train:258175_4:clsdoa_v1_srcprep_v1,desed:train:258175,4,clock_alarm,transient,DESED isolated foreground,Alarm_bell_ringing,SEMANTIC_STRONG,258175,train,raw/desed/extracted/audio/train/soundbank/foreground/Alarm_bell_ringing/258175_4.wav,b6dc51d59ec57f663f6edac2afa8395ddb7202b24bc0e3e9668101e0de3982a0,44100,1,3.647936508,http://creativecommons.org/licenses/by/3.0/,PER_RECORDING_METADATA,DESED_synth_soundbank.tar.gz; audio/train/soundbank/foreground/Alarm_bell_ringing/258175_4.wav ; official train license TSV,unknown,clsdoa_v1,PRESENT,true,true,3.647936508,44100,1,1.000000000,-12.040343,0.000020701,0.000876462,0.651130699,1.272653061,AUTO_PASS,
desed:train:259537_0:clsdoa_v1_srcprep_v1,desed:train:259537,4,clock_alarm,transient,DESED isolated foreground,Alarm_bell_ringing,SEMANTIC_STRONG,259537,train,raw/desed/extracted/audio/train/soundbank/foreground/Alarm_bell_ringing/259537_0.wav,9dc444f3cb927f0a0414157b7388327be85b0d5f4c452a30472e09b8f5e3818b,44100,1,0.520068027,http://creativecommons.org/publicdomain/zero/1.0/,PER_RECORDING_METADATA,DESED_synth_soundbank.tar.gz; audio/train/soundbank/foreground/Alarm_bell_ringing/259537_0.wav ; official train license TSV,unknown,clsdoa_v1,PRESENT,true,true,0.520068027,44100,1,1.000000000,-5.447990,0.010465847,0.040898191,0.499149771,0.260476190,AUTO_FLAG,severe_clipping_candidate
desed:train:259537_1:clsdoa_v1_srcprep_v1,desed:train:259537,4,clock_alarm,transient,DESED isolated foreground,Alarm_bell_ringing,SEMANTIC_STRONG,259537,train,raw/desed/extracted/audio/train/soundbank/foreground/Alarm_bell_ringing/259537_1.wav,1a1880214723ac335cb4f5eaed2a779bfcb503e435ff8de6e5f9ed01a32b8a05,44100,1,0.519092971,http://creativecommons.org/publicdomain/zero/1.0/,PER_RECORDING_METADATA,DESED_synth_soundbank.tar.gz; audio/train/soundbank/foreground/Alarm_bell_ringing/259537_1.wav ; official train license TSV,unknown,clsdoa_v1,PRESENT,true,true,0.519092971,44100,1,1.000000000,-5.438476,0.010299454,0.038921894,0.500000000,0.259546485,AUTO_FLAG,severe_clipping_candidate
desed:train:259537_2:clsdoa_v1_srcprep_v1,desed:train:259537,4,clock_alarm,transient,DESED isolated foreground,Alarm_bell_ringing,SEMANTIC_STRONG,259537,train,raw/desed/extracted/audio/train/soundbank/foreground/Alarm_bell_ringing/259537_2.wav,3979071401d86781c1cf8586bb2a4663fc0983ad4f930d52f8903e35ee76afee,44100,1,0.514195011,http://creativecommons.org/publicdomain/zero/1.0/,PER_RECORDING_METADATA,DESED_synth_soundbank.tar.gz; audio/train/soundbank/foreground/Alarm_bell_ringing/259537_2.wav ; official train license TSV,unknown,clsdoa_v1,PRESENT,true,true,0.514195011,44100,1,1.000000000,-5.374011,0.008126608,0.037352267,0.496780737,0.258752834,AUTO_FLAG,severe_clipping_candidate
desed:train:259537_3:clsdoa_v1_srcprep_v1,desed:train:259537,4,clock_alarm,transient,DESED isolated foreground,Alarm_bell_ringing,SEMANTIC_STRONG,259537,train,raw/desed/extracted/audio/train/soundbank/foreground/Alarm_bell_ringing/259537_3.wav,e4b69fbb219cd3f0e40e4b34c1fa01729078f10ac8a66601a9cc9fd953f48da6,44100,1,0.516780045,http://creativecommons.org/publicdomain/zero/1.0/,PER_RECORDING_METADATA,DESED_synth_soundbank.tar.gz; audio/train/soundbank/foreground/Alarm_bell_ringing/259537_3.wav ; official train license TSV,unknown,clsdoa_v1,PRESENT,true,true,0.516780045,44100,1,1.000000000,-5.387894,0.009098009,0.036946029,0.499824484,0.258480726,AUTO_FLAG,severe_clipping_candidate
desed:train:264106_0:clsdoa_v1_srcprep_v1,desed:train:264106,4,clock_alarm,transient,DESED isolated foreground,Alarm_bell_ringing,SEMANTIC_STRONG,264106,train,raw/desed/extracted/audio/train/soundbank/foreground/Alarm_bell_ringing/264106_0.wav,bd44db609937e09a835cf4d289ad818dd841be00aaf9ef6b13f4956b46ea7433,44100,1,0.125623583,http://creativecommons.org/licenses/by/3.0/,PER_RECORDING_METADATA,DESED_synth_soundbank.tar.gz; audio/train/soundbank/foreground/Alarm_bell_ringing/264106_0.wav ; official train license TSV,unknown,clsdoa_v1,PRESENT,true,true,0.125623583,44100,1,0.174102783,-25.850663,-0.000013937,0.000000000,0.581588448,0.052562358,AUTO_FLAG,mostly_silence_or_low_activity
desed:train:264106_1:clsdoa_v1_srcprep_v1,desed:train:264106,4,clock_alarm,transient,DESED isolated foreground,Alarm_bell_ringing,SEMANTIC_STRONG,264106,train,raw/desed/extracted/audio/train/soundbank/foreground/Alarm_bell_ringing/264106_1.wav,bc1f0722e9a5212624ff9026958a30f1d0cb57453ea3a0e491cecad2d8c22df3,44100,1,0.097891156,http://creativecommons.org/licenses/by/3.0/,PER_RECORDING_METADATA,DESED_synth_soundbank.tar.gz; audio/train/soundbank/foreground/Alarm_bell_ringing/264106_1.wav ; official train license TSV,unknown,clsdoa_v1,PRESENT,true,true,0.097891156,44100,1,0.165771484,-24.087009,0.000008858,0.000000000,0.401436183,0.058594104,AUTO_FLAG,mostly_silence_or_low_activity
desed:train:264106_10:clsdoa_v1_srcprep_v1,desed:train:264106,4,clock_alarm,transient,DESED isolated foreground,Alarm_bell_ringing,SEMANTIC_STRONG,264106,train,raw/desed/extracted/audio/train/soundbank/foreground/Alarm_bell_ringing/264106_10.wav,c02541d99f1db015894258f02622a07ceeca831c7b891e13efe5731378a25f64,44100,1,0.486507937,http://creativecommons.org/licenses/by/3.0/,PER_RECORDING_METADATA,DESED_synth_soundbank.tar.gz; audio/train/soundbank/foreground/Alarm_bell_ringing/264106_10.wav ; official train license TSV,unknown,clsdoa_v1,PRESENT,true,true,0.486507937,44100,1,0.223937988,-23.916640,-0.000017400,0.000000000,0.542111396,0.222766440,AUTO_PASS,
desed:train:264106_11:clsdoa_v1_srcprep_v1,desed:train:264106,4,clock_alarm,transient,DESED isolated foreground,Alarm_bell_ringing,SEMANTIC_STRONG,264106,train,raw/desed/extracted/audio/train/soundbank/foreground/Alarm_bell_ringing/264106_11.wav,475854b82ae868f5cb92e3d21f1b571182cbf5e82b8082d72b873eaa58337772,44100,1,0.492290249,http://creativecommons.org/licenses/by/3.0/,PER_RECORDING_METADATA,DESED_synth_soundbank.tar.gz; audio/train/soundbank/foreground/Alarm_bell_ringing/264106_11.wav ; official train license TSV,unknown,clsdoa_v1,PRESENT,true,true,0.492290249,44100,1,0.233154297,-23.879118,-0.000013701,0.000000000,0.560386918,0.216417234,AUTO_PASS,
desed:train:264106_12:clsdoa_v1_srcprep_v1,desed:train:264106,4,clock_alarm,transient,DESED isolated foreground,Alarm_bell_ringing,SEMANTIC_STRONG,264106,train,raw/desed/extracted/audio/train/soundbank/foreground/Alarm_bell_ringing/264106_12.wav,6157608ce0cb274ed48b4eb4c6bda01c13eac436feb4fb7744db4043b37d4649,44100,1,0.494603175,http://creativecommons.org/licenses/by/3.0/,PER_RECORDING_METADATA,DESED_synth_soundbank.tar.gz; audio/train/soundbank/foreground/Alarm_bell_ringing/264106_12.wav ; official train license TSV,unknown,clsdoa_v1,PRESENT,true,true,0.494603175,44100,1,0.222625732,-23.615103,-0.000016707,0.000000000,0.551622960,0.221768707,AUTO_PASS,
desed:train:264106_13:clsdoa_v1_srcprep_v1,desed:train:264106,4,clock_alarm,transient,DESED isolated foreground,Alarm_bell_ringing,SEMANTIC_STRONG,264106,train,raw/desed/extracted/audio/train/soundbank/foreground/Alarm_bell_ringing/264106_13.wav,6e8803eea93315a59cbba1c0e3e0edfd3b9ea8f02c261aee9425cde892d2bf18,44100,1,18.639773243,http://creativecommons.org/licenses/by/3.0/,PER_RECORDING_METADATA,DESED_synth_soundbank.tar.gz; audio/train/soundbank/foreground/Alarm_bell_ringing/264106_13.wav ; official train license TSV,unknown,clsdoa_v1,PRESENT,true,true,18.639773243,44100,1,0.521972656,-18.852118,-0.000006813,0.000000000,0.607301092,7.319818594,AUTO_PASS,
desed:train:264106_2:clsdoa_v1_srcprep_v1,desed:train:264106,4,clock_alarm,transient,DESED isolated foreground,Alarm_bell_ringing,SEMANTIC_STRONG,264106,train,raw/desed/extracted/audio/train/soundbank/foreground/Alarm_bell_ringing/264106_2.wav,e3014586a91b79939f68ed74c7c61576fd378f662654906f802060ac18dc7a2f,44100,1,0.112040816,http://creativecommons.org/licenses/by/3.0/,PER_RECORDING_METADATA,DESED_synth_soundbank.tar.gz; audio/train/soundbank/foreground/Alarm_bell_ringing/264106_2.wav ; official train license TSV,unknown,clsdoa_v1,PRESENT,true,true,0.112040816,44100,1,0.190856934,-24.128119,0.000000964,0.000000000,0.466707144,0.059750567,AUTO_FLAG,mostly_silence_or_low_activity
desed:train:264106_3:clsdoa_v1_srcprep_v1,desed:train:264106,4,clock_alarm,transient,DESED isolated foreground,Alarm_bell_ringing,SEMANTIC_STRONG,264106,train,raw/desed/extracted/audio/train/soundbank/foreground/Alarm_bell_ringing/264106_3.wav,4048080c12fccf003901572044e0d71daea4b19f45d53e208d627acaace0f36a,44100,1,0.103718821,http://creativecommons.org/licenses/by/3.0/,PER_RECORDING_METADATA,DESED_synth_soundbank.tar.gz; audio/train/soundbank/foreground/Alarm_bell_ringing/264106_3.wav ; official train license TSV,unknown,clsdoa_v1,PRESENT,true,true,0.103718821,44100,1,0.215820312,-22.103049,0.000004537,0.000000000,0.516615654,0.050136054,AUTO_FLAG,mostly_silence_or_low_activity
desed:train:264106_4:clsdoa_v1_srcprep_v1,desed:train:264106,4,clock_alarm,transient,DESED isolated foreground,Alarm_bell_ringing,SEMANTIC_STRONG,264106,train,raw/desed/extracted/audio/train/soundbank/foreground/Alarm_bell_ringing/264106_4.wav,3c39b5e5c8e894305a3d2458fbb65ba4a446ec578d00dd9899bc954bb801abee,44100,1,0.094308390,http://creativecommons.org/licenses/by/3.0/,PER_RECORDING_METADATA,DESED_synth_soundbank.tar.gz; audio/train/soundbank/foreground/Alarm_bell_ringing/264106_4.wav ; official train license TSV,unknown,clsdoa_v1,PRESENT,true,true,0.094308390,44100,1,0.240173340,-20.589350,0.000048392,0.000000000,0.459004568,0.051020408,AUTO_FLAG,mostly_silence_or_low_activity
desed:train:264106_5:clsdoa_v1_srcprep_v1,desed:train:264106,4,clock_alarm,transient,DESED isolated foreground,Alarm_bell_ringing,SEMANTIC_STRONG,264106,train,raw/desed/extracted/audio/train/soundbank/foreground/Alarm_bell_ringing/264106_5.wav,46415fd7e4773bb0d52a7540a9911c1f1cf6a3b66c7f1908e6881046ad27d838,44100,1,0.094761905,http://creativecommons.org/licenses/by/3.0/,PER_RECORDING_METADATA,DESED_synth_soundbank.tar.gz; audio/train/soundbank/foreground/Alarm_bell_ringing/264106_5.wav ; official train license TSV,unknown,clsdoa_v1,PRESENT,true,true,0.094761905,44100,1,0.258453369,-20.940160,-0.000000628,0.000000000,0.499880354,0.047392290,AUTO_FLAG,mostly_silence_or_low_activity
desed:train:264106_6:clsdoa_v1_srcprep_v1,desed:train:264106,4,clock_alarm,transient,DESED isolated foreground,Alarm_bell_ringing,SEMANTIC_STRONG,264106,train,raw/desed/extracted/audio/train/soundbank/foreground/Alarm_bell_ringing/264106_6.wav,1b0d3a4debbfd31de34d302a4f8e7b3d6824603f2131b2348d2827fd08587725,44100,1,0.119342404,http://creativecommons.org/licenses/by/3.0/,PER_RECORDING_METADATA,DESED_synth_soundbank.tar.gz; audio/train/soundbank/foreground/Alarm_bell_ringing/264106_6.wav ; official train license TSV,unknown,clsdoa_v1,PRESENT,true,true,0.119342404,44100,1,0.227416992,-21.963229,0.000029242,0.000000000,0.553106593,0.053333333,AUTO_FLAG,mostly_silence_or_low_activity
desed:train:264106_7:clsdoa_v1_srcprep_v1,desed:train:264106,4,clock_alarm,transient,DESED isolated foreground,Alarm_bell_ringing,SEMANTIC_STRONG,264106,train,raw/desed/extracted/audio/train/soundbank/foreground/Alarm_bell_ringing/264106_7.wav,319b8e2509da8b8706627e5ae7ca671cbbc71deb189a34179879fe99e33fee75,44100,1,0.489433107,http://creativecommons.org/licenses/by/3.0/,PER_RECORDING_METADATA,DESED_synth_soundbank.tar.gz; audio/train/soundbank/foreground/Alarm_bell_ringing/264106_7.wav ; official train license TSV,unknown,clsdoa_v1,PRESENT,true,true,0.489433107,44100,1,0.204864502,-24.167490,0.000000885,0.000000000,0.536369533,0.226916100,AUTO_PASS,
desed:train:264106_8:clsdoa_v1_srcprep_v1,desed:train:264106,4,clock_alarm,transient,DESED isolated foreground,Alarm_bell_ringing,SEMANTIC_STRONG,264106,train,raw/desed/extracted/audio/train/soundbank/foreground/Alarm_bell_ringing/264106_8.wav,212036cc067fb0bbed133fc24aa1625a7bcd94a59ea0cc88d236b1169f2558ed,44100,1,0.484693878,http://creativecommons.org/licenses/by/3.0/,PER_RECORDING_METADATA,DESED_synth_soundbank.tar.gz; audio/train/soundbank/foreground/Alarm_bell_ringing/264106_8.wav ; official train license TSV,unknown,clsdoa_v1,PRESENT,true,true,0.484693878,44100,1,0.188903809,-24.447297,0.000003221,0.000000000,0.532070175,0.226802721,AUTO_PASS,
desed:train:264106_9:clsdoa_v1_srcprep_v1,desed:train:264106,4,clock_alarm,transient,DESED isolated foreground,Alarm_bell_ringing,SEMANTIC_STRONG,264106,train,raw/desed/extracted/audio/train/soundbank/foreground/Alarm_bell_ringing/264106_9.wav,5789beb068b60a512ea8db1107e2eb4a3527a14a45c556662bc00246c45dec28,44100,1,0.485646259,http://creativecommons.org/licenses/by/3.0/,PER_RECORDING_METADATA,DESED_synth_soundbank.tar.gz; audio/train/soundbank/foreground/Alarm_bell_ringing/264106_9.wav ; official train license TSV,unknown,clsdoa_v1,PRESENT,true,true,0.485646259,44100,1,0.176788330,-26.866979,-0.000017035,0.000000000,0.577205024,0.205328798,AUTO_PASS,
desed:train:268823_0:clsdoa_v1_srcprep_v1,desed:train:268823,4,clock_alarm,transient,DESED isolated foreground,Alarm_bell_ringing,SEMANTIC_STRONG,268823,train,raw/desed/extracted/audio/train/soundbank/foreground/Alarm_bell_ringing/268823_0.wav,313321fb5d23ae9791abf26befc4c1ce490ec834626389e06ebec95683694219,44100,1,0.305555556,http://creativecommons.org/licenses/by/3.0/,PER_RECORDING_METADATA,DESED_synth_soundbank.tar.gz; audio/train/soundbank/foreground/Alarm_bell_ringing/268823_0.wav ; official train license TSV,unknown,clsdoa_v1,PRESENT,true,true,0.305555556,44100,1,0.798370361,-6.789124,-0.000000011,0.000000000,0.117179963,0.269750567,AUTO_PASS,
desed:train:268823_1:clsdoa_v1_srcprep_v1,desed:train:268823,4,clock_alarm,transient,DESED isolated foreground,Alarm_bell_ringing,SEMANTIC_STRONG,268823,train,raw/desed/extracted/audio/train/soundbank/foreground/Alarm_bell_ringing/268823_1.wav,b8915b16081b80b9932c8477cdaebbec3efeb939b9e43da29a0fb7df658d424e,44100,1,0.311133787,http://creativecommons.org/licenses/by/3.0/,PER_RECORDING_METADATA,DESED_synth_soundbank.tar.gz; audio/train/soundbank/foreground/Alarm_bell_ringing/268823_1.wav ; official train license TSV,unknown,clsdoa_v1,PRESENT,true,true,0.311133787,44100,1,0.798309326,-6.867696,0.000000020,0.000000000,0.132060345,0.270045351,AUTO_PASS,
desed:train:268823_10:clsdoa_v1_srcprep_v1,desed:train:268823,4,clock_alarm,transient,DESED isolated foreground,Alarm_bell_ringing,SEMANTIC_STRONG,268823,train,raw/desed/extracted/audio/train/soundbank/foreground/Alarm_bell_ringing/268823_10.wav,155a401b05011546bc19b9f062aca502f5cbdcd0615ad645edfe74f837e7fdeb,44100,1,0.311133787,http://creativecommons.org/licenses/by/3.0/,PER_RECORDING_METADATA,DESED_synth_soundbank.tar.gz; audio/train/soundbank/foreground/Alarm_bell_ringing/268823_10.wav ; official train license TSV,unknown,clsdoa_v1,PRESENT,true,true,0.311133787,44100,1,0.798370361,-6.867694,0.000000000,0.000000000,0.133299322,0.269659864,AUTO_PASS,
desed:train:268823_11:clsdoa_v1_srcprep_v1,desed:train:268823,4,clock_alarm,transient,DESED isolated foreground,Alarm_bell_ringing,SEMANTIC_STRONG,268823,train,raw/desed/extracted/audio/train/soundbank/foreground/Alarm_bell_ringing/268823_11.wav,70f81d45745c30ad51bd8358ab24fa1a2edc91671946c4d31cf500d9830aade4,44100,1,0.311133787,http://creativecommons.org/licenses/by/3.0/,PER_RECORDING_METADATA,DESED_synth_soundbank.tar.gz; audio/train/soundbank/foreground/Alarm_bell_ringing/268823_11.wav ; official train license TSV,unknown,clsdoa_v1,PRESENT,true,true,0.311133787,44100,1,0.798370361,-6.867694,-0.000000020,0.000000000,0.133007798,0.269750567,AUTO_PASS,
desed:train:268823_12:clsdoa_v1_srcprep_v1,desed:train:268823,4,clock_alarm,transient,DESED isolated foreground,Alarm_bell_ringing,SEMANTIC_STRONG,268823,train,raw/desed/extracted/audio/train/soundbank/foreground/Alarm_bell_ringing/268823_12.wav,2888c09d1cfe544419b69a04bfd9f7c5f20224829a2b118e94eec49c17001257,44100,1,0.311133787,http://creativecommons.org/licenses/by/3.0/,PER_RECORDING_METADATA,DESED_synth_soundbank.tar.gz; audio/train/soundbank/foreground/Alarm_bell_ringing/268823_12.wav ; official train license TSV,unknown,clsdoa_v1,PRESENT,true,true,0.311133787,44100,1,0.798339844,-6.867696,0.000000000,0.000000000,0.132133226,0.270022676,AUTO_PASS,
desed:train:268823_13:clsdoa_v1_srcprep_v1,desed:train:268823,4,clock_alarm,transient,DESED isolated foreground,Alarm_bell_ringing,SEMANTIC_STRONG,268823,train,raw/desed/extracted/audio/train/soundbank/foreground/Alarm_bell_ringing/268823_13.wav,22000d5c16c6d85b96cfd85e33ae28758443a2b88815eed29222ef392526799b,44100,1,0.311133787,http://creativecommons.org/licenses/by/3.0/,PER_RECORDING_METADATA,DESED_synth_soundbank.tar.gz; audio/train/soundbank/foreground/Alarm_bell_ringing/268823_13.wav ; official train license TSV,unknown,clsdoa_v1,PRESENT,true,true,0.311133787,44100,1,0.798309326,-6.867698,0.000000004,0.000000000,0.132060345,0.270045351,AUTO_PASS,
desed:train:268823_14:clsdoa_v1_srcprep_v1,desed:train:268823,4,clock_alarm,transient,DESED isolated foreground,Alarm_bell_ringing,SEMANTIC_STRONG,268823,train,raw/desed/extracted/audio/train/soundbank/foreground/Alarm_bell_ringing/268823_14.wav,1931680c7764c3241a826e0fa49dc02013410f8cb874ef3fb747bfcd4e2c5f69,44100,1,0.311133787,http://creativecommons.org/licenses/by/3.0/,PER_RECORDING_METADATA,DESED_synth_soundbank.tar.gz; audio/train/soundbank/foreground/Alarm_bell_ringing/268823_14.wav ; official train license TSV,unknown,clsdoa_v1,PRESENT,true,true,0.311133787,44100,1,0.798339844,-6.867691,-0.000000016,0.000000000,0.132133226,0.270022676,AUTO_PASS,
desed:train:268823_15:clsdoa_v1_srcprep_v1,desed:train:268823,4,clock_alarm,transient,DESED isolated foreground,Alarm_bell_ringing,SEMANTIC_STRONG,268823,train,raw/desed/extracted/audio/train/soundbank/foreground/Alarm_bell_ringing/268823_15.wav,c47ac082314fa0424493cd298c8bdbdef8699f9fd4c724839bef1f1e48df93c9,44100,1,0.311133787,http://creativecommons.org/licenses/by/3.0/,PER_RECORDING_METADATA,DESED_synth_soundbank.tar.gz; audio/train/soundbank/foreground/Alarm_bell_ringing/268823_15.wav ; official train license TSV,unknown,clsdoa_v1,PRESENT,true,true,0.311133787,44100,1,0.798400879,-6.867695,-0.000000020,0.000000000,0.132643393,0.269863946,AUTO_PASS,
desed:train:268823_2:clsdoa_v1_srcprep_v1,desed:train:268823,4,clock_alarm,transient,DESED isolated foreground,Alarm_bell_ringing,SEMANTIC_STRONG,268823,train,raw/desed/extracted/audio/train/soundbank/foreground/Alarm_bell_ringing/268823_2.wav,4acef7b309e3f15239d202c11ec1c867206439b0bfe5db1b27553b91ee1ae2a6,44100,1,0.311133787,http://creativecommons.org/licenses/by/3.0/,PER_RECORDING_METADATA,DESED_synth_soundbank.tar.gz; audio/train/soundbank/foreground/Alarm_bell_ringing/268823_2.wav ; official train license TSV,unknown,clsdoa_v1,PRESENT,true,true,0.311133787,44100,1,0.798309326,-6.867691,-0.000000033,0.000000000,0.132206107,0.270000000,AUTO_PASS,
desed:train:268823_3:clsdoa_v1_srcprep_v1,desed:train:268823,4,clock_alarm,transient,DESED isolated foreground,Alarm_bell_ringing,SEMANTIC_STRONG,268823,train,raw/desed/extracted/audio/train/soundbank/foreground/Alarm_bell_ringing/268823_3.wav,c9541d572da6b2d15731c968b0d067ab4ae42b51bfc381161b1e73e29b365d82,44100,1,0.311133787,http://creativecommons.org/licenses/by/3.0/,PER_RECORDING_METADATA,DESED_synth_soundbank.tar.gz; audio/train/soundbank/foreground/Alarm_bell_ringing/268823_3.wav ; official train license TSV,unknown,clsdoa_v1,PRESENT,true,true,0.311133787,44100,1,0.798309326,-6.867697,0.000000013,0.000000000,0.131914583,0.270090703,AUTO_PASS,
desed:train:268823_4:clsdoa_v1_srcprep_v1,desed:train:268823,4,clock_alarm,transient,DESED isolated foreground,Alarm_bell_ringing,SEMANTIC_STRONG,268823,train,raw/desed/extracted/audio/train/soundbank/foreground/Alarm_bell_ringing/268823_4.wav,61becda7ef937bf2f40c911d18df5ecd9e916650ecffb689e7860122df257701,44100,1,0.311133787,http://creativecommons.org/licenses/by/3.0/,PER_RECORDING_METADATA,DESED_synth_soundbank.tar.gz; audio/train/soundbank/foreground/Alarm_bell_ringing/268823_4.wav ; official train license TSV,unknown,clsdoa_v1,PRESENT,true,true,0.311133787,44100,1,0.798339844,-6.867688,0.000000002,0.000000000,0.132206107,0.270000000,AUTO_PASS,
desed:train:268823_5:clsdoa_v1_srcprep_v1,desed:train:268823,4,clock_alarm,transient,DESED isolated foreground,Alarm_bell_ringing,SEMANTIC_STRONG,268823,train,raw/desed/extracted/audio/train/soundbank/foreground/Alarm_bell_ringing/268823_5.wav,198a13ac4c0c549045272f35b4fa8bb16c3093c97347e2f91e1729861c596ba9,44100,1,0.311133787,http://creativecommons.org/licenses/by/3.0/,PER_RECORDING_METADATA,DESED_synth_soundbank.tar.gz; audio/train/soundbank/foreground/Alarm_bell_ringing/268823_5.wav ; official train license TSV,unknown,clsdoa_v1,PRESENT,true,true,0.311133787,44100,1,0.798278809,-6.867697,-0.000000004,0.000000000,0.132060345,0.270045351,AUTO_PASS,
desed:train:268823_6:clsdoa_v1_srcprep_v1,desed:train:268823,4,clock_alarm,transient,DESED isolated foreground,Alarm_bell_ringing,SEMANTIC_STRONG,268823,train,raw/desed/extracted/audio/train/soundbank/foreground/Alarm_bell_ringing/268823_6.wav,3f9d5aa384eee9e06829d83b0ea9d15029829a90eb9497abe9bc2813eb209b41,44100,1,0.311133787,http://creativecommons.org/licenses/by/3.0/,PER_RECORDING_METADATA,DESED_synth_soundbank.tar.gz; audio/train/soundbank/foreground/Alarm_bell_ringing/268823_6.wav ; official train license TSV,unknown,clsdoa_v1,PRESENT,true,true,0.311133787,44100,1,0.798339844,-6.867691,-0.000000018,0.000000000,0.131623060,0.270181406,AUTO_PASS,
desed:train:268823_7:clsdoa_v1_srcprep_v1,desed:train:268823,4,clock_alarm,transient,DESED isolated foreground,Alarm_bell_ringing,SEMANTIC_STRONG,268823,train,raw/desed/extracted/audio/train/soundbank/foreground/Alarm_bell_ringing/268823_7.wav,7b54a1eac656e2fd8503efb2127049f9d20acee2dd6e5c162825bd4189010970,44100,1,0.311133787,http://creativecommons.org/licenses/by/3.0/,PER_RECORDING_METADATA,DESED_synth_soundbank.tar.gz; audio/train/soundbank/foreground/Alarm_bell_ringing/268823_7.wav ; official train license TSV,unknown,clsdoa_v1,PRESENT,true,true,0.311133787,44100,1,0.798309326,-6.867694,-0.000000004,0.000000000,0.132424750,0.269931973,AUTO_PASS,
desed:train:268823_8:clsdoa_v1_srcprep_v1,desed:train:268823,4,clock_alarm,transient,DESED isolated foreground,Alarm_bell_ringing,SEMANTIC_STRONG,268823,train,raw/desed/extracted/audio/train/soundbank/foreground/Alarm_bell_ringing/268823_8.wav,1d312407b28e52bdee40031da3edacda8344d110ef0ba740180b81d1f4790a82,44100,1,0.311133787,http://creativecommons.org/licenses/by/3.0/,PER_RECORDING_METADATA,DESED_synth_soundbank.tar.gz; audio/train/soundbank/foreground/Alarm_bell_ringing/268823_8.wav ; official train license TSV,unknown,clsdoa_v1,PRESENT,true,true,0.311133787,44100,1,0.798309326,-6.867694,0.000000022,0.000000000,0.131695941,0.270158730,AUTO_PASS,
desed:train:268823_9:clsdoa_v1_srcprep_v1,desed:train:268823,4,clock_alarm,transient,DESED isolated foreground,Alarm_bell_ringing,SEMANTIC_STRONG,268823,train,raw/desed/extracted/audio/train/soundbank/foreground/Alarm_bell_ringing/268823_9.wav,4f72d71ef088bd1481ee59b4c63c9e0cd965d21596a43345273c5e1e4cd5e8ca,44100,1,0.311133787,http://creativecommons.org/licenses/by/3.0/,PER_RECORDING_METADATA,DESED_synth_soundbank.tar.gz; audio/train/soundbank/foreground/Alarm_bell_ringing/268823_9.wav ; official train license TSV,unknown,clsdoa_v1,PRESENT,true,true,0.311133787,44100,1,0.798400879,-6.867690,-0.000000013,0.000000000,0.132570512,0.269886621,AUTO_PASS,
desed:train:274289:clsdoa_v1_srcprep_v1,desed:train:274289,4,clock_alarm,transient,DESED isolated foreground,Alarm_bell_ringing,SEMANTIC_STRONG,274289,train,raw/desed/extracted/audio/train/soundbank/foreground/Alarm_bell_ringing/274289.wav,b0f61b4256e551be7a14e2d403580aaf31ec18eeb2334ba440ae8044a8bea343,44100,1,4.694920635,http://creativecommons.org/publicdomain/zero/1.0/,PER_RECORDING_METADATA,DESED_synth_soundbank.tar.gz; audio/train/soundbank/foreground/Alarm_bell_ringing/274289.wav ; official train license TSV,unknown,clsdoa_v1,PRESENT,true,true,4.694920635,44100,1,0.152496338,-31.236593,-0.000002319,0.000000000,0.584816901,1.949251701,AUTO_PASS,
desed:train:275069:clsdoa_v1_srcprep_v1,desed:train:275069,4,clock_alarm,transient,DESED isolated foreground,Alarm_bell_ringing,SEMANTIC_STRONG,275069,train,raw/desed/extracted/audio/train/soundbank/foreground/Alarm_bell_ringing/275069.wav,8c2f0ef96c253e8b5cc8be622b2549ed1d4d2153aa46588d83ecfe7308bfc664,44100,1,2.261700680,http://creativecommons.org/licenses/by/3.0/,PER_RECORDING_METADATA,DESED_synth_soundbank.tar.gz; audio/train/soundbank/foreground/Alarm_bell_ringing/275069.wav ; official train license TSV,unknown,clsdoa_v1,PRESENT,true,true,2.261700680,44100,1,0.907073975,-19.751910,0.000008090,0.000000000,0.735595192,0.598004535,AUTO_PASS,
desed:train:275070:clsdoa_v1_srcprep_v1,desed:train:275070,4,clock_alarm,transient,DESED isolated foreground,Alarm_bell_ringing,SEMANTIC_STRONG,275070,train,raw/desed/extracted/audio/train/soundbank/foreground/Alarm_bell_ringing/275070.wav,af5c4ba2e320d40ed6270b4ebfd61b544e0ba22dc61dbcbbb6333c0223ea274c,44100,1,7.825578231,http://creativecommons.org/licenses/by/3.0/,PER_RECORDING_METADATA,DESED_synth_soundbank.tar.gz; audio/train/soundbank/foreground/Alarm_bell_ringing/275070.wav ; official train license TSV,unknown,clsdoa_v1,PRESENT,true,true,7.825578231,44100,1,0.921112061,-24.589815,0.000006341,0.000000000,0.924664163,0.589546485,AUTO_PASS,
desed:train:275071:clsdoa_v1_srcprep_v1,desed:train:275071,4,clock_alarm,transient,DESED isolated foreground,Alarm_bell_ringing,SEMANTIC_STRONG,275071,train,raw/desed/extracted/audio/train/soundbank/foreground/Alarm_bell_ringing/275071.wav,9798d0e0f73fd5353566cc6efcb4b3bb6ed435814f72feb983a8aef2445e557d,44100,1,2.237505669,http://creativecommons.org/licenses/by/3.0/,PER_RECORDING_METADATA,DESED_synth_soundbank.tar.gz; audio/train/soundbank/foreground/Alarm_bell_ringing/275071.wav ; official train license TSV,unknown,clsdoa_v1,PRESENT,true,true,2.237505669,44100,1,0.870574951,-19.669286,0.000001222,0.000000000,0.720220119,0.626009070,AUTO_PASS,
desed:train:275072:clsdoa_v1_srcprep_v1,desed:train:275072,4,clock_alarm,transient,DESED isolated foreground,Alarm_bell_ringing,SEMANTIC_STRONG,275072,train,raw/desed/extracted/audio/train/soundbank/foreground/Alarm_bell_ringing/275072.wav,7f3fcf5e9649c53692e662ec7cf8772479b62ffc311640bc8edb0f9365ec9dc8,44100,1,2.237641723,http://creativecommons.org/licenses/by/3.0/,PER_RECORDING_METADATA,DESED_synth_soundbank.tar.gz; audio/train/soundbank/foreground/Alarm_bell_ringing/275072.wav ; official train license TSV,unknown,clsdoa_v1,PRESENT,true,true,2.237641723,44100,1,0.886505127,-19.661170,0.000007273,0.000000000,0.726033644,0.613038549,AUTO_PASS,
desed:train:275565:clsdoa_v1_srcprep_v1,desed:train:275565,4,clock_alarm,transient,DESED isolated foreground,Alarm_bell_ringing,SEMANTIC_STRONG,275565,train,raw/desed/extracted/audio/train/soundbank/foreground/Alarm_bell_ringing/275565.wav,5b9ce6810fd71119a93cbf55f6a2caa239700c705882dfe76bd801ae1accd093,44100,1,2.246462585,http://creativecommons.org/licenses/by/3.0/,PER_RECORDING_METADATA,DESED_synth_soundbank.tar.gz; audio/train/soundbank/foreground/Alarm_bell_ringing/275565.wav ; official train license TSV,unknown,clsdoa_v1,PRESENT,true,true,2.246462585,44100,1,0.892333984,-19.554744,0.000003165,0.000000000,0.727846249,0.611383220,AUTO_PASS,
desed:train:275566:clsdoa_v1_srcprep_v1,desed:train:275566,4,clock_alarm,transient,DESED isolated foreground,Alarm_bell_ringing,SEMANTIC_STRONG,275566,train,raw/desed/extracted/audio/train/soundbank/foreground/Alarm_bell_ringing/275566.wav,f6ec9dfce7f11cd05ed488e54f545155aac408f1300102bbb612e56bfeb2d1ce,44100,1,2.248480726,http://creativecommons.org/licenses/by/3.0/,PER_RECORDING_METADATA,DESED_synth_soundbank.tar.gz; audio/train/soundbank/foreground/Alarm_bell_ringing/275566.wav ; official train license TSV,unknown,clsdoa_v1,PRESENT,true,true,2.248480726,44100,1,0.863250732,-19.617390,0.000006346,0.000000000,0.717935013,0.634217687,AUTO_PASS,
desed:train:275629:clsdoa_v1_srcprep_v1,desed:train:275629,4,clock_alarm,transient,DESED isolated foreground,Alarm_bell_ringing,SEMANTIC_STRONG,275629,train,raw/desed/extracted/audio/train/soundbank/foreground/Alarm_bell_ringing/275629.wav,3134eda05c6783d9e234838f3232cc43df6d77e1362af16faf8df0b00606a0a3,44100,1,2.444195011,http://creativecommons.org/publicdomain/zero/1.0/,PER_RECORDING_METADATA,DESED_synth_soundbank.tar.gz; audio/train/soundbank/foreground/Alarm_bell_ringing/275629.wav ; official train license TSV,unknown,clsdoa_v1,PRESENT,true,true,2.444195011,44100,1,0.786773682,-24.495463,-0.000064602,0.000000000,0.889422854,0.270272109,AUTO_PASS,
desed:train:330400_0:clsdoa_v1_srcprep_v1,desed:train:330400,4,clock_alarm,transient,DESED isolated foreground,Alarm_bell_ringing,SEMANTIC_STRONG,330400,train,raw/desed/extracted/audio/train/soundbank/foreground/Alarm_bell_ringing/330400_0.wav,7ca271e91d25d1a2400897a81332a03b4efb456e43bff82ca3cb51571697643a,44100,1,2.391995465,http://creativecommons.org/publicdomain/zero/1.0/,PER_RECORDING_METADATA,DESED_synth_soundbank.tar.gz; audio/train/soundbank/foreground/Alarm_bell_ringing/330400_0.wav ; official train license TSV,unknown,clsdoa_v1,PRESENT,true,true,2.391995465,44100,1,0.436584473,-21.397948,-0.000000027,0.000000000,0.420743788,1.385578231,AUTO_PASS,
desed:train:330400_1:clsdoa_v1_srcprep_v1,desed:train:330400,4,clock_alarm,transient,DESED isolated foreground,Alarm_bell_ringing,SEMANTIC_STRONG,330400,train,raw/desed/extracted/audio/train/soundbank/foreground/Alarm_bell_ringing/330400_1.wav,bad6edb38e5cf327e7a4e057466e276bba4a69a2464eb4748c59e17d7b1c1c79,44100,1,6.356258503,http://creativecommons.org/publicdomain/zero/1.0/,PER_RECORDING_METADATA,DESED_synth_soundbank.tar.gz; audio/train/soundbank/foreground/Alarm_bell_ringing/330400_1.wav ; official train license TSV,unknown,clsdoa_v1,PRESENT,true,true,6.356258503,44100,1,0.424102783,-20.994839,0.000000020,0.000000000,0.378461780,3.950657596,AUTO_PASS,
desed:train:330400_2:clsdoa_v1_srcprep_v1,desed:train:330400,4,clock_alarm,transient,DESED isolated foreground,Alarm_bell_ringing,SEMANTIC_STRONG,330400,train,raw/desed/extracted/audio/train/soundbank/foreground/Alarm_bell_ringing/330400_2.wav,935cddf39592f3048e39490b49378daac296c1ec8969f8e8434a2cdbd9b20dbd,44100,1,9.045124717,http://creativecommons.org/publicdomain/zero/1.0/,PER_RECORDING_METADATA,DESED_synth_soundbank.tar.gz; audio/train/soundbank/foreground/Alarm_bell_ringing/330400_2.wav ; official train license TSV,unknown,clsdoa_v1,PRESENT,true,true,9.045124717,44100,1,0.501190186,-20.772104,-0.000000007,0.000000000,0.427343378,5.179750567,AUTO_PASS,
desed:train:345805:clsdoa_v1_srcprep_v1,desed:train:345805,4,clock_alarm,transient,DESED isolated foreground,Alarm_bell_ringing,SEMANTIC_STRONG,345805,train,raw/desed/extracted/audio/train/soundbank/foreground/Alarm_bell_ringing/345805.wav,b8c5accb03c671b8b591a6e999a0f0448018ff0352c806ca581289141f91a005,44100,1,3.477120181,http://creativecommons.org/publicdomain/zero/1.0/,PER_RECORDING_METADATA,DESED_synth_soundbank.tar.gz; audio/train/soundbank/foreground/Alarm_bell_ringing/345805.wav ; official train license TSV,unknown,clsdoa_v1,PRESENT,true,true,3.477120181,44100,1,0.237854004,-28.582992,0.000012303,0.000000000,0.612138958,1.348639456,AUTO_PASS,
desed:train:34853_0:clsdoa_v1_srcprep_v1,desed:train:34853,4,clock_alarm,transient,DESED isolated foreground,Alarm_bell_ringing,SEMANTIC_STRONG,34853,train,raw/desed/extracted/audio/train/soundbank/foreground/Alarm_bell_ringing/34853_0.wav,b865d3008caa03967b8f904ebd3bc3477c903f9d833213bb5972c319fc4e19f4,44100,1,0.320136054,http://creativecommons.org/licenses/sampling+/1.0/,PER_RECORDING_METADATA,DESED_synth_soundbank.tar.gz; audio/train/soundbank/foreground/Alarm_bell_ringing/34853_0.wav ; official train license TSV,unknown,clsdoa_v1,PRESENT,true,true,0.320136054,44100,1,0.256164551,-22.850086,-0.000073034,0.000000000,0.431718374,0.181927438,AUTO_PASS,
desed:train:34853_1:clsdoa_v1_srcprep_v1,desed:train:34853,4,clock_alarm,transient,DESED isolated foreground,Alarm_bell_ringing,SEMANTIC_STRONG,34853,train,raw/desed/extracted/audio/train/soundbank/foreground/Alarm_bell_ringing/34853_1.wav,bfa154e795fe48850b69122a2d6aac97e3a5176186cd79c2ea0b26794f4e9be8,44100,1,0.320294785,http://creativecommons.org/licenses/sampling+/1.0/,PER_RECORDING_METADATA,DESED_synth_soundbank.tar.gz; audio/train/soundbank/foreground/Alarm_bell_ringing/34853_1.wav ; official train license TSV,unknown,clsdoa_v1,PRESENT,true,true,0.320294785,44100,1,0.258789062,-22.753222,-0.000112508,0.000000000,0.422725664,0.184897959,AUTO_PASS,
desed:train:34853_2:clsdoa_v1_srcprep_v1,desed:train:34853,4,clock_alarm,transient,DESED isolated foreground,Alarm_bell_ringing,SEMANTIC_STRONG,34853,train,raw/desed/extracted/audio/train/soundbank/foreground/Alarm_bell_ringing/34853_2.wav,044b6f06b89383a3b432151cff37b460d1ab596628fa286e9e4b2cea856eb7b0,44100,1,0.352857143,http://creativecommons.org/licenses/sampling+/1.0/,PER_RECORDING_METADATA,DESED_synth_soundbank.tar.gz; audio/train/soundbank/foreground/Alarm_bell_ringing/34853_2.wav ; official train license TSV,unknown,clsdoa_v1,PRESENT,true,true,0.352857143,44100,1,0.254180908,-23.417964,-0.000113286,0.000000000,0.489878543,0.180000000,AUTO_PASS,
desed:train:34853_3:clsdoa_v1_srcprep_v1,desed:train:34853,4,clock_alarm,transient,DESED isolated foreground,Alarm_bell_ringing,SEMANTIC_STRONG,34853,train,raw/desed/extracted/audio/train/soundbank/foreground/Alarm_bell_ringing/34853_3.wav,7010b150c56e8fc37c3302f42670cda46f8b9222f1ad1aaf497664392290a75f,44100,1,0.320612245,http://creativecommons.org/licenses/sampling+/1.0/,PER_RECORDING_METADATA,DESED_synth_soundbank.tar.gz; audio/train/soundbank/foreground/Alarm_bell_ringing/34853_3.wav ; official train license TSV,unknown,clsdoa_v1,PRESENT,true,true,0.320612245,44100,1,0.260314941,-23.128697,-0.000096599,0.000000000,0.439281420,0.179773243,AUTO_PASS,
desed:train:34853_4:clsdoa_v1_srcprep_v1,desed:train:34853,4,clock_alarm,transient,DESED isolated foreground,Alarm_bell_ringing,SEMANTIC_STRONG,34853,train,raw/desed/extracted/audio/train/soundbank/foreground/Alarm_bell_ringing/34853_4.wav,bb2f50f9bced232e2aa958d886567b436d592addfc3268b3b1b53c9c3cbe4fb3,44100,1,0.328412698,http://creativecommons.org/licenses/sampling+/1.0/,PER_RECORDING_METADATA,DESED_synth_soundbank.tar.gz; audio/train/soundbank/foreground/Alarm_bell_ringing/34853_4.wav ; official train license TSV,unknown,clsdoa_v1,PRESENT,true,true,0.328412698,44100,1,0.260864258,-23.035448,-0.000096431,0.000000000,0.454049575,0.179297052,AUTO_PASS,
desed:train:34853_5:clsdoa_v1_srcprep_v1,desed:train:34853,4,clock_alarm,transient,DESED isolated foreground,Alarm_bell_ringing,SEMANTIC_STRONG,34853,train,raw/desed/extracted/audio/train/soundbank/foreground/Alarm_bell_ringing/34853_5.wav,bab1f1617897d62bc0fc7285b6606a2b4705ede4ee2662c682fa7425a4e3a74f,44100,1,0.312811791,http://creativecommons.org/licenses/sampling+/1.0/,PER_RECORDING_METADATA,DESED_synth_soundbank.tar.gz; audio/train/soundbank/foreground/Alarm_bell_ringing/34853_5.wav ; official train license TSV,unknown,clsdoa_v1,PRESENT,true,true,0.312811791,44100,1,0.255737305,-22.718426,-0.000108313,0.000000000,0.414353026,0.183197279,AUTO_PASS,
desed:train:34853_6:clsdoa_v1_srcprep_v1,desed:train:34853,4,clock_alarm,transient,DESED isolated foreground,Alarm_bell_ringing,SEMANTIC_STRONG,34853,train,raw/desed/extracted/audio/train/soundbank/foreground/Alarm_bell_ringing/34853_6.wav,2c424415d1942ee12e5655c38e0066d7b30d431b7563472761f174771336d2b8,44100,1,0.319727891,http://creativecommons.org/licenses/sampling+/1.0/,PER_RECORDING_METADATA,DESED_synth_soundbank.tar.gz; audio/train/soundbank/foreground/Alarm_bell_ringing/34853_6.wav ; official train license TSV,unknown,clsdoa_v1,PRESENT,true,true,0.319727891,44100,1,0.257904053,-22.791028,-0.000073788,0.000000000,0.434609929,0.180770975,AUTO_PASS,
desed:train:34853_7:clsdoa_v1_srcprep_v1,desed:train:34853,4,clock_alarm,transient,DESED isolated foreground,Alarm_bell_ringing,SEMANTIC_STRONG,34853,train,raw/desed/extracted/audio/train/soundbank/foreground/Alarm_bell_ringing/34853_7.wav,3787c6c4e66e8b0048367050c9e864d6ad313bc8a1c1ae827176a36d36669f41,44100,1,0.316371882,http://creativecommons.org/licenses/sampling+/1.0/,PER_RECORDING_METADATA,DESED_synth_soundbank.tar.gz; audio/train/soundbank/foreground/Alarm_bell_ringing/34853_7.wav ; official train license TSV,unknown,clsdoa_v1,PRESENT,true,true,0.316371882,44100,1,0.256988525,-22.759820,-0.000052841,0.000000000,0.421301606,0.183083900,AUTO_PASS,
desed:train:370919:clsdoa_v1_srcprep_v1,desed:train:370919,4,clock_alarm,transient,DESED isolated foreground,Alarm_bell_ringing,SEMANTIC_STRONG,370919,train,raw/desed/extracted/audio/train/soundbank/foreground/Alarm_bell_ringing/370919.wav,084220bd8578f5a030f9ebfeb17bc46fdc4829e735c0c4591e75b4ac649ca594,44100,1,4.189750567,http://creativecommons.org/licenses/by/3.0/,PER_RECORDING_METADATA,DESED_synth_soundbank.tar.gz; audio/train/soundbank/foreground/Alarm_bell_ringing/370919.wav ; official train license TSV,unknown,clsdoa_v1,PRESENT,true,true,4.189750567,44100,1,0.684844971,-28.648379,-0.000016605,0.000000000,0.976402840,0.098866213,AUTO_FLAG,mostly_silence_or_low_activity
desed:train:382236_0:clsdoa_v1_srcprep_v1,desed:train:382236,4,clock_alarm,transient,DESED isolated foreground,Alarm_bell_ringing,SEMANTIC_STRONG,382236,train,raw/desed/extracted/audio/train/soundbank/foreground/Alarm_bell_ringing/382236_0.wav,f72a84167dc7a3b21f73bc9efd57f3f445285e83b5b34cd7fc41275ed5060ffe,44100,1,0.317460317,http://creativecommons.org/licenses/by/3.0/,PER_RECORDING_METADATA,DESED_synth_soundbank.tar.gz; audio/train/soundbank/foreground/Alarm_bell_ringing/382236_0.wav ; official train license TSV,unknown,clsdoa_v1,PRESENT,true,true,0.317460317,44100,1,0.266906738,-21.574570,0.000001059,0.000000000,0.359714286,0.203265306,AUTO_PASS,
desed:train:382236_1:clsdoa_v1_srcprep_v1,desed:train:382236,4,clock_alarm,transient,DESED isolated foreground,Alarm_bell_ringing,SEMANTIC_STRONG,382236,train,raw/desed/extracted/audio/train/soundbank/foreground/Alarm_bell_ringing/382236_1.wav,ee047905e79db76ec0ed3db941bc92a2c04f7fa94f36ba3a433e67c43523a71b,44100,1,0.316848073,http://creativecommons.org/licenses/by/3.0/,PER_RECORDING_METADATA,DESED_synth_soundbank.tar.gz; audio/train/soundbank/foreground/Alarm_bell_ringing/382236_1.wav ; official train license TSV,unknown,clsdoa_v1,PRESENT,true,true,0.316848073,44100,1,0.265808105,-21.461860,-0.000001064,0.000000000,0.356616331,0.203854875,AUTO_PASS,
desed:train:382236_2:clsdoa_v1_srcprep_v1,desed:train:382236,4,clock_alarm,transient,DESED isolated foreground,Alarm_bell_ringing,SEMANTIC_STRONG,382236,train,raw/desed/extracted/audio/train/soundbank/foreground/Alarm_bell_ringing/382236_2.wav,9fabdd4764d4af157b675cfd9cde515e2f9a4fc92e1d66279f8d1b28d181065e,44100,1,0.317188209,http://creativecommons.org/licenses/by/3.0/,PER_RECORDING_METADATA,DESED_synth_soundbank.tar.gz; audio/train/soundbank/foreground/Alarm_bell_ringing/382236_2.wav ; official train license TSV,unknown,clsdoa_v1,PRESENT,true,true,0.317188209,44100,1,0.267486572,-21.512559,0.000000185,0.000000000,0.361309694,0.202585034,AUTO_PASS,
desed:train:382236_3:clsdoa_v1_srcprep_v1,desed:train:382236,4,clock_alarm,transient,DESED isolated foreground,Alarm_bell_ringing,SEMANTIC_STRONG,382236,train,raw/desed/extracted/audio/train/soundbank/foreground/Alarm_bell_ringing/382236_3.wav,e9fb2edf36c74b3bd8525c232f96171c598152ef240eb6136c37e21dca2738d4,44100,1,0.317369615,http://creativecommons.org/licenses/by/3.0/,PER_RECORDING_METADATA,DESED_synth_soundbank.tar.gz; audio/train/soundbank/foreground/Alarm_bell_ringing/382236_3.wav ; official train license TSV,unknown,clsdoa_v1,PRESENT,true,true,0.317369615,44100,1,0.269256592,-21.518663,-0.000000172,0.000000000,0.359602744,0.203242630,AUTO_PASS,
desed:train:382236_4:clsdoa_v1_srcprep_v1,desed:train:382236,4,clock_alarm,transient,DESED isolated foreground,Alarm_bell_ringing,SEMANTIC_STRONG,382236,train,raw/desed/extracted/audio/train/soundbank/foreground/Alarm_bell_ringing/382236_4.wav,03c25915f1ee7224322c82673c284379a468aa43cdaef5a8e1de7c9dfc251518,44100,1,0.317641723,http://creativecommons.org/licenses/by/3.0/,PER_RECORDING_METADATA,DESED_synth_soundbank.tar.gz; audio/train/soundbank/foreground/Alarm_bell_ringing/382236_4.wav ; official train license TSV,unknown,clsdoa_v1,PRESENT,true,true,0.317641723,44100,1,0.271759033,-21.520482,-0.000000054,0.000000000,0.359865791,0.203333333,AUTO_PASS,
desed:train:382236_5:clsdoa_v1_srcprep_v1,desed:train:382236,4,clock_alarm,transient,DESED isolated foreground,Alarm_bell_ringing,SEMANTIC_STRONG,382236,train,raw/desed/extracted/audio/train/soundbank/foreground/Alarm_bell_ringing/382236_5.wav,a00f28b7e11f5af46142ccb75902d16dbfa0de3ba9a07f05cdf3ec05d824e80c,44100,1,0.317619048,http://creativecommons.org/licenses/by/3.0/,PER_RECORDING_METADATA,DESED_synth_soundbank.tar.gz; audio/train/soundbank/foreground/Alarm_bell_ringing/382236_5.wav ; official train license TSV,unknown,clsdoa_v1,PRESENT,true,true,0.317619048,44100,1,0.269348145,-21.481880,0.000000224,0.000000000,0.360534019,0.203106576,AUTO_PASS,
desed:train:382236_6:clsdoa_v1_srcprep_v1,desed:train:382236,4,clock_alarm,transient,DESED isolated foreground,Alarm_bell_ringing,SEMANTIC_STRONG,382236,train,raw/desed/extracted/audio/train/soundbank/foreground/Alarm_bell_ringing/382236_6.wav,eaf6d8c7c1630920e12d2b0f1935cc6f9eb767754fe3093263c409ae3130af00,44100,1,0.317936508,http://creativecommons.org/licenses/by/3.0/,PER_RECORDING_METADATA,DESED_synth_soundbank.tar.gz; audio/train/soundbank/foreground/Alarm_bell_ringing/382236_6.wav ; official train license TSV,unknown,clsdoa_v1,PRESENT,true,true,0.317936508,44100,1,0.267883301,-21.462365,-0.000000958,0.000000000,0.359246844,0.203718821,AUTO_PASS,
desed:train:382236_7:clsdoa_v1_srcprep_v1,desed:train:382236,4,clock_alarm,transient,DESED isolated foreground,Alarm_bell_ringing,SEMANTIC_STRONG,382236,train,raw/desed/extracted/audio/train/soundbank/foreground/Alarm_bell_ringing/382236_7.wav,8071cb1b95f4bff346c0bb2e97d4fbcd9b0d3f040e2c56a711afe93b01c8a2f1,44100,1,0.316349206,http://creativecommons.org/licenses/by/3.0/,PER_RECORDING_METADATA,DESED_synth_soundbank.tar.gz; audio/train/soundbank/foreground/Alarm_bell_ringing/382236_7.wav ; official train license TSV,unknown,clsdoa_v1,PRESENT,true,true,0.316349206,44100,1,0.268737793,-21.450085,0.000000494,0.000000000,0.356820300,0.203469388,AUTO_PASS,
desed:train:382236_8:clsdoa_v1_srcprep_v1,desed:train:382236,4,clock_alarm,transient,DESED isolated foreground,Alarm_bell_ringing,SEMANTIC_STRONG,382236,train,raw/desed/extracted/audio/train/soundbank/foreground/Alarm_bell_ringing/382236_8.wav,7ece994a89facceb66646d2e69b6323f9600876ed6d3195d34b0cc54fff9eb53,44100,1,0.317278912,http://creativecommons.org/licenses/by/3.0/,PER_RECORDING_METADATA,DESED_synth_soundbank.tar.gz; audio/train/soundbank/foreground/Alarm_bell_ringing/382236_8.wav ; official train license TSV,unknown,clsdoa_v1,PRESENT,true,true,0.317278912,44100,1,0.266937256,-21.458232,-0.000000087,0.000000000,0.358276158,0.203605442,AUTO_PASS,
desed:train:382236_9:clsdoa_v1_srcprep_v1,desed:train:382236,4,clock_alarm,transient,DESED isolated foreground,Alarm_bell_ringing,SEMANTIC_STRONG,382236,train,raw/desed/extracted/audio/train/soundbank/foreground/Alarm_bell_ringing/382236_9.wav,d02f950af97625f22440c1a1e8d70a66e7e2411ab22f353c4e5b7427d4e7eab7,44100,1,0.317868481,http://creativecommons.org/licenses/by/3.0/,PER_RECORDING_METADATA,DESED_synth_soundbank.tar.gz; audio/train/soundbank/foreground/Alarm_bell_ringing/382236_9.wav ; official train license TSV,unknown,clsdoa_v1,PRESENT,true,true,0.317868481,44100,1,0.268310547,-21.468389,-0.000000213,0.000000000,0.361249822,0.203038549,AUTO_PASS,
desed:train:38229_0:clsdoa_v1_srcprep_v1,desed:train:38229,4,clock_alarm,transient,DESED isolated foreground,Alarm_bell_ringing,SEMANTIC_STRONG,38229,train,raw/desed/extracted/audio/train/soundbank/foreground/Alarm_bell_ringing/38229_0.wav,c8b75c1dd1dc03af8e0b9670608e715388397d8e48f4b7c80786194a26b9227d,44100,1,2.438344671,http://creativecommons.org/publicdomain/zero/1.0/,PER_RECORDING_METADATA,DESED_synth_soundbank.tar.gz; audio/train/soundbank/foreground/Alarm_bell_ringing/38229_0.wav ; official train license TSV,unknown,clsdoa_v1,PRESENT,true,true,2.438344671,44100,1,0.418243408,-24.285605,0.000005859,0.000000000,0.693967321,0.746213152,AUTO_PASS,
desed:train:38229_1:clsdoa_v1_srcprep_v1,desed:train:38229,4,clock_alarm,transient,DESED isolated foreground,Alarm_bell_ringing,SEMANTIC_STRONG,38229,train,raw/desed/extracted/audio/train/soundbank/foreground/Alarm_bell_ringing/38229_1.wav,f0c116506edf23bf717e72a435fc041847a33176572d4c273049ccd99e313ec3,44100,1,1.736145125,http://creativecommons.org/publicdomain/zero/1.0/,PER_RECORDING_METADATA,DESED_synth_soundbank.tar.gz; audio/train/soundbank/foreground/Alarm_bell_ringing/38229_1.wav ; official train license TSV,unknown,clsdoa_v1,PRESENT,true,true,1.736145125,44100,1,0.333465576,-24.188390,0.000006892,0.000000000,0.557899274,0.767551020,AUTO_PASS,
desed:train:400695:clsdoa_v1_srcprep_v1,desed:train:400695,4,clock_alarm,transient,DESED isolated foreground,Alarm_bell_ringing,SEMANTIC_STRONG,400695,train,raw/desed/extracted/audio/train/soundbank/foreground/Alarm_bell_ringing/400695.wav,21bea9cc9ff63dbbd76c8e77af2fc8c7340eff5766378a3e77edf48be49aaf49,44100,1,1.763650794,http://creativecommons.org/publicdomain/zero/1.0/,PER_RECORDING_METADATA,DESED_synth_soundbank.tar.gz; audio/train/soundbank/foreground/Alarm_bell_ringing/400695.wav ; official train license TSV,unknown,clsdoa_v1,PRESENT,true,true,1.763650794,44100,1,0.425750732,-32.009234,0.000015594,0.000000000,0.955243838,0.078934240,AUTO_FLAG,mostly_silence_or_low_activity
desed:train:411517_0:clsdoa_v1_srcprep_v1,desed:train:411517,4,clock_alarm,transient,DESED isolated foreground,Alarm_bell_ringing,SEMANTIC_STRONG,411517,train,raw/desed/extracted/audio/train/soundbank/foreground/Alarm_bell_ringing/411517_0.wav,74935f8d2ba67fd88144859aa2ec643362e42d0f761d60eda1711cfc03326266,44100,1,1.449160998,http://creativecommons.org/licenses/by/3.0/,PER_RECORDING_METADATA,DESED_synth_soundbank.tar.gz; audio/train/soundbank/foreground/Alarm_bell_ringing/411517_0.wav ; official train license TSV,unknown,clsdoa_v1,PRESENT,true,true,1.449160998,44100,1,0.973693848,-16.798944,0.000015363,0.000000000,0.681448332,0.461632653,AUTO_PASS,
desed:train:411517_1:clsdoa_v1_srcprep_v1,desed:train:411517,4,clock_alarm,transient,DESED isolated foreground,Alarm_bell_ringing,SEMANTIC_STRONG,411517,train,raw/desed/extracted/audio/train/soundbank/foreground/Alarm_bell_ringing/411517_1.wav,ffb90bcedec98aed7583a77e24732a90e81d90073d55ede55822125af2924145,44100,1,1.545714286,http://creativecommons.org/licenses/by/3.0/,PER_RECORDING_METADATA,DESED_synth_soundbank.tar.gz; audio/train/soundbank/foreground/Alarm_bell_ringing/411517_1.wav ; official train license TSV,unknown,clsdoa_v1,PRESENT,true,true,1.545714286,44100,1,0.956146240,-17.937365,0.000020607,0.000000000,0.758882727,0.372698413,AUTO_PASS,
desed:train:41629:clsdoa_v1_srcprep_v1,desed:train:41629,4,clock_alarm,transient,DESED isolated foreground,Alarm_bell_ringing,SEMANTIC_STRONG,41629,train,raw/desed/extracted/audio/train/soundbank/foreground/Alarm_bell_ringing/41629.wav,58e96ac2fce0a26ca284bafb9cb219467fc97d8cbbb612efb97e7c83b01fc6c7,44100,1,3.209002268,http://creativecommons.org/licenses/by/3.0/,PER_RECORDING_METADATA,DESED_synth_soundbank.tar.gz; audio/train/soundbank/foreground/Alarm_bell_ringing/41629.wav ; official train license TSV,unknown,clsdoa_v1,PRESENT,true,true,3.209002268,44100,1,0.493927002,-17.468643,0.000007835,0.000000000,0.449112121,1.767800454,AUTO_PASS,
desed:train:418898_0:clsdoa_v1_srcprep_v1,desed:train:418898,4,clock_alarm,transient,DESED isolated foreground,Alarm_bell_ringing,SEMANTIC_STRONG,418898,train,raw/desed/extracted/audio/train/soundbank/foreground/Alarm_bell_ringing/418898_0.wav,aa831035af3b0cd4eb4a729149c4363844a7bc78a4ff506807e998dc9a4b0676,44100,1,0.310181406,http://creativecommons.org/publicdomain/zero/1.0/,PER_RECORDING_METADATA,DESED_synth_soundbank.tar.gz; audio/train/soundbank/foreground/Alarm_bell_ringing/418898_0.wav ; official train license TSV,unknown,clsdoa_v1,PRESENT,true,true,0.310181406,44100,1,0.749359131,-11.939864,-0.000647696,0.000000000,0.254404562,0.231269841,AUTO_PASS,
desed:train:418898_1:clsdoa_v1_srcprep_v1,desed:train:418898,4,clock_alarm,transient,DESED isolated foreground,Alarm_bell_ringing,SEMANTIC_STRONG,418898,train,raw/desed/extracted/audio/train/soundbank/foreground/Alarm_bell_ringing/418898_1.wav,a8946f3c3bbb08109dcc4c61ba5bbb17992ac79f53e61eca39d5642852998ee3,44100,1,0.314807256,http://creativecommons.org/publicdomain/zero/1.0/,PER_RECORDING_METADATA,DESED_synth_soundbank.tar.gz; audio/train/soundbank/foreground/Alarm_bell_ringing/418898_1.wav ; official train license TSV,unknown,clsdoa_v1,PRESENT,true,true,0.314807256,44100,1,0.761535645,-11.902952,-0.000654507,0.000000000,0.266368940,0.230952381,AUTO_PASS,
desed:train:418898_2:clsdoa_v1_srcprep_v1,desed:train:418898,4,clock_alarm,transient,DESED isolated foreground,Alarm_bell_ringing,SEMANTIC_STRONG,418898,train,raw/desed/extracted/audio/train/soundbank/foreground/Alarm_bell_ringing/418898_2.wav,934d5d2825e7679fd601340a72fd2d0cafe6e4479b7d821652541d82739b7e3b,44100,1,0.314603175,http://creativecommons.org/publicdomain/zero/1.0/,PER_RECORDING_METADATA,DESED_synth_soundbank.tar.gz; audio/train/soundbank/foreground/Alarm_bell_ringing/418898_2.wav ; official train license TSV,unknown,clsdoa_v1,PRESENT,true,true,0.314603175,44100,1,0.761169434,-11.847551,-0.000635346,0.000000000,0.263946951,0.231564626,AUTO_PASS,
desed:train:418898_3:clsdoa_v1_srcprep_v1,desed:train:418898,4,clock_alarm,transient,DESED isolated foreground,Alarm_bell_ringing,SEMANTIC_STRONG,418898,train,raw/desed/extracted/audio/train/soundbank/foreground/Alarm_bell_ringing/418898_3.wav,ede6dc6b25fa098121b598ac1b48d426e75d7f92c5ae3d66da8ba99cc870d044,44100,1,0.314376417,http://creativecommons.org/publicdomain/zero/1.0/,PER_RECORDING_METADATA,DESED_synth_soundbank.tar.gz; audio/train/soundbank/foreground/Alarm_bell_ringing/418898_3.wav ; official train license TSV,unknown,clsdoa_v1,PRESENT,true,true,0.314376417,44100,1,0.759063721,-11.821291,-0.000641173,0.000000000,0.260819388,0.232380952,AUTO_PASS,
desed:train:418898_4:clsdoa_v1_srcprep_v1,desed:train:418898,4,clock_alarm,transient,DESED isolated foreground,Alarm_bell_ringing,SEMANTIC_STRONG,418898,train,raw/desed/extracted/audio/train/soundbank/foreground/Alarm_bell_ringing/418898_4.wav,e3e31aaa72c40638a441278c147b040c0792cce193abb5f0acd06c1810bc8434,44100,1,0.315895692,http://creativecommons.org/publicdomain/zero/1.0/,PER_RECORDING_METADATA,DESED_synth_soundbank.tar.gz; audio/train/soundbank/foreground/Alarm_bell_ringing/418898_4.wav ; official train license TSV,unknown,clsdoa_v1,PRESENT,true,true,0.315895692,44100,1,0.762359619,-11.817685,-0.000640652,0.000000000,0.267748187,0.231315193,AUTO_PASS,
desed:train:418898_5:clsdoa_v1_srcprep_v1,desed:train:418898,4,clock_alarm,transient,DESED isolated foreground,Alarm_bell_ringing,SEMANTIC_STRONG,418898,train,raw/desed/extracted/audio/train/soundbank/foreground/Alarm_bell_ringing/418898_5.wav,630dc66f5879abea8d5f97b91412675197533510c2e0c696bede0cce14feded8,44100,1,0.316009070,http://creativecommons.org/publicdomain/zero/1.0/,PER_RECORDING_METADATA,DESED_synth_soundbank.tar.gz; audio/train/soundbank/foreground/Alarm_bell_ringing/418898_5.wav ; official train license TSV,unknown,clsdoa_v1,PRESENT,true,true,0.316009070,44100,1,0.762817383,-11.816199,-0.000625562,0.000000000,0.265355913,0.232154195,AUTO_PASS,
desed:train:418898_6:clsdoa_v1_srcprep_v1,desed:train:418898,4,clock_alarm,transient,DESED isolated foreground,Alarm_bell_ringing,SEMANTIC_STRONG,418898,train,raw/desed/extracted/audio/train/soundbank/foreground/Alarm_bell_ringing/418898_6.wav,03ca7e853749dfff68f77293c40d0428a4e66e75453969a10f800beeea7bf8e5,44100,1,0.316145125,http://creativecommons.org/publicdomain/zero/1.0/,PER_RECORDING_METADATA,DESED_synth_soundbank.tar.gz; audio/train/soundbank/foreground/Alarm_bell_ringing/418898_6.wav ; official train license TSV,unknown,clsdoa_v1,PRESENT,true,true,0.316145125,44100,1,0.758056641,-11.802496,-0.000637802,0.000000000,0.263663750,0.232789116,AUTO_PASS,
desed:train:424946_0:clsdoa_v1_srcprep_v1,desed:train:424946,4,clock_alarm,transient,DESED isolated foreground,Alarm_bell_ringing,SEMANTIC_STRONG,424946,train,raw/desed/extracted/audio/train/soundbank/foreground/Alarm_bell_ringing/424946_0.wav,cc754470eb83a352380d02c4e47029b6b00af58600ff7b39de79b5cf705f11d9,44100,1,4.099750567,http://creativecommons.org/publicdomain/zero/1.0/,PER_RECORDING_METADATA,DESED_synth_soundbank.tar.gz; audio/train/soundbank/foreground/Alarm_bell_ringing/424946_0.wav ; official train license TSV,unknown,clsdoa_v1,PRESENT,true,true,4.099750567,44100,1,0.707763672,-19.771881,-0.000001383,0.000000000,0.688178585,1.278390023,AUTO_PASS,
desed:train:424946_1:clsdoa_v1_srcprep_v1,desed:train:424946,4,clock_alarm,transient,DESED isolated foreground,Alarm_bell_ringing,SEMANTIC_STRONG,424946,train,raw/desed/extracted/audio/train/soundbank/foreground/Alarm_bell_ringing/424946_1.wav,0576aaa30af95c25609e60cd13b7e9fbd1513f4f89a868a37af6a120e5d15c71,44100,1,4.189410431,http://creativecommons.org/publicdomain/zero/1.0/,PER_RECORDING_METADATA,DESED_synth_soundbank.tar.gz; audio/train/soundbank/foreground/Alarm_bell_ringing/424946_1.wav ; official train license TSV,unknown,clsdoa_v1,PRESENT,true,true,4.189410431,44100,1,0.669433594,-19.971098,0.000005619,0.000000000,0.690440751,1.296870748,AUTO_PASS,
desed:train:424946_2:clsdoa_v1_srcprep_v1,desed:train:424946,4,clock_alarm,transient,DESED isolated foreground,Alarm_bell_ringing,SEMANTIC_STRONG,424946,train,raw/desed/extracted/audio/train/soundbank/foreground/Alarm_bell_ringing/424946_2.wav,9ce1c5d86c0ff29b3018aff78b20253521738b0cd79c36232da3a77ea93d9f45,44100,1,3.859954649,http://creativecommons.org/publicdomain/zero/1.0/,PER_RECORDING_METADATA,DESED_synth_soundbank.tar.gz; audio/train/soundbank/foreground/Alarm_bell_ringing/424946_2.wav ; official train license TSV,unknown,clsdoa_v1,PRESENT,true,true,3.859954649,44100,1,0.626495361,-19.466100,-0.000007241,0.000000000,0.628947739,1.432244898,AUTO_PASS,
desed:train:424946_3:clsdoa_v1_srcprep_v1,desed:train:424946,4,clock_alarm,transient,DESED isolated foreground,Alarm_bell_ringing,SEMANTIC_STRONG,424946,train,raw/desed/extracted/audio/train/soundbank/foreground/Alarm_bell_ringing/424946_3.wav,589d76f95267f2918934077a8b9eafecfc2c48b4e806e285fc2f3b70e57200d6,44100,1,3.832312925,http://creativecommons.org/publicdomain/zero/1.0/,PER_RECORDING_METADATA,DESED_synth_soundbank.tar.gz; audio/train/soundbank/foreground/Alarm_bell_ringing/424946_3.wav ; official train license TSV,unknown,clsdoa_v1,PRESENT,true,true,3.832312925,44100,1,0.705291748,-19.346357,0.000003319,0.000000000,0.639099435,1.383083900,AUTO_PASS,
desed:train:54277_0:clsdoa_v1_srcprep_v1,desed:train:54277,4,clock_alarm,transient,DESED isolated foreground,Alarm_bell_ringing,SEMANTIC_STRONG,54277,train,raw/desed/extracted/audio/train/soundbank/foreground/Alarm_bell_ringing/54277_0.wav,412d0e498d14af2f71da6190b9a18a76b378dcdf1836ae8dedd7e2bde653a76b,44100,1,4.233038549,http://creativecommons.org/publicdomain/zero/1.0/,PER_RECORDING_METADATA,DESED_synth_soundbank.tar.gz; audio/train/soundbank/foreground/Alarm_bell_ringing/54277_0.wav ; official train license TSV,unknown,clsdoa_v1,PRESENT,true,true,4.233038549,44100,1,0.508514404,-20.131993,-0.000000535,0.000000000,0.559972573,1.862653061,AUTO_PASS,
desed:train:54277_1:clsdoa_v1_srcprep_v1,desed:train:54277,4,clock_alarm,transient,DESED isolated foreground,Alarm_bell_ringing,SEMANTIC_STRONG,54277,train,raw/desed/extracted/audio/train/soundbank/foreground/Alarm_bell_ringing/54277_1.wav,e5fffcb71517a3134d1af2c194a6a20a57c05655a4236a6ac31e932a6f8c05c8,44100,1,4.006190476,http://creativecommons.org/publicdomain/zero/1.0/,PER_RECORDING_METADATA,DESED_synth_soundbank.tar.gz; audio/train/soundbank/foreground/Alarm_bell_ringing/54277_1.wav ; official train license TSV,unknown,clsdoa_v1,PRESENT,true,true,4.006190476,44100,1,0.564666748,-20.260178,0.000000068,0.000000000,0.593446650,1.628730159,AUTO_PASS,
desed:train:54277_2:clsdoa_v1_srcprep_v1,desed:train:54277,4,clock_alarm,transient,DESED isolated foreground,Alarm_bell_ringing,SEMANTIC_STRONG,54277,train,raw/desed/extracted/audio/train/soundbank/foreground/Alarm_bell_ringing/54277_2.wav,9fbc219f770760e6a343a8f54996d766f9cd08464ed6d322f2cef1aa1c63ea87,44100,1,4.233129252,http://creativecommons.org/publicdomain/zero/1.0/,PER_RECORDING_METADATA,DESED_synth_soundbank.tar.gz; audio/train/soundbank/foreground/Alarm_bell_ringing/54277_2.wav ; official train license TSV,unknown,clsdoa_v1,PRESENT,true,true,4.233129252,44100,1,0.484588623,-20.132124,-0.000000558,0.000000000,0.544988510,1.926122449,AUTO_PASS,
desed:train:54277_3:clsdoa_v1_srcprep_v1,desed:train:54277,4,clock_alarm,transient,DESED isolated foreground,Alarm_bell_ringing,SEMANTIC_STRONG,54277,train,raw/desed/extracted/audio/train/soundbank/foreground/Alarm_bell_ringing/54277_3.wav,7ba72377105429983b4e7e0dbb0a2f8a9c53daee83cc8f683125cb8b4c815240,44100,1,3.883968254,http://creativecommons.org/publicdomain/zero/1.0/,PER_RECORDING_METADATA,DESED_synth_soundbank.tar.gz; audio/train/soundbank/foreground/Alarm_bell_ringing/54277_3.wav ; official train license TSV,unknown,clsdoa_v1,PRESENT,true,true,3.883968254,44100,1,0.491821289,-20.340137,-0.000000631,0.000000000,0.558175651,1.716031746,AUTO_PASS,
desed:train:69185:clsdoa_v1_srcprep_v1,desed:train:69185,4,clock_alarm,transient,DESED isolated foreground,Alarm_bell_ringing,SEMANTIC_STRONG,69185,train,raw/desed/extracted/audio/train/soundbank/foreground/Alarm_bell_ringing/69185.wav,9c98ff1f6cb3475708cd4f38eba79eb51cc064ab8459cd46fdf85c22e4403077,44100,1,2.434036281,http://creativecommons.org/licenses/sampling+/1.0/,PER_RECORDING_METADATA,DESED_synth_soundbank.tar.gz; audio/train/soundbank/foreground/Alarm_bell_ringing/69185.wav ; official train license TSV,unknown,clsdoa_v1,PRESENT,true,true,2.434036281,44100,1,0.712738037,-19.113727,-0.000431769,0.000000000,0.632638041,0.894172336,AUTO_PASS,
desed:train:69385:clsdoa_v1_srcprep_v1,desed:train:69385,4,clock_alarm,transient,DESED isolated foreground,Alarm_bell_ringing,SEMANTIC_STRONG,69385,train,raw/desed/extracted/audio/train/soundbank/foreground/Alarm_bell_ringing/69385.wav,cdf977e0c5cbaf7b93cd1addf905fa904636614a02d9e239ce2f5161b41671b5,44100,1,8.116825397,http://creativecommons.org/publicdomain/zero/1.0/,PER_RECORDING_METADATA,DESED_synth_soundbank.tar.gz; audio/train/soundbank/foreground/Alarm_bell_ringing/69385.wav ; official train license TSV,unknown,clsdoa_v1,PRESENT,true,true,8.116825397,44100,1,0.853271484,-20.922029,0.000007164,0.000000000,0.835170637,1.337891156,AUTO_PASS,
desed:train:70102:clsdoa_v1_srcprep_v1,desed:train:70102,4,clock_alarm,transient,DESED isolated foreground,Alarm_bell_ringing,SEMANTIC_STRONG,70102,train,raw/desed/extracted/audio/train/soundbank/foreground/Alarm_bell_ringing/70102.wav,2b643cb8aa51a26322a2a682adbf9d897b814d9e4138139d48a4a00cbcc8a60d,44100,1,8.673673469,http://creativecommons.org/licenses/by/3.0/,PER_RECORDING_METADATA,DESED_synth_soundbank.tar.gz; audio/train/soundbank/foreground/Alarm_bell_ringing/70102.wav ; official train license TSV,unknown,clsdoa_v1,PRESENT,true,true,8.673673469,44100,1,0.723968506,-21.459957,0.000008325,0.000000000,0.763908823,2.047777778,AUTO_PASS,
desed:train:80341:clsdoa_v1_srcprep_v1,desed:train:80341,4,clock_alarm,transient,DESED isolated foreground,Alarm_bell_ringing,SEMANTIC_STRONG,80341,train,raw/desed/extracted/audio/train/soundbank/foreground/Alarm_bell_ringing/80341.wav,ac76986a202e2a7df17507b8b11488a542bf5ed292ca461e88b9988ab19e9c0f,44100,1,6.004013605,http://creativecommons.org/publicdomain/zero/1.0/,PER_RECORDING_METADATA,DESED_synth_soundbank.tar.gz; audio/train/soundbank/foreground/Alarm_bell_ringing/80341.wav ; official train license TSV,unknown,clsdoa_v1,PRESENT,true,true,6.004013605,44100,1,1.000000000,-9.286029,-0.003914298,0.016232528,0.344225518,3.937278912,AUTO_FLAG,severe_clipping_candidate
desed:train:81061:clsdoa_v1_srcprep_v1,desed:train:81061,4,clock_alarm,transient,DESED isolated foreground,Alarm_bell_ringing,SEMANTIC_STRONG,81061,train,raw/desed/extracted/audio/train/soundbank/foreground/Alarm_bell_ringing/81061.wav,8b2a67c7a6913136ad5306257704205610aa7493f7c9c37eaf788371ee1eb0a3,44100,1,2.125283447,http://creativecommons.org/licenses/by-nc/3.0/,PER_RECORDING_METADATA,DESED_synth_soundbank.tar.gz; audio/train/soundbank/foreground/Alarm_bell_ringing/81061.wav ; official train license TSV,unknown,clsdoa_v1,PRESENT,true,true,2.125283447,44100,1,0.160491943,-31.781314,0.000002752,0.000000000,0.659023740,0.724671202,AUTO_PASS,
desed:train:87151:clsdoa_v1_srcprep_v1,desed:train:87151,4,clock_alarm,transient,DESED isolated foreground,Alarm_bell_ringing,SEMANTIC_STRONG,87151,train,raw/desed/extracted/audio/train/soundbank/foreground/Alarm_bell_ringing/87151.wav,2f675ca93c4c029efc9026a130f32c2a2d6fca665e80a5e982eec9f39081a689,44100,1,2.426643991,http://creativecommons.org/licenses/by/3.0/,PER_RECORDING_METADATA,DESED_synth_soundbank.tar.gz; audio/train/soundbank/foreground/Alarm_bell_ringing/87151.wav ; official train license TSV,unknown,clsdoa_v1,PRESENT,true,true,2.426643991,44100,1,0.587738037,-23.662997,0.000007629,0.000000000,0.798261926,0.489546485,AUTO_PASS,
desed:train:88021_0:clsdoa_v1_srcprep_v1,desed:train:88021,4,clock_alarm,transient,DESED isolated foreground,Alarm_bell_ringing,SEMANTIC_STRONG,88021,train,raw/desed/extracted/audio/train/soundbank/foreground/Alarm_bell_ringing/88021_0.wav,c23d8cc12a9b4d276ac7a5a17eed5f6e8656ce631b4fc2cabab92fc286ca7797,44100,1,2.315306122,http://creativecommons.org/licenses/by-nc/3.0/,PER_RECORDING_METADATA,DESED_synth_soundbank.tar.gz; audio/train/soundbank/foreground/Alarm_bell_ringing/88021_0.wav ; official train license TSV,unknown,clsdoa_v1,PRESENT,true,true,2.315306122,44100,1,0.636138916,-20.357585,-0.000111348,0.000000000,0.679428040,0.742222222,AUTO_PASS,
desed:train:88021_1:clsdoa_v1_srcprep_v1,desed:train:88021,4,clock_alarm,transient,DESED isolated foreground,Alarm_bell_ringing,SEMANTIC_STRONG,88021,train,raw/desed/extracted/audio/train/soundbank/foreground/Alarm_bell_ringing/88021_1.wav,bfe33787db711b93278f43e8b1b1c0835363d202d9d5eb2595051db980941aaf,44100,1,2.327006803,http://creativecommons.org/licenses/by-nc/3.0/,PER_RECORDING_METADATA,DESED_synth_soundbank.tar.gz; audio/train/soundbank/foreground/Alarm_bell_ringing/88021_1.wav ; official train license TSV,unknown,clsdoa_v1,PRESENT,true,true,2.327006803,44100,1,0.506530762,-20.666667,-0.000089927,0.000000000,0.658929459,0.793673469,AUTO_PASS,
desed:train:88021_2:clsdoa_v1_srcprep_v1,desed:train:88021,4,clock_alarm,transient,DESED isolated foreground,Alarm_bell_ringing,SEMANTIC_STRONG,88021,train,raw/desed/extracted/audio/train/soundbank/foreground/Alarm_bell_ringing/88021_2.wav,3c701262778acfc2ab025d38eecfc119b9d5ebf90ddb17bdae1fb044dfe1a921,44100,1,2.576712018,http://creativecommons.org/licenses/by-nc/3.0/,PER_RECORDING_METADATA,DESED_synth_soundbank.tar.gz; audio/train/soundbank/foreground/Alarm_bell_ringing/88021_2.wav ; official train license TSV,unknown,clsdoa_v1,PRESENT,true,true,2.576712018,44100,1,0.718444824,-18.295988,-0.000141251,0.000000000,0.686675526,0.807346939,AUTO_PASS,
desed:train:105023_0:clsdoa_v1_srcprep_v1,desed:train:105023,10,dishes,transient,DESED isolated foreground,Dishes,EXACT,105023,train,raw/desed/extracted/audio/train/soundbank/foreground/Dishes/105023_0.wav,6d173548dab7ed2c70ada99f61d650b0cac0867a35ad36ba24e35c1aa572b209,44100,1,0.565034014,http://creativecommons.org/licenses/by-nc/3.0/,PER_RECORDING_METADATA,DESED_synth_soundbank.tar.gz; audio/train/soundbank/foreground/Dishes/105023_0.wav ; official train license TSV,unknown,clsdoa_v1,PRESENT,true,true,0.565034014,44100,1,0.347106934,-31.289930,-0.000977065,0.000000000,0.896500522,0.058480726,AUTO_FLAG,mostly_silence_or_low_activity
desed:train:105023_1:clsdoa_v1_srcprep_v1,desed:train:105023,10,dishes,transient,DESED isolated foreground,Dishes,EXACT,105023,train,raw/desed/extracted/audio/train/soundbank/foreground/Dishes/105023_1.wav,babea0a477c16e6288933f468318a83296f6512788253801be9740020e9baf50,44100,1,0.370612245,http://creativecommons.org/licenses/by-nc/3.0/,PER_RECORDING_METADATA,DESED_synth_soundbank.tar.gz; audio/train/soundbank/foreground/Dishes/105023_1.wav ; official train license TSV,unknown,clsdoa_v1,PRESENT,true,true,0.370612245,44100,1,0.790740967,-23.074554,-0.000949916,0.000000000,0.879038179,0.044829932,AUTO_FLAG,mostly_silence_or_low_activity
desed:train:105023_2:clsdoa_v1_srcprep_v1,desed:train:105023,10,dishes,transient,DESED isolated foreground,Dishes,EXACT,105023,train,raw/desed/extracted/audio/train/soundbank/foreground/Dishes/105023_2.wav,24b19e80801015e3d18cc27cb0314ae9fcde60f097b3722b6b3eebc5f51117fc,44100,1,0.780385488,http://creativecommons.org/licenses/by-nc/3.0/,PER_RECORDING_METADATA,DESED_synth_soundbank.tar.gz; audio/train/soundbank/foreground/Dishes/105023_2.wav ; official train license TSV,unknown,clsdoa_v1,PRESENT,true,true,0.780385488,44100,1,0.053283691,-43.251324,-0.000967415,0.000000000,0.705215749,0.230045351,AUTO_PASS,
desed:train:105385:clsdoa_v1_srcprep_v1,desed:train:105385,10,dishes,transient,DESED isolated foreground,Dishes,EXACT,105385,train,raw/desed/extracted/audio/train/soundbank/foreground/Dishes/105385.wav,b898eb6c8af3d649c06ad1ce63babe427ecb759c4155493add257f1b3cebf2fb,44100,1,1.522358277,http://creativecommons.org/licenses/by/3.0/,PER_RECORDING_METADATA,DESED_synth_soundbank.tar.gz; audio/train/soundbank/foreground/Dishes/105385.wav ; official train license TSV,unknown,clsdoa_v1,PRESENT,true,true,1.522358277,44100,1,0.828887939,-26.240748,-0.000044267,0.000000000,0.970284199,0.045238095,AUTO_FLAG,mostly_silence_or_low_activity
desed:train:12826:clsdoa_v1_srcprep_v1,desed:train:12826,10,dishes,transient,DESED isolated foreground,Dishes,EXACT,12826,train,raw/desed/extracted/audio/train/soundbank/foreground/Dishes/12826.wav,195f76e7e4b3f41327d8ed11dceb50d724167635efc251ca287f5914969069a3,44100,1,0.280634921,http://creativecommons.org/licenses/by/3.0/,PER_RECORDING_METADATA,DESED_synth_soundbank.tar.gz; audio/train/soundbank/foreground/Dishes/12826.wav ; official train license TSV,unknown,clsdoa_v1,PRESENT,true,true,0.280634921,44100,1,0.758636475,-20.590396,-0.004192480,0.000000000,0.777472527,0.062448980,AUTO_FLAG,mostly_silence_or_low_activity
desed:train:128275:clsdoa_v1_srcprep_v1,desed:train:128275,10,dishes,transient,DESED isolated foreground,Dishes,EXACT,128275,train,raw/desed/extracted/audio/train/soundbank/foreground/Dishes/128275.wav,8b7d12d7deb5b076a329dead377555486a029ac9a69e963561ddc3e916c6a673,44100,1,0.161133787,http://creativecommons.org/publicdomain/zero/1.0/,PER_RECORDING_METADATA,DESED_synth_soundbank.tar.gz; audio/train/soundbank/foreground/Dishes/128275.wav ; official train license TSV,unknown,clsdoa_v1,PRESENT,true,true,0.161133787,44100,1,0.982330322,-17.987349,0.000137123,0.000000000,0.772727273,0.036621315,AUTO_FLAG,mostly_silence_or_low_activity
desed:train:12828:clsdoa_v1_srcprep_v1,desed:train:12828,10,dishes,transient,DESED isolated foreground,Dishes,EXACT,12828,train,raw/desed/extracted/audio/train/soundbank/foreground/Dishes/12828.wav,b759027b9b330f03feb30f13523b79c3ebd568a886a75e693ffc0c173ef715b9,44100,1,0.423083900,http://creativecommons.org/licenses/by/3.0/,PER_RECORDING_METADATA,DESED_synth_soundbank.tar.gz; audio/train/soundbank/foreground/Dishes/12828.wav ; official train license TSV,unknown,clsdoa_v1,PRESENT,true,true,0.423083900,44100,1,0.980468750,-19.938940,-0.005035085,0.000000000,0.854646800,0.061496599,AUTO_FLAG,mostly_silence_or_low_activity
desed:train:12832:clsdoa_v1_srcprep_v1,desed:train:12832,10,dishes,transient,DESED isolated foreground,Dishes,EXACT,12832,train,raw/desed/extracted/audio/train/soundbank/foreground/Dishes/12832.wav,24217991a01b71470c08f26fda68655383df6ad9c45e8a72a98660d8ccd6f6bc,44100,1,0.327891156,http://creativecommons.org/licenses/by/3.0/,PER_RECORDING_METADATA,DESED_synth_soundbank.tar.gz; audio/train/soundbank/foreground/Dishes/12832.wav ; official train license TSV,unknown,clsdoa_v1,PRESENT,true,true,0.327891156,44100,1,0.999969482,-11.865814,-0.003537095,0.017704011,0.661065007,0.111133787,AUTO_FLAG,severe_clipping_candidate
desed:train:12862:clsdoa_v1_srcprep_v1,desed:train:12862,10,dishes,transient,DESED isolated foreground,Dishes,EXACT,12862,train,raw/desed/extracted/audio/train/soundbank/foreground/Dishes/12862.wav,c722ee6858155b71ed210297b67a58ab5905f09db67571b23be999bc654e3425,44100,1,0.578798186,http://creativecommons.org/licenses/by/3.0/,PER_RECORDING_METADATA,DESED_synth_soundbank.tar.gz; audio/train/soundbank/foreground/Dishes/12862.wav ; official train license TSV,unknown,clsdoa_v1,PRESENT,true,true,0.578798186,44100,1,0.999938965,-21.211124,-0.002373569,0.000156709,0.937433888,0.036213152,AUTO_FLAG,mostly_silence_or_low_activity
desed:train:12887:clsdoa_v1_srcprep_v1,desed:train:12887,10,dishes,transient,DESED isolated foreground,Dishes,EXACT,12887,train,raw/desed/extracted/audio/train/soundbank/foreground/Dishes/12887.wav,3c03faf45d4053cfe80b3b9918e8f0767f86e5687698142fb37758a9cfc2b564,44100,1,0.286349206,http://creativecommons.org/licenses/by/3.0/,PER_RECORDING_METADATA,DESED_synth_soundbank.tar.gz; audio/train/soundbank/foreground/Dishes/12887.wav ; official train license TSV,unknown,clsdoa_v1,PRESENT,true,true,0.286349206,44100,1,0.683135986,-23.700806,-0.009752242,0.000000000,0.920573329,0.022743764,AUTO_FLAG,mostly_silence_or_low_activity
desed:train:138050_0:clsdoa_v1_srcprep_v1,desed:train:138050,10,dishes,transient,DESED isolated foreground,Dishes,EXACT,138050,train,raw/desed/extracted/audio/train/soundbank/foreground/Dishes/138050_0.wav,8802594f61e3939d562e0a54beb3bc862c57e4af89b9f330e3bd643a050e2dd4,44100,1,1.096394558,http://creativecommons.org/publicdomain/zero/1.0/,PER_RECORDING_METADATA,DESED_synth_soundbank.tar.gz; audio/train/soundbank/foreground/Dishes/138050_0.wav ; official train license TSV,unknown,clsdoa_v1,PRESENT,true,true,1.096394558,44100,1,1.000000000,-14.686811,-0.000083486,0.002130256,0.775102893,0.246575964,AUTO_PASS,
desed:train:138050_1:clsdoa_v1_srcprep_v1,desed:train:138050,10,dishes,transient,DESED isolated foreground,Dishes,EXACT,138050,train,raw/desed/extracted/audio/train/soundbank/foreground/Dishes/138050_1.wav,0cc28912cb9a0ef8e89c9e8032e1c88ca815a28dff931cedc053a2b121393c05,44100,1,1.262154195,http://creativecommons.org/publicdomain/zero/1.0/,PER_RECORDING_METADATA,DESED_synth_soundbank.tar.gz; audio/train/soundbank/foreground/Dishes/138050_1.wav ; official train license TSV,unknown,clsdoa_v1,PRESENT,true,true,1.262154195,44100,1,1.000000000,-10.175075,-0.000333211,0.018720469,0.596683495,0.509047619,AUTO_FLAG,severe_clipping_candidate
desed:train:145124_0:clsdoa_v1_srcprep_v1,desed:train:145124,10,dishes,transient,DESED isolated foreground,Dishes,EXACT,145124,train,raw/desed/extracted/audio/train/soundbank/foreground/Dishes/145124_0.wav,c5a0d2b9a7ad79741c190a0360ba446e72f84d17b4ca941f80610b819acc0f14,44100,1,0.876417234,http://creativecommons.org/licenses/by/3.0/,PER_RECORDING_METADATA,DESED_synth_soundbank.tar.gz; audio/train/soundbank/foreground/Dishes/145124_0.wav ; official train license TSV,unknown,clsdoa_v1,PRESENT,true,true,0.876417234,44100,1,0.198455811,-36.497810,0.000001218,0.000000000,0.911306598,0.077732426,AUTO_FLAG,mostly_silence_or_low_activity
desed:train:145124_1:clsdoa_v1_srcprep_v1,desed:train:145124,10,dishes,transient,DESED isolated foreground,Dishes,EXACT,145124,train,raw/desed/extracted/audio/train/soundbank/foreground/Dishes/145124_1.wav,707e0ddf2c9affb57feca0675b26abfa8acff47f4031e8381ad1ef0f803e30cd,44100,1,1.847687075,http://creativecommons.org/licenses/by/3.0/,PER_RECORDING_METADATA,DESED_synth_soundbank.tar.gz; audio/train/soundbank/foreground/Dishes/145124_1.wav ; official train license TSV,unknown,clsdoa_v1,PRESENT,true,true,1.847687075,44100,1,0.540740967,-29.469315,-0.000001712,0.000000000,0.934477130,0.121065760,AUTO_PASS,
desed:train:145124_2:clsdoa_v1_srcprep_v1,desed:train:145124,10,dishes,transient,DESED isolated foreground,Dishes,EXACT,145124,train,raw/desed/extracted/audio/train/soundbank/foreground/Dishes/145124_2.wav,e2ab024fdfdc4409c2f6af97127efbf46622904c6e36b94c49f469ab879bce4b,44100,1,2.424149660,http://creativecommons.org/licenses/by/3.0/,PER_RECORDING_METADATA,DESED_synth_soundbank.tar.gz; audio/train/soundbank/foreground/Dishes/145124_2.wav ; official train license TSV,unknown,clsdoa_v1,PRESENT,true,true,2.424149660,44100,1,0.988067627,-28.165054,-0.000000304,0.000000000,0.969206305,0.074648526,AUTO_FLAG,mostly_silence_or_low_activity
desed:train:16391:clsdoa_v1_srcprep_v1,desed:train:16391,10,dishes,transient,DESED isolated foreground,Dishes,EXACT,16391,train,raw/desed/extracted/audio/train/soundbank/foreground/Dishes/16391.wav,5ffecb99db204ea484f5d31639cdbb11aae316f549893640e23e09d2c70d7929,44100,1,1.400000000,http://creativecommons.org/licenses/sampling+/1.0/,PER_RECORDING_METADATA,DESED_synth_soundbank.tar.gz; audio/train/soundbank/foreground/Dishes/16391.wav ; official train license TSV,unknown,clsdoa_v1,PRESENT,true,true,1.400000000,44100,1,0.588348389,-27.907280,-0.000012176,0.000000000,0.955992873,0.061609977,AUTO_FLAG,mostly_silence_or_low_activity
desed:train:179174:clsdoa_v1_srcprep_v1,desed:train:179174,10,dishes,transient,DESED isolated foreground,Dishes,EXACT,179174,train,raw/desed/extracted/audio/train/soundbank/foreground/Dishes/179174.wav,dd5802d9f8a601574e16d37e3ca69694100e4d12dd9716c70394e1081bb8691d,44100,1,0.190000000,http://creativecommons.org/licenses/by/3.0/,PER_RECORDING_METADATA,DESED_synth_soundbank.tar.gz; audio/train/soundbank/foreground/Dishes/179174.wav ; official train license TSV,unknown,clsdoa_v1,PRESENT,true,true,0.190000000,44100,1,0.907958984,-17.346943,-0.000312952,0.000000000,0.729084616,0.051473923,AUTO_FLAG,mostly_silence_or_low_activity
desed:train:205016:clsdoa_v1_srcprep_v1,desed:train:205016,10,dishes,transient,DESED isolated foreground,Dishes,EXACT,205016,train,raw/desed/extracted/audio/train/soundbank/foreground/Dishes/205016.wav,41fe53becd8825e7106947b8956ba52a55267740ad9e3831eaf8a2185331ec22,44100,1,0.324648526,http://creativecommons.org/licenses/by/3.0/,PER_RECORDING_METADATA,DESED_synth_soundbank.tar.gz; audio/train/soundbank/foreground/Dishes/205016.wav ; official train license TSV,unknown,clsdoa_v1,PRESENT,true,true,0.324648526,44100,1,0.268829346,-30.207173,-0.000018157,0.000000000,0.829782776,0.055260771,AUTO_FLAG,mostly_silence_or_low_activity
desed:train:205040:clsdoa_v1_srcprep_v1,desed:train:205040,10,dishes,transient,DESED isolated foreground,Dishes,EXACT,205040,train,raw/desed/extracted/audio/train/soundbank/foreground/Dishes/205040.wav,65524b3cb6a96a54f2b702286d9e9a1474fb8a9e3d433494d87d67476fade61b,44100,1,0.256507937,http://creativecommons.org/licenses/by/3.0/,PER_RECORDING_METADATA,DESED_synth_soundbank.tar.gz; audio/train/soundbank/foreground/Dishes/205040.wav ; official train license TSV,unknown,clsdoa_v1,PRESENT,true,true,0.256507937,44100,1,0.205261230,-36.444337,-0.000021893,0.000000000,0.906294201,0.024036281,AUTO_FLAG,mostly_silence_or_low_activity
desed:train:208905_0:clsdoa_v1_srcprep_v1,desed:train:208905,10,dishes,transient,DESED isolated foreground,Dishes,EXACT,208905,train,raw/desed/extracted/audio/train/soundbank/foreground/Dishes/208905_0.wav,33e82a2db3821834b1fd75a31fffb72513771fad9e2b2434bc229fa154d108c8,44100,1,0.074625850,http://creativecommons.org/licenses/by/3.0/,PER_RECORDING_METADATA,DESED_synth_soundbank.tar.gz; audio/train/soundbank/foreground/Dishes/208905_0.wav ; official train license TSV,unknown,clsdoa_v1,PRESENT,true,true,0.074625850,44100,1,0.097717285,-38.274444,-0.000011295,0.000000000,0.903980553,0.007165533,AUTO_FLAG,mostly_silence_or_low_activity
desed:train:208905_1:clsdoa_v1_srcprep_v1,desed:train:208905,10,dishes,transient,DESED isolated foreground,Dishes,EXACT,208905,train,raw/desed/extracted/audio/train/soundbank/foreground/Dishes/208905_1.wav,51a77bfc4ef28195e362f701c3994206bd700d886ac17b426247bae2aee016a2,44100,1,0.065850340,http://creativecommons.org/licenses/by/3.0/,PER_RECORDING_METADATA,DESED_synth_soundbank.tar.gz; audio/train/soundbank/foreground/Dishes/208905_1.wav ; official train license TSV,unknown,clsdoa_v1,PRESENT,true,true,0.065850340,44100,1,0.102874756,-42.506872,-0.000013777,0.000000000,0.920110193,0.005260771,AUTO_FLAG,mostly_silence_or_low_activity
desed:train:208919:clsdoa_v1_srcprep_v1,desed:train:208919,10,dishes,transient,DESED isolated foreground,Dishes,EXACT,208919,train,raw/desed/extracted/audio/train/soundbank/foreground/Dishes/208919.wav,7ce7866a3a3896861ca1bb8721919d962053937e5e9313d48ec43fe120198d62,44100,1,0.510861678,http://creativecommons.org/licenses/by/3.0/,PER_RECORDING_METADATA,DESED_synth_soundbank.tar.gz; audio/train/soundbank/foreground/Dishes/208919.wav ; official train license TSV,unknown,clsdoa_v1,PRESENT,true,true,0.510861678,44100,1,0.131164551,-40.993947,-0.000013503,0.000000000,0.926272804,0.037664399,AUTO_FLAG,mostly_silence_or_low_activity
desed:train:209002_0:clsdoa_v1_srcprep_v1,desed:train:209002,10,dishes,transient,DESED isolated foreground,Dishes,EXACT,209002,train,raw/desed/extracted/audio/train/soundbank/foreground/Dishes/209002_0.wav,1629124045cd4cc9ef6cf1f72591a72fa545206b694e8c490fa7caacfbc8052d,44100,1,0.916099773,http://creativecommons.org/publicdomain/zero/1.0/,PER_RECORDING_METADATA,DESED_synth_soundbank.tar.gz; audio/train/soundbank/foreground/Dishes/209002_0.wav ; official train license TSV,unknown,clsdoa_v1,PRESENT,true,true,0.916099773,44100,1,0.377990723,-33.561918,-0.000001993,0.000000000,0.933688119,0.060748299,AUTO_FLAG,mostly_silence_or_low_activity
desed:train:209002_1:clsdoa_v1_srcprep_v1,desed:train:209002,10,dishes,transient,DESED isolated foreground,Dishes,EXACT,209002,train,raw/desed/extracted/audio/train/soundbank/foreground/Dishes/209002_1.wav,e6ab2350fa2c9fbd5ecab79d1b86d7121578f33bfbfb683d87f1a374f1ce967e,44100,1,1.759478458,http://creativecommons.org/publicdomain/zero/1.0/,PER_RECORDING_METADATA,DESED_synth_soundbank.tar.gz; audio/train/soundbank/foreground/Dishes/209002_1.wav ; official train license TSV,unknown,clsdoa_v1,PRESENT,true,true,1.759478458,44100,1,0.710876465,-21.970555,-0.000000745,0.000000000,0.737360329,0.462108844,AUTO_PASS,
desed:train:209006_0:clsdoa_v1_srcprep_v1,desed:train:209006,10,dishes,transient,DESED isolated foreground,Dishes,EXACT,209006,train,raw/desed/extracted/audio/train/soundbank/foreground/Dishes/209006_0.wav,e55e5e93a9a9f3969c918b04ea203f686668479d577f0d67163054cbe62d59b4,44100,1,0.150702948,http://creativecommons.org/publicdomain/zero/1.0/,PER_RECORDING_METADATA,DESED_synth_soundbank.tar.gz; audio/train/soundbank/foreground/Dishes/209006_0.wav ; official train license TSV,unknown,clsdoa_v1,PRESENT,true,true,0.150702948,44100,1,0.138153076,-33.588761,0.000016457,0.000000000,0.835389708,0.024807256,AUTO_FLAG,mostly_silence_or_low_activity
desed:train:209006_1:clsdoa_v1_srcprep_v1,desed:train:209006,10,dishes,transient,DESED isolated foreground,Dishes,EXACT,209006,train,raw/desed/extracted/audio/train/soundbank/foreground/Dishes/209006_1.wav,142102c7b1f47f1740d95a8b5386290e3790bd6dfb8b93eb2bd8ebb8e80076fe,44100,1,0.927324263,http://creativecommons.org/publicdomain/zero/1.0/,PER_RECORDING_METADATA,DESED_synth_soundbank.tar.gz; audio/train/soundbank/foreground/Dishes/209006_1.wav ; official train license TSV,unknown,clsdoa_v1,PRESENT,true,true,0.927324263,44100,1,0.175323486,-30.561971,-0.000008261,0.000000000,0.635872356,0.337664399,AUTO_PASS,
desed:train:214187:clsdoa_v1_srcprep_v1,desed:train:214187,10,dishes,transient,DESED isolated foreground,Dishes,EXACT,214187,train,raw/desed/extracted/audio/train/soundbank/foreground/Dishes/214187.wav,63d8f1a6ac95219cd58be42bcf99b606ab51a704131dce77ae750325177dd925,44100,1,0.243151927,http://creativecommons.org/publicdomain/zero/1.0/,PER_RECORDING_METADATA,DESED_synth_soundbank.tar.gz; audio/train/soundbank/foreground/Dishes/214187.wav ; official train license TSV,unknown,clsdoa_v1,PRESENT,true,true,0.243151927,44100,1,0.233703613,-24.448870,0.000017816,0.000000000,0.540054089,0.111836735,AUTO_PASS,
desed:train:214850_0:clsdoa_v1_srcprep_v1,desed:train:214850,10,dishes,transient,DESED isolated foreground,Dishes,EXACT,214850,train,raw/desed/extracted/audio/train/soundbank/foreground/Dishes/214850_0.wav,6b74f904fbb75fc1cd71db11287e246e455447c9e6a4251a83fa8e2ae8d86450,44100,1,0.163015873,http://creativecommons.org/publicdomain/zero/1.0/,PER_RECORDING_METADATA,DESED_synth_soundbank.tar.gz; audio/train/soundbank/foreground/Dishes/214850_0.wav ; official train license TSV,unknown,clsdoa_v1,PRESENT,true,true,0.163015873,44100,1,0.090148926,-40.628323,0.000000025,0.000000000,0.864654333,0.022063492,AUTO_FLAG,mostly_silence_or_low_activity
desed:train:214850_1:clsdoa_v1_srcprep_v1,desed:train:214850,10,dishes,transient,DESED isolated foreground,Dishes,EXACT,214850,train,raw/desed/extracted/audio/train/soundbank/foreground/Dishes/214850_1.wav,362ce37f905c2505104c6c8ffd354b8cf110a2f74d0750c4cf31dda3958a92f4,44100,1,0.230680272,http://creativecommons.org/publicdomain/zero/1.0/,PER_RECORDING_METADATA,DESED_synth_soundbank.tar.gz; audio/train/soundbank/foreground/Dishes/214850_1.wav ; official train license TSV,unknown,clsdoa_v1,PRESENT,true,true,0.230680272,44100,1,0.016876221,-50.673145,0.000006777,0.000000000,0.541236607,0.105827664,AUTO_PASS,
desed:train:214850_2:clsdoa_v1_srcprep_v1,desed:train:214850,10,dishes,transient,DESED isolated foreground,Dishes,EXACT,214850,train,raw/desed/extracted/audio/train/soundbank/foreground/Dishes/214850_2.wav,926dc52cc26fb4910490a142557a1a714d4e588ab4f34e8c83c6f88805138a69,44100,1,0.566394558,http://creativecommons.org/publicdomain/zero/1.0/,PER_RECORDING_METADATA,DESED_synth_soundbank.tar.gz; audio/train/soundbank/foreground/Dishes/214850_2.wav ; official train license TSV,unknown,clsdoa_v1,PRESENT,true,true,0.566394558,44100,1,0.052551270,-47.602343,0.000006064,0.000000000,0.905556890,0.053492063,AUTO_FLAG,mostly_silence_or_low_activity
desed:train:214850_3:clsdoa_v1_srcprep_v1,desed:train:214850,10,dishes,transient,DESED isolated foreground,Dishes,EXACT,214850,train,raw/desed/extracted/audio/train/soundbank/foreground/Dishes/214850_3.wav,a7e8ba1b290045d2b8ee684229221e65e63452c565583ffc876a198dac82c91b,44100,1,0.134331066,http://creativecommons.org/publicdomain/zero/1.0/,PER_RECORDING_METADATA,DESED_synth_soundbank.tar.gz; audio/train/soundbank/foreground/Dishes/214850_3.wav ; official train license TSV,unknown,clsdoa_v1,PRESENT,true,true,0.134331066,44100,1,0.233459473,-33.181477,0.000004415,0.000000000,0.880317353,0.016077098,AUTO_FLAG,mostly_silence_or_low_activity
desed:train:214850_4:clsdoa_v1_srcprep_v1,desed:train:214850,10,dishes,transient,DESED isolated foreground,Dishes,EXACT,214850,train,raw/desed/extracted/audio/train/soundbank/foreground/Dishes/214850_4.wav,bb4a2fa500692b7300c0127a07a08d460b5ffd37eefff8d8642d50789bf5273a,44100,1,0.568027211,http://creativecommons.org/publicdomain/zero/1.0/,PER_RECORDING_METADATA,DESED_synth_soundbank.tar.gz; audio/train/soundbank/foreground/Dishes/214850_4.wav ; official train license TSV,unknown,clsdoa_v1,PRESENT,true,true,0.568027211,44100,1,0.335906982,-30.698143,0.000006535,0.000000000,0.868822355,0.074512472,AUTO_FLAG,mostly_silence_or_low_activity
desed:train:219550:clsdoa_v1_srcprep_v1,desed:train:219550,10,dishes,transient,DESED isolated foreground,Dishes,EXACT,219550,train,raw/desed/extracted/audio/train/soundbank/foreground/Dishes/219550.wav,6e0e0c112b4c06fad5b5b399ccd5d2728a342072b90ff693f71a22848b17de32,44100,1,0.424535147,http://creativecommons.org/licenses/by/3.0/,PER_RECORDING_METADATA,DESED_synth_soundbank.tar.gz; audio/train/soundbank/foreground/Dishes/219550.wav ; official train license TSV,unknown,clsdoa_v1,PRESENT,true,true,0.424535147,44100,1,0.612854004,-24.097928,0.000139098,0.000000000,0.807552612,0.081700680,AUTO_FLAG,mostly_silence_or_low_activity
desed:train:221791:clsdoa_v1_srcprep_v1,desed:train:221791,10,dishes,transient,DESED isolated foreground,Dishes,EXACT,221791,train,raw/desed/extracted/audio/train/soundbank/foreground/Dishes/221791.wav,f6b341295248ba73cf77c8b3a83ed681e360a40e7072b91863142bc1bf1d0eb9,44100,1,0.260272109,http://creativecommons.org/licenses/by/3.0/,PER_RECORDING_METADATA,DESED_synth_soundbank.tar.gz; audio/train/soundbank/foreground/Dishes/221791.wav ; official train license TSV,unknown,clsdoa_v1,PRESENT,true,true,0.260272109,44100,1,0.515960693,-24.722457,0.000000061,0.000000000,0.805453912,0.050634921,AUTO_FLAG,mostly_silence_or_low_activity
desed:train:233381:clsdoa_v1_srcprep_v1,desed:train:233381,10,dishes,transient,DESED isolated foreground,Dishes,EXACT,233381,train,raw/desed/extracted/audio/train/soundbank/foreground/Dishes/233381.wav,b24bc78ff4a2af256b4edf2fadb4b491169c3cb45311a300d4b5f0b9761464ee,44100,1,0.491587302,http://creativecommons.org/licenses/by-nc/3.0/,PER_RECORDING_METADATA,DESED_synth_soundbank.tar.gz; audio/train/soundbank/foreground/Dishes/233381.wav ; official train license TSV,unknown,clsdoa_v1,PRESENT,true,true,0.491587302,44100,1,0.994842529,-17.336525,-0.000012695,0.000000000,0.739655888,0.127981859,AUTO_PASS,
desed:train:234588:clsdoa_v1_srcprep_v1,desed:train:234588,10,dishes,transient,DESED isolated foreground,Dishes,EXACT,234588,train,raw/desed/extracted/audio/train/soundbank/foreground/Dishes/234588.wav,9464d95f84eab819008f525a6cb52f44d8b4b482a8ce8b78db8a50166782efe1,44100,1,0.435963719,http://creativecommons.org/licenses/by/3.0/,PER_RECORDING_METADATA,DESED_synth_soundbank.tar.gz; audio/train/soundbank/foreground/Dishes/234588.wav ; official train license TSV,unknown,clsdoa_v1,PRESENT,true,true,0.435963719,44100,1,0.988586426,-18.118103,-0.000015445,0.000000000,0.858524914,0.061678005,AUTO_FLAG,mostly_silence_or_low_activity
desed:train:237383:clsdoa_v1_srcprep_v1,desed:train:237383,10,dishes,transient,DESED isolated foreground,Dishes,EXACT,237383,train,raw/desed/extracted/audio/train/soundbank/foreground/Dishes/237383.wav,87eefa3afcf077b151248f53c44200af316b2317f8f347d9f5a93e3f3a5a9b9b,44100,1,2.733718821,http://creativecommons.org/publicdomain/zero/1.0/,PER_RECORDING_METADATA,DESED_synth_soundbank.tar.gz; audio/train/soundbank/foreground/Dishes/237383.wav ; official train license TSV,unknown,clsdoa_v1,PRESENT,true,true,2.733718821,44100,1,0.330291748,-34.257985,0.000000164,0.000000000,0.935242251,0.177029478,AUTO_PASS,
desed:train:240785:clsdoa_v1_srcprep_v1,desed:train:240785,10,dishes,transient,DESED isolated foreground,Dishes,EXACT,240785,train,raw/desed/extracted/audio/train/soundbank/foreground/Dishes/240785.wav,7dc980acab3d45fb96b49ac7646b40fddb719a31f1fa36a3eb27cc8a47aa536c,44100,1,0.071156463,http://creativecommons.org/licenses/by/3.0/,PER_RECORDING_METADATA,DESED_synth_soundbank.tar.gz; audio/train/soundbank/foreground/Dishes/240785.wav ; official train license TSV,unknown,clsdoa_v1,PRESENT,true,true,0.071156463,44100,1,0.711029053,-22.121687,0.000147336,0.000000000,0.880178458,0.008526077,AUTO_FLAG,mostly_silence_or_low_activity
desed:train:263608_0:clsdoa_v1_srcprep_v1,desed:train:263608,10,dishes,transient,DESED isolated foreground,Dishes,EXACT,263608,train,raw/desed/extracted/audio/train/soundbank/foreground/Dishes/263608_0.wav,d7220b1a9497501e14c9262b189b6fc9d28384a2dc1a3469287b0a52b8286c39,44100,1,0.748321995,http://creativecommons.org/licenses/by/3.0/,PER_RECORDING_METADATA,DESED_synth_soundbank.tar.gz; audio/train/soundbank/foreground/Dishes/263608_0.wav ; official train license TSV,unknown,clsdoa_v1,PRESENT,true,true,0.748321995,44100,1,0.911926270,-24.482686,0.000000033,0.000000000,0.920123633,0.059773243,AUTO_FLAG,mostly_silence_or_low_activity
desed:train:263608_1:clsdoa_v1_srcprep_v1,desed:train:263608,10,dishes,transient,DESED isolated foreground,Dishes,EXACT,263608,train,raw/desed/extracted/audio/train/soundbank/foreground/Dishes/263608_1.wav,3d9309d4454daf0725aa9c927ad0d45bc746060ad1d821645971d2abc5c7ac50,44100,1,0.206575964,http://creativecommons.org/licenses/by/3.0/,PER_RECORDING_METADATA,DESED_synth_soundbank.tar.gz; audio/train/soundbank/foreground/Dishes/263608_1.wav ; official train license TSV,unknown,clsdoa_v1,PRESENT,true,true,0.206575964,44100,1,0.211883545,-33.403944,-0.000000080,0.000000000,0.878814490,0.025034014,AUTO_FLAG,mostly_silence_or_low_activity
desed:train:263608_2:clsdoa_v1_srcprep_v1,desed:train:263608,10,dishes,transient,DESED isolated foreground,Dishes,EXACT,263608,train,raw/desed/extracted/audio/train/soundbank/foreground/Dishes/263608_2.wav,7651ef54854b9379bcb675dd4e2f8353aa9cb5a0ec7b13f84db0f3e03e1bf277,44100,1,0.459206349,http://creativecommons.org/licenses/by/3.0/,PER_RECORDING_METADATA,DESED_synth_soundbank.tar.gz; audio/train/soundbank/foreground/Dishes/263608_2.wav ; official train license TSV,unknown,clsdoa_v1,PRESENT,true,true,0.459206349,44100,1,0.795989990,-21.669266,-0.000000431,0.000000000,0.889437559,0.050770975,AUTO_FLAG,mostly_silence_or_low_activity
desed:train:266949:clsdoa_v1_srcprep_v1,desed:train:266949,10,dishes,transient,DESED isolated foreground,Dishes,EXACT,266949,train,raw/desed/extracted/audio/train/soundbank/foreground/Dishes/266949.wav,19dfc39d880f4ebc63fa1671821188174923ceb8ce925ada6a1a1082f0dd5fae,44100,1,1.418480726,http://creativecommons.org/publicdomain/zero/1.0/,PER_RECORDING_METADATA,DESED_synth_soundbank.tar.gz; audio/train/soundbank/foreground/Dishes/266949.wav ; official train license TSV,unknown,clsdoa_v1,PRESENT,true,true,1.418480726,44100,1,1.000000000,-17.038046,0.000211563,0.001854368,0.791415554,0.295873016,AUTO_PASS,
desed:train:266989:clsdoa_v1_srcprep_v1,desed:train:266989,10,dishes,transient,DESED isolated foreground,Dishes,EXACT,266989,train,raw/desed/extracted/audio/train/soundbank/foreground/Dishes/266989.wav,f9e0bd76fab16046264a02d82cf38de1761386b344c58e81549cf2ac044cbad0,44100,1,0.601315193,http://creativecommons.org/licenses/by/3.0/,PER_RECORDING_METADATA,DESED_synth_soundbank.tar.gz; audio/train/soundbank/foreground/Dishes/266989.wav ; official train license TSV,unknown,clsdoa_v1,PRESENT,true,true,0.601315193,44100,1,0.321777344,-32.694183,-0.000008590,0.000000000,0.917490007,0.049614512,AUTO_FLAG,mostly_silence_or_low_activity
desed:train:267004:clsdoa_v1_srcprep_v1,desed:train:267004,10,dishes,transient,DESED isolated foreground,Dishes,EXACT,267004,train,raw/desed/extracted/audio/train/soundbank/foreground/Dishes/267004.wav,da92eaf061ad66798fe8a1df1c0eb8f00ce5151d4ef547a783d9e20d1b6f70ad,44100,1,0.491496599,http://creativecommons.org/licenses/by/3.0/,PER_RECORDING_METADATA,DESED_synth_soundbank.tar.gz; audio/train/soundbank/foreground/Dishes/267004.wav ; official train license TSV,unknown,clsdoa_v1,PRESENT,true,true,0.491496599,44100,1,1.000000000,-17.974598,0.000039465,0.000092272,0.806412918,0.095147392,AUTO_FLAG,mostly_silence_or_low_activity
desed:train:267008:clsdoa_v1_srcprep_v1,desed:train:267008,10,dishes,transient,DESED isolated foreground,Dishes,EXACT,267008,train,raw/desed/extracted/audio/train/soundbank/foreground/Dishes/267008.wav,54033c6317fd44d121b2dcc004d4504c37c9c8177e45b2255504f0e4243878f0,44100,1,0.678820862,http://creativecommons.org/licenses/by/3.0/,PER_RECORDING_METADATA,DESED_synth_soundbank.tar.gz; audio/train/soundbank/foreground/Dishes/267008.wav ; official train license TSV,unknown,clsdoa_v1,PRESENT,true,true,0.678820862,44100,1,0.165771484,-41.238607,-0.000001312,0.000000000,0.955805719,0.030000000,AUTO_FLAG,mostly_silence_or_low_activity
desed:train:267486:clsdoa_v1_srcprep_v1,desed:train:267486,10,dishes,transient,DESED isolated foreground,Dishes,EXACT,267486,train,raw/desed/extracted/audio/train/soundbank/foreground/Dishes/267486.wav,507798c9100134113db5e34159619bd1a57f8fb49cb6f7974a6c130ffb3d5fde,44100,1,0.462607710,http://creativecommons.org/publicdomain/zero/1.0/,PER_RECORDING_METADATA,DESED_synth_soundbank.tar.gz; audio/train/soundbank/foreground/Dishes/267486.wav ; official train license TSV,unknown,clsdoa_v1,PRESENT,true,true,0.462607710,44100,1,0.988647461,-8.246622,0.001539231,0.000000000,0.512376844,0.225578231,AUTO_PASS,
desed:train:29888_0:clsdoa_v1_srcprep_v1,desed:train:29888,10,dishes,transient,DESED isolated foreground,Dishes,EXACT,29888,train,raw/desed/extracted/audio/train/soundbank/foreground/Dishes/29888_0.wav,1ff5a71efd6be37fa14065f8876ca24d6b09ef8afae970cf8f6cef3af12ad735,44100,1,0.893401361,http://creativecommons.org/licenses/by/3.0/,PER_RECORDING_METADATA,DESED_synth_soundbank.tar.gz; audio/train/soundbank/foreground/Dishes/29888_0.wav ; official train license TSV,unknown,clsdoa_v1,PRESENT,true,true,0.893401361,44100,1,0.425537109,-30.588703,-0.000052030,0.000000000,0.915073987,0.075873016,AUTO_FLAG,mostly_silence_or_low_activity
desed:train:29888_1:clsdoa_v1_srcprep_v1,desed:train:29888,10,dishes,transient,DESED isolated foreground,Dishes,EXACT,29888,train,raw/desed/extracted/audio/train/soundbank/foreground/Dishes/29888_1.wav,5106498929d378c8457c7b9f85f04f43da8c35c108f53509f16aad0b60ba9532,44100,1,0.689795918,http://creativecommons.org/licenses/by/3.0/,PER_RECORDING_METADATA,DESED_synth_soundbank.tar.gz; audio/train/soundbank/foreground/Dishes/29888_1.wav ; official train license TSV,unknown,clsdoa_v1,PRESENT,true,true,0.689795918,44100,1,0.442077637,-29.801281,-0.000038315,0.000000000,0.880144642,0.082675737,AUTO_FLAG,mostly_silence_or_low_activity
desed:train:29888_2:clsdoa_v1_srcprep_v1,desed:train:29888,10,dishes,transient,DESED isolated foreground,Dishes,EXACT,29888,train,raw/desed/extracted/audio/train/soundbank/foreground/Dishes/29888_2.wav,f6026252f7349e485acdfdd4ce289c38ea2e8fdb1eddde762222cab09f22325e,44100,1,0.229274376,http://creativecommons.org/licenses/by/3.0/,PER_RECORDING_METADATA,DESED_synth_soundbank.tar.gz; audio/train/soundbank/foreground/Dishes/29888_2.wav ; official train license TSV,unknown,clsdoa_v1,PRESENT,true,true,0.229274376,44100,1,0.063354492,-42.711570,0.000110305,0.000000000,0.773316190,0.051972789,AUTO_FLAG,mostly_silence_or_low_activity
desed:train:29888_3:clsdoa_v1_srcprep_v1,desed:train:29888,10,dishes,transient,DESED isolated foreground,Dishes,EXACT,29888,train,raw/desed/extracted/audio/train/soundbank/foreground/Dishes/29888_3.wav,f3404fb8a1f400afb42f77c0da9ca0c08bc185c9b37620d88b2388308904b07e,44100,1,0.917981859,http://creativecommons.org/licenses/by/3.0/,PER_RECORDING_METADATA,DESED_synth_soundbank.tar.gz; audio/train/soundbank/foreground/Dishes/29888_3.wav ; official train license TSV,unknown,clsdoa_v1,PRESENT,true,true,0.917981859,44100,1,0.237426758,-31.948037,-0.000058103,0.000000000,0.780870983,0.201156463,AUTO_PASS,
desed:train:29891:clsdoa_v1_srcprep_v1,desed:train:29891,10,dishes,transient,DESED isolated foreground,Dishes,EXACT,29891,train,raw/desed/extracted/audio/train/soundbank/foreground/Dishes/29891.wav,36d570d4f46909c7075474c92cca5eaa06215fa6fa168444871d8aa35025c24a,44100,1,0.216213152,http://creativecommons.org/licenses/by/3.0/,PER_RECORDING_METADATA,DESED_synth_soundbank.tar.gz; audio/train/soundbank/foreground/Dishes/29891.wav ; official train license TSV,unknown,clsdoa_v1,PRESENT,true,true,0.216213152,44100,1,0.631713867,-23.929336,-0.000041777,0.000000000,0.866491872,0.028866213,AUTO_FLAG,mostly_silence_or_low_activity
desed:train:29913_0:clsdoa_v1_srcprep_v1,desed:train:29913,10,dishes,transient,DESED isolated foreground,Dishes,EXACT,29913,train,raw/desed/extracted/audio/train/soundbank/foreground/Dishes/29913_0.wav,60bd244d9e1b87068ee83e980cf4ff3e6d09a3d84a381d5a45a0496a640ef9e8,44100,1,0.294648526,http://creativecommons.org/licenses/by/3.0/,PER_RECORDING_METADATA,DESED_synth_soundbank.tar.gz; audio/train/soundbank/foreground/Dishes/29913_0.wav ; official train license TSV,unknown,clsdoa_v1,PRESENT,true,true,0.294648526,44100,1,0.092193604,-40.386922,0.000052538,0.000000000,0.821686932,0.052539683,AUTO_FLAG,mostly_silence_or_low_activity
desed:train:29913_1:clsdoa_v1_srcprep_v1,desed:train:29913,10,dishes,transient,DESED isolated foreground,Dishes,EXACT,29913,train,raw/desed/extracted/audio/train/soundbank/foreground/Dishes/29913_1.wav,215d8cba653b2fc50e4c33c8cb797e4f074dafbc8e2e0f63ec5e2104a16e1a86,44100,1,0.409455782,http://creativecommons.org/licenses/by/3.0/,PER_RECORDING_METADATA,DESED_synth_soundbank.tar.gz; audio/train/soundbank/foreground/Dishes/29913_1.wav ; official train license TSV,unknown,clsdoa_v1,PRESENT,true,true,0.409455782,44100,1,0.040527344,-48.657452,-0.000058113,0.000000000,0.851470344,0.060816327,AUTO_FLAG,mostly_silence_or_low_activity
desed:train:29913_2:clsdoa_v1_srcprep_v1,desed:train:29913,10,dishes,transient,DESED isolated foreground,Dishes,EXACT,29913,train,raw/desed/extracted/audio/train/soundbank/foreground/Dishes/29913_2.wav,19f1f36d9f041d14bbd4ab36cc5e341102fd714513b1c9ca661bdf06d822a455,44100,1,0.164965986,http://creativecommons.org/licenses/by/3.0/,PER_RECORDING_METADATA,DESED_synth_soundbank.tar.gz; audio/train/soundbank/foreground/Dishes/29913_2.wav ; official train license TSV,unknown,clsdoa_v1,PRESENT,true,true,0.164965986,44100,1,0.077514648,-43.509002,-0.000099582,0.000000000,0.904879725,0.015691610,AUTO_FLAG,mostly_silence_or_low_activity
desed:train:29913_3:clsdoa_v1_srcprep_v1,desed:train:29913,10,dishes,transient,DESED isolated foreground,Dishes,EXACT,29913,train,raw/desed/extracted/audio/train/soundbank/foreground/Dishes/29913_3.wav,4d5d30f9357150b4f6143fdccc8baa47002cd79235bcfcc0db7d4f6ce6d14f28,44100,1,0.166145125,http://creativecommons.org/licenses/by/3.0/,PER_RECORDING_METADATA,DESED_synth_soundbank.tar.gz; audio/train/soundbank/foreground/Dishes/29913_3.wav ; official train license TSV,unknown,clsdoa_v1,PRESENT,true,true,0.166145125,44100,1,0.111328125,-39.494224,0.000039793,0.000000000,0.907738501,0.015328798,AUTO_FLAG,mostly_silence_or_low_activity
desed:train:29913_4:clsdoa_v1_srcprep_v1,desed:train:29913,10,dishes,transient,DESED isolated foreground,Dishes,EXACT,29913,train,raw/desed/extracted/audio/train/soundbank/foreground/Dishes/29913_4.wav,6c43c8806462405d41619c3c7ef4087d27d05cd0e5a19d60d1738f3d104257c7,44100,1,0.210340136,http://creativecommons.org/licenses/by/3.0/,PER_RECORDING_METADATA,DESED_synth_soundbank.tar.gz; audio/train/soundbank/foreground/Dishes/29913_4.wav ; official train license TSV,unknown,clsdoa_v1,PRESENT,true,true,0.210340136,44100,1,0.130889893,-35.030745,-0.000117859,0.000000000,0.754851229,0.051564626,AUTO_FLAG,mostly_silence_or_low_activity
desed:train:320909_0:clsdoa_v1_srcprep_v1,desed:train:320909,10,dishes,transient,DESED isolated foreground,Dishes,EXACT,320909,train,raw/desed/extracted/audio/train/soundbank/foreground/Dishes/320909_0.wav,9ae10f8b0d59ad7234f0f03140f40e79691a1703a8db04042804d8b2e59c2d23,44100,1,0.152879819,http://creativecommons.org/licenses/by/3.0/,PER_RECORDING_METADATA,DESED_synth_soundbank.tar.gz; audio/train/soundbank/foreground/Dishes/320909_0.wav ; official train license TSV,unknown,clsdoa_v1,PRESENT,true,true,0.152879819,44100,1,0.516265869,-23.796755,0.000095957,0.000000000,0.799169386,0.030702948,AUTO_FLAG,mostly_silence_or_low_activity
desed:train:320909_1:clsdoa_v1_srcprep_v1,desed:train:320909,10,dishes,transient,DESED isolated foreground,Dishes,EXACT,320909,train,raw/desed/extracted/audio/train/soundbank/foreground/Dishes/320909_1.wav,c3689da0910af7385bfd37a13e604a08028d332a2a1267dfa2830e5ab57a9048,44100,1,0.503197279,http://creativecommons.org/licenses/by/3.0/,PER_RECORDING_METADATA,DESED_synth_soundbank.tar.gz; audio/train/soundbank/foreground/Dishes/320909_1.wav ; official train license TSV,unknown,clsdoa_v1,PRESENT,true,true,0.503197279,44100,1,1.000000000,-17.914322,-0.000046863,0.000090127,0.756297598,0.122630385,AUTO_PASS,
desed:train:320909_2:clsdoa_v1_srcprep_v1,desed:train:320909,10,dishes,transient,DESED isolated foreground,Dishes,EXACT,320909,train,raw/desed/extracted/audio/train/soundbank/foreground/Dishes/320909_2.wav,d0a3d6e483d058e8c631e21ef87f174411a37eadbb008677020f23c84dda90a4,44100,1,0.206507937,http://creativecommons.org/licenses/by/3.0/,PER_RECORDING_METADATA,DESED_synth_soundbank.tar.gz; audio/train/soundbank/foreground/Dishes/320909_2.wav ; official train license TSV,unknown,clsdoa_v1,PRESENT,true,true,0.206507937,44100,1,0.819427490,-21.571305,-0.000067322,0.000000000,0.847260349,0.031541950,AUTO_FLAG,mostly_silence_or_low_activity
desed:train:322395:clsdoa_v1_srcprep_v1,desed:train:322395,10,dishes,transient,DESED isolated foreground,Dishes,EXACT,322395,train,raw/desed/extracted/audio/train/soundbank/foreground/Dishes/322395.wav,a2d4c4e733aba0da48ab6201d10b18078fc58ef70835691fcd825c704342d6e1,44100,1,0.653083900,http://creativecommons.org/publicdomain/zero/1.0/,PER_RECORDING_METADATA,DESED_synth_soundbank.tar.gz; audio/train/soundbank/foreground/Dishes/322395.wav ; official train license TSV,unknown,clsdoa_v1,PRESENT,true,true,0.653083900,44100,1,0.586700439,-26.089243,0.000032357,0.000000000,0.887434464,0.073514739,AUTO_FLAG,mostly_silence_or_low_activity
desed:train:322406_0:clsdoa_v1_srcprep_v1,desed:train:322406,10,dishes,transient,DESED isolated foreground,Dishes,EXACT,322406,train,raw/desed/extracted/audio/train/soundbank/foreground/Dishes/322406_0.wav,0bfd743e418930b626f80230aaa32a2903c22cdc1ef1440ba2334aabd69db878,44100,1,0.071020408,http://creativecommons.org/publicdomain/zero/1.0/,PER_RECORDING_METADATA,DESED_synth_soundbank.tar.gz; audio/train/soundbank/foreground/Dishes/322406_0.wav ; official train license TSV,unknown,clsdoa_v1,PRESENT,true,true,0.071020408,44100,1,0.696350098,-24.016246,0.000607497,0.000000000,0.929438059,0.005011338,AUTO_FLAG,mostly_silence_or_low_activity
desed:train:322406_1:clsdoa_v1_srcprep_v1,desed:train:322406,10,dishes,transient,DESED isolated foreground,Dishes,EXACT,322406,train,raw/desed/extracted/audio/train/soundbank/foreground/Dishes/322406_1.wav,2ac172dc893d8b44d6574adfabd96bec6ab9467d32a65fe4e20e9c471ada1d77,44100,1,0.243922902,http://creativecommons.org/publicdomain/zero/1.0/,PER_RECORDING_METADATA,DESED_synth_soundbank.tar.gz; audio/train/soundbank/foreground/Dishes/322406_1.wav ; official train license TSV,unknown,clsdoa_v1,PRESENT,true,true,0.243922902,44100,1,0.534851074,-25.995107,-0.000678964,0.000000000,0.853304825,0.035782313,AUTO_FLAG,mostly_silence_or_low_activity
desed:train:322407_0:clsdoa_v1_srcprep_v1,desed:train:322407,10,dishes,transient,DESED isolated foreground,Dishes,EXACT,322407,train,raw/desed/extracted/audio/train/soundbank/foreground/Dishes/322407_0.wav,44cb56894bcfd515d8cb1094e2f205c801b960ff5f24d7bb37a25b4c6b2b92f6,44100,1,0.528412698,http://creativecommons.org/publicdomain/zero/1.0/,PER_RECORDING_METADATA,DESED_synth_soundbank.tar.gz; audio/train/soundbank/foreground/Dishes/322407_0.wav ; official train license TSV,unknown,clsdoa_v1,PRESENT,true,true,0.528412698,44100,1,0.248931885,-31.460178,-0.000025659,0.000000000,0.850577179,0.078956916,AUTO_FLAG,mostly_silence_or_low_activity
desed:train:322407_1:clsdoa_v1_srcprep_v1,desed:train:322407,10,dishes,transient,DESED isolated foreground,Dishes,EXACT,322407,train,raw/desed/extracted/audio/train/soundbank/foreground/Dishes/322407_1.wav,87e2de2195f750c944448a3ab0fb141144b2513baa433f191c19b8e7f43a6ca6,44100,1,0.177256236,http://creativecommons.org/publicdomain/zero/1.0/,PER_RECORDING_METADATA,DESED_synth_soundbank.tar.gz; audio/train/soundbank/foreground/Dishes/322407_1.wav ; official train license TSV,unknown,clsdoa_v1,PRESENT,true,true,0.177256236,44100,1,0.069854736,-41.682217,-0.000106946,0.000000000,0.738902392,0.046281179,AUTO_FLAG,mostly_silence_or_low_activity
desed:train:322407_10:clsdoa_v1_srcprep_v1,desed:train:322407,10,dishes,transient,DESED isolated foreground,Dishes,EXACT,322407,train,raw/desed/extracted/audio/train/soundbank/foreground/Dishes/322407_10.wav,e558553d343cdbfaae00abe6130e41c71b93956a8af3525c0aef42f77e303dae,44100,1,0.434467120,http://creativecommons.org/publicdomain/zero/1.0/,PER_RECORDING_METADATA,DESED_synth_soundbank.tar.gz; audio/train/soundbank/foreground/Dishes/322407_10.wav ; official train license TSV,unknown,clsdoa_v1,PRESENT,true,true,0.434467120,44100,1,0.180694580,-32.693596,-0.000107344,0.000000000,0.763465553,0.102766440,AUTO_PASS,
desed:train:322407_2:clsdoa_v1_srcprep_v1,desed:train:322407,10,dishes,transient,DESED isolated foreground,Dishes,EXACT,322407,train,raw/desed/extracted/audio/train/soundbank/foreground/Dishes/322407_2.wav,d7274723392b4f29548a35da4229e246a167797b7bee6ac10f8a38f2d3abf10e,44100,1,0.151133787,http://creativecommons.org/publicdomain/zero/1.0/,PER_RECORDING_METADATA,DESED_synth_soundbank.tar.gz; audio/train/soundbank/foreground/Dishes/322407_2.wav ; official train license TSV,unknown,clsdoa_v1,PRESENT,true,true,0.151133787,44100,1,0.139831543,-33.768413,-0.000146938,0.000000000,0.705026257,0.044580499,AUTO_FLAG,mostly_silence_or_low_activity
desed:train:322407_3:clsdoa_v1_srcprep_v1,desed:train:322407,10,dishes,transient,DESED isolated foreground,Dishes,EXACT,322407,train,raw/desed/extracted/audio/train/soundbank/foreground/Dishes/322407_3.wav,8fd1fe721882165ba3a3316074e1faa6ab0bb3aac956a48af4b92baadf03968f,44100,1,0.156598639,http://creativecommons.org/publicdomain/zero/1.0/,PER_RECORDING_METADATA,DESED_synth_soundbank.tar.gz; audio/train/soundbank/foreground/Dishes/322407_3.wav ; official train license TSV,unknown,clsdoa_v1,PRESENT,true,true,0.156598639,44100,1,0.082214355,-39.615140,-0.000191471,0.000000000,0.718940052,0.044013605,AUTO_FLAG,mostly_silence_or_low_activity
desed:train:322407_4:clsdoa_v1_srcprep_v1,desed:train:322407,10,dishes,transient,DESED isolated foreground,Dishes,EXACT,322407,train,raw/desed/extracted/audio/train/soundbank/foreground/Dishes/322407_4.wav,6afd3ab1217963ecaa1943eebb90469aacdc260ca84335ecd9518bc416db236c,44100,1,0.596485261,http://creativecommons.org/publicdomain/zero/1.0/,PER_RECORDING_METADATA,DESED_synth_soundbank.tar.gz; audio/train/soundbank/foreground/Dishes/322407_4.wav ; official train license TSV,unknown,clsdoa_v1,PRESENT,true,true,0.596485261,44100,1,0.543914795,-24.721152,-0.000013416,0.000000000,0.853906102,0.087142857,AUTO_FLAG,mostly_silence_or_low_activity
desed:train:322407_5:clsdoa_v1_srcprep_v1,desed:train:322407,10,dishes,transient,DESED isolated foreground,Dishes,EXACT,322407,train,raw/desed/extracted/audio/train/soundbank/foreground/Dishes/322407_5.wav,f72d721b2f93761ced866be461de4be7bb1b9644d3ba3d747e04457d282c7370,44100,1,0.412925170,http://creativecommons.org/publicdomain/zero/1.0/,PER_RECORDING_METADATA,DESED_synth_soundbank.tar.gz; audio/train/soundbank/foreground/Dishes/322407_5.wav ; official train license TSV,unknown,clsdoa_v1,PRESENT,true,true,0.412925170,44100,1,0.543334961,-26.673401,-0.000017947,0.000000000,0.893904448,0.043809524,AUTO_FLAG,mostly_silence_or_low_activity
desed:train:322407_6:clsdoa_v1_srcprep_v1,desed:train:322407,10,dishes,transient,DESED isolated foreground,Dishes,EXACT,322407,train,raw/desed/extracted/audio/train/soundbank/foreground/Dishes/322407_6.wav,c0555ffd56ffe502913b02c0d159bf33e922917ab19a931ac5f6fda2ec470d70,44100,1,0.229070295,http://creativecommons.org/publicdomain/zero/1.0/,PER_RECORDING_METADATA,DESED_synth_soundbank.tar.gz; audio/train/soundbank/foreground/Dishes/322407_6.wav ; official train license TSV,unknown,clsdoa_v1,PRESENT,true,true,0.229070295,44100,1,0.044708252,-43.099985,0.000026705,0.000000000,0.583547812,0.095396825,AUTO_FLAG,mostly_silence_or_low_activity
desed:train:322407_7:clsdoa_v1_srcprep_v1,desed:train:322407,10,dishes,transient,DESED isolated foreground,Dishes,EXACT,322407,train,raw/desed/extracted/audio/train/soundbank/foreground/Dishes/322407_7.wav,c543bb6d9c30ac4413164b87e9f93c6f4eb7dff0bdb5c491819cfad56ad2fbe3,44100,1,0.143333333,http://creativecommons.org/publicdomain/zero/1.0/,PER_RECORDING_METADATA,DESED_synth_soundbank.tar.gz; audio/train/soundbank/foreground/Dishes/322407_7.wav ; official train license TSV,unknown,clsdoa_v1,PRESENT,true,true,0.143333333,44100,1,0.192626953,-35.256217,0.000154601,0.000000000,0.868849866,0.018798186,AUTO_FLAG,mostly_silence_or_low_activity
desed:train:322407_8:clsdoa_v1_srcprep_v1,desed:train:322407,10,dishes,transient,DESED isolated foreground,Dishes,EXACT,322407,train,raw/desed/extracted/audio/train/soundbank/foreground/Dishes/322407_8.wav,9735e7675fdf9ba1b25a9c959b8f9392b96d3e1878a3dfb806d09d73b5476d58,44100,1,0.499319728,http://creativecommons.org/publicdomain/zero/1.0/,PER_RECORDING_METADATA,DESED_synth_soundbank.tar.gz; audio/train/soundbank/foreground/Dishes/322407_8.wav ; official train license TSV,unknown,clsdoa_v1,PRESENT,true,true,0.499319728,44100,1,0.161987305,-39.855157,-0.000094086,0.000000000,0.917892825,0.040997732,AUTO_FLAG,mostly_silence_or_low_activity
desed:train:322407_9:clsdoa_v1_srcprep_v1,desed:train:322407,10,dishes,transient,DESED isolated foreground,Dishes,EXACT,322407,train,raw/desed/extracted/audio/train/soundbank/foreground/Dishes/322407_9.wav,725302472afddbe2d0d66beee738382bb001b44e4ccba1335d7f75a067f9419b,44100,1,0.447664399,http://creativecommons.org/publicdomain/zero/1.0/,PER_RECORDING_METADATA,DESED_synth_soundbank.tar.gz; audio/train/soundbank/foreground/Dishes/322407_9.wav ; official train license TSV,unknown,clsdoa_v1,PRESENT,true,true,0.447664399,44100,1,0.118072510,-37.696697,-0.000014687,0.000000000,0.773427211,0.101428571,AUTO_PASS,
desed:train:331646:clsdoa_v1_srcprep_v1,desed:train:331646,10,dishes,transient,DESED isolated foreground,Dishes,EXACT,331646,train,raw/desed/extracted/audio/train/soundbank/foreground/Dishes/331646.wav,fcaa3d1cbcffb3f476cd1716cee9751a80e69a2d583e0dd616c86845b7e2c4dc,44100,1,0.452789116,http://creativecommons.org/publicdomain/zero/1.0/,PER_RECORDING_METADATA,DESED_synth_soundbank.tar.gz; audio/train/soundbank/foreground/Dishes/331646.wav ; official train license TSV,unknown,clsdoa_v1,PRESENT,true,true,0.452789116,44100,1,1.000000000,-12.340321,-0.002215673,0.013872196,0.762670272,0.107460317,AUTO_FLAG,severe_clipping_candidate
desed:train:33932:clsdoa_v1_srcprep_v1,desed:train:33932,10,dishes,transient,DESED isolated foreground,Dishes,EXACT,33932,train,raw/desed/extracted/audio/train/soundbank/foreground/Dishes/33932.wav,65c09025bd5405387564fb043e0c05f1e625ea4816d3057ae5067bb4e959c4f0,44100,1,0.353333333,http://creativecommons.org/publicdomain/zero/1.0/,PER_RECORDING_METADATA,DESED_synth_soundbank.tar.gz; audio/train/soundbank/foreground/Dishes/33932.wav ; official train license TSV,unknown,clsdoa_v1,PRESENT,true,true,0.353333333,44100,1,0.388610840,-21.317844,0.000622016,0.000000000,0.676036452,0.114467120,AUTO_PASS,
desed:train:339675_0:clsdoa_v1_srcprep_v1,desed:train:339675,10,dishes,transient,DESED isolated foreground,Dishes,EXACT,339675,train,raw/desed/extracted/audio/train/soundbank/foreground/Dishes/339675_0.wav,7c6e0c91b5d36bb670e1bf41d46ac247fd0f4a5aed6fba5871c58df2d852560b,44100,1,0.185056689,http://creativecommons.org/publicdomain/zero/1.0/,PER_RECORDING_METADATA,DESED_synth_soundbank.tar.gz; audio/train/soundbank/foreground/Dishes/339675_0.wav ; official train license TSV,unknown,clsdoa_v1,PRESENT,true,true,0.185056689,44100,1,0.248779297,-29.644465,0.000010867,0.000000000,0.845974758,0.028503401,AUTO_FLAG,mostly_silence_or_low_activity
desed:train:339675_1:clsdoa_v1_srcprep_v1,desed:train:339675,10,dishes,transient,DESED isolated foreground,Dishes,EXACT,339675,train,raw/desed/extracted/audio/train/soundbank/foreground/Dishes/339675_1.wav,7f9a132c3779f36685f8ada28484c6e9c8154fccfadd817f7b801095051934e4,44100,1,0.366643991,http://creativecommons.org/publicdomain/zero/1.0/,PER_RECORDING_METADATA,DESED_synth_soundbank.tar.gz; audio/train/soundbank/foreground/Dishes/339675_1.wav ; official train license TSV,unknown,clsdoa_v1,PRESENT,true,true,0.366643991,44100,1,0.232604980,-31.089164,0.000000342,0.000000000,0.868266436,0.048299320,AUTO_FLAG,mostly_silence_or_low_activity
desed:train:339675_2:clsdoa_v1_srcprep_v1,desed:train:339675,10,dishes,transient,DESED isolated foreground,Dishes,EXACT,339675,train,raw/desed/extracted/audio/train/soundbank/foreground/Dishes/339675_2.wav,63210c7fb26bdb6439d5165e20c264811ca5db1a0542b044c5306762954d9ed8,44100,1,0.316009070,http://creativecommons.org/publicdomain/zero/1.0/,PER_RECORDING_METADATA,DESED_synth_soundbank.tar.gz; audio/train/soundbank/foreground/Dishes/339675_2.wav ; official train license TSV,unknown,clsdoa_v1,PRESENT,true,true,0.316009070,44100,1,0.128479004,-35.028700,-0.000016102,0.000000000,0.837327784,0.051405896,AUTO_FLAG,mostly_silence_or_low_activity
desed:train:348082:clsdoa_v1_srcprep_v1,desed:train:348082,10,dishes,transient,DESED isolated foreground,Dishes,EXACT,348082,train,raw/desed/extracted/audio/train/soundbank/foreground/Dishes/348082.wav,c42d18401a6faa9117f8381322872abcb9cbf05c57a080f1354a31abf2c783b4,44100,1,0.293219955,http://creativecommons.org/publicdomain/zero/1.0/,PER_RECORDING_METADATA,DESED_synth_soundbank.tar.gz; audio/train/soundbank/foreground/Dishes/348082.wav ; official train license TSV,unknown,clsdoa_v1,PRESENT,true,true,0.293219955,44100,1,0.529846191,-29.889073,-0.000420919,0.000000000,0.922975795,0.022585034,AUTO_FLAG,mostly_silence_or_low_activity
desed:train:376854:clsdoa_v1_srcprep_v1,desed:train:376854,10,dishes,transient,DESED isolated foreground,Dishes,EXACT,376854,train,raw/desed/extracted/audio/train/soundbank/foreground/Dishes/376854.wav,cae5fb40458f3211dbcfd38cded367bf77fde148f9f7ee98d7d369dc7aeb1904,44100,1,1.029387755,http://creativecommons.org/publicdomain/zero/1.0/,PER_RECORDING_METADATA,DESED_synth_soundbank.tar.gz; audio/train/soundbank/foreground/Dishes/376854.wav ; official train license TSV,unknown,clsdoa_v1,PRESENT,true,true,1.029387755,44100,1,0.564239502,-25.676772,0.000002351,0.000000000,0.843532470,0.161065760,AUTO_PASS,
desed:train:377048:clsdoa_v1_srcprep_v1,desed:train:377048,10,dishes,transient,DESED isolated foreground,Dishes,EXACT,377048,train,raw/desed/extracted/audio/train/soundbank/foreground/Dishes/377048.wav,63f0e0ba76b6de18c99e2e536324af0c6ab29261d776be0241e7f02bc3df8718,44100,1,1.543718821,http://creativecommons.org/publicdomain/zero/1.0/,PER_RECORDING_METADATA,DESED_synth_soundbank.tar.gz; audio/train/soundbank/foreground/Dishes/377048.wav ; official train license TSV,unknown,clsdoa_v1,PRESENT,true,true,1.543718821,44100,1,0.742126465,-22.471621,0.000001755,0.000000000,0.817797233,0.281269841,AUTO_PASS,
desed:train:389685:clsdoa_v1_srcprep_v1,desed:train:389685,10,dishes,transient,DESED isolated foreground,Dishes,EXACT,389685,train,raw/desed/extracted/audio/train/soundbank/foreground/Dishes/389685.wav,2890ec53126dfbb564a1b2636fa00b442e297c0c65ae0604a243d61300b573aa,44100,1,0.612721088,http://creativecommons.org/publicdomain/zero/1.0/,PER_RECORDING_METADATA,DESED_synth_soundbank.tar.gz; audio/train/soundbank/foreground/Dishes/389685.wav ; official train license TSV,unknown,clsdoa_v1,PRESENT,true,true,0.612721088,44100,1,0.092926025,-38.571828,-0.000000090,0.000000000,0.874690056,0.076780045,AUTO_FLAG,mostly_silence_or_low_activity
desed:train:394795:clsdoa_v1_srcprep_v1,desed:train:394795,10,dishes,transient,DESED isolated foreground,Dishes,EXACT,394795,train,raw/desed/extracted/audio/train/soundbank/foreground/Dishes/394795.wav,7a75038b3cfa4ea9111c12e59bb8469f88d9c3d12382327e511a1e83b919b8df,44100,1,0.564943311,http://creativecommons.org/publicdomain/zero/1.0/,PER_RECORDING_METADATA,DESED_synth_soundbank.tar.gz; audio/train/soundbank/foreground/Dishes/394795.wav ; official train license TSV,unknown,clsdoa_v1,PRESENT,true,true,0.564943311,44100,1,0.850860596,-23.809344,-0.000011866,0.000000000,0.901982821,0.055374150,AUTO_FLAG,mostly_silence_or_low_activity
desed:train:406428:clsdoa_v1_srcprep_v1,desed:train:406428,10,dishes,transient,DESED isolated foreground,Dishes,EXACT,406428,train,raw/desed/extracted/audio/train/soundbank/foreground/Dishes/406428.wav,85f2a8ba3432f794bec8d9ae07d441646df772b14c1970d0b1c1103fc42b6907,44100,1,0.193718821,http://creativecommons.org/publicdomain/zero/1.0/,PER_RECORDING_METADATA,DESED_synth_soundbank.tar.gz; audio/train/soundbank/foreground/Dishes/406428.wav ; official train license TSV,unknown,clsdoa_v1,PRESENT,true,true,0.193718821,44100,1,0.210327148,-36.718370,0.000038359,0.000000000,0.940067892,0.011609977,AUTO_FLAG,mostly_silence_or_low_activity
desed:train:406433:clsdoa_v1_srcprep_v1,desed:train:406433,10,dishes,transient,DESED isolated foreground,Dishes,EXACT,406433,train,raw/desed/extracted/audio/train/soundbank/foreground/Dishes/406433.wav,4c8fb8ab6264fb67f97b962a8a35b924f45a968de921c3a0b4327cd89219084a,44100,1,0.133129252,http://creativecommons.org/publicdomain/zero/1.0/,PER_RECORDING_METADATA,DESED_synth_soundbank.tar.gz; audio/train/soundbank/foreground/Dishes/406433.wav ; official train license TSV,unknown,clsdoa_v1,PRESENT,true,true,0.133129252,44100,1,0.145416260,-39.396911,0.000064949,0.000000000,0.937148697,0.008367347,AUTO_FLAG,mostly_silence_or_low_activity
desed:train:412380_0:clsdoa_v1_srcprep_v1,desed:train:412380,10,dishes,transient,DESED isolated foreground,Dishes,EXACT,412380,train,raw/desed/extracted/audio/train/soundbank/foreground/Dishes/412380_0.wav,2636a50e0f88c5fa52d909f151ba7a08508107a4ea2cdf0489672d9f32222f3d,44100,1,0.576235828,http://creativecommons.org/licenses/by/3.0/,PER_RECORDING_METADATA,DESED_synth_soundbank.tar.gz; audio/train/soundbank/foreground/Dishes/412380_0.wav ; official train license TSV,unknown,clsdoa_v1,PRESENT,true,true,0.576235828,44100,1,0.754058838,-20.845608,-0.000029724,0.000000000,0.848929640,0.087052154,AUTO_FLAG,mostly_silence_or_low_activity
desed:train:412380_1:clsdoa_v1_srcprep_v1,desed:train:412380,10,dishes,transient,DESED isolated foreground,Dishes,EXACT,412380,train,raw/desed/extracted/audio/train/soundbank/foreground/Dishes/412380_1.wav,5994b36cb9f847018d914ec9c79108d8cdd91199e5ab26e2c69a6e7f7912f331,44100,1,0.176417234,http://creativecommons.org/licenses/by/3.0/,PER_RECORDING_METADATA,DESED_synth_soundbank.tar.gz; audio/train/soundbank/foreground/Dishes/412380_1.wav ; official train license TSV,unknown,clsdoa_v1,PRESENT,true,true,0.176417234,44100,1,0.253540039,-32.475995,0.000022982,0.000000000,0.843958869,0.027528345,AUTO_FLAG,mostly_silence_or_low_activity
desed:train:412389:clsdoa_v1_srcprep_v1,desed:train:412389,10,dishes,transient,DESED isolated foreground,Dishes,EXACT,412389,train,raw/desed/extracted/audio/train/soundbank/foreground/Dishes/412389.wav,662b695375d25400059a577c258f91290a5587cb9996c0c0997ba49ec892f265,44100,1,0.304399093,http://creativecommons.org/licenses/by/3.0/,PER_RECORDING_METADATA,DESED_synth_soundbank.tar.gz; audio/train/soundbank/foreground/Dishes/412389.wav ; official train license TSV,unknown,clsdoa_v1,PRESENT,true,true,0.304399093,44100,1,0.434020996,-27.876292,-0.000121720,0.000000000,0.859654350,0.042721088,AUTO_FLAG,mostly_silence_or_low_activity
desed:train:414218:clsdoa_v1_srcprep_v1,desed:train:414218,10,dishes,transient,DESED isolated foreground,Dishes,EXACT,414218,train,raw/desed/extracted/audio/train/soundbank/foreground/Dishes/414218.wav,63c1e0564046f5f688a5740398a8d1244ff1ff92926acf152e57638a8fcaa961,44100,1,0.771383220,http://creativecommons.org/licenses/by-nc/3.0/,PER_RECORDING_METADATA,DESED_synth_soundbank.tar.gz; audio/train/soundbank/foreground/Dishes/414218.wav ; official train license TSV,unknown,clsdoa_v1,PRESENT,true,true,0.771383220,44100,1,0.404693604,-27.088461,-0.000000124,0.000000000,0.863836792,0.105034014,AUTO_PASS,
desed:train:427257:clsdoa_v1_srcprep_v1,desed:train:427257,10,dishes,transient,DESED isolated foreground,Dishes,EXACT,427257,train,raw/desed/extracted/audio/train/soundbank/foreground/Dishes/427257.wav,bbe0dbef07ff2a69df246074d526f9dcad17c3a3340d601bc0a9a2cb3614a5df,44100,1,0.323786848,http://creativecommons.org/licenses/by/3.0/,PER_RECORDING_METADATA,DESED_synth_soundbank.tar.gz; audio/train/soundbank/foreground/Dishes/427257.wav ; official train license TSV,unknown,clsdoa_v1,PRESENT,true,true,0.323786848,44100,1,0.958618164,-16.343235,0.000011114,0.000000000,0.776314868,0.072426304,AUTO_FLAG,mostly_silence_or_low_activity
desed:train:71797:clsdoa_v1_srcprep_v1,desed:train:71797,10,dishes,transient,DESED isolated foreground,Dishes,EXACT,71797,train,raw/desed/extracted/audio/train/soundbank/foreground/Dishes/71797.wav,fbe96a66d6009c1d77ef4eb2dd8fea6a9e5b9df56874e45e2d3b7166e1e03108,44100,1,0.436530612,http://creativecommons.org/licenses/by/3.0/,PER_RECORDING_METADATA,DESED_synth_soundbank.tar.gz; audio/train/soundbank/foreground/Dishes/71797.wav ; official train license TSV,unknown,clsdoa_v1,PRESENT,true,true,0.436530612,44100,1,0.847167969,-23.003527,-0.000005953,0.000000000,0.895589839,0.045578231,AUTO_FLAG,mostly_silence_or_low_activity
desed:train:71802:clsdoa_v1_srcprep_v1,desed:train:71802,10,dishes,transient,DESED isolated foreground,Dishes,EXACT,71802,train,raw/desed/extracted/audio/train/soundbank/foreground/Dishes/71802.wav,a141e13c36a5edb9a28713343a162ba2d9c8dbe29b89e71a15b7b5bbb460f0a0,44100,1,0.831564626,http://creativecommons.org/licenses/by/3.0/,PER_RECORDING_METADATA,DESED_synth_soundbank.tar.gz; audio/train/soundbank/foreground/Dishes/71802.wav ; official train license TSV,unknown,clsdoa_v1,PRESENT,true,true,0.831564626,44100,1,0.596343994,-29.794072,0.002281354,0.000000000,0.963241710,0.030566893,AUTO_FLAG,mostly_silence_or_low_activity
desed:train:80115:clsdoa_v1_srcprep_v1,desed:train:80115,10,dishes,transient,DESED isolated foreground,Dishes,EXACT,80115,train,raw/desed/extracted/audio/train/soundbank/foreground/Dishes/80115.wav,3f706c327a52e2c8de364fb30a2de7cbecdab102959b8ece3e8cc3865d5425b7,44100,1,1.511995465,http://creativecommons.org/licenses/by/3.0/,PER_RECORDING_METADATA,DESED_synth_soundbank.tar.gz; audio/train/soundbank/foreground/Dishes/80115.wav ; official train license TSV,unknown,clsdoa_v1,PRESENT,true,true,1.511995465,44100,1,0.329681396,-30.613295,-0.000249862,0.000000000,0.890505257,0.165555556,AUTO_PASS,
desed:train:80125_0:clsdoa_v1_srcprep_v1,desed:train:80125,10,dishes,transient,DESED isolated foreground,Dishes,EXACT,80125,train,raw/desed/extracted/audio/train/soundbank/foreground/Dishes/80125_0.wav,4b7a604e1e381f3d4605dff4c035f568c133dc7077afb89ae472455d7f38f1b0,44100,1,0.830340136,http://creativecommons.org/licenses/by/3.0/,PER_RECORDING_METADATA,DESED_synth_soundbank.tar.gz; audio/train/soundbank/foreground/Dishes/80125_0.wav ; official train license TSV,unknown,clsdoa_v1,PRESENT,true,true,0.830340136,44100,1,0.045806885,-44.139431,-0.000238822,0.000000000,0.703014911,0.246598639,AUTO_PASS,
desed:train:80125_1:clsdoa_v1_srcprep_v1,desed:train:80125,10,dishes,transient,DESED isolated foreground,Dishes,EXACT,80125,train,raw/desed/extracted/audio/train/soundbank/foreground/Dishes/80125_1.wav,d50816c98a80bcdc530a019e5a8e2256106df66f2daa98f088554fd481f6719a,44100,1,0.257460317,http://creativecommons.org/licenses/by/3.0/,PER_RECORDING_METADATA,DESED_synth_soundbank.tar.gz; audio/train/soundbank/foreground/Dishes/80125_1.wav ; official train license TSV,unknown,clsdoa_v1,PRESENT,true,true,0.257460317,44100,1,0.017303467,-51.023521,-0.000243504,0.000000000,0.620221948,0.097777778,AUTO_FLAG,mostly_silence_or_low_activity
desed:train:80125_2:clsdoa_v1_srcprep_v1,desed:train:80125,10,dishes,transient,DESED isolated foreground,Dishes,EXACT,80125,train,raw/desed/extracted/audio/train/soundbank/foreground/Dishes/80125_2.wav,4a44ca3619226fa59d39515bbc97414a7dd85a37e75b05e6ab85486e508a9522,44100,1,0.756281179,http://creativecommons.org/licenses/by/3.0/,PER_RECORDING_METADATA,DESED_synth_soundbank.tar.gz; audio/train/soundbank/foreground/Dishes/80125_2.wav ; official train license TSV,unknown,clsdoa_v1,PRESENT,true,true,0.756281179,44100,1,0.070831299,-42.283972,-0.000255222,0.000000000,0.800311825,0.151020408,AUTO_PASS,
desed:train:80131:clsdoa_v1_srcprep_v1,desed:train:80131,10,dishes,transient,DESED isolated foreground,Dishes,EXACT,80131,train,raw/desed/extracted/audio/train/soundbank/foreground/Dishes/80131.wav,ad2dee5732856a1e937197e064996d05fa64057418a7ee164bf9352a80705387,44100,1,1.414897959,http://creativecommons.org/licenses/by/3.0/,PER_RECORDING_METADATA,DESED_synth_soundbank.tar.gz; audio/train/soundbank/foreground/Dishes/80131.wav ; official train license TSV,unknown,clsdoa_v1,PRESENT,true,true,1.414897959,44100,1,0.182342529,-34.987308,-0.000244260,0.000000000,0.839463436,0.227142857,AUTO_PASS,
desed:train:82048:clsdoa_v1_srcprep_v1,desed:train:82048,10,dishes,transient,DESED isolated foreground,Dishes,EXACT,82048,train,raw/desed/extracted/audio/train/soundbank/foreground/Dishes/82048.wav,4694d4d5ccb6a716c9037e99bb6457168861e7d6fe06914f8ca512387cd8b016,44100,1,1.940204082,http://creativecommons.org/licenses/sampling+/1.0/,PER_RECORDING_METADATA,DESED_synth_soundbank.tar.gz; audio/train/soundbank/foreground/Dishes/82048.wav ; official train license TSV,unknown,clsdoa_v1,PRESENT,true,true,1.940204082,44100,1,0.285034180,-32.222884,-0.000091846,0.000000000,0.872865608,0.246666667,AUTO_PASS,
desed:train:88826_0:clsdoa_v1_srcprep_v1,desed:train:88826,10,dishes,transient,DESED isolated foreground,Dishes,EXACT,88826,train,raw/desed/extracted/audio/train/soundbank/foreground/Dishes/88826_0.wav,43f5889b6ebe6d50863bef19ac7f13f449b9a47ec8c18ec9660a0f090dec131d,44100,1,0.230181406,http://creativecommons.org/licenses/by/3.0/,PER_RECORDING_METADATA,DESED_synth_soundbank.tar.gz; audio/train/soundbank/foreground/Dishes/88826_0.wav ; official train license TSV,unknown,clsdoa_v1,PRESENT,true,true,0.230181406,44100,1,0.233428955,-29.626032,-0.000005727,0.000000000,0.662988868,0.077573696,AUTO_FLAG,mostly_silence_or_low_activity
desed:train:88826_1:clsdoa_v1_srcprep_v1,desed:train:88826,10,dishes,transient,DESED isolated foreground,Dishes,EXACT,88826,train,raw/desed/extracted/audio/train/soundbank/foreground/Dishes/88826_1.wav,6e6410dc4ee44a59e1aa215952be68970782a54c09774869459cddcb2011d249,44100,1,0.054852608,http://creativecommons.org/licenses/by/3.0/,PER_RECORDING_METADATA,DESED_synth_soundbank.tar.gz; audio/train/soundbank/foreground/Dishes/88826_1.wav ; official train license TSV,unknown,clsdoa_v1,PRESENT,true,true,0.054852608,44100,1,0.030059814,-45.576982,-0.000015265,0.000000000,0.676725920,0.017732426,AUTO_FLAG,mostly_silence_or_low_activity
desed:train:88826_2:clsdoa_v1_srcprep_v1,desed:train:88826,10,dishes,transient,DESED isolated foreground,Dishes,EXACT,88826,train,raw/desed/extracted/audio/train/soundbank/foreground/Dishes/88826_2.wav,9c86fd85c42d80c66722d960301bc708bb241f5c8a138fadebb88d39f14b3ea7,44100,1,0.101609977,http://creativecommons.org/licenses/by/3.0/,PER_RECORDING_METADATA,DESED_synth_soundbank.tar.gz; audio/train/soundbank/foreground/Dishes/88826_2.wav ; official train license TSV,unknown,clsdoa_v1,PRESENT,true,true,0.101609977,44100,1,0.420776367,-27.047762,0.000004658,0.000000000,0.876143718,0.012585034,AUTO_FLAG,mostly_silence_or_low_activity
desed:train:88826_3:clsdoa_v1_srcprep_v1,desed:train:88826,10,dishes,transient,DESED isolated foreground,Dishes,EXACT,88826,train,raw/desed/extracted/audio/train/soundbank/foreground/Dishes/88826_3.wav,6af1b8e50734a12b8f4288c497f9e2a46121165b22c6e1897747f8345638f6a7,44100,1,0.116780045,http://creativecommons.org/licenses/by/3.0/,PER_RECORDING_METADATA,DESED_synth_soundbank.tar.gz; audio/train/soundbank/foreground/Dishes/88826_3.wav ; official train license TSV,unknown,clsdoa_v1,PRESENT,true,true,0.116780045,44100,1,0.250793457,-30.640173,-0.000021309,0.000000000,0.796893204,0.023718821,AUTO_FLAG,mostly_silence_or_low_activity
desed:train:88826_4:clsdoa_v1_srcprep_v1,desed:train:88826,10,dishes,transient,DESED isolated foreground,Dishes,EXACT,88826,train,raw/desed/extracted/audio/train/soundbank/foreground/Dishes/88826_4.wav,7358dda0d2b504ad6964322e2be6d33f5c77a29b5abf131234fd681131f0d04e,44100,1,0.091768707,http://creativecommons.org/licenses/by/3.0/,PER_RECORDING_METADATA,DESED_synth_soundbank.tar.gz; audio/train/soundbank/foreground/Dishes/88826_4.wav ; official train license TSV,unknown,clsdoa_v1,PRESENT,true,true,0.091768707,44100,1,0.167907715,-33.997295,-0.000062453,0.000000000,0.778848530,0.020294785,AUTO_FLAG,mostly_silence_or_low_activity
desed:train:88839_0:clsdoa_v1_srcprep_v1,desed:train:88839,10,dishes,transient,DESED isolated foreground,Dishes,EXACT,88839,train,raw/desed/extracted/audio/train/soundbank/foreground/Dishes/88839_0.wav,1942649b1c617f3d6ce5ce33663d62730b8e4ea89d19ad3290415ae20ab575f8,44100,1,0.113424036,http://creativecommons.org/licenses/by/3.0/,PER_RECORDING_METADATA,DESED_synth_soundbank.tar.gz; audio/train/soundbank/foreground/Dishes/88839_0.wav ; official train license TSV,unknown,clsdoa_v1,PRESENT,true,true,0.113424036,44100,1,0.340423584,-31.461120,-0.000016455,0.000000000,0.883446621,0.013219955,AUTO_FLAG,mostly_silence_or_low_activity
desed:train:88839_1:clsdoa_v1_srcprep_v1,desed:train:88839,10,dishes,transient,DESED isolated foreground,Dishes,EXACT,88839,train,raw/desed/extracted/audio/train/soundbank/foreground/Dishes/88839_1.wav,0857705b697b5c47661bd91c594bc7b5a07fc98440ccf31de275b5a1759da667,44100,1,0.370544218,http://creativecommons.org/licenses/by/3.0/,PER_RECORDING_METADATA,DESED_synth_soundbank.tar.gz; audio/train/soundbank/foreground/Dishes/88839_1.wav ; official train license TSV,unknown,clsdoa_v1,PRESENT,true,true,0.370544218,44100,1,0.177459717,-33.710847,-0.000056002,0.000000000,0.733676030,0.098684807,AUTO_FLAG,mostly_silence_or_low_activity
desed:train:88839_2:clsdoa_v1_srcprep_v1,desed:train:88839,10,dishes,transient,DESED isolated foreground,Dishes,EXACT,88839,train,raw/desed/extracted/audio/train/soundbank/foreground/Dishes/88839_2.wav,4be4e5df600d6e5d347fd59e653840d73133e645d5bd6b8b15ed57adc72030b5,44100,1,0.957097506,http://creativecommons.org/licenses/by/3.0/,PER_RECORDING_METADATA,DESED_synth_soundbank.tar.gz; audio/train/soundbank/foreground/Dishes/88839_2.wav ; official train license TSV,unknown,clsdoa_v1,PRESENT,true,true,0.957097506,44100,1,0.255432129,-29.500397,-0.000000799,0.000000000,0.720053071,0.267936508,AUTO_PASS,
desed:train:88856:clsdoa_v1_srcprep_v1,desed:train:88856,10,dishes,transient,DESED isolated foreground,Dishes,EXACT,88856,train,raw/desed/extracted/audio/train/soundbank/foreground/Dishes/88856.wav,23f796a4fb232857599c0ef235eab75bf36a21944d35a30fed126352e4d319cb,44100,1,0.361179138,http://creativecommons.org/licenses/by/3.0/,PER_RECORDING_METADATA,DESED_synth_soundbank.tar.gz; audio/train/soundbank/foreground/Dishes/88856.wav ; official train license TSV,unknown,clsdoa_v1,PRESENT,true,true,0.361179138,44100,1,0.352844238,-31.642628,-0.000000627,0.000000000,0.918696635,0.029365079,AUTO_FLAG,mostly_silence_or_low_activity
desed:train:88858:clsdoa_v1_srcprep_v1,desed:train:88858,10,dishes,transient,DESED isolated foreground,Dishes,EXACT,88858,train,raw/desed/extracted/audio/train/soundbank/foreground/Dishes/88858.wav,a3de28587d4d94057cb2bbd200105126e29d66ccd46be1cd464720ad8c616256,44100,1,0.355691610,http://creativecommons.org/licenses/by/3.0/,PER_RECORDING_METADATA,DESED_synth_soundbank.tar.gz; audio/train/soundbank/foreground/Dishes/88858.wav ; official train license TSV,unknown,clsdoa_v1,PRESENT,true,true,0.355691610,44100,1,0.205993652,-37.224594,-0.000000228,0.000000000,0.941731480,0.020725624,AUTO_FLAG,mostly_silence_or_low_activity
desed:train:97559:clsdoa_v1_srcprep_v1,desed:train:97559,10,dishes,transient,DESED isolated foreground,Dishes,EXACT,97559,train,raw/desed/extracted/audio/train/soundbank/foreground/Dishes/97559.wav,d2a6cdd2b3947e9430d5e1010ae9e5a5c134766689ea80af0e37b9da299edb22,44100,1,0.215827664,http://creativecommons.org/publicdomain/zero/1.0/,PER_RECORDING_METADATA,DESED_synth_soundbank.tar.gz; audio/train/soundbank/foreground/Dishes/97559.wav ; official train license TSV,unknown,clsdoa_v1,PRESENT,true,true,0.215827664,44100,1,0.580322266,-28.933695,0.000003549,0.000000000,0.938642572,0.013242630,AUTO_FLAG,mostly_silence_or_low_activity
desed:train:121582:clsdoa_v1_srcprep_v1,desed:train:121582,7,frying,transient,DESED isolated foreground,Frying,EXACT,121582,train,raw/desed/extracted/audio/train/soundbank/foreground/Frying/121582.wav,bf393f9b23b12068a400eb0a7e5c232b5ed41df992dd6a0dcd252ff21cc8475b,44100,1,17.213106576,http://creativecommons.org/licenses/by/3.0/,PER_RECORDING_METADATA,DESED_synth_soundbank.tar.gz; audio/train/soundbank/foreground/Frying/121582.wav ; official train license TSV,unknown,clsdoa_v1,PRESENT,true,true,17.213106576,44100,1,0.726318359,-39.151337,0.000010704,0.000000000,0.998199178,0.030997732,AUTO_FLAG,mostly_silence_or_low_activity
desed:train:137258:clsdoa_v1_srcprep_v1,desed:train:137258,7,frying,transient,DESED isolated foreground,Frying,EXACT,137258,train,raw/desed/extracted/audio/train/soundbank/foreground/Frying/137258.wav,5c254c3e82c1c191f650fe8376a72656e1fe065e45de2d9260b72452c65a22b1,44100,1,26.962539683,http://creativecommons.org/publicdomain/zero/1.0/,PER_RECORDING_METADATA,DESED_synth_soundbank.tar.gz; audio/train/soundbank/foreground/Frying/137258.wav ; official train license TSV,unknown,clsdoa_v1,PRESENT,true,true,26.962539683,44100,1,0.482482910,-35.766856,-0.000025977,0.000000000,0.984691114,0.412766440,AUTO_FLAG,mostly_silence_or_low_activity
desed:train:174467:clsdoa_v1_srcprep_v1,desed:train:174467,7,frying,transient,DESED isolated foreground,Frying,EXACT,174467,train,raw/desed/extracted/audio/train/soundbank/foreground/Frying/174467.wav,9594a1032a89dd0fdd8ce3d99e4e5ac78576d9dc01cad368af904670625f71fd,44100,1,12.591609977,http://creativecommons.org/licenses/by/3.0/,PER_RECORDING_METADATA,DESED_synth_soundbank.tar.gz; audio/train/soundbank/foreground/Frying/174467.wav ; official train license TSV,unknown,clsdoa_v1,PRESENT,true,true,12.591609977,44100,1,1.000000000,-27.008247,0.000827408,0.000001801,0.958990798,0.516371882,AUTO_PASS,
desed:train:179675:clsdoa_v1_srcprep_v1,desed:train:179675,7,frying,transient,DESED isolated foreground,Frying,EXACT,179675,train,raw/desed/extracted/audio/train/soundbank/foreground/Frying/179675.wav,aab977a44c7aa9143a015308bf7d88b223dd0b35633b0aac2f12cf7b206fb673,44100,1,5.804807256,http://creativecommons.org/licenses/by/3.0/,PER_RECORDING_METADATA,DESED_synth_soundbank.tar.gz; audio/train/soundbank/foreground/Frying/179675.wav ; official train license TSV,unknown,clsdoa_v1,PRESENT,true,true,5.804807256,44100,1,0.413543701,-50.347217,-0.000050774,0.000000000,0.999570299,0.002494331,AUTO_FLAG,mostly_silence_or_low_activity
desed:train:274499:clsdoa_v1_srcprep_v1,desed:train:274499,7,frying,transient,DESED isolated foreground,Frying,EXACT,274499,train,raw/desed/extracted/audio/train/soundbank/foreground/Frying/274499.wav,85287e7cd727388c0f6c9f6372dc02008ff86bbff9f6eecc53bb1d6c078b561b,44100,1,3.636780045,http://creativecommons.org/publicdomain/zero/1.0/,PER_RECORDING_METADATA,DESED_synth_soundbank.tar.gz; audio/train/soundbank/foreground/Frying/274499.wav ; official train license TSV,unknown,clsdoa_v1,PRESENT,true,true,3.636780045,44100,1,0.844940186,-17.401918,0.000130248,0.000000000,0.562637952,1.590589569,AUTO_PASS,
desed:train:3203:clsdoa_v1_srcprep_v1,desed:train:3203,7,frying,transient,DESED isolated foreground,Frying,EXACT,3203,train,raw/desed/extracted/audio/train/soundbank/foreground/Frying/3203.wav,3206af9fb52bd82b6a76e09d84542c49ef81826f4c2cb393f3cbfb7bd5c256fb,44100,1,6.083628118,http://creativecommons.org/licenses/by/3.0/,PER_RECORDING_METADATA,DESED_synth_soundbank.tar.gz; audio/train/soundbank/foreground/Frying/3203.wav ; official train license TSV,unknown,clsdoa_v1,PRESENT,true,true,6.083628118,44100,1,0.936431885,-34.831867,0.000007518,0.000000000,0.996410574,0.021836735,AUTO_FLAG,mostly_silence_or_low_activity
desed:train:351406:clsdoa_v1_srcprep_v1,desed:train:351406,7,frying,transient,DESED isolated foreground,Frying,EXACT,351406,train,raw/desed/extracted/audio/train/soundbank/foreground/Frying/351406.wav,964e03b02d4b1c29ff1eabf61dbc5082d4f21caf03f2cce9e61edf554d5c8eef,44100,1,16.748662132,http://creativecommons.org/publicdomain/zero/1.0/,PER_RECORDING_METADATA,DESED_synth_soundbank.tar.gz; audio/train/soundbank/foreground/Frying/351406.wav ; official train license TSV,unknown,clsdoa_v1,PRESENT,true,true,16.748662132,44100,1,0.168487549,-33.811121,-0.000024672,0.000000000,0.755204328,4.100000000,AUTO_PASS,
desed:train:388092:clsdoa_v1_srcprep_v1,desed:train:388092,7,frying,transient,DESED isolated foreground,Frying,EXACT,388092,train,raw/desed/extracted/audio/train/soundbank/foreground/Frying/388092.wav,613b3173468c87542658d89ba7adad41e88263fb2310a1dd2b75e505ee5df9e7,44100,1,22.931156463,http://creativecommons.org/licenses/by/3.0/,PER_RECORDING_METADATA,DESED_synth_soundbank.tar.gz; audio/train/soundbank/foreground/Frying/388092.wav ; official train license TSV,unknown,clsdoa_v1,PRESENT,true,true,22.931156463,44100,1,0.967590332,-47.812251,-0.000085909,0.000000000,0.999897158,0.002358277,AUTO_FLAG,mostly_silence_or_low_activity
desed:train:403333:clsdoa_v1_srcprep_v1,desed:train:403333,7,frying,transient,DESED isolated foreground,Frying,EXACT,403333,train,raw/desed/extracted/audio/train/soundbank/foreground/Frying/403333.wav,b532c5a3215dc648caf1d783ff9824e851fb4120e8e32386c6333a297267aa1c,44100,1,35.495986395,http://creativecommons.org/licenses/by/3.0/,PER_RECORDING_METADATA,DESED_synth_soundbank.tar.gz; audio/train/soundbank/foreground/Frying/403333.wav ; official train license TSV,unknown,clsdoa_v1,PRESENT,true,true,35.495986395,44100,1,0.134124756,-36.426579,-0.000096256,0.000000000,0.771257074,8.119455782,AUTO_PASS,
desed:train:403531:clsdoa_v1_srcprep_v1,desed:train:403531,7,frying,transient,DESED isolated foreground,Frying,EXACT,403531,train,raw/desed/extracted/audio/train/soundbank/foreground/Frying/403531.wav,78082d301d0ba90a4f636d06a9993c96f8b160c69a1408300c9e049cb382dbae,44100,1,27.388321995,http://creativecommons.org/publicdomain/zero/1.0/,PER_RECORDING_METADATA,DESED_synth_soundbank.tar.gz; audio/train/soundbank/foreground/Frying/403531.wav ; official train license TSV,unknown,clsdoa_v1,PRESENT,true,true,27.388321995,44100,1,0.499298096,-45.610675,-0.000000002,0.000000000,0.999049531,0.026031746,AUTO_FLAG,mostly_silence_or_low_activity
desed:train:367689_1:clsdoa_v1_srcprep_v1,desed:train:367689,6,running_water,transient,DESED isolated foreground,Running_water,EXACT,367689,train,raw/desed/extracted/audio/train/soundbank/foreground/Running_water/367689_1.wav,3c43f4e1f98b1c7401f0ee7bbb7a6d7639badbedcc0879b87d893dc2be082925,44100,1,1.828458050,http://creativecommons.org/publicdomain/zero/1.0/,PER_RECORDING_METADATA,DESED_synth_soundbank.tar.gz; audio/train/soundbank/foreground/Running_water/367689_1.wav ; official train license TSV,unknown,clsdoa_v1,PRESENT,true,true,1.828458050,44100,1,0.856750488,-24.510190,-0.000004805,0.000000000,0.898046754,0.186417234,AUTO_PASS,
desed:train:371817:clsdoa_v1_srcprep_v1,desed:train:371817,6,running_water,transient,DESED isolated foreground,Running_water,EXACT,371817,train,raw/desed/extracted/audio/train/soundbank/foreground/Running_water/371817.wav,0dc4034884bbbd1366010108d4500eb828d4e7589c9a222df7ad6bf54efd5d71,44100,1,5.688140590,http://creativecommons.org/publicdomain/zero/1.0/,PER_RECORDING_METADATA,DESED_synth_soundbank.tar.gz; audio/train/soundbank/foreground/Running_water/371817.wav ; official train license TSV,unknown,clsdoa_v1,PRESENT,true,true,5.688140590,44100,1,0.296020508,-32.388690,0.000019728,0.000000000,0.810330600,1.078866213,AUTO_PASS,
desed:train:404438_1:clsdoa_v1_srcprep_v1,desed:train:404438,6,running_water,transient,DESED isolated foreground,Running_water,EXACT,404438,train,raw/desed/extracted/audio/train/soundbank/foreground/Running_water/404438_1.wav,94ab12a94005be2c4dd4f391fa263c51dab47129bec150ba9ae6b119cda13f8b,44100,1,11.345464853,http://creativecommons.org/publicdomain/zero/1.0/,PER_RECORDING_METADATA,DESED_synth_soundbank.tar.gz; audio/train/soundbank/foreground/Running_water/404438_1.wav ; official train license TSV,unknown,clsdoa_v1,PRESENT,true,true,11.345464853,44100,1,0.955902100,-15.343007,-0.000115552,0.000000000,0.493853118,5.742471655,AUTO_PASS,
desed:train:405200_1:clsdoa_v1_srcprep_v1,desed:train:405200,6,running_water,transient,DESED isolated foreground,Running_water,EXACT,405200,train,raw/desed/extracted/audio/train/soundbank/foreground/Running_water/405200_1.wav,2cffc7a60f5e1c52bdfdecad535b9a86268c102332ec3cca5484d245cfd94f1e,44100,1,2.345374150,http://creativecommons.org/licenses/by/3.0/,PER_RECORDING_METADATA,DESED_synth_soundbank.tar.gz; audio/train/soundbank/foreground/Running_water/405200_1.wav ; official train license TSV,unknown,clsdoa_v1,PRESENT,true,true,2.345374150,44100,1,0.411346436,-29.945464,0.000010808,0.000000000,0.911525558,0.207505669,AUTO_PASS,
desed:train:405200_2:clsdoa_v1_srcprep_v1,desed:train:405200,6,running_water,transient,DESED isolated foreground,Running_water,EXACT,405200,train,raw/desed/extracted/audio/train/soundbank/foreground/Running_water/405200_2.wav,5e917ae6e743abc173722f0fc0d3d52526f9ecc542d667167d5ef699568baeaf,44100,1,4.573469388,http://creativecommons.org/licenses/by/3.0/,PER_RECORDING_METADATA,DESED_synth_soundbank.tar.gz; audio/train/soundbank/foreground/Running_water/405200_2.wav ; official train license TSV,unknown,clsdoa_v1,PRESENT,true,true,4.573469388,44100,1,0.638885498,-28.273344,-0.000006847,0.000000000,0.939089692,0.278571429,AUTO_PASS,
desed:train:408296_1:clsdoa_v1_srcprep_v1,desed:train:408296,6,running_water,transient,DESED isolated foreground,Running_water,EXACT,408296,train,raw/desed/extracted/audio/train/soundbank/foreground/Running_water/408296_1.wav,860fc1001045551a5b91e19d0066364daf27ae0a92cfc2c414c342adb3eaa3a5,44100,1,16.573151927,http://creativecommons.org/licenses/by/3.0/,PER_RECORDING_METADATA,DESED_synth_soundbank.tar.gz; audio/train/soundbank/foreground/Running_water/408296_1.wav ; official train license TSV,unknown,clsdoa_v1,PRESENT,true,true,16.573151927,44100,1,0.420227051,-31.359097,-0.000000586,0.000000000,0.900728715,1.645238095,AUTO_PASS,
desed:train:408302_1:clsdoa_v1_srcprep_v1,desed:train:408302,6,running_water,transient,DESED isolated foreground,Running_water,EXACT,408302,train,raw/desed/extracted/audio/train/soundbank/foreground/Running_water/408302_1.wav,caa460a8941742e210a1ab69daf543d8c9552c377bae179f1a44b1a5fa1a4eea,44100,1,2.772675737,http://creativecommons.org/licenses/by/3.0/,PER_RECORDING_METADATA,DESED_synth_soundbank.tar.gz; audio/train/soundbank/foreground/Running_water/408302_1.wav ; official train license TSV,unknown,clsdoa_v1,PRESENT,true,true,2.772675737,44100,1,0.279876709,-25.879570,0.000000417,0.000000000,0.470971172,1.466825397,AUTO_PASS,
desed:train:408302_2:clsdoa_v1_srcprep_v1,desed:train:408302,6,running_water,transient,DESED isolated foreground,Running_water,EXACT,408302,train,raw/desed/extracted/audio/train/soundbank/foreground/Running_water/408302_2.wav,f8636f796a7c5f11daba383934e2c0090cff2557e87205e19d8e2b378099a785,44100,1,2.533968254,http://creativecommons.org/licenses/by/3.0/,PER_RECORDING_METADATA,DESED_synth_soundbank.tar.gz; audio/train/soundbank/foreground/Running_water/408302_2.wav ; official train license TSV,unknown,clsdoa_v1,PRESENT,true,true,2.533968254,44100,1,0.236450195,-26.938666,-0.000000300,0.000000000,0.483954970,1.307641723,AUTO_PASS,
desed:train:408304_1:clsdoa_v1_srcprep_v1,desed:train:408304,6,running_water,transient,DESED isolated foreground,Running_water,EXACT,408304,train,raw/desed/extracted/audio/train/soundbank/foreground/Running_water/408304_1.wav,e11604680e7fd4bc7b83adbca4a499e5fbe4d8121e867110d37683e368b273c0,44100,1,14.843174603,http://creativecommons.org/licenses/by/3.0/,PER_RECORDING_METADATA,DESED_synth_soundbank.tar.gz; audio/train/soundbank/foreground/Running_water/408304_1.wav ; official train license TSV,unknown,clsdoa_v1,PRESENT,true,true,14.843174603,44100,1,0.323883057,-24.349607,-0.000000237,0.000000000,0.431058504,8.444897959,AUTO_PASS,
desed:train:408305_1:clsdoa_v1_srcprep_v1,desed:train:408305,6,running_water,transient,DESED isolated foreground,Running_water,EXACT,408305,train,raw/desed/extracted/audio/train/soundbank/foreground/Running_water/408305_1.wav,8408fd46e00221e992a9ac629825a96be56bb93cda379a376e40117ac400a621,44100,1,19.732244898,http://creativecommons.org/licenses/by/3.0/,PER_RECORDING_METADATA,DESED_synth_soundbank.tar.gz; audio/train/soundbank/foreground/Running_water/408305_1.wav ; official train license TSV,unknown,clsdoa_v1,PRESENT,true,true,19.732244898,44100,1,0.212982178,-33.079716,-0.000000435,0.000000000,0.692714941,6.063424036,AUTO_PASS,
desed:train:408714_1:clsdoa_v1_srcprep_v1,desed:train:408714,6,running_water,transient,DESED isolated foreground,Running_water,EXACT,408714,train,raw/desed/extracted/audio/train/soundbank/foreground/Running_water/408714_1.wav,361210f0a813b2b47c45fb75503b0fe41279144d8230ed942baf5d78758f0fe0,44100,1,4.269569161,http://creativecommons.org/licenses/by-nc/3.0/,PER_RECORDING_METADATA,DESED_synth_soundbank.tar.gz; audio/train/soundbank/foreground/Running_water/408714_1.wav ; official train license TSV,unknown,clsdoa_v1,PRESENT,true,true,4.269569161,44100,1,0.073059082,-42.460139,-0.000001114,0.000000000,0.790464607,0.894625850,AUTO_PASS,
desed:train:413283_1:clsdoa_v1_srcprep_v1,desed:train:413283,6,running_water,transient,DESED isolated foreground,Running_water,EXACT,413283,train,raw/desed/extracted/audio/train/soundbank/foreground/Running_water/413283_1.wav,0a50519248ae17834cae9a260bcd7b4b05298545673994032e9930248bc0bc54,44100,1,2.265736961,http://creativecommons.org/publicdomain/zero/1.0/,PER_RECORDING_METADATA,DESED_synth_soundbank.tar.gz; audio/train/soundbank/foreground/Running_water/413283_1.wav ; official train license TSV,unknown,clsdoa_v1,PRESENT,true,true,2.265736961,44100,1,0.315887451,-33.425854,-0.000032638,0.000000000,0.873067184,0.287596372,AUTO_PASS,
desed:train:413295_1:clsdoa_v1_srcprep_v1,desed:train:413295,6,running_water,transient,DESED isolated foreground,Running_water,EXACT,413295,train,raw/desed/extracted/audio/train/soundbank/foreground/Running_water/413295_1.wav,db9a7467a76af4b40377e8f5a9902855b6717fba370aac598e061f141f880d4a,44100,1,6.270521542,http://creativecommons.org/publicdomain/zero/1.0/,PER_RECORDING_METADATA,DESED_synth_soundbank.tar.gz; audio/train/soundbank/foreground/Running_water/413295_1.wav ; official train license TSV,unknown,clsdoa_v1,PRESENT,true,true,6.270521542,44100,1,0.699981689,-27.245266,0.000000418,0.000000000,0.930173941,0.437845805,AUTO_PASS,
desed:train:418017_1:clsdoa_v1_srcprep_v1,desed:train:418017,6,running_water,transient,DESED isolated foreground,Running_water,EXACT,418017,train,raw/desed/extracted/audio/train/soundbank/foreground/Running_water/418017_1.wav,0fc697340f508106ec4381d8dc0bc93921eefee1f78f35e1cbb2daea4d578cc3,44100,1,19.533900227,http://creativecommons.org/publicdomain/zero/1.0/,PER_RECORDING_METADATA,DESED_synth_soundbank.tar.gz; audio/train/soundbank/foreground/Running_water/418017_1.wav ; official train license TSV,unknown,clsdoa_v1,PRESENT,true,true,19.533900227,44100,1,0.128265381,-45.288660,-0.000009720,0.000000000,0.971658086,0.553628118,AUTO_PASS,
desed:train:418018_1:clsdoa_v1_srcprep_v1,desed:train:418018,6,running_water,transient,DESED isolated foreground,Running_water,EXACT,418018,train,raw/desed/extracted/audio/train/soundbank/foreground/Running_water/418018_1.wav,fcbc6ce56ce5cece23fbf3405f2d3f745bcb563b49e05d8cd1aed0b13bfbb763,44100,1,6.252154195,http://creativecommons.org/publicdomain/zero/1.0/,PER_RECORDING_METADATA,DESED_synth_soundbank.tar.gz; audio/train/soundbank/foreground/Running_water/418018_1.wav ; official train license TSV,unknown,clsdoa_v1,PRESENT,true,true,6.252154195,44100,1,0.795928955,-25.138371,0.000006226,0.000000000,0.863865516,0.851133787,AUTO_PASS,
desed:train:49385_1:clsdoa_v1_srcprep_v1,desed:train:49385,6,running_water,transient,DESED isolated foreground,Running_water,EXACT,49385,train,raw/desed/extracted/audio/train/soundbank/foreground/Running_water/49385_1.wav,14dbe93d8bc4f33f862edfc8637cd8143a1674851dee540ff4ca1b4b7873cb31,44100,1,7.371541950,http://creativecommons.org/licenses/by/3.0/,PER_RECORDING_METADATA,DESED_synth_soundbank.tar.gz; audio/train/soundbank/foreground/Running_water/49385_1.wav ; official train license TSV,unknown,clsdoa_v1,PRESENT,true,true,7.371541950,44100,1,0.425323486,-28.447749,-0.000096642,0.000000000,0.822723288,1.306802721,AUTO_PASS,
desed:train:50591_1:clsdoa_v1_srcprep_v1,desed:train:50591,6,running_water,transient,DESED isolated foreground,Running_water,EXACT,50591,train,raw/desed/extracted/audio/train/soundbank/foreground/Running_water/50591_1.wav,47a15c40ea7d71516dd19929aebf68c2be889a886b0e1ee6aa9e5e84c76c08d7,44100,1,7.902879819,http://creativecommons.org/publicdomain/zero/1.0/,PER_RECORDING_METADATA,DESED_synth_soundbank.tar.gz; audio/train/soundbank/foreground/Running_water/50591_1.wav ; official train license TSV,unknown,clsdoa_v1,PRESENT,true,true,7.902879819,44100,1,0.386962891,-28.591785,-0.000093515,0.000000000,0.802606473,1.559977324,AUTO_PASS,
desed:train:50630_1:clsdoa_v1_srcprep_v1,desed:train:50630,6,running_water,transient,DESED isolated foreground,Running_water,EXACT,50630,train,raw/desed/extracted/audio/train/soundbank/foreground/Running_water/50630_1.wav,8cbce67146eb986b9c98e0bd6b9aa79e1ca34a9170b6afb4968a20eef8d2ea18,44100,1,4.904512472,http://creativecommons.org/publicdomain/zero/1.0/,PER_RECORDING_METADATA,DESED_synth_soundbank.tar.gz; audio/train/soundbank/foreground/Running_water/50630_1.wav ; official train license TSV,unknown,clsdoa_v1,PRESENT,true,true,4.904512472,44100,1,0.864196777,-21.999357,-0.002355234,0.000000000,0.843579655,0.767165533,AUTO_PASS,
desed:train:52068_1:clsdoa_v1_srcprep_v1,desed:train:52068,6,running_water,transient,DESED isolated foreground,Running_water,EXACT,52068,train,raw/desed/extracted/audio/train/soundbank/foreground/Running_water/52068_1.wav,736a02f6315a597985ab5d9dc148f86b0b121234b623eb1e309a94380780ca11,44100,1,14.332267574,http://creativecommons.org/publicdomain/zero/1.0/,PER_RECORDING_METADATA,DESED_synth_soundbank.tar.gz; audio/train/soundbank/foreground/Running_water/52068_1.wav ; official train license TSV,unknown,clsdoa_v1,PRESENT,true,true,14.332267574,44100,1,0.953247070,-20.876960,0.000007628,0.000000000,0.865607789,1.926145125,AUTO_PASS,
desed:train:52152_1:clsdoa_v1_srcprep_v1,desed:train:52152,6,running_water,transient,DESED isolated foreground,Running_water,EXACT,52152,train,raw/desed/extracted/audio/train/soundbank/foreground/Running_water/52152_1.wav,65854b085494c3a5c4e5cdf59e65998bfbce44965ecb1da6fa451dce7beed273,44100,1,14.268775510,http://creativecommons.org/publicdomain/zero/1.0/,PER_RECORDING_METADATA,DESED_synth_soundbank.tar.gz; audio/train/soundbank/foreground/Running_water/52152_1.wav ; official train license TSV,unknown,clsdoa_v1,PRESENT,true,true,14.268775510,44100,1,0.288238525,-30.555626,0.000005958,0.000000000,0.692206473,4.391836735,AUTO_PASS,
desed:train:52158_1:clsdoa_v1_srcprep_v1,desed:train:52158,6,running_water,transient,DESED isolated foreground,Running_water,EXACT,52158,train,raw/desed/extracted/audio/train/soundbank/foreground/Running_water/52158_1.wav,dd133d05ee6081524f06425b25cd0e6f5dfab5b28a667657ed8def68abf4d318,44100,1,7.614263039,http://creativecommons.org/publicdomain/zero/1.0/,PER_RECORDING_METADATA,DESED_synth_soundbank.tar.gz; audio/train/soundbank/foreground/Running_water/52158_1.wav ; official train license TSV,unknown,clsdoa_v1,PRESENT,true,true,7.614263039,44100,1,0.248138428,-28.698261,0.000003084,0.000000000,0.512318748,3.713333333,AUTO_PASS,
desed:train:52159_1:clsdoa_v1_srcprep_v1,desed:train:52159,6,running_water,transient,DESED isolated foreground,Running_water,EXACT,52159,train,raw/desed/extracted/audio/train/soundbank/foreground/Running_water/52159_1.wav,d54d0911d661fc95e1fb6ea0977741fc349e7eda3c12adb8583c6074829d8e24,44100,1,1.258072562,http://creativecommons.org/publicdomain/zero/1.0/,PER_RECORDING_METADATA,DESED_synth_soundbank.tar.gz; audio/train/soundbank/foreground/Running_water/52159_1.wav ; official train license TSV,unknown,clsdoa_v1,PRESENT,true,true,1.258072562,44100,1,0.160919189,-37.601918,0.000014680,0.000000000,0.832050612,0.211292517,AUTO_PASS,
desed:train:52644_1:clsdoa_v1_srcprep_v1,desed:train:52644,6,running_water,transient,DESED isolated foreground,Running_water,EXACT,52644,train,raw/desed/extracted/audio/train/soundbank/foreground/Running_water/52644_1.wav,6d21c8295b3c51ccba07992f66db1de7a042a32164ef9792925d6add1382b0f7,44100,1,10.081065760,http://creativecommons.org/licenses/sampling+/1.0/,PER_RECORDING_METADATA,DESED_synth_soundbank.tar.gz; audio/train/soundbank/foreground/Running_water/52644_1.wav ; official train license TSV,unknown,clsdoa_v1,PRESENT,true,true,10.081065760,44100,1,0.500000000,-34.827570,0.000034185,0.000000000,0.978878704,0.212925170,AUTO_PASS,
desed:train:54276_1:clsdoa_v1_srcprep_v1,desed:train:54276,6,running_water,transient,DESED isolated foreground,Running_water,EXACT,54276,train,raw/desed/extracted/audio/train/soundbank/foreground/Running_water/54276_1.wav,6af857dab8a98068f0cccda92e63bccedc367ef4e230c0902ee57577fa2805fd,44100,1,6.317891156,http://creativecommons.org/publicdomain/zero/1.0/,PER_RECORDING_METADATA,DESED_synth_soundbank.tar.gz; audio/train/soundbank/foreground/Running_water/54276_1.wav ; official train license TSV,unknown,clsdoa_v1,PRESENT,true,true,6.317891156,44100,1,0.154968262,-37.265613,-0.000000066,0.000000000,0.783184205,1.369818594,AUTO_PASS,
desed:train:54276_2:clsdoa_v1_srcprep_v1,desed:train:54276,6,running_water,transient,DESED isolated foreground,Running_water,EXACT,54276,train,raw/desed/extracted/audio/train/soundbank/foreground/Running_water/54276_2.wav,f3a56351a635833456c5ebc5f8a71a61a7e97f1cab7af87a35cd74f2f35e64ac,44100,1,3.418253968,http://creativecommons.org/publicdomain/zero/1.0/,PER_RECORDING_METADATA,DESED_synth_soundbank.tar.gz; audio/train/soundbank/foreground/Running_water/54276_2.wav ; official train license TSV,unknown,clsdoa_v1,PRESENT,true,true,3.418253968,44100,1,0.171447754,-33.673080,0.000000142,0.000000000,0.636664566,1.241972789,AUTO_PASS,
desed:train:54992_1:clsdoa_v1_srcprep_v1,desed:train:54992,6,running_water,transient,DESED isolated foreground,Running_water,EXACT,54992,train,raw/desed/extracted/audio/train/soundbank/foreground/Running_water/54992_1.wav,2bcf76067d3819b4f0bcfdba59fff1b042612d2e2481becb680004405327524b,44100,1,24.004535147,http://creativecommons.org/licenses/sampling+/1.0/,PER_RECORDING_METADATA,DESED_synth_soundbank.tar.gz; audio/train/soundbank/foreground/Running_water/54992_1.wav ; official train license TSV,unknown,clsdoa_v1,PRESENT,true,true,24.004535147,44100,1,0.128234863,-42.809074,0.006444714,0.000000000,0.973941054,0.625532880,AUTO_PASS,
desed:train:54992_2:clsdoa_v1_srcprep_v1,desed:train:54992,6,running_water,transient,DESED isolated foreground,Running_water,EXACT,54992,train,raw/desed/extracted/audio/train/soundbank/foreground/Running_water/54992_2.wav,16a636dff7ac7103b20b2fb9dee5b7bcaf28100683c1ff0e0a54ab9c676cf0ff,44100,1,3.597868481,http://creativecommons.org/licenses/sampling+/1.0/,PER_RECORDING_METADATA,DESED_synth_soundbank.tar.gz; audio/train/soundbank/foreground/Running_water/54992_2.wav ; official train license TSV,unknown,clsdoa_v1,PRESENT,true,true,3.597868481,44100,1,0.162292480,-41.405955,0.006683950,0.000000000,0.970100715,0.107573696,AUTO_PASS,
desed:train:56269_1:clsdoa_v1_srcprep_v1,desed:train:56269,6,running_water,transient,DESED isolated foreground,Running_water,EXACT,56269,train,raw/desed/extracted/audio/train/soundbank/foreground/Running_water/56269_1.wav,181607cf51d017b8bfc4dfbd962ae2ac603947a75385ae8eebb0ed7add976e2e,44100,1,10.764625850,http://creativecommons.org/publicdomain/zero/1.0/,PER_RECORDING_METADATA,DESED_synth_soundbank.tar.gz; audio/train/soundbank/foreground/Running_water/56269_1.wav ; official train license TSV,unknown,clsdoa_v1,PRESENT,true,true,10.764625850,44100,1,0.021606445,-51.356292,-0.000009969,0.000000000,0.751051146,2.679841270,AUTO_PASS,
desed:train:59240_1:clsdoa_v1_srcprep_v1,desed:train:59240,6,running_water,transient,DESED isolated foreground,Running_water,EXACT,59240,train,raw/desed/extracted/audio/train/soundbank/foreground/Running_water/59240_1.wav,5f7a6ea75c3eed2368d01c64c9787f2d495d11f4027ddeed04d6e097f80dd440,44100,1,6.452244898,http://creativecommons.org/licenses/by/3.0/,PER_RECORDING_METADATA,DESED_synth_soundbank.tar.gz; audio/train/soundbank/foreground/Running_water/59240_1.wav ; official train license TSV,unknown,clsdoa_v1,PRESENT,true,true,6.452244898,44100,1,0.793121338,-23.222333,-0.000024925,0.000000000,0.801675664,1.279637188,AUTO_PASS,
desed:train:60829_1:clsdoa_v1_srcprep_v1,desed:train:60829,6,running_water,transient,DESED isolated foreground,Running_water,EXACT,60829,train,raw/desed/extracted/audio/train/soundbank/foreground/Running_water/60829_1.wav,5e600c2248a614e8c88a311c86da07716d88dd8a6e90d15dd1e412bf87c8c0b0,44100,1,11.716712018,http://creativecommons.org/licenses/sampling+/1.0/,PER_RECORDING_METADATA,DESED_synth_soundbank.tar.gz; audio/train/soundbank/foreground/Running_water/60829_1.wav ; official train license TSV,unknown,clsdoa_v1,PRESENT,true,true,11.716712018,44100,1,0.414184570,-22.185329,-0.000333799,0.000000000,0.489863695,5.977120181,AUTO_PASS,
desed:train:60830:clsdoa_v1_srcprep_v1,desed:train:60830,6,running_water,transient,DESED isolated foreground,Running_water,EXACT,60830,train,raw/desed/extracted/audio/train/soundbank/foreground/Running_water/60830.wav,faccb993863f2cc8173781084a10cc19e0d9b074bd31603476c0b793fbded46a,44100,1,9.684512472,http://creativecommons.org/licenses/sampling+/1.0/,PER_RECORDING_METADATA,DESED_synth_soundbank.tar.gz; audio/train/soundbank/foreground/Running_water/60830.wav ; official train license TSV,unknown,clsdoa_v1,PRESENT,true,true,9.684512472,44100,1,0.742034912,-21.405582,-0.001014712,0.000000000,0.642342193,3.463741497,AUTO_PASS,
desed:train:62034_0:clsdoa_v1_srcprep_v1,desed:train:62034,6,running_water,transient,DESED isolated foreground,Running_water,EXACT,62034,train,raw/desed/extracted/audio/train/soundbank/foreground/Running_water/62034_0.wav,41427d3bb5a86eca1895c68a5b176eb29e8b57fee96ec28e34d89186546bd96a,44100,1,82.232879819,http://creativecommons.org/licenses/by/3.0/,PER_RECORDING_METADATA,DESED_synth_soundbank.tar.gz; audio/train/soundbank/foreground/Running_water/62034_0.wav ; official train license TSV,unknown,clsdoa_v1,PRESENT,true,true,82.232879819,44100,1,0.876770020,-32.945771,-0.000010598,0.000000000,0.992777550,0.593922902,AUTO_FLAG,mostly_silence_or_low_activity
desed:train:62034_1:clsdoa_v1_srcprep_v1,desed:train:62034,6,running_water,transient,DESED isolated foreground,Running_water,EXACT,62034,train,raw/desed/extracted/audio/train/soundbank/foreground/Running_water/62034_1.wav,bceed2e9d3ffaa9c44a7052ce6d38b8579b0d729dc0dc9024d8b310fc90ce53c,44100,1,0.660748299,http://creativecommons.org/licenses/by/3.0/,PER_RECORDING_METADATA,DESED_synth_soundbank.tar.gz; audio/train/soundbank/foreground/Running_water/62034_1.wav ; official train license TSV,unknown,clsdoa_v1,PRESENT,true,true,0.660748299,44100,1,0.015502930,-50.203622,0.000028015,0.000000000,0.352242699,0.428004535,AUTO_PASS,
desed:train:68733_1:clsdoa_v1_srcprep_v1,desed:train:68733,6,running_water,transient,DESED isolated foreground,Running_water,EXACT,68733,train,raw/desed/extracted/audio/train/soundbank/foreground/Running_water/68733_1.wav,74d6bc4068091a1e13b18cdc4866f8e32376a0a5aabe68c69ac84b7306bbea97,44100,1,10.757165533,http://creativecommons.org/licenses/by/3.0/,PER_RECORDING_METADATA,DESED_synth_soundbank.tar.gz; audio/train/soundbank/foreground/Running_water/68733_1.wav ; official train license TSV,unknown,clsdoa_v1,PRESENT,true,true,10.757165533,44100,1,0.739105225,-28.565261,0.000169426,0.000000000,0.958175851,0.449909297,AUTO_PASS,
desed:train:69231_1:clsdoa_v1_srcprep_v1,desed:train:69231,6,running_water,transient,DESED isolated foreground,Running_water,EXACT,69231,train,raw/desed/extracted/audio/train/soundbank/foreground/Running_water/69231_1.wav,f0159e7d714dfe3fbdcea58f3ce7997c43b3c06b208252343aee26ca85a97646,44100,1,9.220657596,http://creativecommons.org/licenses/sampling+/1.0/,PER_RECORDING_METADATA,DESED_synth_soundbank.tar.gz; audio/train/soundbank/foreground/Running_water/69231_1.wav ; official train license TSV,unknown,clsdoa_v1,PRESENT,true,true,9.220657596,44100,1,0.414947510,-35.341147,0.000023191,0.000000000,0.969018594,0.285668934,AUTO_PASS,
desed:train:71044_1:clsdoa_v1_srcprep_v1,desed:train:71044,6,running_water,transient,DESED isolated foreground,Running_water,EXACT,71044,train,raw/desed/extracted/audio/train/soundbank/foreground/Running_water/71044_1.wav,e2c1c2104edfc4e8ae2f59f9eb8084941677fe33861e2e4060a81de380b2a35d,44100,1,54.971133787,http://creativecommons.org/licenses/by/3.0/,PER_RECORDING_METADATA,DESED_synth_soundbank.tar.gz; audio/train/soundbank/foreground/Running_water/71044_1.wav ; official train license TSV,unknown,clsdoa_v1,PRESENT,true,true,54.971133787,44100,1,0.997375488,-29.332872,-0.000022729,0.000000000,0.986782178,0.726598639,AUTO_FLAG,mostly_silence_or_low_activity
desed:train:71246_1:clsdoa_v1_srcprep_v1,desed:train:71246,6,running_water,transient,DESED isolated foreground,Running_water,EXACT,71246,train,raw/desed/extracted/audio/train/soundbank/foreground/Running_water/71246_1.wav,944f342c9dcc896566ceab5daf3f6833c4c9b28d79d6e8afd95d3c94d9ab9c01,44100,1,18.079478458,http://creativecommons.org/licenses/by/3.0/,PER_RECORDING_METADATA,DESED_synth_soundbank.tar.gz; audio/train/soundbank/foreground/Running_water/71246_1.wav ; official train license TSV,unknown,clsdoa_v1,PRESENT,true,true,18.079478458,44100,1,0.999969482,-20.295270,-0.000148110,0.000001254,0.736267802,4.768140590,AUTO_PASS,
desed:train:71587_1:clsdoa_v1_srcprep_v1,desed:train:71587,6,running_water,transient,DESED isolated foreground,Running_water,EXACT,71587,train,raw/desed/extracted/audio/train/soundbank/foreground/Running_water/71587_1.wav,14b74208bc85814bc35f49893ee75414ba9a08a3678799c240fa7f44328472a6,44100,1,9.017482993,http://creativecommons.org/licenses/sampling+/1.0/,PER_RECORDING_METADATA,DESED_synth_soundbank.tar.gz; audio/train/soundbank/foreground/Running_water/71587_1.wav ; official train license TSV,unknown,clsdoa_v1,PRESENT,true,true,9.017482993,44100,1,0.735321045,-28.984322,-0.000450320,0.000000000,0.963396878,0.330068027,AUTO_PASS,
desed:train:71731_1:clsdoa_v1_srcprep_v1,desed:train:71731,6,running_water,transient,DESED isolated foreground,Running_water,EXACT,71731,train,raw/desed/extracted/audio/train/soundbank/foreground/Running_water/71731_1.wav,a3260737922d1d2ee889c70197eff853c3136ba77f22fdfa29aa82bd846a9931,44100,1,21.403446712,http://creativecommons.org/licenses/by/3.0/,PER_RECORDING_METADATA,DESED_synth_soundbank.tar.gz; audio/train/soundbank/foreground/Running_water/71731_1.wav ; official train license TSV,unknown,clsdoa_v1,PRESENT,true,true,21.403446712,44100,1,0.748077393,-27.772943,-0.000021559,0.000000000,0.930449670,1.488616780,AUTO_PASS,
desed:train:72200_1:clsdoa_v1_srcprep_v1,desed:train:72200,6,running_water,transient,DESED isolated foreground,Running_water,EXACT,72200,train,raw/desed/extracted/audio/train/soundbank/foreground/Running_water/72200_1.wav,99712103f474efa2591240aa6b1ca69ddca88f7489b6da201f74fdc507f0e11b,44100,1,7.846439909,http://creativecommons.org/licenses/by/3.0/,PER_RECORDING_METADATA,DESED_synth_soundbank.tar.gz; audio/train/soundbank/foreground/Running_water/72200_1.wav ; official train license TSV,unknown,clsdoa_v1,PRESENT,true,true,7.846439909,44100,1,0.111785889,-43.710466,0.000002069,0.000000000,0.926329661,0.578049887,AUTO_PASS,
desed:train:72677_1:clsdoa_v1_srcprep_v1,desed:train:72677,6,running_water,transient,DESED isolated foreground,Running_water,EXACT,72677,train,raw/desed/extracted/audio/train/soundbank/foreground/Running_water/72677_1.wav,d0eae662936973bf2a759d126f8cff2893672472e96e324271ce3027d6aa2beb,44100,1,3.605691610,http://creativecommons.org/publicdomain/zero/1.0/,PER_RECORDING_METADATA,DESED_synth_soundbank.tar.gz; audio/train/soundbank/foreground/Running_water/72677_1.wav ; official train license TSV,unknown,clsdoa_v1,PRESENT,true,true,3.605691610,44100,1,0.333740234,-27.641469,-0.000482602,0.000000000,0.697769337,1.089750567,AUTO_PASS,
desed:train:72677_2:clsdoa_v1_srcprep_v1,desed:train:72677,6,running_water,transient,DESED isolated foreground,Running_water,EXACT,72677,train,raw/desed/extracted/audio/train/soundbank/foreground/Running_water/72677_2.wav,a5eb8291a69468f5bc1de6b4da2c92545ab87ddf99110fce9292c2e7f3bc09d0,44100,1,4.781428571,http://creativecommons.org/publicdomain/zero/1.0/,PER_RECORDING_METADATA,DESED_synth_soundbank.tar.gz; audio/train/soundbank/foreground/Running_water/72677_2.wav ; official train license TSV,unknown,clsdoa_v1,PRESENT,true,true,4.781428571,44100,1,0.949493408,-25.721256,-0.000518436,0.000000000,0.956070587,0.210045351,AUTO_PASS,
desed:train:74955_1:clsdoa_v1_srcprep_v1,desed:train:74955,6,running_water,transient,DESED isolated foreground,Running_water,EXACT,74955,train,raw/desed/extracted/audio/train/soundbank/foreground/Running_water/74955_1.wav,a8b93ffd559cd219312e9e170ef7d4cdaf0362d2354c32972daf284ae1989b7a,44100,1,6.690204082,http://creativecommons.org/licenses/sampling+/1.0/,PER_RECORDING_METADATA,DESED_synth_soundbank.tar.gz; audio/train/soundbank/foreground/Running_water/74955_1.wav ; official train license TSV,unknown,clsdoa_v1,PRESENT,true,true,6.690204082,44100,1,0.363922119,-32.396120,-0.000000971,0.000000000,0.871182695,0.861814059,AUTO_PASS,
desed:train:74955_2:clsdoa_v1_srcprep_v1,desed:train:74955,6,running_water,transient,DESED isolated foreground,Running_water,EXACT,74955,train,raw/desed/extracted/audio/train/soundbank/foreground/Running_water/74955_2.wav,59b92c7e68c41e3e003954e902d2d01a7c6da495b84af09d432ee9111844019d,44100,1,4.623333333,http://creativecommons.org/licenses/sampling+/1.0/,PER_RECORDING_METADATA,DESED_synth_soundbank.tar.gz; audio/train/soundbank/foreground/Running_water/74955_2.wav ; official train license TSV,unknown,clsdoa_v1,PRESENT,true,true,4.623333333,44100,1,0.516357422,-33.507538,0.000005118,0.000000000,0.977742791,0.102902494,AUTO_PASS,
desed:train:75333:clsdoa_v1_srcprep_v1,desed:train:75333,6,running_water,transient,DESED isolated foreground,Running_water,EXACT,75333,train,raw/desed/extracted/audio/train/soundbank/foreground/Running_water/75333.wav,93f4c3fdc3c7fe03be7a954d0627d67dddebbd8968d8813e0c7085c2fac743b2,44100,1,15.167324263,http://creativecommons.org/licenses/by/3.0/,PER_RECORDING_METADATA,DESED_synth_soundbank.tar.gz; audio/train/soundbank/foreground/Running_water/75333.wav ; official train license TSV,unknown,clsdoa_v1,PRESENT,true,true,15.167324263,44100,1,1.000000000,-24.121259,-0.000000759,0.000023921,0.928852603,1.079115646,AUTO_PASS,
desed:train:76934_1:clsdoa_v1_srcprep_v1,desed:train:76934,6,running_water,transient,DESED isolated foreground,Running_water,EXACT,76934,train,raw/desed/extracted/audio/train/soundbank/foreground/Running_water/76934_1.wav,cacf51586100734c5c0fa12801613bbe6d6df9ed30f60308b74f6462748162bb,44100,1,2.465873016,http://creativecommons.org/publicdomain/zero/1.0/,PER_RECORDING_METADATA,DESED_synth_soundbank.tar.gz; audio/train/soundbank/foreground/Running_water/76934_1.wav ; official train license TSV,unknown,clsdoa_v1,PRESENT,true,true,2.465873016,44100,1,0.103820801,-40.313381,-0.000000151,0.000000000,0.780872684,0.540340136,AUTO_PASS,
desed:train:95936_1:clsdoa_v1_srcprep_v1,desed:train:95936,6,running_water,transient,DESED isolated foreground,Running_water,EXACT,95936,train,raw/desed/extracted/audio/train/soundbank/foreground/Running_water/95936_1.wav,d1a3382e0e19dec7bcc1f9dd19da0e053d718e7f7f2b41c9771111a2346a12ed,44100,1,14.971292517,http://creativecommons.org/publicdomain/zero/1.0/,PER_RECORDING_METADATA,DESED_synth_soundbank.tar.gz; audio/train/soundbank/foreground/Running_water/95936_1.wav ; official train license TSV,unknown,clsdoa_v1,PRESENT,true,true,14.971292517,44100,1,1.000000000,-31.555636,-0.000117699,0.000004544,0.991690825,0.124399093,AUTO_FLAG,mostly_silence_or_low_activity
desed:train:96507_1:clsdoa_v1_srcprep_v1,desed:train:96507,6,running_water,transient,DESED isolated foreground,Running_water,EXACT,96507,train,raw/desed/extracted/audio/train/soundbank/foreground/Running_water/96507_1.wav,3207b67fa1d4097dd1221e017be308211657dfee2711f3afe160fff33febf422,44100,1,5.511950113,http://creativecommons.org/licenses/by-nc/3.0/,PER_RECORDING_METADATA,DESED_synth_soundbank.tar.gz; audio/train/soundbank/foreground/Running_water/96507_1.wav ; official train license TSV,unknown,clsdoa_v1,PRESENT,true,true,5.511950113,44100,1,0.285247803,-33.564924,-0.000063077,0.000000000,0.873546243,0.697006803,AUTO_PASS,
desed:train:96508_1:clsdoa_v1_srcprep_v1,desed:train:96508,6,running_water,transient,DESED isolated foreground,Running_water,EXACT,96508,train,raw/desed/extracted/audio/train/soundbank/foreground/Running_water/96508_1.wav,112ffefb8dbc3fd7023eab2d5c6bfe7ffae7df84365c02986f62d4dc3da8ae03,44100,1,8.213877551,http://creativecommons.org/licenses/by-nc/3.0/,PER_RECORDING_METADATA,DESED_synth_soundbank.tar.gz; audio/train/soundbank/foreground/Running_water/96508_1.wav ; official train license TSV,unknown,clsdoa_v1,PRESENT,true,true,8.213877551,44100,1,0.431427002,-33.828519,-0.000081618,0.000000000,0.972661167,0.224557823,AUTO_PASS,
desed:train:96704_1:clsdoa_v1_srcprep_v1,desed:train:96704,6,running_water,transient,DESED isolated foreground,Running_water,EXACT,96704,train,raw/desed/extracted/audio/train/soundbank/foreground/Running_water/96704_1.wav,f998a695dc606db22eb1cc09a1db285dca00f29d3ddb7118376c8ec28b77947b,44100,1,6.220793651,http://creativecommons.org/licenses/by/3.0/,PER_RECORDING_METADATA,DESED_synth_soundbank.tar.gz; audio/train/soundbank/foreground/Running_water/96704_1.wav ; official train license TSV,unknown,clsdoa_v1,PRESENT,true,true,6.220793651,44100,1,0.539154053,-28.580352,-0.000006287,0.000000000,0.892023314,0.671700680,AUTO_PASS,
desed:train:96730_1:clsdoa_v1_srcprep_v1,desed:train:96730,6,running_water,transient,DESED isolated foreground,Running_water,EXACT,96730,train,raw/desed/extracted/audio/train/soundbank/foreground/Running_water/96730_1.wav,175c363250e1b63dfabcab46d27f55cbedd7b88d8016ac796b1ee3e6bccf973f,44100,1,7.110385488,http://creativecommons.org/publicdomain/zero/1.0/,PER_RECORDING_METADATA,DESED_synth_soundbank.tar.gz; audio/train/soundbank/foreground/Running_water/96730_1.wav ; official train license TSV,unknown,clsdoa_v1,PRESENT,true,true,7.110385488,44100,1,0.332000732,-37.098599,-0.000600069,0.000000000,0.970542275,0.209455782,AUTO_PASS,
desed:train:98762_1:clsdoa_v1_srcprep_v1,desed:train:98762,6,running_water,transient,DESED isolated foreground,Running_water,EXACT,98762,train,raw/desed/extracted/audio/train/soundbank/foreground/Running_water/98762_1.wav,9a9338d3ec2bd9335b37248021cb0f1882bcbff25ed564b9f223c3b96acb242a,44100,1,5.517346939,http://creativecommons.org/licenses/by/3.0/,PER_RECORDING_METADATA,DESED_synth_soundbank.tar.gz; audio/train/soundbank/foreground/Running_water/98762_1.wav ; official train license TSV,unknown,clsdoa_v1,PRESENT,true,true,5.517346939,44100,1,0.771942139,-25.767388,-0.000878543,0.000000000,0.911702937,0.487165533,AUTO_PASS,
desed:train:98765_1:clsdoa_v1_srcprep_v1,desed:train:98765,6,running_water,transient,DESED isolated foreground,Running_water,EXACT,98765,train,raw/desed/extracted/audio/train/soundbank/foreground/Running_water/98765_1.wav,8a09b22e5d31fcd7548d7aaa31e702dc91259c37f5e8019f7915dda154889d99,44100,1,46.876666667,http://creativecommons.org/licenses/by/3.0/,PER_RECORDING_METADATA,DESED_synth_soundbank.tar.gz; audio/train/soundbank/foreground/Running_water/98765_1.wav ; official train license TSV,unknown,clsdoa_v1,PRESENT,true,true,46.876666667,44100,1,0.858917236,-32.521515,0.000006644,0.000000000,0.985154753,0.695895692,AUTO_FLAG,mostly_silence_or_low_activity
desed:train:98767_1:clsdoa_v1_srcprep_v1,desed:train:98767,6,running_water,transient,DESED isolated foreground,Running_water,EXACT,98767,train,raw/desed/extracted/audio/train/soundbank/foreground/Running_water/98767_1.wav,92ede918401f9f066b6a1617fe874de02cda9b2e9fb89f3a4c3ad8e834a51f4e,44100,1,7.575102041,http://creativecommons.org/licenses/by/3.0/,PER_RECORDING_METADATA,DESED_synth_soundbank.tar.gz; audio/train/soundbank/foreground/Running_water/98767_1.wav ; official train license TSV,unknown,clsdoa_v1,PRESENT,true,true,7.575102041,44100,1,0.754943848,-24.269711,0.000007554,0.000000000,0.840320060,1.209591837,AUTO_PASS,
desed:train:98768_1:clsdoa_v1_srcprep_v1,desed:train:98768,6,running_water,transient,DESED isolated foreground,Running_water,EXACT,98768,train,raw/desed/extracted/audio/train/soundbank/foreground/Running_water/98768_1.wav,a6eafc0917ee67fbb3d1ec3a0903da6f8b70f737114efd1151c9e6eb6aa92908,44100,1,11.761224490,http://creativecommons.org/licenses/by/3.0/,PER_RECORDING_METADATA,DESED_synth_soundbank.tar.gz; audio/train/soundbank/foreground/Running_water/98768_1.wav ; official train license TSV,unknown,clsdoa_v1,PRESENT,true,true,11.761224490,44100,1,0.850646973,-26.185218,0.000007915,0.000000000,0.911645169,1.039160998,AUTO_PASS,
desed:train:98770_1:clsdoa_v1_srcprep_v1,desed:train:98770,6,running_water,transient,DESED isolated foreground,Running_water,EXACT,98770,train,raw/desed/extracted/audio/train/soundbank/foreground/Running_water/98770_1.wav,6e259a7fc28f337809268f63bee265aa9815d498152ecce58ef457a4e3e76106,44100,1,4.244308390,http://creativecommons.org/licenses/by/3.0/,PER_RECORDING_METADATA,DESED_synth_soundbank.tar.gz; audio/train/soundbank/foreground/Running_water/98770_1.wav ; official train license TSV,unknown,clsdoa_v1,PRESENT,true,true,4.244308390,44100,1,0.923004150,-26.355916,-0.001638834,0.000000000,0.948673427,0.217845805,AUTO_PASS,
desed:train:98772:clsdoa_v1_srcprep_v1,desed:train:98772,6,running_water,transient,DESED isolated foreground,Running_water,EXACT,98772,train,raw/desed/extracted/audio/train/soundbank/foreground/Running_water/98772.wav,43a12220a8b6c5f5e2958976943bb1e96ab84ed23852a8d25ea8b473662bdd36,44100,1,67.339138322,http://creativecommons.org/licenses/by/3.0/,PER_RECORDING_METADATA,DESED_synth_soundbank.tar.gz; audio/train/soundbank/foreground/Running_water/98772.wav ; official train license TSV,unknown,clsdoa_v1,PRESENT,true,true,67.339138322,44100,1,0.692840576,-37.362834,-0.003781913,0.000000000,0.994407096,0.376621315,AUTO_FLAG,mostly_silence_or_low_activity
desed:train:98777_1:clsdoa_v1_srcprep_v1,desed:train:98777,6,running_water,transient,DESED isolated foreground,Running_water,EXACT,98777,train,raw/desed/extracted/audio/train/soundbank/foreground/Running_water/98777_1.wav,43f49cef09b89a041c9cc9b2950bf62440eb52a1bcc216c4267e468fd23ce1ad,44100,1,2.833174603,http://creativecommons.org/licenses/by/3.0/,PER_RECORDING_METADATA,DESED_synth_soundbank.tar.gz; audio/train/soundbank/foreground/Running_water/98777_1.wav ; official train license TSV,unknown,clsdoa_v1,PRESENT,true,true,2.833174603,44100,1,0.936889648,-23.251208,0.000006604,0.000000000,0.922940861,0.218321995,AUTO_PASS,
desed:train:98778_1:clsdoa_v1_srcprep_v1,desed:train:98778,6,running_water,transient,DESED isolated foreground,Running_water,EXACT,98778,train,raw/desed/extracted/audio/train/soundbank/foreground/Running_water/98778_1.wav,0e4eee24e597a214d594a1f7de1aa5d5f22d4686e5a363e6bc38d6c98f5df0d5,44100,1,5.130272109,http://creativecommons.org/licenses/by/3.0/,PER_RECORDING_METADATA,DESED_synth_soundbank.tar.gz; audio/train/soundbank/foreground/Running_water/98778_1.wav ; official train license TSV,unknown,clsdoa_v1,PRESENT,true,true,5.130272109,44100,1,0.887054443,-21.725822,-0.000629213,0.000000000,0.856650976,0.735419501,AUTO_PASS,
desed:train:98778_2:clsdoa_v1_srcprep_v1,desed:train:98778,6,running_water,transient,DESED isolated foreground,Running_water,EXACT,98778,train,raw/desed/extracted/audio/train/soundbank/foreground/Running_water/98778_2.wav,bce3d5152eb6cce96af2f7f3f0b64fe24bceb12686fafaafbb6a7f9c51bf2492,44100,1,0.556553288,http://creativecommons.org/licenses/by/3.0/,PER_RECORDING_METADATA,DESED_synth_soundbank.tar.gz; audio/train/soundbank/foreground/Running_water/98778_2.wav ; official train license TSV,unknown,clsdoa_v1,PRESENT,true,true,0.556553288,44100,1,0.033264160,-47.253911,-0.000611396,0.000000000,0.648264342,0.195759637,AUTO_PASS,
desed:train:98780_1:clsdoa_v1_srcprep_v1,desed:train:98780,6,running_water,transient,DESED isolated foreground,Running_water,EXACT,98780,train,raw/desed/extracted/audio/train/soundbank/foreground/Running_water/98780_1.wav,36c0a6d136a274f7407ce902c343a2242c0d5cb54697f3cd51f36de975d670c2,44100,1,7.377641723,http://creativecommons.org/licenses/by/3.0/,PER_RECORDING_METADATA,DESED_synth_soundbank.tar.gz; audio/train/soundbank/foreground/Running_water/98780_1.wav ; official train license TSV,unknown,clsdoa_v1,PRESENT,true,true,7.377641723,44100,1,0.827850342,-23.853862,-0.002181794,0.000000000,0.897696048,0.754761905,AUTO_PASS,
desed:train:98781_1:clsdoa_v1_srcprep_v1,desed:train:98781,6,running_water,transient,DESED isolated foreground,Running_water,EXACT,98781,train,raw/desed/extracted/audio/train/soundbank/foreground/Running_water/98781_1.wav,c0108c91db7310fcdc275e017244078d3054b70e8c362d26233b68c550b39f97,44100,1,25.738956916,http://creativecommons.org/licenses/by/3.0/,PER_RECORDING_METADATA,DESED_synth_soundbank.tar.gz; audio/train/soundbank/foreground/Running_water/98781_1.wav ; official train license TSV,unknown,clsdoa_v1,PRESENT,true,true,25.738956916,44100,1,0.937866211,-29.525235,-0.001980147,0.000000000,0.977318939,0.583786848,AUTO_PASS,
desed:train:98783_1:clsdoa_v1_srcprep_v1,desed:train:98783,6,running_water,transient,DESED isolated foreground,Running_water,EXACT,98783,train,raw/desed/extracted/audio/train/soundbank/foreground/Running_water/98783_1.wav,2aeb756d45cd9b50fdfb199fd3358e930fd42fe47e8810b3e65ea706b290e30a,44100,1,4.551791383,http://creativecommons.org/licenses/by/3.0/,PER_RECORDING_METADATA,DESED_synth_soundbank.tar.gz; audio/train/soundbank/foreground/Running_water/98783_1.wav ; official train license TSV,unknown,clsdoa_v1,PRESENT,true,true,4.551791383,44100,1,0.663604736,-19.760253,-0.000409092,0.000000000,0.624622635,1.708639456,AUTO_PASS,
desed:train:98786_0:clsdoa_v1_srcprep_v1,desed:train:98786,6,running_water,transient,DESED isolated foreground,Running_water,EXACT,98786,train,raw/desed/extracted/audio/train/soundbank/foreground/Running_water/98786_0.wav,1304e9a0d1f9111b00eeb7d59961b6cd541565327e27a2624ec4c6622f67e18d,44100,1,6.232766440,http://creativecommons.org/licenses/by/3.0/,PER_RECORDING_METADATA,DESED_synth_soundbank.tar.gz; audio/train/soundbank/foreground/Running_water/98786_0.wav ; official train license TSV,unknown,clsdoa_v1,PRESENT,true,true,6.232766440,44100,1,0.977752686,-24.041570,-0.001400061,0.000000000,0.916049697,0.523242630,AUTO_PASS,
desed:train:98786_1:clsdoa_v1_srcprep_v1,desed:train:98786,6,running_water,transient,DESED isolated foreground,Running_water,EXACT,98786,train,raw/desed/extracted/audio/train/soundbank/foreground/Running_water/98786_1.wav,9e81398ae986e3bc5104efc89f70c8d259edb699321d10b544fd3044cbe5c873,44100,1,0.119297052,http://creativecommons.org/licenses/by/3.0/,PER_RECORDING_METADATA,DESED_synth_soundbank.tar.gz; audio/train/soundbank/foreground/Running_water/98786_1.wav ; official train license TSV,unknown,clsdoa_v1,PRESENT,true,true,0.119297052,44100,1,0.023437500,-46.399219,-0.001428920,0.000000000,0.505797377,0.058956916,AUTO_FLAG,mostly_silence_or_low_activity
desed:train:98790_1:clsdoa_v1_srcprep_v1,desed:train:98790,6,running_water,transient,DESED isolated foreground,Running_water,EXACT,98790,train,raw/desed/extracted/audio/train/soundbank/foreground/Running_water/98790_1.wav,e8032fb1f2ced104275134cc125fee53dc8db0575a966dd9c3422e1e3c7d20ab,44100,1,5.321746032,http://creativecommons.org/licenses/by/3.0/,PER_RECORDING_METADATA,DESED_synth_soundbank.tar.gz; audio/train/soundbank/foreground/Running_water/98790_1.wav ; official train license TSV,unknown,clsdoa_v1,PRESENT,true,true,5.321746032,44100,1,0.794067383,-23.433008,-0.000055569,0.000000000,0.855020900,0.771541950,AUTO_PASS,
desed:train:98792_1:clsdoa_v1_srcprep_v1,desed:train:98792,6,running_water,transient,DESED isolated foreground,Running_water,EXACT,98792,train,raw/desed/extracted/audio/train/soundbank/foreground/Running_water/98792_1.wav,6c2f0ec60bcfda378572058f3582b7b294c62dc93126de6842be2f25d32e2d85,44100,1,4.115782313,http://creativecommons.org/licenses/by/3.0/,PER_RECORDING_METADATA,DESED_synth_soundbank.tar.gz; audio/train/soundbank/foreground/Running_water/98792_1.wav ; official train license TSV,unknown,clsdoa_v1,PRESENT,true,true,4.115782313,44100,1,0.881561279,-22.074620,-0.002447171,0.000000000,0.864803367,0.556439909,AUTO_PASS,
desed:train:99438_1:clsdoa_v1_srcprep_v1,desed:train:99438,6,running_water,transient,DESED isolated foreground,Running_water,EXACT,99438,train,raw/desed/extracted/audio/train/soundbank/foreground/Running_water/99438_1.wav,be4dfd566f8449cfae3a837ea29963736733f0ed6fdf7c5d441c142f4b389eba,44100,1,3.415147392,http://creativecommons.org/licenses/by-nc/3.0/,PER_RECORDING_METADATA,DESED_synth_soundbank.tar.gz; audio/train/soundbank/foreground/Running_water/99438_1.wav ; official train license TSV,unknown,clsdoa_v1,PRESENT,true,true,3.415147392,44100,1,0.968261719,-26.703557,-0.000000431,0.000000000,0.977059652,0.078344671,AUTO_FLAG,mostly_silence_or_low_activity
desed:train:104736:clsdoa_v1_srcprep_v1,desed:train:104736,5,speech,transient,DESED isolated foreground,Speech,EXACT,104736,train,raw/desed/extracted/audio/train/soundbank/foreground/Speech/104736.wav,3618070101daee1cb1b3f0d5c09f559966785f7dce37c34a8771eacb3b0aee7d,44100,1,4.966802721,http://creativecommons.org/licenses/by/3.0/,PER_RECORDING_METADATA,DESED_synth_soundbank.tar.gz; audio/train/soundbank/foreground/Speech/104736.wav ; official train license TSV,unknown,clsdoa_v1,PRESENT,true,true,4.966802721,44100,1,0.519165039,-19.928949,-0.000190994,0.000000000,0.507450830,2.446394558,AUTO_PASS,
desed:train:106436_0:clsdoa_v1_srcprep_v1,desed:train:106436,5,speech,transient,DESED isolated foreground,Speech,EXACT,106436,train,raw/desed/extracted/audio/train/soundbank/foreground/Speech/106436_0.wav,2dd5825ab9fb1ab886f3d68c1b8b68144ca3e0ee46221c184d8fcc2e491f4eff,44100,1,1.136417234,http://creativecommons.org/licenses/by/3.0/,PER_RECORDING_METADATA,DESED_synth_soundbank.tar.gz; audio/train/soundbank/foreground/Speech/106436_0.wav ; official train license TSV,unknown,clsdoa_v1,PRESENT,true,true,1.136417234,44100,1,0.231964111,-30.426873,-0.000002649,0.000000000,0.655638918,0.391337868,AUTO_PASS,
desed:train:106436_1:clsdoa_v1_srcprep_v1,desed:train:106436,5,speech,transient,DESED isolated foreground,Speech,EXACT,106436,train,raw/desed/extracted/audio/train/soundbank/foreground/Speech/106436_1.wav,42747b702e55ad4c4d1a2256680a22f2c17a22e75291e22bd5252f6df2e72430,44100,1,0.489070295,http://creativecommons.org/licenses/by/3.0/,PER_RECORDING_METADATA,DESED_synth_soundbank.tar.gz; audio/train/soundbank/foreground/Speech/106436_1.wav ; official train license TSV,unknown,clsdoa_v1,PRESENT,true,true,0.489070295,44100,1,0.083984375,-33.818613,0.000000242,0.000000000,0.452244065,0.267891156,AUTO_PASS,
desed:train:106436_2:clsdoa_v1_srcprep_v1,desed:train:106436,5,speech,transient,DESED isolated foreground,Speech,EXACT,106436,train,raw/desed/extracted/audio/train/soundbank/foreground/Speech/106436_2.wav,1809e68158373bd9c3a4500ca14cd378e90398bbcdea69ef508abd205fbf286f,44100,1,0.598412698,http://creativecommons.org/licenses/by/3.0/,PER_RECORDING_METADATA,DESED_synth_soundbank.tar.gz; audio/train/soundbank/foreground/Speech/106436_2.wav ; official train license TSV,unknown,clsdoa_v1,PRESENT,true,true,0.598412698,44100,1,0.070434570,-34.027330,-0.000000700,0.000000000,0.379575597,0.371269841,AUTO_PASS,
desed:train:106438:clsdoa_v1_srcprep_v1,desed:train:106438,5,speech,transient,DESED isolated foreground,Speech,EXACT,106438,train,raw/desed/extracted/audio/train/soundbank/foreground/Speech/106438.wav,890cba224f43bf6a8bef542f1dd39a848c6c2e1aee3f1ba736c27076c19a4f86,44100,1,0.980521542,http://creativecommons.org/licenses/by/3.0/,PER_RECORDING_METADATA,DESED_synth_soundbank.tar.gz; audio/train/soundbank/foreground/Speech/106438.wav ; official train license TSV,unknown,clsdoa_v1,PRESENT,true,true,0.980521542,44100,1,0.337890625,-26.822767,0.000000479,0.000000000,0.649984968,0.343197279,AUTO_PASS,
desed:train:106441_0:clsdoa_v1_srcprep_v1,desed:train:106441,5,speech,transient,DESED isolated foreground,Speech,EXACT,106441,train,raw/desed/extracted/audio/train/soundbank/foreground/Speech/106441_0.wav,209b2b52969b3d7d1a163ef97f2b316c331124b6d20a132039a8fd12a278ae0b,44100,1,0.921156463,http://creativecommons.org/licenses/by/3.0/,PER_RECORDING_METADATA,DESED_synth_soundbank.tar.gz; audio/train/soundbank/foreground/Speech/106441_0.wav ; official train license TSV,unknown,clsdoa_v1,PRESENT,true,true,0.921156463,44100,1,0.216705322,-26.902111,0.000000153,0.000000000,0.499446127,0.461088435,AUTO_PASS,
desed:train:106441_1:clsdoa_v1_srcprep_v1,desed:train:106441,5,speech,transient,DESED isolated foreground,Speech,EXACT,106441,train,raw/desed/extracted/audio/train/soundbank/foreground/Speech/106441_1.wav,682f883f9f9d0dadec4a1f26e4f2d12d989a7044cd48d103cf9977eb992ce84f,44100,1,0.706780045,http://creativecommons.org/licenses/by/3.0/,PER_RECORDING_METADATA,DESED_synth_soundbank.tar.gz; audio/train/soundbank/foreground/Speech/106441_1.wav ; official train license TSV,unknown,clsdoa_v1,PRESENT,true,true,0.706780045,44100,1,0.254547119,-28.218000,0.000000197,0.000000000,0.537681671,0.326757370,AUTO_PASS,
desed:train:106454_0:clsdoa_v1_srcprep_v1,desed:train:106454,5,speech,transient,DESED isolated foreground,Speech,EXACT,106454,train,raw/desed/extracted/audio/train/soundbank/foreground/Speech/106454_0.wav,076368b95967ab0a387bf12b7e18924076311ec1e308a3740d401e873b95660d,44100,1,1.841405896,http://creativecommons.org/licenses/by/3.0/,PER_RECORDING_METADATA,DESED_synth_soundbank.tar.gz; audio/train/soundbank/foreground/Speech/106454_0.wav ; official train license TSV,unknown,clsdoa_v1,PRESENT,true,true,1.841405896,44100,1,0.262145996,-24.582201,-0.000000304,0.000000000,0.351932123,1.193356009,AUTO_PASS,
desed:train:106454_1:clsdoa_v1_srcprep_v1,desed:train:106454,5,speech,transient,DESED isolated foreground,Speech,EXACT,106454,train,raw/desed/extracted/audio/train/soundbank/foreground/Speech/106454_1.wav,2b8b49b08103d2305113b43a736fc834d06985036560cfa8978f0b6b72f8ebef,44100,1,0.729569161,http://creativecommons.org/licenses/by/3.0/,PER_RECORDING_METADATA,DESED_synth_soundbank.tar.gz; audio/train/soundbank/foreground/Speech/106454_1.wav ; official train license TSV,unknown,clsdoa_v1,PRESENT,true,true,0.729569161,44100,1,0.123962402,-29.134010,-0.000000082,0.000000000,0.397650277,0.439455782,AUTO_PASS,
desed:train:106454_2:clsdoa_v1_srcprep_v1,desed:train:106454,5,speech,transient,DESED isolated foreground,Speech,EXACT,106454,train,raw/desed/extracted/audio/train/soundbank/foreground/Speech/106454_2.wav,c3f22ab6d0eadf2551353701eca08d8d82ce6c35228f4a5cf2151e5f43429580,44100,1,0.560136054,http://creativecommons.org/licenses/by/3.0/,PER_RECORDING_METADATA,DESED_synth_soundbank.tar.gz; audio/train/soundbank/foreground/Speech/106454_2.wav ; official train license TSV,unknown,clsdoa_v1,PRESENT,true,true,0.560136054,44100,1,0.272277832,-29.273796,-0.000000051,0.000000000,0.638450328,0.202517007,AUTO_PASS,
desed:train:106468_0:clsdoa_v1_srcprep_v1,desed:train:106468,5,speech,transient,DESED isolated foreground,Speech,EXACT,106468,train,raw/desed/extracted/audio/train/soundbank/foreground/Speech/106468_0.wav,c9b6aa1d0e5e703c55f60116a70badb4c278a14708721f3d52581155a7cb90b4,44100,1,1.147346939,http://creativecommons.org/licenses/by/3.0/,PER_RECORDING_METADATA,DESED_synth_soundbank.tar.gz; audio/train/soundbank/foreground/Speech/106468_0.wav ; official train license TSV,unknown,clsdoa_v1,PRESENT,true,true,1.147346939,44100,1,0.149810791,-26.795797,0.000000245,0.000000000,0.258903514,0.850294785,AUTO_PASS,
desed:train:106468_1:clsdoa_v1_srcprep_v1,desed:train:106468,5,speech,transient,DESED isolated foreground,Speech,EXACT,106468,train,raw/desed/extracted/audio/train/soundbank/foreground/Speech/106468_1.wav,369a432fd8af341e3c56fa62179defcdee7594765a61dbd43f9d5c67cf942fd4,44100,1,2.392721088,http://creativecommons.org/licenses/by/3.0/,PER_RECORDING_METADATA,DESED_synth_soundbank.tar.gz; audio/train/soundbank/foreground/Speech/106468_1.wav ; official train license TSV,unknown,clsdoa_v1,PRESENT,true,true,2.392721088,44100,1,0.292724609,-25.403539,-0.000000713,0.000000000,0.550043120,1.076621315,AUTO_PASS,
desed:train:106468_2:clsdoa_v1_srcprep_v1,desed:train:106468,5,speech,transient,DESED isolated foreground,Speech,EXACT,106468,train,raw/desed/extracted/audio/train/soundbank/foreground/Speech/106468_2.wav,b0383094f031da8e1e379da5fbf00d0038e4cc31a67c0bea5000cfc19c10895e,44100,1,2.518956916,http://creativecommons.org/licenses/by/3.0/,PER_RECORDING_METADATA,DESED_synth_soundbank.tar.gz; audio/train/soundbank/foreground/Speech/106468_2.wav ; official train license TSV,unknown,clsdoa_v1,PRESENT,true,true,2.518956916,44100,1,0.459899902,-26.861616,0.000000149,0.000000000,0.728318600,0.684353741,AUTO_PASS,
desed:train:106468_3:clsdoa_v1_srcprep_v1,desed:train:106468,5,speech,transient,DESED isolated foreground,Speech,EXACT,106468,train,raw/desed/extracted/audio/train/soundbank/foreground/Speech/106468_3.wav,198040b18b35b0eb60f9c66c24356fc820a2eaaef28902e59b67ee4cfa4a33e1,44100,1,0.814943311,http://creativecommons.org/licenses/by/3.0/,PER_RECORDING_METADATA,DESED_synth_soundbank.tar.gz; audio/train/soundbank/foreground/Speech/106468_3.wav ; official train license TSV,unknown,clsdoa_v1,PRESENT,true,true,0.814943311,44100,1,0.286346436,-28.704578,0.000000714,0.000000000,0.566376360,0.353378685,AUTO_PASS,
desed:train:107542:clsdoa_v1_srcprep_v1,desed:train:107542,5,speech,transient,DESED isolated foreground,Speech,EXACT,107542,train,raw/desed/extracted/audio/train/soundbank/foreground/Speech/107542.wav,0b73ef2fd5c53a86dd70da2ea82bf53e65595891ede2a200abb103030c57ecf4,44100,1,1.901950113,http://creativecommons.org/licenses/by/3.0/,PER_RECORDING_METADATA,DESED_synth_soundbank.tar.gz; audio/train/soundbank/foreground/Speech/107542.wav ; official train license TSV,unknown,clsdoa_v1,PRESENT,true,true,1.901950113,44100,1,0.606353760,-20.581350,0.000000847,0.000000000,0.559933712,0.836984127,AUTO_PASS,
desed:train:107808_0:clsdoa_v1_srcprep_v1,desed:train:107808,5,speech,transient,DESED isolated foreground,Speech,EXACT,107808,train,raw/desed/extracted/audio/train/soundbank/foreground/Speech/107808_0.wav,b473f22ed0ae3ff90e61d185a1718fee25641a656a4694388a397811630bc3ec,44100,1,1.797981859,http://creativecommons.org/licenses/by/3.0/,PER_RECORDING_METADATA,DESED_synth_soundbank.tar.gz; audio/train/soundbank/foreground/Speech/107808_0.wav ; official train license TSV,unknown,clsdoa_v1,PRESENT,true,true,1.797981859,44100,1,0.933898926,-18.113646,-0.000004649,0.000000000,0.656833689,0.617006803,AUTO_PASS,
desed:train:107808_1:clsdoa_v1_srcprep_v1,desed:train:107808,5,speech,transient,DESED isolated foreground,Speech,EXACT,107808,train,raw/desed/extracted/audio/train/soundbank/foreground/Speech/107808_1.wav,b62d8943690cdbd60022ad68e1f350b5f65fb0a330de5e8126d18a3b69f203ff,44100,1,1.476326531,http://creativecommons.org/licenses/by/3.0/,PER_RECORDING_METADATA,DESED_synth_soundbank.tar.gz; audio/train/soundbank/foreground/Speech/107808_1.wav ; official train license TSV,unknown,clsdoa_v1,PRESENT,true,true,1.476326531,44100,1,0.953247070,-17.720605,-0.000006552,0.000000000,0.586935152,0.609818594,AUTO_PASS,
desed:train:108875:clsdoa_v1_srcprep_v1,desed:train:108875,5,speech,transient,DESED isolated foreground,Speech,EXACT,108875,train,raw/desed/extracted/audio/train/soundbank/foreground/Speech/108875.wav,342f0bfab2be9f9aeafe0cfdbc8d86c920459ddfdfe3379e90dd21407dac1b17,44100,1,1.430408163,http://creativecommons.org/licenses/by/3.0/,PER_RECORDING_METADATA,DESED_synth_soundbank.tar.gz; audio/train/soundbank/foreground/Speech/108875.wav ; official train license TSV,unknown,clsdoa_v1,PRESENT,true,true,1.430408163,44100,1,0.854248047,-17.403204,-0.000027112,0.000000000,0.527496394,0.675873016,AUTO_PASS,
desed:train:108885_0:clsdoa_v1_srcprep_v1,desed:train:108885,5,speech,transient,DESED isolated foreground,Speech,EXACT,108885,train,raw/desed/extracted/audio/train/soundbank/foreground/Speech/108885_0.wav,40b85273ea3904720d4c9cebdca18e6a3f194d2976866c0ad68f61b8909c4738,44100,1,1.066281179,http://creativecommons.org/licenses/by/3.0/,PER_RECORDING_METADATA,DESED_synth_soundbank.tar.gz; audio/train/soundbank/foreground/Speech/108885_0.wav ; official train license TSV,unknown,clsdoa_v1,PRESENT,true,true,1.066281179,44100,1,0.591094971,-18.569578,-0.000031284,0.000000000,0.526231844,0.505170068,AUTO_PASS,
desed:train:108885_1:clsdoa_v1_srcprep_v1,desed:train:108885,5,speech,transient,DESED isolated foreground,Speech,EXACT,108885,train,raw/desed/extracted/audio/train/soundbank/foreground/Speech/108885_1.wav,06907bd2db29a3771a7ec0655254d1a6239fc5f43630b44ae3b4c2089802ba0a,44100,1,0.343809524,http://creativecommons.org/licenses/by/3.0/,PER_RECORDING_METADATA,DESED_synth_soundbank.tar.gz; audio/train/soundbank/foreground/Speech/108885_1.wav ; official train license TSV,unknown,clsdoa_v1,PRESENT,true,true,0.343809524,44100,1,0.695739746,-15.580151,0.000006294,0.000000000,0.499868091,0.171950113,AUTO_PASS,
desed:train:109859_0:clsdoa_v1_srcprep_v1,desed:train:109859,5,speech,transient,DESED isolated foreground,Speech,EXACT,109859,train,raw/desed/extracted/audio/train/soundbank/foreground/Speech/109859_0.wav,fefd991f72bab803d308b98bdac0333e06ab1ad7fef468d8980e09e14075d68c,44100,1,0.792970522,http://creativecommons.org/licenses/by/3.0/,PER_RECORDING_METADATA,DESED_synth_soundbank.tar.gz; audio/train/soundbank/foreground/Speech/109859_0.wav ; official train license TSV,unknown,clsdoa_v1,PRESENT,true,true,0.792970522,44100,1,0.486694336,-16.868661,-0.000074395,0.000000000,0.437946812,0.445691610,AUTO_PASS,
desed:train:109859_1:clsdoa_v1_srcprep_v1,desed:train:109859,5,speech,transient,DESED isolated foreground,Speech,EXACT,109859,train,raw/desed/extracted/audio/train/soundbank/foreground/Speech/109859_1.wav,29890c4f7983e48c4c51d85d43bc2d665fb30cd3d6c01f7b84372d0c075b5a70,44100,1,2.432517007,http://creativecommons.org/licenses/by/3.0/,PER_RECORDING_METADATA,DESED_synth_soundbank.tar.gz; audio/train/soundbank/foreground/Speech/109859_1.wav ; official train license TSV,unknown,clsdoa_v1,PRESENT,true,true,2.432517007,44100,1,0.644348145,-13.604505,0.000097471,0.000000000,0.313785260,1.669229025,AUTO_PASS,
desed:train:109911_0:clsdoa_v1_srcprep_v1,desed:train:109911,5,speech,transient,DESED isolated foreground,Speech,EXACT,109911,train,raw/desed/extracted/audio/train/soundbank/foreground/Speech/109911_0.wav,2aff10f7bdeee95afd27c719018ee72c384beb14843e2c972d90d6abff2abf51,44100,1,0.477596372,http://creativecommons.org/licenses/by/3.0/,PER_RECORDING_METADATA,DESED_synth_soundbank.tar.gz; audio/train/soundbank/foreground/Speech/109911_0.wav ; official train license TSV,unknown,clsdoa_v1,PRESENT,true,true,0.477596372,44100,1,0.477813721,-20.310038,-0.000075768,0.000000000,0.678330643,0.153628118,AUTO_PASS,
desed:train:109911_1:clsdoa_v1_srcprep_v1,desed:train:109911,5,speech,transient,DESED isolated foreground,Speech,EXACT,109911,train,raw/desed/extracted/audio/train/soundbank/foreground/Speech/109911_1.wav,48fd105ca815a9e4a0bfa57c5133b8f8c5033cddb5b7aa7949691f6ec7ec2a06,44100,1,0.344648526,http://creativecommons.org/licenses/by/3.0/,PER_RECORDING_METADATA,DESED_synth_soundbank.tar.gz; audio/train/soundbank/foreground/Speech/109911_1.wav ; official train license TSV,unknown,clsdoa_v1,PRESENT,true,true,0.344648526,44100,1,0.561248779,-18.944621,-0.000014754,0.000000000,0.584051582,0.143356009,AUTO_PASS,
desed:train:124810_0:clsdoa_v1_srcprep_v1,desed:train:124810,5,speech,transient,DESED isolated foreground,Speech,EXACT,124810,train,raw/desed/extracted/audio/train/soundbank/foreground/Speech/124810_0.wav,109aa4ef33f6617d06792766a6650d0f29fbcf13237586b0ce4202aa8b11e242,44100,1,1.155578231,http://creativecommons.org/licenses/by/3.0/,PER_RECORDING_METADATA,DESED_synth_soundbank.tar.gz; audio/train/soundbank/foreground/Speech/124810_0.wav ; official train license TSV,unknown,clsdoa_v1,PRESENT,true,true,1.155578231,44100,1,0.228851318,-33.930885,-0.000013416,0.000000000,0.861050607,0.160566893,AUTO_PASS,
desed:train:124810_1:clsdoa_v1_srcprep_v1,desed:train:124810,5,speech,transient,DESED isolated foreground,Speech,EXACT,124810,train,raw/desed/extracted/audio/train/soundbank/foreground/Speech/124810_1.wav,d08dfe10356016c9431e804ebc61add9c34e74264f726f6d22f46ad2e51502bd,44100,1,1.240680272,http://creativecommons.org/licenses/by/3.0/,PER_RECORDING_METADATA,DESED_synth_soundbank.tar.gz; audio/train/soundbank/foreground/Speech/124810_1.wav ; official train license TSV,unknown,clsdoa_v1,PRESENT,true,true,1.240680272,44100,1,0.266387939,-29.140790,-0.000014557,0.000000000,0.722191761,0.344671202,AUTO_PASS,
desed:train:124810_2:clsdoa_v1_srcprep_v1,desed:train:124810,5,speech,transient,DESED isolated foreground,Speech,EXACT,124810,train,raw/desed/extracted/audio/train/soundbank/foreground/Speech/124810_2.wav,524480b9cbe7f36109dc1e83faeb21c097057844e92e80377d069b4f35d22f80,44100,1,1.472562358,http://creativecommons.org/licenses/by/3.0/,PER_RECORDING_METADATA,DESED_synth_soundbank.tar.gz; audio/train/soundbank/foreground/Speech/124810_2.wav ; official train license TSV,unknown,clsdoa_v1,PRESENT,true,true,1.472562358,44100,1,0.361206055,-29.420119,-0.000013962,0.000000000,0.857237450,0.210226757,AUTO_PASS,
desed:train:124818:clsdoa_v1_srcprep_v1,desed:train:124818,5,speech,transient,DESED isolated foreground,Speech,EXACT,124818,train,raw/desed/extracted/audio/train/soundbank/foreground/Speech/124818.wav,d546dddc761a22e3f6bfeb6a23e74bce86283631418d6dee054659524a6e5453,44100,1,1.370000000,http://creativecommons.org/licenses/by/3.0/,PER_RECORDING_METADATA,DESED_synth_soundbank.tar.gz; audio/train/soundbank/foreground/Speech/124818.wav ; official train license TSV,unknown,clsdoa_v1,PRESENT,true,true,1.370000000,44100,1,0.185729980,-34.509296,-0.000014531,0.000000000,0.814207922,0.254535147,AUTO_PASS,
desed:train:147985_0:clsdoa_v1_srcprep_v1,desed:train:147985,5,speech,transient,DESED isolated foreground,Speech,EXACT,147985,train,raw/desed/extracted/audio/train/soundbank/foreground/Speech/147985_0.wav,be5e9c07130d405dd96f1f4e1f5e30ebcecc69328b8fd5805dcd9bc7e7603c7b,44100,1,0.580113379,http://creativecommons.org/publicdomain/zero/1.0/,PER_RECORDING_METADATA,DESED_synth_soundbank.tar.gz; audio/train/soundbank/foreground/Speech/147985_0.wav ; official train license TSV,unknown,clsdoa_v1,PRESENT,true,true,0.580113379,44100,1,0.407775879,-25.416200,-0.000079614,0.000000000,0.690497596,0.179546485,AUTO_PASS,
desed:train:147985_1:clsdoa_v1_srcprep_v1,desed:train:147985,5,speech,transient,DESED isolated foreground,Speech,EXACT,147985,train,raw/desed/extracted/audio/train/soundbank/foreground/Speech/147985_1.wav,fdb2c7c0169ac235ef3605da2c062cb629466a6dbc5bb33e8f1c6b16ddbfbc13,44100,1,1.026235828,http://creativecommons.org/publicdomain/zero/1.0/,PER_RECORDING_METADATA,DESED_synth_soundbank.tar.gz; audio/train/soundbank/foreground/Speech/147985_1.wav ; official train license TSV,unknown,clsdoa_v1,PRESENT,true,true,1.026235828,44100,1,0.324829102,-23.876004,-0.000075643,0.000000000,0.497050180,0.516145125,AUTO_PASS,
desed:train:147985_10:clsdoa_v1_srcprep_v1,desed:train:147985,5,speech,transient,DESED isolated foreground,Speech,EXACT,147985,train,raw/desed/extracted/audio/train/soundbank/foreground/Speech/147985_10.wav,e7ca37f561b4b79e9fcb897857074dbcee0d8754c81c43c29dfa8e0c56384092,44100,1,2.278163265,http://creativecommons.org/publicdomain/zero/1.0/,PER_RECORDING_METADATA,DESED_synth_soundbank.tar.gz; audio/train/soundbank/foreground/Speech/147985_10.wav ; official train license TSV,unknown,clsdoa_v1,PRESENT,true,true,2.278163265,44100,1,0.584686279,-22.543192,0.000054915,0.000000000,0.686792678,0.713537415,AUTO_PASS,
desed:train:147985_11:clsdoa_v1_srcprep_v1,desed:train:147985,5,speech,transient,DESED isolated foreground,Speech,EXACT,147985,train,raw/desed/extracted/audio/train/soundbank/foreground/Speech/147985_11.wav,874b29754f08027b8c5d2fce3daf9ee936943ab73f357adda2552f2c38e76b04,44100,1,1.859750567,http://creativecommons.org/publicdomain/zero/1.0/,PER_RECORDING_METADATA,DESED_synth_soundbank.tar.gz; audio/train/soundbank/foreground/Speech/147985_11.wav ; official train license TSV,unknown,clsdoa_v1,PRESENT,true,true,1.859750567,44100,1,0.874511719,-19.357482,-0.000114378,0.000000000,0.694994818,0.567233560,AUTO_PASS,
desed:train:147985_12:clsdoa_v1_srcprep_v1,desed:train:147985,5,speech,transient,DESED isolated foreground,Speech,EXACT,147985,train,raw/desed/extracted/audio/train/soundbank/foreground/Speech/147985_12.wav,75a4780a56985a75703736e596b1fc9f5bb663ff5f1f5a383d7b33bda9618ab1,44100,1,0.527913832,http://creativecommons.org/publicdomain/zero/1.0/,PER_RECORDING_METADATA,DESED_synth_soundbank.tar.gz; audio/train/soundbank/foreground/Speech/147985_12.wav ; official train license TSV,unknown,clsdoa_v1,PRESENT,true,true,0.527913832,44100,1,0.502868652,-20.545542,0.000491738,0.000000000,0.599587647,0.211383220,AUTO_PASS,
desed:train:147985_13:clsdoa_v1_srcprep_v1,desed:train:147985,5,speech,transient,DESED isolated foreground,Speech,EXACT,147985,train,raw/desed/extracted/audio/train/soundbank/foreground/Speech/147985_13.wav,cf74d9252e1ed3d42246fde240799d2f4824817475d49af4ad4ff0baef4cda61,44100,1,1.732653061,http://creativecommons.org/publicdomain/zero/1.0/,PER_RECORDING_METADATA,DESED_synth_soundbank.tar.gz; audio/train/soundbank/foreground/Speech/147985_13.wav ; official train license TSV,unknown,clsdoa_v1,PRESENT,true,true,1.732653061,44100,1,0.411560059,-23.121910,-0.000136928,0.000000000,0.597094621,0.698095238,AUTO_PASS,
desed:train:147985_14:clsdoa_v1_srcprep_v1,desed:train:147985,5,speech,transient,DESED isolated foreground,Speech,EXACT,147985,train,raw/desed/extracted/audio/train/soundbank/foreground/Speech/147985_14.wav,f4317d54646103dc75f11d19515b3072e73ae06a9866c388d423cbfb1938306b,44100,1,1.924988662,http://creativecommons.org/publicdomain/zero/1.0/,PER_RECORDING_METADATA,DESED_synth_soundbank.tar.gz; audio/train/soundbank/foreground/Speech/147985_14.wav ; official train license TSV,unknown,clsdoa_v1,PRESENT,true,true,1.924988662,44100,1,0.853210449,-20.432694,-0.000024994,0.000000000,0.732719220,0.514512472,AUTO_PASS,
desed:train:147985_15:clsdoa_v1_srcprep_v1,desed:train:147985,5,speech,transient,DESED isolated foreground,Speech,EXACT,147985,train,raw/desed/extracted/audio/train/soundbank/foreground/Speech/147985_15.wav,ed9eea2c5b7e46d0f02e6dee635b916ad3a6ba02757eab0fd4f05da63b4b1b7a,44100,1,1.675804989,http://creativecommons.org/publicdomain/zero/1.0/,PER_RECORDING_METADATA,DESED_synth_soundbank.tar.gz; audio/train/soundbank/foreground/Speech/147985_15.wav ; official train license TSV,unknown,clsdoa_v1,PRESENT,true,true,1.675804989,44100,1,0.607666016,-20.497959,0.000100974,0.000000000,0.613506894,0.647687075,AUTO_PASS,
desed:train:147985_16:clsdoa_v1_srcprep_v1,desed:train:147985,5,speech,transient,DESED isolated foreground,Speech,EXACT,147985,train,raw/desed/extracted/audio/train/soundbank/foreground/Speech/147985_16.wav,6650d00e29ce88032fa21ec344401fc6ea17777ecfb80c0d4e04235526ea91b8,44100,1,1.648390023,http://creativecommons.org/publicdomain/zero/1.0/,PER_RECORDING_METADATA,DESED_synth_soundbank.tar.gz; audio/train/soundbank/foreground/Speech/147985_16.wav ; official train license TSV,unknown,clsdoa_v1,PRESENT,true,true,1.648390023,44100,1,0.479980469,-23.719958,0.000079791,0.000000000,0.655514898,0.567845805,AUTO_PASS,
desed:train:147985_17:clsdoa_v1_srcprep_v1,desed:train:147985,5,speech,transient,DESED isolated foreground,Speech,EXACT,147985,train,raw/desed/extracted/audio/train/soundbank/foreground/Speech/147985_17.wav,3617c85dca8ba7ab31259ba3b6d7a57589f81073436cb613ff013bfc0092ddbb,44100,1,1.973877551,http://creativecommons.org/publicdomain/zero/1.0/,PER_RECORDING_METADATA,DESED_synth_soundbank.tar.gz; audio/train/soundbank/foreground/Speech/147985_17.wav ; official train license TSV,unknown,clsdoa_v1,PRESENT,true,true,1.973877551,44100,1,0.389801025,-25.069819,-0.000062864,0.000000000,0.649228012,0.692380952,AUTO_PASS,
desed:train:147985_18:clsdoa_v1_srcprep_v1,desed:train:147985,5,speech,transient,DESED isolated foreground,Speech,EXACT,147985,train,raw/desed/extracted/audio/train/soundbank/foreground/Speech/147985_18.wav,f693ae6b382bcda2bd3de98c2948837950f2aa7e9ea34470fe69990e801743fd,44100,1,0.401859410,http://creativecommons.org/publicdomain/zero/1.0/,PER_RECORDING_METADATA,DESED_synth_soundbank.tar.gz; audio/train/soundbank/foreground/Speech/147985_18.wav ; official train license TSV,unknown,clsdoa_v1,PRESENT,true,true,0.401859410,44100,1,0.526641846,-21.594558,0.000047352,0.000000000,0.621318136,0.152176871,AUTO_PASS,
desed:train:147985_19:clsdoa_v1_srcprep_v1,desed:train:147985,5,speech,transient,DESED isolated foreground,Speech,EXACT,147985,train,raw/desed/extracted/audio/train/soundbank/foreground/Speech/147985_19.wav,d57cdbd7fe2304542cecefd9ff7428a7729d044e3330d7ed2b0e61939cac106a,44100,1,1.419863946,http://creativecommons.org/publicdomain/zero/1.0/,PER_RECORDING_METADATA,DESED_synth_soundbank.tar.gz; audio/train/soundbank/foreground/Speech/147985_19.wav ; official train license TSV,unknown,clsdoa_v1,PRESENT,true,true,1.419863946,44100,1,0.477722168,-21.137963,-0.000106579,0.000000000,0.565590264,0.616802721,AUTO_PASS,
desed:train:147985_2:clsdoa_v1_srcprep_v1,desed:train:147985,5,speech,transient,DESED isolated foreground,Speech,EXACT,147985,train,raw/desed/extracted/audio/train/soundbank/foreground/Speech/147985_2.wav,cef647d50724bd0d740b2a559976fb1d0eba7291aea73963dddc982913b7a016,44100,1,1.280657596,http://creativecommons.org/publicdomain/zero/1.0/,PER_RECORDING_METADATA,DESED_synth_soundbank.tar.gz; audio/train/soundbank/foreground/Speech/147985_2.wav ; official train license TSV,unknown,clsdoa_v1,PRESENT,true,true,1.280657596,44100,1,0.822967529,-20.747532,0.000159746,0.000000000,0.710253732,0.371065760,AUTO_PASS,
desed:train:147985_20:clsdoa_v1_srcprep_v1,desed:train:147985,5,speech,transient,DESED isolated foreground,Speech,EXACT,147985,train,raw/desed/extracted/audio/train/soundbank/foreground/Speech/147985_20.wav,e46d94dec5e78d8920a313a76d7f90ded196b4e773ec7ffc3771a689895cf8a6,44100,1,2.214285714,http://creativecommons.org/publicdomain/zero/1.0/,PER_RECORDING_METADATA,DESED_synth_soundbank.tar.gz; audio/train/soundbank/foreground/Speech/147985_20.wav ; official train license TSV,unknown,clsdoa_v1,PRESENT,true,true,2.214285714,44100,1,0.488159180,-20.751580,-0.000148410,0.000000000,0.558986175,0.976530612,AUTO_PASS,
desed:train:147985_21:clsdoa_v1_srcprep_v1,desed:train:147985,5,speech,transient,DESED isolated foreground,Speech,EXACT,147985,train,raw/desed/extracted/audio/train/soundbank/foreground/Speech/147985_21.wav,6f86d49b5d5acfc5cbc77b91cd115bc76b1e8ac78b1e3392709bf377c6eb03da,44100,1,1.260657596,http://creativecommons.org/publicdomain/zero/1.0/,PER_RECORDING_METADATA,DESED_synth_soundbank.tar.gz; audio/train/soundbank/foreground/Speech/147985_21.wav ; official train license TSV,unknown,clsdoa_v1,PRESENT,true,true,1.260657596,44100,1,0.447662354,-23.781588,0.000026286,0.000000000,0.673711665,0.411337868,AUTO_PASS,
desed:train:147985_3:clsdoa_v1_srcprep_v1,desed:train:147985,5,speech,transient,DESED isolated foreground,Speech,EXACT,147985,train,raw/desed/extracted/audio/train/soundbank/foreground/Speech/147985_3.wav,a290b0e4b38651859e34e9d38ae8971b1163c93bd348180dae95d51dfa38a268,44100,1,1.322154195,http://creativecommons.org/publicdomain/zero/1.0/,PER_RECORDING_METADATA,DESED_synth_soundbank.tar.gz; audio/train/soundbank/foreground/Speech/147985_3.wav ; official train license TSV,unknown,clsdoa_v1,PRESENT,true,true,1.322154195,44100,1,0.568450928,-22.490436,0.000100594,0.000000000,0.680107020,0.422947846,AUTO_PASS,
desed:train:147985_4:clsdoa_v1_srcprep_v1,desed:train:147985,5,speech,transient,DESED isolated foreground,Speech,EXACT,147985,train,raw/desed/extracted/audio/train/soundbank/foreground/Speech/147985_4.wav,08de59b2bce51961d6d2c44709accba06f0a02a2121e6903deefbd337c2abb2b,44100,1,1.887052154,http://creativecommons.org/publicdomain/zero/1.0/,PER_RECORDING_METADATA,DESED_synth_soundbank.tar.gz; audio/train/soundbank/foreground/Speech/147985_4.wav ; official train license TSV,unknown,clsdoa_v1,PRESENT,true,true,1.887052154,44100,1,0.528778076,-23.586391,0.000223352,0.000000000,0.725375215,0.518231293,AUTO_PASS,
desed:train:147985_5:clsdoa_v1_srcprep_v1,desed:train:147985,5,speech,transient,DESED isolated foreground,Speech,EXACT,147985,train,raw/desed/extracted/audio/train/soundbank/foreground/Speech/147985_5.wav,03782c563b02255d7fc2846cdc4f61ad3a2fa69da9795d3f75cf706b8b12ad59,44100,1,1.962562358,http://creativecommons.org/publicdomain/zero/1.0/,PER_RECORDING_METADATA,DESED_synth_soundbank.tar.gz; audio/train/soundbank/foreground/Speech/147985_5.wav ; official train license TSV,unknown,clsdoa_v1,PRESENT,true,true,1.962562358,44100,1,0.464294434,-22.284497,0.000174455,0.000000000,0.645472507,0.695782313,AUTO_PASS,
desed:train:147985_6:clsdoa_v1_srcprep_v1,desed:train:147985,5,speech,transient,DESED isolated foreground,Speech,EXACT,147985,train,raw/desed/extracted/audio/train/soundbank/foreground/Speech/147985_6.wav,d1889c94c84dea84ca5e517f3a91070719a0512700c249833dc5220d573472ef,44100,1,1.156870748,http://creativecommons.org/publicdomain/zero/1.0/,PER_RECORDING_METADATA,DESED_synth_soundbank.tar.gz; audio/train/soundbank/foreground/Speech/147985_6.wav ; official train license TSV,unknown,clsdoa_v1,PRESENT,true,true,1.156870748,44100,1,0.323883057,-25.480907,0.000088310,0.000000000,0.570876945,0.496439909,AUTO_PASS,
desed:train:147985_7:clsdoa_v1_srcprep_v1,desed:train:147985,5,speech,transient,DESED isolated foreground,Speech,EXACT,147985,train,raw/desed/extracted/audio/train/soundbank/foreground/Speech/147985_7.wav,7451097a7a6b8fedd4a18a94eebf21869a1638363cdeb05c7671217793dc318c,44100,1,0.962312925,http://creativecommons.org/publicdomain/zero/1.0/,PER_RECORDING_METADATA,DESED_synth_soundbank.tar.gz; audio/train/soundbank/foreground/Speech/147985_7.wav ; official train license TSV,unknown,clsdoa_v1,PRESENT,true,true,0.962312925,44100,1,0.347900391,-22.018086,0.000053173,0.000000000,0.467293463,0.512630385,AUTO_PASS,
desed:train:147985_8:clsdoa_v1_srcprep_v1,desed:train:147985,5,speech,transient,DESED isolated foreground,Speech,EXACT,147985,train,raw/desed/extracted/audio/train/soundbank/foreground/Speech/147985_8.wav,f9744285c06cfc939228907fc9360ecda437170596ddfa2354979c0f4db03e3e,44100,1,0.786802721,http://creativecommons.org/publicdomain/zero/1.0/,PER_RECORDING_METADATA,DESED_synth_soundbank.tar.gz; audio/train/soundbank/foreground/Speech/147985_8.wav ; official train license TSV,unknown,clsdoa_v1,PRESENT,true,true,0.786802721,44100,1,0.639068604,-21.829201,-0.000088665,0.000000000,0.749236267,0.197301587,AUTO_PASS,
desed:train:147985_9:clsdoa_v1_srcprep_v1,desed:train:147985,5,speech,transient,DESED isolated foreground,Speech,EXACT,147985,train,raw/desed/extracted/audio/train/soundbank/foreground/Speech/147985_9.wav,daabe9bc38e2d80558aa7fb1216ffd737fbad24bc07403f15021ddd6a67f2819,44100,1,1.454399093,http://creativecommons.org/publicdomain/zero/1.0/,PER_RECORDING_METADATA,DESED_synth_soundbank.tar.gz; audio/train/soundbank/foreground/Speech/147985_9.wav ; official train license TSV,unknown,clsdoa_v1,PRESENT,true,true,1.454399093,44100,1,0.288635254,-25.244840,-0.000162984,0.000000000,0.496421834,0.732403628,AUTO_PASS,
desed:train:215682_0:clsdoa_v1_srcprep_v1,desed:train:215682,5,speech,transient,DESED isolated foreground,Speech,EXACT,215682,train,raw/desed/extracted/audio/train/soundbank/foreground/Speech/215682_0.wav,cf2925f979a2e8c997e621c57b08834ee4452382ef9cde74b25b9ccec85e2b23,44100,1,1.028934240,http://creativecommons.org/licenses/by/3.0/,PER_RECORDING_METADATA,DESED_synth_soundbank.tar.gz; audio/train/soundbank/foreground/Speech/215682_0.wav ; official train license TSV,unknown,clsdoa_v1,PRESENT,true,true,1.028934240,44100,1,0.717742920,-17.496640,0.000005955,0.000000000,0.576538258,0.435714286,AUTO_PASS,
desed:train:215682_1:clsdoa_v1_srcprep_v1,desed:train:215682,5,speech,transient,DESED isolated foreground,Speech,EXACT,215682,train,raw/desed/extracted/audio/train/soundbank/foreground/Speech/215682_1.wav,45636e89de7e375965380d096b088866eae077ad63ec2a5317680c66ed249f43,44100,1,1.802380952,http://creativecommons.org/licenses/by/3.0/,PER_RECORDING_METADATA,DESED_synth_soundbank.tar.gz; audio/train/soundbank/foreground/Speech/215682_1.wav ; official train license TSV,unknown,clsdoa_v1,PRESENT,true,true,1.802380952,44100,1,0.984008789,-17.858878,0.000005629,0.000000000,0.763955463,0.425442177,AUTO_PASS,
desed:train:215682_2:clsdoa_v1_srcprep_v1,desed:train:215682,5,speech,transient,DESED isolated foreground,Speech,EXACT,215682,train,raw/desed/extracted/audio/train/soundbank/foreground/Speech/215682_2.wav,9cba5b99603486afa222104a7ac763b074f6380cce529c515dfe4545f4627679,44100,1,0.896394558,http://creativecommons.org/licenses/by/3.0/,PER_RECORDING_METADATA,DESED_synth_soundbank.tar.gz; audio/train/soundbank/foreground/Speech/215682_2.wav ; official train license TSV,unknown,clsdoa_v1,PRESENT,true,true,0.896394558,44100,1,0.533935547,-23.828401,-0.000001482,0.000000000,0.743973084,0.229501134,AUTO_PASS,
desed:train:234996:clsdoa_v1_srcprep_v1,desed:train:234996,5,speech,transient,DESED isolated foreground,Speech,EXACT,234996,train,raw/desed/extracted/audio/train/soundbank/foreground/Speech/234996.wav,3cbea9a2ba8cce3c52bcb4be8cf994c1d583d6792a57fdd88c8ab34868477db4,44100,1,0.564081633,http://creativecommons.org/publicdomain/zero/1.0/,PER_RECORDING_METADATA,DESED_synth_soundbank.tar.gz; audio/train/soundbank/foreground/Speech/234996.wav ; official train license TSV,unknown,clsdoa_v1,PRESENT,true,true,0.564081633,44100,1,0.666168213,-20.230534,0.000009537,0.000000000,0.690987297,0.174308390,AUTO_PASS,
desed:train:235016:clsdoa_v1_srcprep_v1,desed:train:235016,5,speech,transient,DESED isolated foreground,Speech,EXACT,235016,train,raw/desed/extracted/audio/train/soundbank/foreground/Speech/235016.wav,a88f84820516ff6d4d394a22c3fa4c1c5a5a0c168ca0f2af7946cdffdf328d35,44100,1,1.079841270,http://creativecommons.org/publicdomain/zero/1.0/,PER_RECORDING_METADATA,DESED_synth_soundbank.tar.gz; audio/train/soundbank/foreground/Speech/235016.wav ; official train license TSV,unknown,clsdoa_v1,PRESENT,true,true,1.079841270,44100,1,0.874969482,-17.145030,0.000008230,0.000000000,0.727452174,0.294308390,AUTO_PASS,
desed:train:235149_0:clsdoa_v1_srcprep_v1,desed:train:235149,5,speech,transient,DESED isolated foreground,Speech,EXACT,235149,train,raw/desed/extracted/audio/train/soundbank/foreground/Speech/235149_0.wav,6125018ee90af4091760f23821d81b92b3c254099bd7d4a657c848eb124a7dd2,44100,1,0.316598639,http://creativecommons.org/publicdomain/zero/1.0/,PER_RECORDING_METADATA,DESED_synth_soundbank.tar.gz; audio/train/soundbank/foreground/Speech/235149_0.wav ; official train license TSV,unknown,clsdoa_v1,PRESENT,true,true,0.316598639,44100,1,0.800262451,-11.041404,0.000019571,0.000000000,0.423793153,0.182426304,AUTO_PASS,
desed:train:235149_1:clsdoa_v1_srcprep_v1,desed:train:235149,5,speech,transient,DESED isolated foreground,Speech,EXACT,235149,train,raw/desed/extracted/audio/train/soundbank/foreground/Speech/235149_1.wav,6195919094879d31ffaaa89c49371849de665fd146d644061f23297173dccac9,44100,1,0.301269841,http://creativecommons.org/publicdomain/zero/1.0/,PER_RECORDING_METADATA,DESED_synth_soundbank.tar.gz; audio/train/soundbank/foreground/Speech/235149_1.wav ; official train license TSV,unknown,clsdoa_v1,PRESENT,true,true,0.301269841,44100,1,0.742431641,-13.354085,-0.000019598,0.000000000,0.535074515,0.140068027,AUTO_PASS,
desed:train:241578:clsdoa_v1_srcprep_v1,desed:train:241578,5,speech,transient,DESED isolated foreground,Speech,EXACT,241578,train,raw/desed/extracted/audio/train/soundbank/foreground/Speech/241578.wav,9f4eeeb5f9242db5422d766d6a2c63084450033341bc3c2c51f7753401bf75b5,44100,1,0.801179138,http://creativecommons.org/publicdomain/zero/1.0/,PER_RECORDING_METADATA,DESED_synth_soundbank.tar.gz; audio/train/soundbank/foreground/Speech/241578.wav ; official train license TSV,unknown,clsdoa_v1,PRESENT,true,true,0.801179138,44100,1,1.000000000,-15.543065,0.000029496,0.000169818,0.576304766,0.339455782,AUTO_PASS,
desed:train:241581:clsdoa_v1_srcprep_v1,desed:train:241581,5,speech,transient,DESED isolated foreground,Speech,EXACT,241581,train,raw/desed/extracted/audio/train/soundbank/foreground/Speech/241581.wav,7e65650fcb5815e3b06b144007306ca3bdac62edaa9042e03762156ad99af27f,44100,1,0.412811791,http://creativecommons.org/publicdomain/zero/1.0/,PER_RECORDING_METADATA,DESED_synth_soundbank.tar.gz; audio/train/soundbank/foreground/Speech/241581.wav ; official train license TSV,unknown,clsdoa_v1,PRESENT,true,true,0.412811791,44100,1,1.000000000,-15.612576,0.000038544,0.000714090,0.733479813,0.110022676,AUTO_PASS,
desed:train:242663:clsdoa_v1_srcprep_v1,desed:train:242663,5,speech,transient,DESED isolated foreground,Speech,EXACT,242663,train,raw/desed/extracted/audio/train/soundbank/foreground/Speech/242663.wav,69b8dc1e5af912150b243850a17b5311aa8f0f5d1f41909372dab129fcb7dd8d,44100,1,0.280181406,http://creativecommons.org/publicdomain/zero/1.0/,PER_RECORDING_METADATA,DESED_synth_soundbank.tar.gz; audio/train/soundbank/foreground/Speech/242663.wav ; official train license TSV,unknown,clsdoa_v1,PRESENT,true,true,0.280181406,44100,1,0.673400879,-15.683635,-0.000111559,0.000000000,0.539414050,0.129047619,AUTO_PASS,
desed:train:254034:clsdoa_v1_srcprep_v1,desed:train:254034,5,speech,transient,DESED isolated foreground,Speech,EXACT,254034,train,raw/desed/extracted/audio/train/soundbank/foreground/Speech/254034.wav,f4175987d4304a34535f5d18235ebd0c351b1acaed13153295022f5880cfd950,44100,1,1.375260771,http://creativecommons.org/licenses/by-nc/3.0/,PER_RECORDING_METADATA,DESED_synth_soundbank.tar.gz; audio/train/soundbank/foreground/Speech/254034.wav ; official train license TSV,unknown,clsdoa_v1,PRESENT,true,true,1.375260771,44100,1,0.803100586,-14.337299,-0.000014065,0.000000000,0.732608947,0.367732426,AUTO_PASS,
desed:train:254393:clsdoa_v1_srcprep_v1,desed:train:254393,5,speech,transient,DESED isolated foreground,Speech,EXACT,254393,train,raw/desed/extracted/audio/train/soundbank/foreground/Speech/254393.wav,fd4a80a8f3f8ab540bc25dfd621c25ce867b62c8d41394a633db5a68f1bba037,44100,1,0.557732426,http://creativecommons.org/licenses/by-nc/3.0/,PER_RECORDING_METADATA,DESED_synth_soundbank.tar.gz; audio/train/soundbank/foreground/Speech/254393.wav ; official train license TSV,unknown,clsdoa_v1,PRESENT,true,true,0.557732426,44100,1,0.800231934,-17.493494,0.000143475,0.000000000,0.743698162,0.142947846,AUTO_PASS,
desed:train:260992:clsdoa_v1_srcprep_v1,desed:train:260992,5,speech,transient,DESED isolated foreground,Speech,EXACT,260992,train,raw/desed/extracted/audio/train/soundbank/foreground/Speech/260992.wav,622b42d4d63bb6fd190f77fbae855491f80ffcbefde6ef23911eec9fa6e48c08,44100,1,0.814625850,http://creativecommons.org/licenses/by/3.0/,PER_RECORDING_METADATA,DESED_synth_soundbank.tar.gz; audio/train/soundbank/foreground/Speech/260992.wav ; official train license TSV,unknown,clsdoa_v1,PRESENT,true,true,0.814625850,44100,1,0.705200195,-20.271043,0.000040682,0.000000000,0.732748782,0.217709751,AUTO_PASS,
desed:train:262233_0:clsdoa_v1_srcprep_v1,desed:train:262233,5,speech,transient,DESED isolated foreground,Speech,EXACT,262233,train,raw/desed/extracted/audio/train/soundbank/foreground/Speech/262233_0.wav,affefe80618c5c36870f95b5738d2718c1467347254d0b1a0fdd56e368cae416,44100,1,1.834671202,http://creativecommons.org/licenses/by/3.0/,PER_RECORDING_METADATA,DESED_synth_soundbank.tar.gz; audio/train/soundbank/foreground/Speech/262233_0.wav ; official train license TSV,unknown,clsdoa_v1,PRESENT,true,true,1.834671202,44100,1,0.276092529,-31.315846,-0.000017165,0.000000000,0.811405406,0.346009070,AUTO_PASS,
desed:train:262233_1:clsdoa_v1_srcprep_v1,desed:train:262233,5,speech,transient,DESED isolated foreground,Speech,EXACT,262233,train,raw/desed/extracted/audio/train/soundbank/foreground/Speech/262233_1.wav,59f5694441616ce6656f7a7acc01f8f2a811b8d1c266d107c408c17e1c1bc965,44100,1,1.595260771,http://creativecommons.org/licenses/by/3.0/,PER_RECORDING_METADATA,DESED_synth_soundbank.tar.gz; audio/train/soundbank/foreground/Speech/262233_1.wav ; official train license TSV,unknown,clsdoa_v1,PRESENT,true,true,1.595260771,44100,1,0.396362305,-29.096631,-0.000030194,0.000000000,0.899873491,0.159727891,AUTO_PASS,
desed:train:275791:clsdoa_v1_srcprep_v1,desed:train:275791,5,speech,transient,DESED isolated foreground,Speech,EXACT,275791,train,raw/desed/extracted/audio/train/soundbank/foreground/Speech/275791.wav,329d6a248da0a29a5959eb8d5362d2aafc2e7d308085fe3b957cd8af6932e8f9,44100,1,1.221405896,http://creativecommons.org/publicdomain/zero/1.0/,PER_RECORDING_METADATA,DESED_synth_soundbank.tar.gz; audio/train/soundbank/foreground/Speech/275791.wav ; official train license TSV,unknown,clsdoa_v1,PRESENT,true,true,1.221405896,44100,1,1.000000000,-11.499074,0.001057429,0.023466508,0.714837368,0.348299320,AUTO_FLAG,severe_clipping_candidate
desed:train:320658:clsdoa_v1_srcprep_v1,desed:train:320658,5,speech,transient,DESED isolated foreground,Speech,EXACT,320658,train,raw/desed/extracted/audio/train/soundbank/foreground/Speech/320658.wav,d0f8db023ce5f9091f47c58dec72a71cd53e43db618200f4ead6755ce8fec362,44100,1,0.722358277,http://creativecommons.org/licenses/by/3.0/,PER_RECORDING_METADATA,DESED_synth_soundbank.tar.gz; audio/train/soundbank/foreground/Speech/320658.wav ; official train license TSV,unknown,clsdoa_v1,PRESENT,true,true,0.722358277,44100,1,0.619415283,-17.415916,-0.000003091,0.000000000,0.525332747,0.342879819,AUTO_PASS,
desed:train:328711_0:clsdoa_v1_srcprep_v1,desed:train:328711,5,speech,transient,DESED isolated foreground,Speech,EXACT,328711,train,raw/desed/extracted/audio/train/soundbank/foreground/Speech/328711_0.wav,d27f58e28a45a5d948949334c23a2aa007e4675f1ddee5b2b2535df8c28d6064,44100,1,0.731904762,http://creativecommons.org/licenses/by/3.0/,PER_RECORDING_METADATA,DESED_synth_soundbank.tar.gz; audio/train/soundbank/foreground/Speech/328711_0.wav ; official train license TSV,unknown,clsdoa_v1,PRESENT,true,true,0.731904762,44100,1,0.524932861,-21.854731,0.000048107,0.000000000,0.622145800,0.276553288,AUTO_PASS,
desed:train:328711_1:clsdoa_v1_srcprep_v1,desed:train:328711,5,speech,transient,DESED isolated foreground,Speech,EXACT,328711,train,raw/desed/extracted/audio/train/soundbank/foreground/Speech/328711_1.wav,8032a0c42d85e63a6f5baac279bf76686e9f8b8b64fc0a926af1a3a0758a597b,44100,1,1.173287982,http://creativecommons.org/licenses/by/3.0/,PER_RECORDING_METADATA,DESED_synth_soundbank.tar.gz; audio/train/soundbank/foreground/Speech/328711_1.wav ; official train license TSV,unknown,clsdoa_v1,PRESENT,true,true,1.173287982,44100,1,0.436798096,-21.775873,-0.000047417,0.000000000,0.587936299,0.483469388,AUTO_PASS,
desed:train:328711_2:clsdoa_v1_srcprep_v1,desed:train:328711,5,speech,transient,DESED isolated foreground,Speech,EXACT,328711,train,raw/desed/extracted/audio/train/soundbank/foreground/Speech/328711_2.wav,b2aec2a9973063bff4cee0a651e4ad3f456dfe29c166f6a8e8b9104b3ed05752,44100,1,0.663265306,http://creativecommons.org/licenses/by/3.0/,PER_RECORDING_METADATA,DESED_synth_soundbank.tar.gz; audio/train/soundbank/foreground/Speech/328711_2.wav ; official train license TSV,unknown,clsdoa_v1,PRESENT,true,true,0.663265306,44100,1,0.462738037,-23.166151,0.000002195,0.000000000,0.693401709,0.203356009,AUTO_PASS,
desed:train:328711_3:clsdoa_v1_srcprep_v1,desed:train:328711,5,speech,transient,DESED isolated foreground,Speech,EXACT,328711,train,raw/desed/extracted/audio/train/soundbank/foreground/Speech/328711_3.wav,59038036654b2b557a9ed10ee75f27a1dc976c1e5f9667e149f9b1e9254cf4ff,44100,1,0.612653061,http://creativecommons.org/licenses/by/3.0/,PER_RECORDING_METADATA,DESED_synth_soundbank.tar.gz; audio/train/soundbank/foreground/Speech/328711_3.wav ; official train license TSV,unknown,clsdoa_v1,PRESENT,true,true,0.612653061,44100,1,0.171325684,-29.881994,-0.000015802,0.000000000,0.621696647,0.231768707,AUTO_PASS,
desed:train:33687_0:clsdoa_v1_srcprep_v1,desed:train:33687,5,speech,transient,DESED isolated foreground,Speech,EXACT,33687,train,raw/desed/extracted/audio/train/soundbank/foreground/Speech/33687_0.wav,8622af0bf69f13319425b7a9c0ed2167e4d312c4685c3c432d008cf318c118bc,44100,1,2.064625850,http://creativecommons.org/licenses/by/3.0/,PER_RECORDING_METADATA,DESED_synth_soundbank.tar.gz; audio/train/soundbank/foreground/Speech/33687_0.wav ; official train license TSV,unknown,clsdoa_v1,PRESENT,true,true,2.064625850,44100,1,0.376708984,-30.075076,-0.001716716,0.000000000,0.912619440,0.180408163,AUTO_PASS,
desed:train:33687_1:clsdoa_v1_srcprep_v1,desed:train:33687,5,speech,transient,DESED isolated foreground,Speech,EXACT,33687,train,raw/desed/extracted/audio/train/soundbank/foreground/Speech/33687_1.wav,41e6a02fbcff1e2843a54628960d475c7991d368cbe8b5d5a7f611e429874f8f,44100,1,2.644988662,http://creativecommons.org/licenses/by/3.0/,PER_RECORDING_METADATA,DESED_synth_soundbank.tar.gz; audio/train/soundbank/foreground/Speech/33687_1.wav ; official train license TSV,unknown,clsdoa_v1,PRESENT,true,true,2.644988662,44100,1,0.597381592,-22.110689,-0.001719489,0.000000000,0.748816913,0.664376417,AUTO_PASS,
desed:train:33689_0:clsdoa_v1_srcprep_v1,desed:train:33689,5,speech,transient,DESED isolated foreground,Speech,EXACT,33689,train,raw/desed/extracted/audio/train/soundbank/foreground/Speech/33689_0.wav,59b83ca43768a77eea1cb316e0ac7bc5e89c24ca613c5e073748f0de54be79f0,44100,1,1.642086168,http://creativecommons.org/licenses/by/3.0/,PER_RECORDING_METADATA,DESED_synth_soundbank.tar.gz; audio/train/soundbank/foreground/Speech/33689_0.wav ; official train license TSV,unknown,clsdoa_v1,PRESENT,true,true,1.642086168,44100,1,0.454864502,-24.591037,-0.001724327,0.000000000,0.849397923,0.247301587,AUTO_PASS,
desed:train:33689_1:clsdoa_v1_srcprep_v1,desed:train:33689,5,speech,transient,DESED isolated foreground,Speech,EXACT,33689,train,raw/desed/extracted/audio/train/soundbank/foreground/Speech/33689_1.wav,e86c3ca724660bc6f0c4ad6a16508a17ec7240c100433bef2a6177ff43754af1,44100,1,2.750657596,http://creativecommons.org/licenses/by/3.0/,PER_RECORDING_METADATA,DESED_synth_soundbank.tar.gz; audio/train/soundbank/foreground/Speech/33689_1.wav ; official train license TSV,unknown,clsdoa_v1,PRESENT,true,true,2.750657596,44100,1,0.331298828,-26.302458,-0.001698037,0.000000000,0.678345314,0.884761905,AUTO_PASS,
desed:train:402021:clsdoa_v1_srcprep_v1,desed:train:402021,5,speech,transient,DESED isolated foreground,Speech,EXACT,402021,train,raw/desed/extracted/audio/train/soundbank/foreground/Speech/402021.wav,3669532693a5c27297aa2d51d31137b0f23e02e4fef2675c0363a91fb0ab2ff7,44100,1,0.527891156,http://creativecommons.org/licenses/by/3.0/,PER_RECORDING_METADATA,DESED_synth_soundbank.tar.gz; audio/train/soundbank/foreground/Speech/402021.wav ; official train license TSV,unknown,clsdoa_v1,PRESENT,true,true,0.527891156,44100,1,0.697052002,-13.983902,0.000282128,0.000000000,0.505498282,0.261043084,AUTO_PASS,
desed:train:422724:clsdoa_v1_srcprep_v1,desed:train:422724,5,speech,transient,DESED isolated foreground,Speech,EXACT,422724,train,raw/desed/extracted/audio/train/soundbank/foreground/Speech/422724.wav,031bcffdcb787e535128d36457c69d1cb536d13be9752ae0874758a9858751c1,44100,1,0.380907029,http://creativecommons.org/publicdomain/zero/1.0/,PER_RECORDING_METADATA,DESED_synth_soundbank.tar.gz; audio/train/soundbank/foreground/Speech/422724.wav ; official train license TSV,unknown,clsdoa_v1,PRESENT,true,true,0.380907029,44100,1,0.977294922,-12.726467,-0.000006584,0.000000000,0.478509346,0.198639456,AUTO_PASS,
desed:train:429038:clsdoa_v1_srcprep_v1,desed:train:429038,5,speech,transient,DESED isolated foreground,Speech,EXACT,429038,train,raw/desed/extracted/audio/train/soundbank/foreground/Speech/429038.wav,ef6fe7c9ed367d967b5122379b3bb738dc92fc2e9fafd6f4668cf75d264ab024,44100,1,0.640975057,http://creativecommons.org/publicdomain/zero/1.0/,PER_RECORDING_METADATA,DESED_synth_soundbank.tar.gz; audio/train/soundbank/foreground/Speech/429038.wav ; official train license TSV,unknown,clsdoa_v1,PRESENT,true,true,0.640975057,44100,1,0.391235352,-22.018935,-0.000008263,0.000000000,0.586337425,0.265147392,AUTO_PASS,
desed:train:59041:clsdoa_v1_srcprep_v1,desed:train:59041,5,speech,transient,DESED isolated foreground,Speech,EXACT,59041,train,raw/desed/extracted/audio/train/soundbank/foreground/Speech/59041.wav,296a035ee6c70edb267071548cecdf8626cf3d8940d67f161b6e481e4249686f,44100,1,9.647687075,http://creativecommons.org/licenses/by-nc/3.0/,PER_RECORDING_METADATA,DESED_synth_soundbank.tar.gz; audio/train/soundbank/foreground/Speech/59041.wav ; official train license TSV,unknown,clsdoa_v1,PRESENT,true,true,9.647687075,44100,1,0.221405029,-30.837913,-0.000271471,0.000000000,0.767530902,2.242789116,AUTO_PASS,
desed:train:63331:clsdoa_v1_srcprep_v1,desed:train:63331,5,speech,transient,DESED isolated foreground,Speech,EXACT,63331,train,raw/desed/extracted/audio/train/soundbank/foreground/Speech/63331.wav,eda05696da26712bea9cddfcb36f24214c5c50265ba02c09635dc59274575845,44100,1,0.886417234,http://creativecommons.org/licenses/by/3.0/,PER_RECORDING_METADATA,DESED_synth_soundbank.tar.gz; audio/train/soundbank/foreground/Speech/63331.wav ; official train license TSV,unknown,clsdoa_v1,PRESENT,true,true,0.886417234,44100,1,0.060119629,-38.913440,-0.000010072,0.000000000,0.589573048,0.363809524,AUTO_PASS,
desed:train:67744_0:clsdoa_v1_srcprep_v1,desed:train:67744,5,speech,transient,DESED isolated foreground,Speech,EXACT,67744,train,raw/desed/extracted/audio/train/soundbank/foreground/Speech/67744_0.wav,2e7d9d437278de60152ba25ced77c32e8013cfb6eb9740f143442b3b7af0b9a2,44100,1,0.406303855,http://creativecommons.org/licenses/by/3.0/,PER_RECORDING_METADATA,DESED_synth_soundbank.tar.gz; audio/train/soundbank/foreground/Speech/67744_0.wav ; official train license TSV,unknown,clsdoa_v1,PRESENT,true,true,0.406303855,44100,1,0.398071289,-22.966542,-0.000937185,0.000000000,0.744502735,0.103809524,AUTO_PASS,
desed:train:67744_1:clsdoa_v1_srcprep_v1,desed:train:67744,5,speech,transient,DESED isolated foreground,Speech,EXACT,67744,train,raw/desed/extracted/audio/train/soundbank/foreground/Speech/67744_1.wav,41998869ceda6e1d4c9927637b138dc25b4e787dd1d952dbf29edb156c7df9e8,44100,1,0.426258503,http://creativecommons.org/licenses/by/3.0/,PER_RECORDING_METADATA,DESED_synth_soundbank.tar.gz; audio/train/soundbank/foreground/Speech/67744_1.wav ; official train license TSV,unknown,clsdoa_v1,PRESENT,true,true,0.426258503,44100,1,0.373840332,-18.586565,-0.000704512,0.000000000,0.385838919,0.261791383,AUTO_PASS,
desed:train:71558:clsdoa_v1_srcprep_v1,desed:train:71558,5,speech,transient,DESED isolated foreground,Speech,EXACT,71558,train,raw/desed/extracted/audio/train/soundbank/foreground/Speech/71558.wav,00d1ebe84f1e7d8428547db758612a36b384b48c89a3a59fc6ccbd1ca3be06f8,44100,1,0.538707483,http://creativecommons.org/publicdomain/zero/1.0/,PER_RECORDING_METADATA,DESED_synth_soundbank.tar.gz; audio/train/soundbank/foreground/Speech/71558.wav ; official train license TSV,unknown,clsdoa_v1,PRESENT,true,true,0.538707483,44100,1,0.127624512,-32.117524,-0.000001410,0.000000000,0.598855074,0.216099773,AUTO_PASS,
desed:train:77409:clsdoa_v1_srcprep_v1,desed:train:77409,5,speech,transient,DESED isolated foreground,Speech,EXACT,77409,train,raw/desed/extracted/audio/train/soundbank/foreground/Speech/77409.wav,52d7e5a32a4be0c1cbf6362a2c23c2ad610770f5fb976f3b51c72a396dd09ad8,44100,1,0.681814059,http://creativecommons.org/licenses/by-nc/3.0/,PER_RECORDING_METADATA,DESED_synth_soundbank.tar.gz; audio/train/soundbank/foreground/Speech/77409.wav ; official train license TSV,unknown,clsdoa_v1,PRESENT,true,true,0.681814059,44100,1,0.144775391,-28.708061,0.000046589,0.000000000,0.369329520,0.430000000,AUTO_PASS,
desed:train:77415:clsdoa_v1_srcprep_v1,desed:train:77415,5,speech,transient,DESED isolated foreground,Speech,EXACT,77415,train,raw/desed/extracted/audio/train/soundbank/foreground/Speech/77415.wav,65cfa75f62e1909a2124b09c2443ee23049abf8462fb2e2a85026597c6056b73,44100,1,1.631043084,http://creativecommons.org/licenses/by-nc/3.0/,PER_RECORDING_METADATA,DESED_synth_soundbank.tar.gz; audio/train/soundbank/foreground/Speech/77415.wav ; official train license TSV,unknown,clsdoa_v1,PRESENT,true,true,1.631043084,44100,1,0.381866455,-24.440151,-0.000126846,0.000000000,0.634806545,0.595646259,AUTO_PASS,
desed:train:77420:clsdoa_v1_srcprep_v1,desed:train:77420,5,speech,transient,DESED isolated foreground,Speech,EXACT,77420,train,raw/desed/extracted/audio/train/soundbank/foreground/Speech/77420.wav,3d4ddb4035ecab10e622b141ec1d06617520c6a2e2fe80125401d9014675397f,44100,1,1.311496599,http://creativecommons.org/licenses/by-nc/3.0/,PER_RECORDING_METADATA,DESED_synth_soundbank.tar.gz; audio/train/soundbank/foreground/Speech/77420.wav ; official train license TSV,unknown,clsdoa_v1,PRESENT,true,true,1.311496599,44100,1,0.169708252,-30.335566,-0.000010456,0.000000000,0.544080779,0.597936508,AUTO_PASS,
desed:train:77422_0:clsdoa_v1_srcprep_v1,desed:train:77422,5,speech,transient,DESED isolated foreground,Speech,EXACT,77422,train,raw/desed/extracted/audio/train/soundbank/foreground/Speech/77422_0.wav,2214edca88937d4502ca4f4e519e16980cd54e8fd7b35727e4157ba3bf0e4e0a,44100,1,0.506530612,http://creativecommons.org/licenses/by-nc/3.0/,PER_RECORDING_METADATA,DESED_synth_soundbank.tar.gz; audio/train/soundbank/foreground/Speech/77422_0.wav ; official train license TSV,unknown,clsdoa_v1,PRESENT,true,true,0.506530612,44100,1,0.070892334,-34.355089,0.000132039,0.000000000,0.478735787,0.264036281,AUTO_PASS,
desed:train:77422_1:clsdoa_v1_srcprep_v1,desed:train:77422,5,speech,transient,DESED isolated foreground,Speech,EXACT,77422,train,raw/desed/extracted/audio/train/soundbank/foreground/Speech/77422_1.wav,c1c10f8b742c83e89d88663973c70e74edce7d3fe1b8cad7efe9f2e564dcca55,44100,1,2.431383220,http://creativecommons.org/licenses/by-nc/3.0/,PER_RECORDING_METADATA,DESED_synth_soundbank.tar.gz; audio/train/soundbank/foreground/Speech/77422_1.wav ; official train license TSV,unknown,clsdoa_v1,PRESENT,true,true,2.431383220,44100,1,0.341064453,-25.425813,0.000015264,0.000000000,0.607308065,0.954784580,AUTO_PASS,
desed:train:77423_0:clsdoa_v1_srcprep_v1,desed:train:77423,5,speech,transient,DESED isolated foreground,Speech,EXACT,77423,train,raw/desed/extracted/audio/train/soundbank/foreground/Speech/77423_0.wav,cf67cba161800222d55ebaf00971e90a16cc680aa500e7d47aebb8c5ff2bf41c,44100,1,0.765419501,http://creativecommons.org/licenses/by-nc/3.0/,PER_RECORDING_METADATA,DESED_synth_soundbank.tar.gz; audio/train/soundbank/foreground/Speech/77423_0.wav ; official train license TSV,unknown,clsdoa_v1,PRESENT,true,true,0.765419501,44100,1,0.627655029,-21.147403,0.000078609,0.000000000,0.707539624,0.223854875,AUTO_PASS,
desed:train:77423_1:clsdoa_v1_srcprep_v1,desed:train:77423,5,speech,transient,DESED isolated foreground,Speech,EXACT,77423,train,raw/desed/extracted/audio/train/soundbank/foreground/Speech/77423_1.wav,f221943d893bcbd94e2c7d0833a02b80948ffa89499a3338c833dfe5e8263e62,44100,1,1.379229025,http://creativecommons.org/licenses/by-nc/3.0/,PER_RECORDING_METADATA,DESED_synth_soundbank.tar.gz; audio/train/soundbank/foreground/Speech/77423_1.wav ; official train license TSV,unknown,clsdoa_v1,PRESENT,true,true,1.379229025,44100,1,0.441497803,-23.993850,0.000030185,0.000000000,0.648411811,0.484920635,AUTO_PASS,
desed:train:80190:clsdoa_v1_srcprep_v1,desed:train:80190,5,speech,transient,DESED isolated foreground,Speech,EXACT,80190,train,raw/desed/extracted/audio/train/soundbank/foreground/Speech/80190.wav,e66e9bff081419b1d7eaad48db0f2db2250a0cd054fced37a8ae9aa8062a33f4,44100,1,0.885034014,http://creativecommons.org/licenses/by/3.0/,PER_RECORDING_METADATA,DESED_synth_soundbank.tar.gz; audio/train/soundbank/foreground/Speech/80190.wav ; official train license TSV,unknown,clsdoa_v1,PRESENT,true,true,0.885034014,44100,1,0.583282471,-19.692605,-0.000070559,0.000000000,0.490596977,0.450839002,AUTO_PASS,
desed:train:80613:clsdoa_v1_srcprep_v1,desed:train:80613,5,speech,transient,DESED isolated foreground,Speech,EXACT,80613,train,raw/desed/extracted/audio/train/soundbank/foreground/Speech/80613.wav,9b0004ef64d7fc9b9c454c0ffa5db4449f5dc33a231cb08d348946e3e4816ea4,44100,1,1.890839002,http://creativecommons.org/licenses/by/3.0/,PER_RECORDING_METADATA,DESED_synth_soundbank.tar.gz; audio/train/soundbank/foreground/Speech/80613.wav ; official train license TSV,unknown,clsdoa_v1,PRESENT,true,true,1.890839002,44100,1,0.672210693,-15.379695,0.000002447,0.000000000,0.353200777,1.222993197,AUTO_PASS,
desed:train:81936:clsdoa_v1_srcprep_v1,desed:train:81936,5,speech,transient,DESED isolated foreground,Speech,EXACT,81936,train,raw/desed/extracted/audio/train/soundbank/foreground/Speech/81936.wav,14fdf11d0e99e8f3ec102f98fc1d1a5c8d308470345a4a4e07a222fed9834979,44100,1,1.251451247,http://creativecommons.org/licenses/by/3.0/,PER_RECORDING_METADATA,DESED_synth_soundbank.tar.gz; audio/train/soundbank/foreground/Speech/81936.wav ; official train license TSV,unknown,clsdoa_v1,PRESENT,true,true,1.251451247,44100,1,0.805999756,-24.217208,-0.000000223,0.000000000,0.876334052,0.154761905,AUTO_PASS,
desed:train:82788_0:clsdoa_v1_srcprep_v1,desed:train:82788,5,speech,transient,DESED isolated foreground,Speech,EXACT,82788,train,raw/desed/extracted/audio/train/soundbank/foreground/Speech/82788_0.wav,f6a679064cdf856a64a9cf2c62357e8cdd0c13f8a30abd726d9202a63ef90dca,44100,1,3.553378685,http://creativecommons.org/licenses/by/3.0/,PER_RECORDING_METADATA,DESED_synth_soundbank.tar.gz; audio/train/soundbank/foreground/Speech/82788_0.wav ; official train license TSV,unknown,clsdoa_v1,PRESENT,true,true,3.553378685,44100,1,0.378753662,-22.106591,0.000039762,0.000000000,0.511122881,1.737165533,AUTO_PASS,
desed:train:82788_1:clsdoa_v1_srcprep_v1,desed:train:82788,5,speech,transient,DESED isolated foreground,Speech,EXACT,82788,train,raw/desed/extracted/audio/train/soundbank/foreground/Speech/82788_1.wav,f107fb0d9d13e300d7fd1fad3270cd39eacf195d4ba99b07501925d884056fc1,44100,1,2.769160998,http://creativecommons.org/licenses/by/3.0/,PER_RECORDING_METADATA,DESED_synth_soundbank.tar.gz; audio/train/soundbank/foreground/Speech/82788_1.wav ; official train license TSV,unknown,clsdoa_v1,PRESENT,true,true,2.769160998,44100,1,0.628814697,-21.729918,0.000073194,0.000000000,0.495807403,1.396190476,AUTO_PASS,
desed:train:87687_0:clsdoa_v1_srcprep_v1,desed:train:87687,5,speech,transient,DESED isolated foreground,Speech,EXACT,87687,train,raw/desed/extracted/audio/train/soundbank/foreground/Speech/87687_0.wav,80555e8720f21838525ccc6d26ce7b9fc6df32218df8a24bc196aeaee2349a77,44100,1,1.111972789,http://creativecommons.org/licenses/sampling+/1.0/,PER_RECORDING_METADATA,DESED_synth_soundbank.tar.gz; audio/train/soundbank/foreground/Speech/87687_0.wav ; official train license TSV,unknown,clsdoa_v1,PRESENT,true,true,1.111972789,44100,1,0.239562988,-27.649187,-0.000086102,0.000000000,0.705187814,0.327823129,AUTO_PASS,
desed:train:87687_1:clsdoa_v1_srcprep_v1,desed:train:87687,5,speech,transient,DESED isolated foreground,Speech,EXACT,87687,train,raw/desed/extracted/audio/train/soundbank/foreground/Speech/87687_1.wav,2b1c9c7737ad08db6b31c2de04510cf93207da1118276480becc3f3b19e9dcb5,44100,1,0.458276644,http://creativecommons.org/licenses/sampling+/1.0/,PER_RECORDING_METADATA,DESED_synth_soundbank.tar.gz; audio/train/soundbank/foreground/Speech/87687_1.wav ; official train license TSV,unknown,clsdoa_v1,PRESENT,true,true,0.458276644,44100,1,0.102416992,-34.615102,0.000525778,0.000000000,0.591044038,0.187414966,AUTO_PASS,
desed:train:87687_2:clsdoa_v1_srcprep_v1,desed:train:87687,5,speech,transient,DESED isolated foreground,Speech,EXACT,87687,train,raw/desed/extracted/audio/train/soundbank/foreground/Speech/87687_2.wav,36f52825b9e470effff1f9df25198b38bbceed0f76a48a6678b4f55d3bf2304e,44100,1,0.338956916,http://creativecommons.org/licenses/sampling+/1.0/,PER_RECORDING_METADATA,DESED_synth_soundbank.tar.gz; audio/train/soundbank/foreground/Speech/87687_2.wav ; official train license TSV,unknown,clsdoa_v1,PRESENT,true,true,0.338956916,44100,1,0.132995605,-30.363450,-0.000420388,0.000000000,0.401592186,0.202834467,AUTO_PASS,
desed:train:87687_3:clsdoa_v1_srcprep_v1,desed:train:87687,5,speech,transient,DESED isolated foreground,Speech,EXACT,87687,train,raw/desed/extracted/audio/train/soundbank/foreground/Speech/87687_3.wav,94895b728bebcf108741c525c8341f9a96b48547255d6f02ceec12e0a3b1871f,44100,1,0.620226757,http://creativecommons.org/licenses/sampling+/1.0/,PER_RECORDING_METADATA,DESED_synth_soundbank.tar.gz; audio/train/soundbank/foreground/Speech/87687_3.wav ; official train license TSV,unknown,clsdoa_v1,PRESENT,true,true,0.620226757,44100,1,0.209564209,-28.372363,0.000434830,0.000000000,0.661011992,0.210249433,AUTO_PASS,
desed:train:87687_4:clsdoa_v1_srcprep_v1,desed:train:87687,5,speech,transient,DESED isolated foreground,Speech,EXACT,87687,train,raw/desed/extracted/audio/train/soundbank/foreground/Speech/87687_4.wav,c74373441790d98143efadff765254c0cf296a5c951fa94fdaf1cf9ccbe1b486,44100,1,0.831746032,http://creativecommons.org/licenses/sampling+/1.0/,PER_RECORDING_METADATA,DESED_synth_soundbank.tar.gz; audio/train/soundbank/foreground/Speech/87687_4.wav ; official train license TSV,unknown,clsdoa_v1,PRESENT,true,true,0.831746032,44100,1,0.297729492,-26.849870,-0.000009796,0.000000000,0.716984733,0.235396825,AUTO_PASS,
desed:train:87687_5:clsdoa_v1_srcprep_v1,desed:train:87687,5,speech,transient,DESED isolated foreground,Speech,EXACT,87687,train,raw/desed/extracted/audio/train/soundbank/foreground/Speech/87687_5.wav,817d036e048f17d9c2a9e513c9e389df51cd49ff30b056fc2181ca620d80c1ea,44100,1,0.650362812,http://creativecommons.org/licenses/sampling+/1.0/,PER_RECORDING_METADATA,DESED_synth_soundbank.tar.gz; audio/train/soundbank/foreground/Speech/87687_5.wav ; official train license TSV,unknown,clsdoa_v1,PRESENT,true,true,0.650362812,44100,1,0.249755859,-25.105103,0.000026630,0.000000000,0.467487187,0.346326531,AUTO_PASS,
desed:train:87687_6:clsdoa_v1_srcprep_v1,desed:train:87687,5,speech,transient,DESED isolated foreground,Speech,EXACT,87687,train,raw/desed/extracted/audio/train/soundbank/foreground/Speech/87687_6.wav,72847a844f632f3d988489b827446ef1ee2ee1b20615e5a68c8f138ebb2b15ec,44100,1,0.625782313,http://creativecommons.org/licenses/sampling+/1.0/,PER_RECORDING_METADATA,DESED_synth_soundbank.tar.gz; audio/train/soundbank/foreground/Speech/87687_6.wav ; official train license TSV,unknown,clsdoa_v1,PRESENT,true,true,0.625782313,44100,1,0.175628662,-28.444088,0.000090859,0.000000000,0.490560568,0.318798186,AUTO_PASS,
desed:train:87687_7:clsdoa_v1_srcprep_v1,desed:train:87687,5,speech,transient,DESED isolated foreground,Speech,EXACT,87687,train,raw/desed/extracted/audio/train/soundbank/foreground/Speech/87687_7.wav,0badeae484b17eef2c42e5aaa1e923b6e9a9cbbef8646a76ca3941c7660d02bd,44100,1,0.424716553,http://creativecommons.org/licenses/sampling+/1.0/,PER_RECORDING_METADATA,DESED_synth_soundbank.tar.gz; audio/train/soundbank/foreground/Speech/87687_7.wav ; official train license TSV,unknown,clsdoa_v1,PRESENT,true,true,0.424716553,44100,1,0.167236328,-31.261708,-0.000532068,0.000000000,0.719006941,0.119342404,AUTO_PASS,
desed:train:89312_0:clsdoa_v1_srcprep_v1,desed:train:89312,5,speech,transient,DESED isolated foreground,Speech,EXACT,89312,train,raw/desed/extracted/audio/train/soundbank/foreground/Speech/89312_0.wav,77d75b0f42f5ef11c533d7f84f50c13c5a5501299a35a87a91cf27c8a45280ad,44100,1,0.477052154,http://creativecommons.org/licenses/by/3.0/,PER_RECORDING_METADATA,DESED_synth_soundbank.tar.gz; audio/train/soundbank/foreground/Speech/89312_0.wav ; official train license TSV,unknown,clsdoa_v1,PRESENT,true,true,0.477052154,44100,1,0.161376953,-28.188658,0.000027702,0.000000000,0.530563742,0.223945578,AUTO_PASS,
desed:train:89312_1:clsdoa_v1_srcprep_v1,desed:train:89312,5,speech,transient,DESED isolated foreground,Speech,EXACT,89312,train,raw/desed/extracted/audio/train/soundbank/foreground/Speech/89312_1.wav,566ab8041962471dbdfca3f9d3a098026180ca8ab493cf6d170821c439951eaf,44100,1,0.434399093,http://creativecommons.org/licenses/by/3.0/,PER_RECORDING_METADATA,DESED_synth_soundbank.tar.gz; audio/train/soundbank/foreground/Speech/89312_1.wav ; official train license TSV,unknown,clsdoa_v1,PRESENT,true,true,0.434399093,44100,1,0.136505127,-29.628648,0.000002396,0.000000000,0.423552748,0.250408163,AUTO_PASS,
desed:train:91028:clsdoa_v1_srcprep_v1,desed:train:91028,5,speech,transient,DESED isolated foreground,Speech,EXACT,91028,train,raw/desed/extracted/audio/train/soundbank/foreground/Speech/91028.wav,0a9b45bf16adaa1ea3fe37a9dcd975ddab20c23559fad6132c024d1858dddc66,44100,1,2.924512472,http://creativecommons.org/licenses/by/3.0/,PER_RECORDING_METADATA,DESED_synth_soundbank.tar.gz; audio/train/soundbank/foreground/Speech/91028.wav ; official train license TSV,unknown,clsdoa_v1,PRESENT,true,true,2.924512472,44100,1,0.128784180,-29.792453,-0.000007368,0.000000000,0.406424700,1.735918367,AUTO_PASS,
desed:train:93363_0:clsdoa_v1_srcprep_v1,desed:train:93363,5,speech,transient,DESED isolated foreground,Speech,EXACT,93363,train,raw/desed/extracted/audio/train/soundbank/foreground/Speech/93363_0.wav,66ab17f93ba6d41d78fa7b035c9fb24436475530cb57eeb23b13bff061503dda,44100,1,0.634240363,http://creativecommons.org/licenses/by/3.0/,PER_RECORDING_METADATA,DESED_synth_soundbank.tar.gz; audio/train/soundbank/foreground/Speech/93363_0.wav ; official train license TSV,unknown,clsdoa_v1,PRESENT,true,true,0.634240363,44100,1,0.155029297,-27.168320,0.000003314,0.000000000,0.439685377,0.355374150,AUTO_PASS,
desed:train:93363_1:clsdoa_v1_srcprep_v1,desed:train:93363,5,speech,transient,DESED isolated foreground,Speech,EXACT,93363,train,raw/desed/extracted/audio/train/soundbank/foreground/Speech/93363_1.wav,d2f2f46aed3a1f9937853848efab2eb3617f6ff87d3d6db099bf4ec09f6cb65f,44100,1,0.169365079,http://creativecommons.org/licenses/by/3.0/,PER_RECORDING_METADATA,DESED_synth_soundbank.tar.gz; audio/train/soundbank/foreground/Speech/93363_1.wav ; official train license TSV,unknown,clsdoa_v1,PRESENT,true,true,0.169365079,44100,1,0.084899902,-40.983913,0.000007992,0.000000000,0.809077520,0.032335601,AUTO_FLAG,mostly_silence_or_low_activity
desed:train:93368_0:clsdoa_v1_srcprep_v1,desed:train:93368,5,speech,transient,DESED isolated foreground,Speech,EXACT,93368,train,raw/desed/extracted/audio/train/soundbank/foreground/Speech/93368_0.wav,ba31b660f646789ab3eb42704879fe2ce6d76c3b7349cb811a0199247e16a34a,44100,1,0.259002268,http://creativecommons.org/licenses/by/3.0/,PER_RECORDING_METADATA,DESED_synth_soundbank.tar.gz; audio/train/soundbank/foreground/Speech/93368_0.wav ; official train license TSV,unknown,clsdoa_v1,PRESENT,true,true,0.259002268,44100,1,0.218109131,-25.312050,-0.000027079,0.000000000,0.481001576,0.134421769,AUTO_PASS,
desed:train:93368_1:clsdoa_v1_srcprep_v1,desed:train:93368,5,speech,transient,DESED isolated foreground,Speech,EXACT,93368,train,raw/desed/extracted/audio/train/soundbank/foreground/Speech/93368_1.wav,8856258616d8221d9eda8356cdeacb1d5302c10237a8ed926ef1229752326309,44100,1,0.520544218,http://creativecommons.org/licenses/by/3.0/,PER_RECORDING_METADATA,DESED_synth_soundbank.tar.gz; audio/train/soundbank/foreground/Speech/93368_1.wav ; official train license TSV,unknown,clsdoa_v1,PRESENT,true,true,0.520544218,44100,1,0.151977539,-26.636075,-0.000013928,0.000000000,0.430562816,0.296417234,AUTO_PASS,
desed:train:93368_2:clsdoa_v1_srcprep_v1,desed:train:93368,5,speech,transient,DESED isolated foreground,Speech,EXACT,93368,train,raw/desed/extracted/audio/train/soundbank/foreground/Speech/93368_2.wav,eb574e22a57b58ba7ccee03916e2c4b1b59158e65a55e28a13b3544e025a50f9,44100,1,0.130453515,http://creativecommons.org/licenses/by/3.0/,PER_RECORDING_METADATA,DESED_synth_soundbank.tar.gz; audio/train/soundbank/foreground/Speech/93368_2.wav ; official train license TSV,unknown,clsdoa_v1,PRESENT,true,true,0.130453515,44100,1,0.151306152,-32.797795,-0.000021913,0.000000000,0.671128107,0.042902494,AUTO_FLAG,mostly_silence_or_low_activity
desed:train:93375_0:clsdoa_v1_srcprep_v1,desed:train:93375,5,speech,transient,DESED isolated foreground,Speech,EXACT,93375,train,raw/desed/extracted/audio/train/soundbank/foreground/Speech/93375_0.wav,f950cd86e5e4243945e30ebd2d463b04f21fe900b52459f367015779bb399b32,44100,1,1.534761905,http://creativecommons.org/licenses/by/3.0/,PER_RECORDING_METADATA,DESED_synth_soundbank.tar.gz; audio/train/soundbank/foreground/Speech/93375_0.wav ; official train license TSV,unknown,clsdoa_v1,PRESENT,true,true,1.534761905,44100,1,0.174072266,-26.315138,-0.000013166,0.000000000,0.399494703,0.921632653,AUTO_PASS,
desed:train:93375_1:clsdoa_v1_srcprep_v1,desed:train:93375,5,speech,transient,DESED isolated foreground,Speech,EXACT,93375,train,raw/desed/extracted/audio/train/soundbank/foreground/Speech/93375_1.wav,fef39363870ea89732e8983e1208afc9740518d5898a239f87d09276507bc649,44100,1,0.692312925,http://creativecommons.org/licenses/by/3.0/,PER_RECORDING_METADATA,DESED_synth_soundbank.tar.gz; audio/train/soundbank/foreground/Speech/93375_1.wav ; official train license TSV,unknown,clsdoa_v1,PRESENT,true,true,0.692312925,44100,1,0.182861328,-33.765122,0.000016295,0.000000000,0.807343356,0.133378685,AUTO_PASS,
desed:train:93379_0:clsdoa_v1_srcprep_v1,desed:train:93379,5,speech,transient,DESED isolated foreground,Speech,EXACT,93379,train,raw/desed/extracted/audio/train/soundbank/foreground/Speech/93379_0.wav,3ef6bd4fb2896b6f23d53c693e31d578aa98af75dab7be1789e5ef0b2a750300,44100,1,0.712721088,http://creativecommons.org/licenses/by/3.0/,PER_RECORDING_METADATA,DESED_synth_soundbank.tar.gz; audio/train/soundbank/foreground/Speech/93379_0.wav ; official train license TSV,unknown,clsdoa_v1,PRESENT,true,true,0.712721088,44100,1,0.189819336,-28.504241,-0.000016810,0.000000000,0.550666539,0.320249433,AUTO_PASS,
desed:train:93379_1:clsdoa_v1_srcprep_v1,desed:train:93379,5,speech,transient,DESED isolated foreground,Speech,EXACT,93379,train,raw/desed/extracted/audio/train/soundbank/foreground/Speech/93379_1.wav,9f1f49488a7baa25ebe54cc0812405ce10c4d30a40cdb4bd477e0732dc4fe329,44100,1,0.137482993,http://creativecommons.org/licenses/by/3.0/,PER_RECORDING_METADATA,DESED_synth_soundbank.tar.gz; audio/train/soundbank/foreground/Speech/93379_1.wav ; official train license TSV,unknown,clsdoa_v1,PRESENT,true,true,0.137482993,44100,1,0.168273926,-41.957332,0.000021639,0.000000000,0.971961075,0.003854875,AUTO_FLAG,mostly_silence_or_low_activity
desed:train:94393_0:clsdoa_v1_srcprep_v1,desed:train:94393,5,speech,transient,DESED isolated foreground,Speech,EXACT,94393,train,raw/desed/extracted/audio/train/soundbank/foreground/Speech/94393_0.wav,ab6d6b750b583c70e077aeb765e6d763d194e99dbffa5d96e4b1f83a1893986b,44100,1,1.393061224,http://creativecommons.org/licenses/by/3.0/,PER_RECORDING_METADATA,DESED_synth_soundbank.tar.gz; audio/train/soundbank/foreground/Speech/94393_0.wav ; official train license TSV,unknown,clsdoa_v1,PRESENT,true,true,1.393061224,44100,1,0.299011230,-25.204262,-0.000006508,0.000000000,0.580834717,0.583922902,AUTO_PASS,
desed:train:94393_1:clsdoa_v1_srcprep_v1,desed:train:94393,5,speech,transient,DESED isolated foreground,Speech,EXACT,94393,train,raw/desed/extracted/audio/train/soundbank/foreground/Speech/94393_1.wav,2bd14776fa2f30a7c7d587ea541dfb744ea15af8eea7e6c393a31671ec4611ba,44100,1,1.392267574,http://creativecommons.org/licenses/by/3.0/,PER_RECORDING_METADATA,DESED_synth_soundbank.tar.gz; audio/train/soundbank/foreground/Speech/94393_1.wav ; official train license TSV,unknown,clsdoa_v1,PRESENT,true,true,1.392267574,44100,1,0.240814209,-28.108837,-0.000000388,0.000000000,0.639749833,0.501564626,AUTO_PASS,
desed:train:95286:clsdoa_v1_srcprep_v1,desed:train:95286,5,speech,transient,DESED isolated foreground,Speech,EXACT,95286,train,raw/desed/extracted/audio/train/soundbank/foreground/Speech/95286.wav,76e172ccfc2150bb04f9e28acd154745dc4aa6992151fa8b67f31d5cc978faa8,44100,1,1.570181406,http://creativecommons.org/licenses/by/3.0/,PER_RECORDING_METADATA,DESED_synth_soundbank.tar.gz; audio/train/soundbank/foreground/Speech/95286.wav ; official train license TSV,unknown,clsdoa_v1,PRESENT,true,true,1.570181406,44100,1,0.297088623,-25.804044,0.000007386,0.000000000,0.630991407,0.579410431,AUTO_PASS,
desed:train:95786_0:clsdoa_v1_srcprep_v1,desed:train:95786,5,speech,transient,DESED isolated foreground,Speech,EXACT,95786,train,raw/desed/extracted/audio/train/soundbank/foreground/Speech/95786_0.wav,280592cb3848f2fb80ba2d402507e882e6c51606fdb3f062b12d47b65e9f6478,44100,1,0.722789116,http://creativecommons.org/licenses/by/3.0/,PER_RECORDING_METADATA,DESED_synth_soundbank.tar.gz; audio/train/soundbank/foreground/Speech/95786_0.wav ; official train license TSV,unknown,clsdoa_v1,PRESENT,true,true,0.722789116,44100,1,0.688262939,-14.345222,-0.000044448,0.000000000,0.340549020,0.476643991,AUTO_PASS,
desed:train:95786_1:clsdoa_v1_srcprep_v1,desed:train:95786,5,speech,transient,DESED isolated foreground,Speech,EXACT,95786,train,raw/desed/extracted/audio/train/soundbank/foreground/Speech/95786_1.wav,925d22196e87b7d695f06ccc188d2798156c99b53e05fce6a4e7bdd6e2f408ba,44100,1,0.632222222,http://creativecommons.org/licenses/by/3.0/,PER_RECORDING_METADATA,DESED_synth_soundbank.tar.gz; audio/train/soundbank/foreground/Speech/95786_1.wav ; official train license TSV,unknown,clsdoa_v1,PRESENT,true,true,0.632222222,44100,1,1.000000000,-14.112293,-0.000056993,0.000215200,0.434632904,0.357437642,AUTO_PASS,
desed:train:95786_2:clsdoa_v1_srcprep_v1,desed:train:95786,5,speech,transient,DESED isolated foreground,Speech,EXACT,95786,train,raw/desed/extracted/audio/train/soundbank/foreground/Speech/95786_2.wav,a1d5f44d887cd6ed1424d2d43a9a58d48a0e09deda9f315f73ab1b8e90018562,44100,1,1.183922902,http://creativecommons.org/licenses/by/3.0/,PER_RECORDING_METADATA,DESED_synth_soundbank.tar.gz; audio/train/soundbank/foreground/Speech/95786_2.wav ; official train license TSV,unknown,clsdoa_v1,PRESENT,true,true,1.183922902,44100,1,0.819458008,-15.417635,-0.000026577,0.000000000,0.476183180,0.620158730,AUTO_PASS,
desed:train:95800:clsdoa_v1_srcprep_v1,desed:train:95800,5,speech,transient,DESED isolated foreground,Speech,EXACT,95800,train,raw/desed/extracted/audio/train/soundbank/foreground/Speech/95800.wav,02efdffa362b18668ca54f15fbd0f4e33002041148fd04dec9fec6c8fdccf8c6,44100,1,1.523424036,http://creativecommons.org/licenses/by/3.0/,PER_RECORDING_METADATA,DESED_synth_soundbank.tar.gz; audio/train/soundbank/foreground/Speech/95800.wav ; official train license TSV,unknown,clsdoa_v1,PRESENT,true,true,1.523424036,44100,1,0.967498779,-15.957436,-0.000060332,0.000000000,0.578449905,0.642199546,AUTO_PASS,
desed:train:96543_0:clsdoa_v1_srcprep_v1,desed:train:96543,5,speech,transient,DESED isolated foreground,Speech,EXACT,96543,train,raw/desed/extracted/audio/train/soundbank/foreground/Speech/96543_0.wav,054bedbd0147afed0e2e885812771ed4a6e923ddd03303a12e25016495e2e906,44100,1,1.181020408,http://creativecommons.org/licenses/by/3.0/,PER_RECORDING_METADATA,DESED_synth_soundbank.tar.gz; audio/train/soundbank/foreground/Speech/96543_0.wav ; official train license TSV,unknown,clsdoa_v1,PRESENT,true,true,1.181020408,44100,1,0.250671387,-21.950429,0.000002177,0.000000000,0.303611543,0.822448980,AUTO_PASS,
desed:train:96543_1:clsdoa_v1_srcprep_v1,desed:train:96543,5,speech,transient,DESED isolated foreground,Speech,EXACT,96543,train,raw/desed/extracted/audio/train/soundbank/foreground/Speech/96543_1.wav,5ab3a069f3f9dc93cf024ca800fa2e445bb9cfd3e70f6e04f0c0fe2879c03327,44100,1,0.335759637,http://creativecommons.org/licenses/by/3.0/,PER_RECORDING_METADATA,DESED_synth_soundbank.tar.gz; audio/train/soundbank/foreground/Speech/96543_1.wav ; official train license TSV,unknown,clsdoa_v1,PRESENT,true,true,0.335759637,44100,1,0.264678955,-25.814360,-0.000005684,0.000000000,0.551901128,0.150453515,AUTO_PASS,
desed:train:96543_2:clsdoa_v1_srcprep_v1,desed:train:96543,5,speech,transient,DESED isolated foreground,Speech,EXACT,96543,train,raw/desed/extracted/audio/train/soundbank/foreground/Speech/96543_2.wav,cb5fc912fe5a3c642a185b12a8c0be6ca3ee6b8974d35a2781c09270eb6c1401,44100,1,0.169319728,http://creativecommons.org/licenses/by/3.0/,PER_RECORDING_METADATA,DESED_synth_soundbank.tar.gz; audio/train/soundbank/foreground/Speech/96543_2.wav ; official train license TSV,unknown,clsdoa_v1,PRESENT,true,true,0.169319728,44100,1,0.330780029,-25.002138,-0.000008869,0.000000000,0.709120129,0.049251701,AUTO_FLAG,mostly_silence_or_low_activity
desed:train:99464_0:clsdoa_v1_srcprep_v1,desed:train:99464,5,speech,transient,DESED isolated foreground,Speech,EXACT,99464,train,raw/desed/extracted/audio/train/soundbank/foreground/Speech/99464_0.wav,c177fd1746f065fa3e5b9c5908dc9af558f4b561b3a09fa8611be8dc33abfc4e,44100,1,2.131564626,http://creativecommons.org/licenses/by/3.0/,PER_RECORDING_METADATA,DESED_synth_soundbank.tar.gz; audio/train/soundbank/foreground/Speech/99464_0.wav ; official train license TSV,unknown,clsdoa_v1,PRESENT,true,true,2.131564626,44100,1,0.404632568,-23.564977,0.000032692,0.000000000,0.536786451,0.987369615,AUTO_PASS,
desed:train:99464_1:clsdoa_v1_srcprep_v1,desed:train:99464,5,speech,transient,DESED isolated foreground,Speech,EXACT,99464,train,raw/desed/extracted/audio/train/soundbank/foreground/Speech/99464_1.wav,88045f001e690e9bfa4598fe201c688b18c4d95d90385d3658bb4943a8af7b2b,44100,1,4.640430839,http://creativecommons.org/licenses/by/3.0/,PER_RECORDING_METADATA,DESED_synth_soundbank.tar.gz; audio/train/soundbank/foreground/Speech/99464_1.wav ; official train license TSV,unknown,clsdoa_v1,PRESENT,true,true,4.640430839,44100,1,0.611358643,-26.219080,0.000031169,0.000000000,0.815292974,0.857120181,AUTO_PASS,
desed:train:99464_2:clsdoa_v1_srcprep_v1,desed:train:99464,5,speech,transient,DESED isolated foreground,Speech,EXACT,99464,train,raw/desed/extracted/audio/train/soundbank/foreground/Speech/99464_2.wav,6d59eacf15aa0087c8268ad7da04efc3c7d2971d0e312d126749e6c3f632b649,44100,1,1.376303855,http://creativecommons.org/licenses/by/3.0/,PER_RECORDING_METADATA,DESED_synth_soundbank.tar.gz; audio/train/soundbank/foreground/Speech/99464_2.wav ; official train license TSV,unknown,clsdoa_v1,PRESENT,true,true,1.376303855,44100,1,0.257476807,-25.265174,0.000023155,0.000000000,0.539204218,0.634195011,AUTO_PASS,
desed:train:100210:clsdoa_v1_srcprep_v1,desed:train:100210,3,vacuum_cleaner,persistent,DESED isolated foreground,Vacuum_cleaner,EXACT,100210,train,raw/desed/extracted/audio/train/soundbank/foreground/Vacuum_cleaner/100210.wav,d7860b8c9bd6df9f75df07821ce87605d739731d9c3f40d2cfd21d8da37107d6,44100,1,29.013900227,http://creativecommons.org/licenses/by-nc/3.0/,PER_RECORDING_METADATA,DESED_synth_soundbank.tar.gz; audio/train/soundbank/foreground/Vacuum_cleaner/100210.wav ; official train license TSV,unknown,clsdoa_v1,PRESENT,true,true,29.013900227,44100,1,0.666351318,-17.716311,0.000316419,0.000000000,0.493077444,14.707800454,AUTO_PASS,
desed:train:117669:clsdoa_v1_srcprep_v1,desed:train:117669,3,vacuum_cleaner,persistent,DESED isolated foreground,Vacuum_cleaner,EXACT,117669,train,raw/desed/extracted/audio/train/soundbank/foreground/Vacuum_cleaner/117669.wav,120f08e1ed1788b7853fa75fecda4de96b6f599f5de4eb5b379d4471c4cbb919,44100,1,19.563514739,http://creativecommons.org/publicdomain/zero/1.0/,PER_RECORDING_METADATA,DESED_synth_soundbank.tar.gz; audio/train/soundbank/foreground/Vacuum_cleaner/117669.wav ; official train license TSV,unknown,clsdoa_v1,PRESENT,true,true,19.563514739,44100,1,1.000000000,-13.692184,0.000183306,0.000025500,0.473084355,10.308321995,AUTO_PASS,
desed:train:141681:clsdoa_v1_srcprep_v1,desed:train:141681,3,vacuum_cleaner,persistent,DESED isolated foreground,Vacuum_cleaner,EXACT,141681,train,raw/desed/extracted/audio/train/soundbank/foreground/Vacuum_cleaner/141681.wav,bf2fe2497dd91c91c46afd6add5f183615b0d85b1aa87c1c9a1a87ae911b1d35,44100,1,38.993265306,http://creativecommons.org/publicdomain/zero/1.0/,PER_RECORDING_METADATA,DESED_synth_soundbank.tar.gz; audio/train/soundbank/foreground/Vacuum_cleaner/141681.wav ; official train license TSV,unknown,clsdoa_v1,PRESENT,true,true,38.993265306,44100,1,1.000000000,-11.500148,-0.000177959,0.005092454,0.388571083,23.841609977,AUTO_PASS,
desed:train:141681_0:clsdoa_v1_srcprep_v1,desed:train:141681,3,vacuum_cleaner,persistent,DESED isolated foreground,Vacuum_cleaner,EXACT,141681,train,raw/desed/extracted/audio/train/soundbank/foreground/Vacuum_cleaner/141681_0.wav,0182142fe2b63cc5cb438d631f76dd68b0f8bbfd16c85c034bbcf71ce9f6d00c,44100,1,0.389206349,http://creativecommons.org/publicdomain/zero/1.0/,PER_RECORDING_METADATA,DESED_synth_soundbank.tar.gz; audio/train/soundbank/foreground/Vacuum_cleaner/141681_0.wav ; official train license TSV,unknown,clsdoa_v1,PRESENT,true,true,0.389206349,44100,1,0.015106201,-48.733260,-0.000088715,0.000000000,0.361570729,0.248480726,AUTO_PASS,
desed:train:141681_1:clsdoa_v1_srcprep_v1,desed:train:141681,3,vacuum_cleaner,persistent,DESED isolated foreground,Vacuum_cleaner,EXACT,141681,train,raw/desed/extracted/audio/train/soundbank/foreground/Vacuum_cleaner/141681_1.wav,9f3edc0e6a27a5d78d40639d3f6bba4150ed04bad7b0249d999ab6a77becc66f,44100,1,39.171678005,http://creativecommons.org/publicdomain/zero/1.0/,PER_RECORDING_METADATA,DESED_synth_soundbank.tar.gz; audio/train/soundbank/foreground/Vacuum_cleaner/141681_1.wav ; official train license TSV,unknown,clsdoa_v1,PRESENT,true,true,39.171678005,44100,1,0.623748779,-22.392474,-0.000063725,0.000000000,0.681896252,12.460657596,AUTO_PASS,
desed:train:141682:clsdoa_v1_srcprep_v1,desed:train:141682,3,vacuum_cleaner,persistent,DESED isolated foreground,Vacuum_cleaner,EXACT,141682,train,raw/desed/extracted/audio/train/soundbank/foreground/Vacuum_cleaner/141682.wav,208f936641231d64919f20da1dd14caa8e4edad4163b28c221c1b0697e7ab51a,44100,1,31.493605442,http://creativecommons.org/publicdomain/zero/1.0/,PER_RECORDING_METADATA,DESED_synth_soundbank.tar.gz; audio/train/soundbank/foreground/Vacuum_cleaner/141682.wav ; official train license TSV,unknown,clsdoa_v1,PRESENT,true,true,31.493605442,44100,1,0.771301270,-17.785654,-0.000077083,0.000000000,0.501762587,15.691292517,AUTO_PASS,
desed:train:144873:clsdoa_v1_srcprep_v1,desed:train:144873,3,vacuum_cleaner,persistent,DESED isolated foreground,Vacuum_cleaner,EXACT,144873,train,raw/desed/extracted/audio/train/soundbank/foreground/Vacuum_cleaner/144873.wav,14479aab6268f0dbd6d10c114983da3781036799da6b088bdaf0a8ac18f32c41,44100,1,13.428571429,http://creativecommons.org/publicdomain/zero/1.0/,PER_RECORDING_METADATA,DESED_synth_soundbank.tar.gz; audio/train/soundbank/foreground/Vacuum_cleaner/144873.wav ; official train license TSV,unknown,clsdoa_v1,PRESENT,true,true,13.428571429,44100,1,0.636840820,-25.078401,-0.000029627,0.000000000,0.812242486,2.521315193,AUTO_PASS,
desed:train:152020_0:clsdoa_v1_srcprep_v1,desed:train:152020,3,vacuum_cleaner,persistent,DESED isolated foreground,Vacuum_cleaner,EXACT,152020,train,raw/desed/extracted/audio/train/soundbank/foreground/Vacuum_cleaner/152020_0.wav,3a37a4f4e23bc8570759b3490908bb0ab5764d52624385db84cbdfa19d19fa36,44100,1,4.297845805,http://creativecommons.org/publicdomain/zero/1.0/,PER_RECORDING_METADATA,DESED_synth_soundbank.tar.gz; audio/train/soundbank/foreground/Vacuum_cleaner/152020_0.wav ; official train license TSV,unknown,clsdoa_v1,PRESENT,true,true,4.297845805,44100,1,0.965057373,-13.169347,0.000503680,0.000000000,0.528356240,2.027052154,AUTO_PASS,
desed:train:152020_1:clsdoa_v1_srcprep_v1,desed:train:152020,3,vacuum_cleaner,persistent,DESED isolated foreground,Vacuum_cleaner,EXACT,152020,train,raw/desed/extracted/audio/train/soundbank/foreground/Vacuum_cleaner/152020_1.wav,fd1312f6ad3c4533a957487df8aed3839aeddab65ab332125ae134c95b1dbf87,44100,1,19.207777778,http://creativecommons.org/publicdomain/zero/1.0/,PER_RECORDING_METADATA,DESED_synth_soundbank.tar.gz; audio/train/soundbank/foreground/Vacuum_cleaner/152020_1.wav ; official train license TSV,unknown,clsdoa_v1,PRESENT,true,true,19.207777778,44100,1,0.999511719,-10.875136,0.000484292,0.000001181,0.313733453,13.181655329,AUTO_PASS,
desed:train:152020_2:clsdoa_v1_srcprep_v1,desed:train:152020,3,vacuum_cleaner,persistent,DESED isolated foreground,Vacuum_cleaner,EXACT,152020,train,raw/desed/extracted/audio/train/soundbank/foreground/Vacuum_cleaner/152020_2.wav,086148639bbf7bf22ee20f22acbabbd504cf9c47058d38d18c5498916c03d9cd,44100,1,4.108185941,http://creativecommons.org/publicdomain/zero/1.0/,PER_RECORDING_METADATA,DESED_synth_soundbank.tar.gz; audio/train/soundbank/foreground/Vacuum_cleaner/152020_2.wav ; official train license TSV,unknown,clsdoa_v1,PRESENT,true,true,4.108185941,44100,1,0.759674072,-18.004554,0.000102005,0.000000000,0.587870023,1.693106576,AUTO_PASS,
desed:train:152020_3:clsdoa_v1_srcprep_v1,desed:train:152020,3,vacuum_cleaner,persistent,DESED isolated foreground,Vacuum_cleaner,EXACT,152020,train,raw/desed/extracted/audio/train/soundbank/foreground/Vacuum_cleaner/152020_3.wav,4ee6cfabbb65b55af6e2855674d80dc27d220ebca9a7ffd51170a952ae57cb09,44100,1,19.091111111,http://creativecommons.org/publicdomain/zero/1.0/,PER_RECORDING_METADATA,DESED_synth_soundbank.tar.gz; audio/train/soundbank/foreground/Vacuum_cleaner/152020_3.wav ; official train license TSV,unknown,clsdoa_v1,PRESENT,true,true,19.091111111,44100,1,0.838043213,-16.059402,0.000105297,0.000000000,0.426726831,10.944421769,AUTO_PASS,
desed:train:159346:clsdoa_v1_srcprep_v1,desed:train:159346,3,vacuum_cleaner,persistent,DESED isolated foreground,Vacuum_cleaner,EXACT,159346,train,raw/desed/extracted/audio/train/soundbank/foreground/Vacuum_cleaner/159346.wav,85011aa03ce62701edef2f8ddb3d4b8bd862a50fc094915b3fdb9abab20d17ef,44100,1,29.380907029,http://creativecommons.org/publicdomain/zero/1.0/,PER_RECORDING_METADATA,DESED_synth_soundbank.tar.gz; audio/train/soundbank/foreground/Vacuum_cleaner/159346.wav ; official train license TSV,unknown,clsdoa_v1,PRESENT,true,true,29.380907029,44100,1,0.539276123,-25.361682,0.000023630,0.000000000,0.710468798,8.506689342,AUTO_PASS,
desed:train:159347:clsdoa_v1_srcprep_v1,desed:train:159347,3,vacuum_cleaner,persistent,DESED isolated foreground,Vacuum_cleaner,EXACT,159347,train,raw/desed/extracted/audio/train/soundbank/foreground/Vacuum_cleaner/159347.wav,2ff2b3900a35635afac914e1787b3f88cb29626686cd8d8405be6522638e68bd,44100,1,32.288321995,http://creativecommons.org/publicdomain/zero/1.0/,PER_RECORDING_METADATA,DESED_synth_soundbank.tar.gz; audio/train/soundbank/foreground/Vacuum_cleaner/159347.wav ; official train license TSV,unknown,clsdoa_v1,PRESENT,true,true,32.288321995,44100,1,0.723541260,-26.086053,0.000026971,0.000000000,0.866132459,4.322358277,AUTO_PASS,
desed:train:159348:clsdoa_v1_srcprep_v1,desed:train:159348,3,vacuum_cleaner,persistent,DESED isolated foreground,Vacuum_cleaner,EXACT,159348,train,raw/desed/extracted/audio/train/soundbank/foreground/Vacuum_cleaner/159348.wav,8af8978502e3b34aa47942d75970ba0dda043749f1241d4778ac9dfd78555375,44100,1,57.606938776,http://creativecommons.org/publicdomain/zero/1.0/,PER_RECORDING_METADATA,DESED_synth_soundbank.tar.gz; audio/train/soundbank/foreground/Vacuum_cleaner/159348.wav ; official train license TSV,unknown,clsdoa_v1,PRESENT,true,true,57.606938776,44100,1,0.407470703,-34.088948,0.000023226,0.000000000,0.949919818,2.884965986,AUTO_PASS,
desed:train:172732:clsdoa_v1_srcprep_v1,desed:train:172732,3,vacuum_cleaner,persistent,DESED isolated foreground,Vacuum_cleaner,EXACT,172732,train,raw/desed/extracted/audio/train/soundbank/foreground/Vacuum_cleaner/172732.wav,28f403be96d614b87d4a239b5e4a5596451da8d7e65afb7501e5c5719572667a,44100,1,11.181179138,http://creativecommons.org/licenses/by/3.0/,PER_RECORDING_METADATA,DESED_synth_soundbank.tar.gz; audio/train/soundbank/foreground/Vacuum_cleaner/172732.wav ; official train license TSV,unknown,clsdoa_v1,PRESENT,true,true,11.181179138,44100,1,0.712615967,-19.959139,0.000055778,0.000000000,0.535009836,5.199138322,AUTO_PASS,
desed:train:172733:clsdoa_v1_srcprep_v1,desed:train:172733,3,vacuum_cleaner,persistent,DESED isolated foreground,Vacuum_cleaner,EXACT,172733,train,raw/desed/extracted/audio/train/soundbank/foreground/Vacuum_cleaner/172733.wav,7e5978425f95f161113cfdb9c555ed10b516ba47acef0f20ec58295d0d108952,44100,1,10.042879819,http://creativecommons.org/licenses/by/3.0/,PER_RECORDING_METADATA,DESED_synth_soundbank.tar.gz; audio/train/soundbank/foreground/Vacuum_cleaner/172733.wav ; official train license TSV,unknown,clsdoa_v1,PRESENT,true,true,10.042879819,44100,1,1.000000000,-15.864994,0.000079879,0.000020321,0.489346137,5.128435374,AUTO_PASS,
desed:train:178255:clsdoa_v1_srcprep_v1,desed:train:178255,3,vacuum_cleaner,persistent,DESED isolated foreground,Vacuum_cleaner,EXACT,178255,train,raw/desed/extracted/audio/train/soundbank/foreground/Vacuum_cleaner/178255.wav,f43cf51606ca176d2fb82c57f1ecadb960a7831bd3d953c44d8aeb48a0d4fc22,44100,1,38.344716553,http://creativecommons.org/publicdomain/zero/1.0/,PER_RECORDING_METADATA,DESED_synth_soundbank.tar.gz; audio/train/soundbank/foreground/Vacuum_cleaner/178255.wav ; official train license TSV,unknown,clsdoa_v1,PRESENT,true,true,38.344716553,44100,1,0.725982666,-20.320226,-0.000068853,0.000000000,0.703075455,11.385487528,AUTO_PASS,
desed:train:178256:clsdoa_v1_srcprep_v1,desed:train:178256,3,vacuum_cleaner,persistent,DESED isolated foreground,Vacuum_cleaner,EXACT,178256,train,raw/desed/extracted/audio/train/soundbank/foreground/Vacuum_cleaner/178256.wav,f488e16f69a900e99e7dc2c7d85dc27ce0bbb989871a542804670e97c65326ae,44100,1,46.083877551,http://creativecommons.org/publicdomain/zero/1.0/,PER_RECORDING_METADATA,DESED_synth_soundbank.tar.gz; audio/train/soundbank/foreground/Vacuum_cleaner/178256.wav ; official train license TSV,unknown,clsdoa_v1,PRESENT,true,true,46.083877551,44100,1,0.484527588,-20.875974,-0.000069904,0.000000000,0.538155557,21.283582766,AUTO_PASS,
desed:train:181999:clsdoa_v1_srcprep_v1,desed:train:181999,3,vacuum_cleaner,persistent,DESED isolated foreground,Vacuum_cleaner,EXACT,181999,train,raw/desed/extracted/audio/train/soundbank/foreground/Vacuum_cleaner/181999.wav,66fb7c3dd454e3e251a45b1f733c7953c6dc06240fc18968cac9bcdb7ad78a92,44100,1,37.312154195,http://creativecommons.org/publicdomain/zero/1.0/,PER_RECORDING_METADATA,DESED_synth_soundbank.tar.gz; audio/train/soundbank/foreground/Vacuum_cleaner/181999.wav ; official train license TSV,unknown,clsdoa_v1,PRESENT,true,true,37.312154195,44100,1,0.770202637,-17.907030,-0.005540007,0.000000000,0.558532355,16.472108844,AUTO_PASS,
desed:train:182007:clsdoa_v1_srcprep_v1,desed:train:182007,3,vacuum_cleaner,persistent,DESED isolated foreground,Vacuum_cleaner,EXACT,182007,train,raw/desed/extracted/audio/train/soundbank/foreground/Vacuum_cleaner/182007.wav,e2429afa53e72c97d6aacbdefb5c56b2499aa38742bef56e687f929cc9fdaaa0,44100,1,43.308344671,http://creativecommons.org/publicdomain/zero/1.0/,PER_RECORDING_METADATA,DESED_synth_soundbank.tar.gz; audio/train/soundbank/foreground/Vacuum_cleaner/182007.wav ; official train license TSV,unknown,clsdoa_v1,PRESENT,true,true,43.308344671,44100,1,0.656005859,-19.759386,-0.002132195,0.000000000,0.511374429,21.161564626,AUTO_PASS,
desed:train:182009:clsdoa_v1_srcprep_v1,desed:train:182009,3,vacuum_cleaner,persistent,DESED isolated foreground,Vacuum_cleaner,EXACT,182009,train,raw/desed/extracted/audio/train/soundbank/foreground/Vacuum_cleaner/182009.wav,07dd79a60f12adb9616763939026a54e4213efc57af299f736d344540310a155,44100,1,35.711587302,http://creativecommons.org/publicdomain/zero/1.0/,PER_RECORDING_METADATA,DESED_synth_soundbank.tar.gz; audio/train/soundbank/foreground/Vacuum_cleaner/182009.wav ; official train license TSV,unknown,clsdoa_v1,PRESENT,true,true,35.711587302,44100,1,0.913238525,-14.146773,-0.002722874,0.000000000,0.423401514,20.591247166,AUTO_PASS,
desed:train:182010:clsdoa_v1_srcprep_v1,desed:train:182010,3,vacuum_cleaner,persistent,DESED isolated foreground,Vacuum_cleaner,EXACT,182010,train,raw/desed/extracted/audio/train/soundbank/foreground/Vacuum_cleaner/182010.wav,523b67b76d153fb8d563550a752f1786cf14d0f6b945209b8d1d44b2186a4136,44100,1,42.074512472,http://creativecommons.org/publicdomain/zero/1.0/,PER_RECORDING_METADATA,DESED_synth_soundbank.tar.gz; audio/train/soundbank/foreground/Vacuum_cleaner/182010.wav ; official train license TSV,unknown,clsdoa_v1,PRESENT,true,true,42.074512472,44100,1,0.892395020,-14.971780,-0.002527828,0.000000000,0.441426667,23.501700680,AUTO_PASS,
desed:train:182012:clsdoa_v1_srcprep_v1,desed:train:182012,3,vacuum_cleaner,persistent,DESED isolated foreground,Vacuum_cleaner,EXACT,182012,train,raw/desed/extracted/audio/train/soundbank/foreground/Vacuum_cleaner/182012.wav,d20e8f047a2972a6b0a8604dd638e491358bee0dbee253887f9c2eb0c410bdc4,44100,1,60.975850340,http://creativecommons.org/publicdomain/zero/1.0/,PER_RECORDING_METADATA,DESED_synth_soundbank.tar.gz; audio/train/soundbank/foreground/Vacuum_cleaner/182012.wav ; official train license TSV,unknown,clsdoa_v1,PRESENT,true,true,60.975850340,44100,1,0.882598877,-14.370994,-0.002641894,0.000000000,0.378514225,37.895623583,AUTO_PASS,
desed:train:188365:clsdoa_v1_srcprep_v1,desed:train:188365,3,vacuum_cleaner,persistent,DESED isolated foreground,Vacuum_cleaner,EXACT,188365,train,raw/desed/extracted/audio/train/soundbank/foreground/Vacuum_cleaner/188365.wav,c92294898c4711e1f00de3e1d44cdcbe7413ffe741712ed2f8609772c06ca9e7,44100,1,45.114489796,http://creativecommons.org/licenses/by-nc/3.0/,PER_RECORDING_METADATA,DESED_synth_soundbank.tar.gz; audio/train/soundbank/foreground/Vacuum_cleaner/188365.wav ; official train license TSV,unknown,clsdoa_v1,PRESENT,true,true,45.114489796,44100,1,0.688903809,-16.716335,0.000042881,0.000000000,0.387286264,27.642267574,AUTO_PASS,
desed:train:194680:clsdoa_v1_srcprep_v1,desed:train:194680,3,vacuum_cleaner,persistent,DESED isolated foreground,Vacuum_cleaner,EXACT,194680,train,raw/desed/extracted/audio/train/soundbank/foreground/Vacuum_cleaner/194680.wav,437c049cf2e2ecc7563311de4834b24828ad68a64cb25f3a9e283d808f03a948,44100,1,40.911111111,http://creativecommons.org/publicdomain/zero/1.0/,PER_RECORDING_METADATA,DESED_synth_soundbank.tar.gz; audio/train/soundbank/foreground/Vacuum_cleaner/194680.wav ; official train license TSV,unknown,clsdoa_v1,PRESENT,true,true,40.911111111,44100,1,0.512451172,-20.238203,0.000079444,0.000000000,0.464530701,21.906643991,AUTO_PASS,
desed:train:195835:clsdoa_v1_srcprep_v1,desed:train:195835,3,vacuum_cleaner,persistent,DESED isolated foreground,Vacuum_cleaner,EXACT,195835,train,raw/desed/extracted/audio/train/soundbank/foreground/Vacuum_cleaner/195835.wav,56480e49caa90f0c1d21fd05d93024d84e7097a731314dae5e99b81fe5802bc9,44100,1,39.705464853,http://creativecommons.org/publicdomain/zero/1.0/,PER_RECORDING_METADATA,DESED_synth_soundbank.tar.gz; audio/train/soundbank/foreground/Vacuum_cleaner/195835.wav ; official train license TSV,unknown,clsdoa_v1,PRESENT,true,true,39.705464853,44100,1,0.606201172,-22.737036,-0.000052838,0.000000000,0.670958663,13.064739229,AUTO_PASS,
desed:train:19840:clsdoa_v1_srcprep_v1,desed:train:19840,3,vacuum_cleaner,persistent,DESED isolated foreground,Vacuum_cleaner,EXACT,19840,train,raw/desed/extracted/audio/train/soundbank/foreground/Vacuum_cleaner/19840.wav,3090cfd9354fca758ac8f7e4fa5b91a2cda0ddc69d2c25148ad0e13a289a0319,44100,1,47.026507937,http://creativecommons.org/licenses/by/3.0/,PER_RECORDING_METADATA,DESED_synth_soundbank.tar.gz; audio/train/soundbank/foreground/Vacuum_cleaner/19840.wav ; official train license TSV,unknown,clsdoa_v1,PRESENT,true,true,47.026507937,44100,1,0.999969482,-31.499155,-0.000660889,0.000000482,0.999595442,0.019024943,AUTO_FLAG,mostly_silence_or_low_activity
desed:train:19872:clsdoa_v1_srcprep_v1,desed:train:19872,3,vacuum_cleaner,persistent,DESED isolated foreground,Vacuum_cleaner,EXACT,19872,train,raw/desed/extracted/audio/train/soundbank/foreground/Vacuum_cleaner/19872.wav,d437b6cc2da5e46fc9ceef7e4db3488120e3e14d07c923026e32613d48e84752,44100,1,80.808707483,http://creativecommons.org/licenses/by/3.0/,PER_RECORDING_METADATA,DESED_synth_soundbank.tar.gz; audio/train/soundbank/foreground/Vacuum_cleaner/19872.wav ; official train license TSV,unknown,clsdoa_v1,PRESENT,true,true,80.808707483,44100,1,0.999969482,-22.065159,-0.001765841,0.000000281,0.796655914,16.431972789,AUTO_PASS,
desed:train:205693_0:clsdoa_v1_srcprep_v1,desed:train:205693,3,vacuum_cleaner,persistent,DESED isolated foreground,Vacuum_cleaner,EXACT,205693,train,raw/desed/extracted/audio/train/soundbank/foreground/Vacuum_cleaner/205693_0.wav,5b5a09cfa171fc980d7fe31c5b6ddeb4acc93483ef3ed7b47e9b31a9e3cb3b9f,44100,1,31.249795918,http://creativecommons.org/publicdomain/zero/1.0/,PER_RECORDING_METADATA,DESED_synth_soundbank.tar.gz; audio/train/soundbank/foreground/Vacuum_cleaner/205693_0.wav ; official train license TSV,unknown,clsdoa_v1,PRESENT,true,true,31.249795918,44100,1,0.729644775,-23.807664,-0.000000805,0.000000000,0.766499337,7.296848073,AUTO_PASS,
desed:train:205693_1:clsdoa_v1_srcprep_v1,desed:train:205693,3,vacuum_cleaner,persistent,DESED isolated foreground,Vacuum_cleaner,EXACT,205693,train,raw/desed/extracted/audio/train/soundbank/foreground/Vacuum_cleaner/205693_1.wav,3eb76c6b3f5f6b10426fa9d6c7466f123039b144f6a71ca300c29e96ec79110b,44100,1,14.694829932,http://creativecommons.org/publicdomain/zero/1.0/,PER_RECORDING_METADATA,DESED_synth_soundbank.tar.gz; audio/train/soundbank/foreground/Vacuum_cleaner/205693_1.wav ; official train license TSV,unknown,clsdoa_v1,PRESENT,true,true,14.694829932,44100,1,0.602386475,-23.113784,-0.000000514,0.000000000,0.646078495,5.200816327,AUTO_PASS,
desed:train:212054:clsdoa_v1_srcprep_v1,desed:train:212054,3,vacuum_cleaner,persistent,DESED isolated foreground,Vacuum_cleaner,EXACT,212054,train,raw/desed/extracted/audio/train/soundbank/foreground/Vacuum_cleaner/212054.wav,1ab8ac3e6647d198ea1712df291b5ef970652f61a91ad75e3a5e2f6538341d41,44100,1,12.207052154,http://creativecommons.org/licenses/by/3.0/,PER_RECORDING_METADATA,DESED_synth_soundbank.tar.gz; audio/train/soundbank/foreground/Vacuum_cleaner/212054.wav ; official train license TSV,unknown,clsdoa_v1,PRESENT,true,true,12.207052154,44100,1,0.814788818,-15.561681,0.000066514,0.000000000,0.403946642,7.276054422,AUTO_PASS,
desed:train:212059:clsdoa_v1_srcprep_v1,desed:train:212059,3,vacuum_cleaner,persistent,DESED isolated foreground,Vacuum_cleaner,EXACT,212059,train,raw/desed/extracted/audio/train/soundbank/foreground/Vacuum_cleaner/212059.wav,9ae33f636d3f569db35fdc37ed444ed6478fd2d8d4d10d7fd7e8af32f304bf07,44100,1,12.211791383,http://creativecommons.org/licenses/by/3.0/,PER_RECORDING_METADATA,DESED_synth_soundbank.tar.gz; audio/train/soundbank/foreground/Vacuum_cleaner/212059.wav ; official train license TSV,unknown,clsdoa_v1,PRESENT,true,true,12.211791383,44100,1,0.678283691,-17.452315,0.000053944,0.000000000,0.414102945,7.154852608,AUTO_PASS,
desed:train:213567:clsdoa_v1_srcprep_v1,desed:train:213567,3,vacuum_cleaner,persistent,DESED isolated foreground,Vacuum_cleaner,EXACT,213567,train,raw/desed/extracted/audio/train/soundbank/foreground/Vacuum_cleaner/213567.wav,a1ce4a2729f933eb45c344c62af43b39ece40bfde8762b6c60e873ce31bf6fa0,44100,1,5.573560091,http://creativecommons.org/publicdomain/zero/1.0/,PER_RECORDING_METADATA,DESED_synth_soundbank.tar.gz; audio/train/soundbank/foreground/Vacuum_cleaner/213567.wav ; official train license TSV,unknown,clsdoa_v1,PRESENT,true,true,5.573560091,44100,1,0.318908691,-23.714473,0.000051376,0.000000000,0.406352474,3.308730159,AUTO_PASS,
desed:train:231551:clsdoa_v1_srcprep_v1,desed:train:231551,3,vacuum_cleaner,persistent,DESED isolated foreground,Vacuum_cleaner,EXACT,231551,train,raw/desed/extracted/audio/train/soundbank/foreground/Vacuum_cleaner/231551.wav,2a03b698a6ddcc8ed5d5df993b30e6e327cc44622e28c85e8ca9701264fe0aed,44100,1,17.838163265,http://creativecommons.org/licenses/by/3.0/,PER_RECORDING_METADATA,DESED_synth_soundbank.tar.gz; audio/train/soundbank/foreground/Vacuum_cleaner/231551.wav ; official train license TSV,unknown,clsdoa_v1,PRESENT,true,true,17.838163265,44100,1,0.912750244,-19.685950,-0.000551523,0.000000000,0.762972200,4.228140590,AUTO_PASS,
desed:train:241265:clsdoa_v1_srcprep_v1,desed:train:241265,3,vacuum_cleaner,persistent,DESED isolated foreground,Vacuum_cleaner,EXACT,241265,train,raw/desed/extracted/audio/train/soundbank/foreground/Vacuum_cleaner/241265.wav,92147eb6df27666b7a9dc370c72482253d0d7716b90c22b2475e8c3090085604,44100,1,18.998616780,http://creativecommons.org/licenses/by/3.0/,PER_RECORDING_METADATA,DESED_synth_soundbank.tar.gz; audio/train/soundbank/foreground/Vacuum_cleaner/241265.wav ; official train license TSV,unknown,clsdoa_v1,PRESENT,true,true,18.998616780,44100,1,0.880706787,-16.501616,0.000035924,0.000000000,0.511334517,9.283968254,AUTO_PASS,
desed:train:249575:clsdoa_v1_srcprep_v1,desed:train:249575,3,vacuum_cleaner,persistent,DESED isolated foreground,Vacuum_cleaner,EXACT,249575,train,raw/desed/extracted/audio/train/soundbank/foreground/Vacuum_cleaner/249575.wav,b8fc56e95ec37306fed4e1bbbd3393342e38d64344273dfcc6d9333aaf3a5403,44100,1,19.384625850,http://creativecommons.org/publicdomain/zero/1.0/,PER_RECORDING_METADATA,DESED_synth_soundbank.tar.gz; audio/train/soundbank/foreground/Vacuum_cleaner/249575.wav ; official train license TSV,unknown,clsdoa_v1,PRESENT,true,true,19.384625850,44100,1,0.209716797,-33.516705,-0.000000046,0.000000000,0.726079765,5.309841270,AUTO_PASS,
desed:train:30215:clsdoa_v1_srcprep_v1,desed:train:30215,3,vacuum_cleaner,persistent,DESED isolated foreground,Vacuum_cleaner,EXACT,30215,train,raw/desed/extracted/audio/train/soundbank/foreground/Vacuum_cleaner/30215.wav,05b9baedb8abcacfb7541d59803371b84171079f0413e3ff55148e1d7977381e,44100,1,32.080952381,http://creativecommons.org/licenses/by/3.0/,PER_RECORDING_METADATA,DESED_synth_soundbank.tar.gz; audio/train/soundbank/foreground/Vacuum_cleaner/30215.wav ; official train license TSV,unknown,clsdoa_v1,PRESENT,true,true,32.080952381,44100,1,0.321960449,-24.866577,-0.000000403,0.000000000,0.509202909,15.745238095,AUTO_PASS,
desed:train:328908:clsdoa_v1_srcprep_v1,desed:train:328908,3,vacuum_cleaner,persistent,DESED isolated foreground,Vacuum_cleaner,EXACT,328908,train,raw/desed/extracted/audio/train/soundbank/foreground/Vacuum_cleaner/328908.wav,b082f32cac50e72035b5518da4c0d64bb8ca0749903b0a8a10dc04890bf15608,44100,1,17.724535147,http://creativecommons.org/licenses/by-nc/3.0/,PER_RECORDING_METADATA,DESED_synth_soundbank.tar.gz; audio/train/soundbank/foreground/Vacuum_cleaner/328908.wav ; official train license TSV,unknown,clsdoa_v1,PRESENT,true,true,17.724535147,44100,1,0.288574219,-29.658283,-0.000174011,0.000000000,0.761383582,4.229365079,AUTO_PASS,
desed:train:339673:clsdoa_v1_srcprep_v1,desed:train:339673,3,vacuum_cleaner,persistent,DESED isolated foreground,Vacuum_cleaner,EXACT,339673,train,raw/desed/extracted/audio/train/soundbank/foreground/Vacuum_cleaner/339673.wav,fbe6ccefde58952dd7b0ce53412eed194a5c3bd7c61130804d33fb5b9c87fdc6,44100,1,41.039954649,http://creativecommons.org/licenses/by/3.0/,PER_RECORDING_METADATA,DESED_synth_soundbank.tar.gz; audio/train/soundbank/foreground/Vacuum_cleaner/339673.wav ; official train license TSV,unknown,clsdoa_v1,PRESENT,true,true,41.039954649,44100,1,0.450500488,-23.118298,-0.000000972,0.000000000,0.594496155,16.641859410,AUTO_PASS,
desed:train:349694:clsdoa_v1_srcprep_v1,desed:train:349694,3,vacuum_cleaner,persistent,DESED isolated foreground,Vacuum_cleaner,EXACT,349694,train,raw/desed/extracted/audio/train/soundbank/foreground/Vacuum_cleaner/349694.wav,46ee05ff8f44fa04ae359b12c9aa9598e20aeac8270aa9c0011d568075ae6628,44100,1,12.127006803,http://creativecommons.org/publicdomain/zero/1.0/,PER_RECORDING_METADATA,DESED_synth_soundbank.tar.gz; audio/train/soundbank/foreground/Vacuum_cleaner/349694.wav ; official train license TSV,unknown,clsdoa_v1,PRESENT,true,true,12.127006803,44100,1,1.000000000,-10.097044,-0.000749419,0.012836550,0.388907276,7.410725624,AUTO_FLAG,severe_clipping_candidate
desed:train:386774:clsdoa_v1_srcprep_v1,desed:train:386774,3,vacuum_cleaner,persistent,DESED isolated foreground,Vacuum_cleaner,EXACT,386774,train,raw/desed/extracted/audio/train/soundbank/foreground/Vacuum_cleaner/386774.wav,2b4634783a8703a3b295228f006bbb3ceb34e1649f8deda2b4d0d33eb862ff27,44100,1,6.556780045,http://creativecommons.org/publicdomain/zero/1.0/,PER_RECORDING_METADATA,DESED_synth_soundbank.tar.gz; audio/train/soundbank/foreground/Vacuum_cleaner/386774.wav ; official train license TSV,unknown,clsdoa_v1,PRESENT,true,true,6.556780045,44100,1,0.467681885,-21.478202,0.000003326,0.000000000,0.554763206,2.919319728,AUTO_PASS,
desed:train:424677:clsdoa_v1_srcprep_v1,desed:train:424677,3,vacuum_cleaner,persistent,DESED isolated foreground,Vacuum_cleaner,EXACT,424677,train,raw/desed/extracted/audio/train/soundbank/foreground/Vacuum_cleaner/424677.wav,1c830d6ecfe76355e3e071fcdf577e60408fd2a0ac70dc051e24f463a1a864e2,44100,1,18.103061224,http://creativecommons.org/publicdomain/zero/1.0/,PER_RECORDING_METADATA,DESED_synth_soundbank.tar.gz; audio/train/soundbank/foreground/Vacuum_cleaner/424677.wav ; official train license TSV,unknown,clsdoa_v1,PRESENT,true,true,18.103061224,44100,1,0.601684570,-19.376482,0.000009325,0.000000000,0.479321597,9.425873016,AUTO_PASS,
desed:train:430632:clsdoa_v1_srcprep_v1,desed:train:430632,3,vacuum_cleaner,persistent,DESED isolated foreground,Vacuum_cleaner,EXACT,430632,train,raw/desed/extracted/audio/train/soundbank/foreground/Vacuum_cleaner/430632.wav,696560b383583cc63b0a09e8523501ca8763f8d059d83140d27b300408d1c2cc,44100,1,16.344467120,http://creativecommons.org/licenses/by/3.0/,PER_RECORDING_METADATA,DESED_synth_soundbank.tar.gz; audio/train/soundbank/foreground/Vacuum_cleaner/430632.wav ; official train license TSV,unknown,clsdoa_v1,PRESENT,true,true,16.344467120,44100,1,0.681427002,-18.999297,-0.000027450,0.000000000,0.541889397,7.487573696,AUTO_PASS,
desed:train:46744:clsdoa_v1_srcprep_v1,desed:train:46744,3,vacuum_cleaner,persistent,DESED isolated foreground,Vacuum_cleaner,EXACT,46744,train,raw/desed/extracted/audio/train/soundbank/foreground/Vacuum_cleaner/46744.wav,89b82447942f0579f007356801dcb188bca12c7cb12666b138c1214b1b8fae4e,44100,1,22.420408163,http://creativecommons.org/licenses/sampling+/1.0/,PER_RECORDING_METADATA,DESED_synth_soundbank.tar.gz; audio/train/soundbank/foreground/Vacuum_cleaner/46744.wav ; official train license TSV,unknown,clsdoa_v1,PRESENT,true,true,22.420408163,44100,1,0.945220947,-13.913329,-0.000829372,0.000000000,0.520835609,10.743061224,AUTO_PASS,
desed:train:48228:clsdoa_v1_srcprep_v1,desed:train:48228,3,vacuum_cleaner,persistent,DESED isolated foreground,Vacuum_cleaner,EXACT,48228,train,raw/desed/extracted/audio/train/soundbank/foreground/Vacuum_cleaner/48228.wav,6a4d8df4cddc881f5abde99b254787d078435e8c646640ad2987efb404565a5a,44100,1,7.035646259,http://creativecommons.org/licenses/by-nc/3.0/,PER_RECORDING_METADATA,DESED_synth_soundbank.tar.gz; audio/train/soundbank/foreground/Vacuum_cleaner/48228.wav ; official train license TSV,unknown,clsdoa_v1,PRESENT,true,true,7.035646259,44100,1,0.451904297,-29.406071,0.000235793,0.000000000,0.911883767,0.619954649,AUTO_PASS,
desed:train:50763:clsdoa_v1_srcprep_v1,desed:train:50763,3,vacuum_cleaner,persistent,DESED isolated foreground,Vacuum_cleaner,EXACT,50763,train,raw/desed/extracted/audio/train/soundbank/foreground/Vacuum_cleaner/50763.wav,73b3739c2da1fafd2792a1dbbd62a293eb985a55253f96538572eabf39d22b02,44100,1,15.026371882,http://creativecommons.org/publicdomain/zero/1.0/,PER_RECORDING_METADATA,DESED_synth_soundbank.tar.gz; audio/train/soundbank/foreground/Vacuum_cleaner/50763.wav ; official train license TSV,unknown,clsdoa_v1,PRESENT,true,true,15.026371882,44100,1,1.000000000,-19.021595,-0.000034208,0.000001509,0.756152071,3.664149660,AUTO_PASS,
desed:train:50764:clsdoa_v1_srcprep_v1,desed:train:50764,3,vacuum_cleaner,persistent,DESED isolated foreground,Vacuum_cleaner,EXACT,50764,train,raw/desed/extracted/audio/train/soundbank/foreground/Vacuum_cleaner/50764.wav,43dee5bba89fe3de3c45f403ef99af3df20d98e6a49f8f8f5e1faf787351c867,44100,1,13.898820862,http://creativecommons.org/publicdomain/zero/1.0/,PER_RECORDING_METADATA,DESED_synth_soundbank.tar.gz; audio/train/soundbank/foreground/Vacuum_cleaner/50764.wav ; official train license TSV,unknown,clsdoa_v1,PRESENT,true,true,13.898820862,44100,1,0.574005127,-24.413775,-0.000014909,0.000000000,0.695680477,4.229682540,AUTO_PASS,
desed:train:79236:clsdoa_v1_srcprep_v1,desed:train:79236,3,vacuum_cleaner,persistent,DESED isolated foreground,Vacuum_cleaner,EXACT,79236,train,raw/desed/extracted/audio/train/soundbank/foreground/Vacuum_cleaner/79236.wav,7232439661de7feefd5ddfe35b5ff875c78dd981c53462bcd20a3040c2e84bbf,44100,1,21.013537415,http://creativecommons.org/licenses/by/3.0/,PER_RECORDING_METADATA,DESED_synth_soundbank.tar.gz; audio/train/soundbank/foreground/Vacuum_cleaner/79236.wav ; official train license TSV,unknown,clsdoa_v1,PRESENT,true,true,21.013537415,44100,1,1.000000000,-20.295498,-0.000012702,0.000003237,0.716548127,5.956326531,AUTO_PASS,
desed:train:82416:clsdoa_v1_srcprep_v1,desed:train:82416,3,vacuum_cleaner,persistent,DESED isolated foreground,Vacuum_cleaner,EXACT,82416,train,raw/desed/extracted/audio/train/soundbank/foreground/Vacuum_cleaner/82416.wav,0b21dd811ba281277ee5ee82f67c1c1c0288aaac650bb6668d829107658046f4,44100,1,8.837165533,http://creativecommons.org/publicdomain/zero/1.0/,PER_RECORDING_METADATA,DESED_synth_soundbank.tar.gz; audio/train/soundbank/foreground/Vacuum_cleaner/82416.wav ; official train license TSV,unknown,clsdoa_v1,PRESENT,true,true,8.837165533,44100,1,0.299407959,-22.035499,0.000011226,0.000000000,0.406195233,5.247551020,AUTO_PASS,
desed:train:82417:clsdoa_v1_srcprep_v1,desed:train:82417,3,vacuum_cleaner,persistent,DESED isolated foreground,Vacuum_cleaner,EXACT,82417,train,raw/desed/extracted/audio/train/soundbank/foreground/Vacuum_cleaner/82417.wav,b62ee550b9abb8e44c46d02133a3c24d5523e65cdb7e6503888647705a78bfc7,44100,1,27.216802721,http://creativecommons.org/publicdomain/zero/1.0/,PER_RECORDING_METADATA,DESED_synth_soundbank.tar.gz; audio/train/soundbank/foreground/Vacuum_cleaner/82417.wav ; official train license TSV,unknown,clsdoa_v1,PRESENT,true,true,27.216802721,44100,1,0.333618164,-21.446244,0.000011211,0.000000000,0.305890136,18.891451247,AUTO_PASS,
desed:train:94743:clsdoa_v1_srcprep_v1,desed:train:94743,3,vacuum_cleaner,persistent,DESED isolated foreground,Vacuum_cleaner,EXACT,94743,train,raw/desed/extracted/audio/train/soundbank/foreground/Vacuum_cleaner/94743.wav,5f35a9f468fdeb357f6132e5f41bf96cd33bef7a14523e14e6d910b144d889ba,44100,1,17.965600907,http://creativecommons.org/licenses/sampling+/1.0/,PER_RECORDING_METADATA,DESED_synth_soundbank.tar.gz; audio/train/soundbank/foreground/Vacuum_cleaner/94743.wav ; official train license TSV,unknown,clsdoa_v1,PRESENT,true,true,17.965600907,44100,1,1.000000000,-10.246398,-0.000046830,0.001441404,0.314637573,12.312947846,AUTO_PASS,
