source_clip_id,base_clip_id,canonical_class_id,canonical_class,temporal_type,source_dataset,source_label,mapping_type,original_id,original_dataset_split,raw_relpath,raw_sha256,original_sample_rate,original_channels,original_duration_sec,license_raw,license_status,provenance_source,pretrain_seen_status,source_asset_root_id,resource_status
desed:eval:22627_0:clsdoa_v1_srcprep_v1,desed:eval:22627,4,clock_alarm,transient,DESED isolated foreground,Alarm_bell_ringing,SEMANTIC_STRONG,22627,eval,raw/desed/extracted/audio/eval/soundbank/foreground/Alarm_bell_ringing/22627_0.wav,e8a560a411124c0477f52ee59370d487b0ad6c90447971a681b6ecc3d78f412a,44100,1,0.093673469,http://creativecommons.org/licenses/by/3.0/,PER_RECORDING_METADATA,DESED_synth_soundbank.tar.gz; audio/eval/soundbank/foreground/Alarm_bell_ringing/22627_0.wav ; official eval license TSV,unknown,clsdoa_v1,PRESENT
desed:eval:22627_1:clsdoa_v1_srcprep_v1,desed:eval:22627,4,clock_alarm,transient,DESED isolated foreground,Alarm_bell_ringing,SEMANTIC_STRONG,22627,eval,raw/desed/extracted/audio/eval/soundbank/foreground/Alarm_bell_ringing/22627_1.wav,f2f7f7b9ca9eeadb22521f0f29a891d39c5057351c64f3e7605ea19d36784a4f,44100,1,0.095170068,http://creativecommons.org/licenses/by/3.0/,PER_RECORDING_METADATA,DESED_synth_soundbank.tar.gz; audio/eval/soundbank/foreground/Alarm_bell_ringing/22627_1.wav ; official eval license TSV,unknown,clsdoa_v1,PRESENT
desed:eval:22627_2:clsdoa_v1_srcprep_v1,desed:eval:22627,4,clock_alarm,transient,DESED isolated foreground,Alarm_bell_ringing,SEMANTIC_STRONG,22627,eval,raw/desed/extracted/audio/eval/soundbank/foreground/Alarm_bell_ringing/22627_2.wav,ded23e299366d1342d306ab09392e4c6ff9469670eb0bd8c94bc749cfaee4e87,44100,1,0.095419501,http://creativecommons.org/licenses/by/3.0/,PER_RECORDING_METADATA,DESED_synth_soundbank.tar.gz; audio/eval/soundbank/foreground/Alarm_bell_ringing/22627_2.wav ; official eval license TSV,unknown,clsdoa_v1,PRESENT
desed:eval:22627_3:clsdoa_v1_srcprep_v1,desed:eval:22627,4,clock_alarm,transient,DESED isolated foreground,Alarm_bell_ringing,SEMANTIC_STRONG,22627,eval,raw/desed/extracted/audio/eval/soundbank/foreground/Alarm_bell_ringing/22627_3.wav,b35268d5405d8a0ed92c0fb79a8189e3ce92397336b38a62f8b87a44f9be26d4,44100,1,0.095442177,http://creativecommons.org/licenses/by/3.0/,PER_RECORDING_METADATA,DESED_synth_soundbank.tar.gz; audio/eval/soundbank/foreground/Alarm_bell_ringing/22627_3.wav ; official eval license TSV,unknown,clsdoa_v1,PRESENT
desed:eval:233645_0:clsdoa_v1_srcprep_v1,desed:eval:233645,4,clock_alarm,transient,DESED isolated foreground,Alarm_bell_ringing,SEMANTIC_STRONG,233645,eval,raw/desed/extracted/audio/eval/soundbank/foreground/Alarm_bell_ringing/233645_0.wav,6b98ee0bd32e93ff8eaac5273993a94adc5745ec0dfbb71813519cca1c550dc8,44100,1,1.016190476,http://creativecommons.org/licenses/by-nc/3.0/,PER_RECORDING_METADATA,DESED_synth_soundbank.tar.gz; audio/eval/soundbank/foreground/Alarm_bell_ringing/233645_0.wav ; official eval license TSV,unknown,clsdoa_v1,PRESENT
desed:eval:233645_1:clsdoa_v1_srcprep_v1,desed:eval:233645,4,clock_alarm,transient,DESED isolated foreground,Alarm_bell_ringing,SEMANTIC_STRONG,233645,eval,raw/desed/extracted/audio/eval/soundbank/foreground/Alarm_bell_ringing/233645_1.wav,5620a7d91c961f1dfedb410973c8c498658ef7d5bb0ba64982b95e90e53a12ec,44100,1,1.000521542,http://creativecommons.org/licenses/by-nc/3.0/,PER_RECORDING_METADATA,DESED_synth_soundbank.tar.gz; audio/eval/soundbank/foreground/Alarm_bell_ringing/233645_1.wav ; official eval license TSV,unknown,clsdoa_v1,PRESENT
desed:eval:233645_10:clsdoa_v1_srcprep_v1,desed:eval:233645,4,clock_alarm,transient,DESED isolated foreground,Alarm_bell_ringing,SEMANTIC_STRONG,233645,eval,raw/desed/extracted/audio/eval/soundbank/foreground/Alarm_bell_ringing/233645_10.wav,e7076506c98e389a7c8dd6cd1620f870a181dbcc9ec422e3b13442159e06fa68,44100,1,0.994784580,http://creativecommons.org/licenses/by-nc/3.0/,PER_RECORDING_METADATA,DESED_synth_soundbank.tar.gz; audio/eval/soundbank/foreground/Alarm_bell_ringing/233645_10.wav ; official eval license TSV,unknown,clsdoa_v1,PRESENT
desed:eval:233645_11:clsdoa_v1_srcprep_v1,desed:eval:233645,4,clock_alarm,transient,DESED isolated foreground,Alarm_bell_ringing,SEMANTIC_STRONG,233645,eval,raw/desed/extracted/audio/eval/soundbank/foreground/Alarm_bell_ringing/233645_11.wav,af29effdbb6d2d143c078864cbc18ad7b4d647069cdca5f6cd85a0d855f8a814,44100,1,1.035464853,http://creativecommons.org/licenses/by-nc/3.0/,PER_RECORDING_METADATA,DESED_synth_soundbank.tar.gz; audio/eval/soundbank/foreground/Alarm_bell_ringing/233645_11.wav ; official eval license TSV,unknown,clsdoa_v1,PRESENT
desed:eval:233645_12:clsdoa_v1_srcprep_v1,desed:eval:233645,4,clock_alarm,transient,DESED isolated foreground,Alarm_bell_ringing,SEMANTIC_STRONG,233645,eval,raw/desed/extracted/audio/eval/soundbank/foreground/Alarm_bell_ringing/233645_12.wav,b6ab58a8622a9672794013e54f0cb4cf227891cc7afd5d6db23125dc15211828,44100,1,1.036938776,http://creativecommons.org/licenses/by-nc/3.0/,PER_RECORDING_METADATA,DESED_synth_soundbank.tar.gz; audio/eval/soundbank/foreground/Alarm_bell_ringing/233645_12.wav ; official eval license TSV,unknown,clsdoa_v1,PRESENT
desed:eval:233645_13:clsdoa_v1_srcprep_v1,desed:eval:233645,4,clock_alarm,transient,DESED isolated foreground,Alarm_bell_ringing,SEMANTIC_STRONG,233645,eval,raw/desed/extracted/audio/eval/soundbank/foreground/Alarm_bell_ringing/233645_13.wav,744e48bf02c7051d583e92ad512ac16fbc7e7463cbab0749850d8f973d379da2,44100,1,1.007392290,http://creativecommons.org/licenses/by-nc/3.0/,PER_RECORDING_METADATA,DESED_synth_soundbank.tar.gz; audio/eval/soundbank/foreground/Alarm_bell_ringing/233645_13.wav ; official eval license TSV,unknown,clsdoa_v1,PRESENT
desed:eval:233645_14:clsdoa_v1_srcprep_v1,desed:eval:233645,4,clock_alarm,transient,DESED isolated foreground,Alarm_bell_ringing,SEMANTIC_STRONG,233645,eval,raw/desed/extracted/audio/eval/soundbank/foreground/Alarm_bell_ringing/233645_14.wav,c7ed22dee5284f76f7dac56840e142184dc429651fda749104a6b7923fd5b70b,44100,1,0.111904762,http://creativecommons.org/licenses/by-nc/3.0/,PER_RECORDING_METADATA,DESED_synth_soundbank.tar.gz; audio/eval/soundbank/foreground/Alarm_bell_ringing/233645_14.wav ; official eval license TSV,unknown,clsdoa_v1,PRESENT
desed:eval:233645_15:clsdoa_v1_srcprep_v1,desed:eval:233645,4,clock_alarm,transient,DESED isolated foreground,Alarm_bell_ringing,SEMANTIC_STRONG,233645,eval,raw/desed/extracted/audio/eval/soundbank/foreground/Alarm_bell_ringing/233645_15.wav,d42d99670d44de8b5e7355e70e23b7801f5f3532db1a3d534ab651344ce71713,44100,1,1.119433107,http://creativecommons.org/licenses/by-nc/3.0/,PER_RECORDING_METADATA,DESED_synth_soundbank.tar.gz; audio/eval/soundbank/foreground/Alarm_bell_ringing/233645_15.wav ; official eval license TSV,unknown,clsdoa_v1,PRESENT
desed:eval:233645_16:clsdoa_v1_srcprep_v1,desed:eval:233645,4,clock_alarm,transient,DESED isolated foreground,Alarm_bell_ringing,SEMANTIC_STRONG,233645,eval,raw/desed/extracted/audio/eval/soundbank/foreground/Alarm_bell_ringing/233645_16.wav,c3056946b36aaf1df202b80d2a9915ca6cc4a25d833eacf93b3511f2ddb46f3a,44100,1,0.096666667,http://creativecommons.org/licenses/by-nc/3.0/,PER_RECORDING_METADATA,DESED_synth_soundbank.tar.gz; audio/eval/soundbank/foreground/Alarm_bell_ringing/233645_16.wav ; official eval license TSV,unknown,clsdoa_v1,PRESENT
desed:eval:233645_17:clsdoa_v1_srcprep_v1,desed:eval:233645,4,clock_alarm,transient,DESED isolated foreground,Alarm_bell_ringing,SEMANTIC_STRONG,233645,eval,raw/desed/extracted/audio/eval/soundbank/foreground/Alarm_bell_ringing/233645_17.wav,4dcf1840e6916bbbae1b04d930b6e4dbaae178253bf4a8bc5bd88b7e88eabeb7,44100,1,1.012312925,http://creativecommons.org/licenses/by-nc/3.0/,PER_RECORDING_METADATA,DESED_synth_soundbank.tar.gz; audio/eval/soundbank/foreground/Alarm_bell_ringing/233645_17.wav ; official eval license TSV,unknown,clsdoa_v1,PRESENT
desed:eval:233645_2:clsdoa_v1_srcprep_v1,desed:eval:233645,4,clock_alarm,transient,DESED isolated foreground,Alarm_bell_ringing,SEMANTIC_STRONG,233645,eval,raw/desed/extracted/audio/eval/soundbank/foreground/Alarm_bell_ringing/233645_2.wav,e5e328c5014e44b5f1b4e7a159591dc08edea8522eb01b52cf380ffabb6e1dce,44100,1,1.001927438,http://creativecommons.org/licenses/by-nc/3.0/,PER_RECORDING_METADATA,DESED_synth_soundbank.tar.gz; audio/eval/soundbank/foreground/Alarm_bell_ringing/233645_2.wav ; official eval license TSV,unknown,clsdoa_v1,PRESENT
desed:eval:233645_3:clsdoa_v1_srcprep_v1,desed:eval:233645,4,clock_alarm,transient,DESED isolated foreground,Alarm_bell_ringing,SEMANTIC_STRONG,233645,eval,raw/desed/extracted/audio/eval/soundbank/foreground/Alarm_bell_ringing/233645_3.wav,66037bb20978de7c93f7780553a29da3d17d3d2d828b260122ed125cc35520a2,44100,1,1.015850340,http://creativecommons.org/licenses/by-nc/3.0/,PER_RECORDING_METADATA,DESED_synth_soundbank.tar.gz; audio/eval/soundbank/foreground/Alarm_bell_ringing/233645_3.wav ; official eval license TSV,unknown,clsdoa_v1,PRESENT
desed:eval:233645_4:clsdoa_v1_srcprep_v1,desed:eval:233645,4,clock_alarm,transient,DESED isolated foreground,Alarm_bell_ringing,SEMANTIC_STRONG,233645,eval,raw/desed/extracted/audio/eval/soundbank/foreground/Alarm_bell_ringing/233645_4.wav,7e5012d029a43dec3c8757a30af99fda689bd162191291fe8823e8d6b2903426,44100,1,1.005396825,http://creativecommons.org/licenses/by-nc/3.0/,PER_RECORDING_METADATA,DESED_synth_soundbank.tar.gz; audio/eval/soundbank/foreground/Alarm_bell_ringing/233645_4.wav ; official eval license TSV,unknown,clsdoa_v1,PRESENT
desed:eval:233645_5:clsdoa_v1_srcprep_v1,desed:eval:233645,4,clock_alarm,transient,DESED isolated foreground,Alarm_bell_ringing,SEMANTIC_STRONG,233645,eval,raw/desed/extracted/audio/eval/soundbank/foreground/Alarm_bell_ringing/233645_5.wav,1508a031c820d30c332dd59e3c549d80e19d7d00ad787a46832e71706088e59e,44100,1,1.007981859,http://creativecommons.org/licenses/by-nc/3.0/,PER_RECORDING_METADATA,DESED_synth_soundbank.tar.gz; audio/eval/soundbank/foreground/Alarm_bell_ringing/233645_5.wav ; official eval license TSV,unknown,clsdoa_v1,PRESENT
desed:eval:233645_6:clsdoa_v1_srcprep_v1,desed:eval:233645,4,clock_alarm,transient,DESED isolated foreground,Alarm_bell_ringing,SEMANTIC_STRONG,233645,eval,raw/desed/extracted/audio/eval/soundbank/foreground/Alarm_bell_ringing/233645_6.wav,0e84410322d7f83e0c01aeb8b3e1ed3ffffb70a9757d2ed2ea20cbd708f94709,44100,1,0.118594104,http://creativecommons.org/licenses/by-nc/3.0/,PER_RECORDING_METADATA,DESED_synth_soundbank.tar.gz; audio/eval/soundbank/foreground/Alarm_bell_ringing/233645_6.wav ; official eval license TSV,unknown,clsdoa_v1,PRESENT
desed:eval:233645_7:clsdoa_v1_srcprep_v1,desed:eval:233645,4,clock_alarm,transient,DESED isolated foreground,Alarm_bell_ringing,SEMANTIC_STRONG,233645,eval,raw/desed/extracted/audio/eval/soundbank/foreground/Alarm_bell_ringing/233645_7.wav,f2b3fc34cbf37ea52c41ab319f0f2588ab6e16454086790f795bbceafef355a7,44100,1,1.000907029,http://creativecommons.org/licenses/by-nc/3.0/,PER_RECORDING_METADATA,DESED_synth_soundbank.tar.gz; audio/eval/soundbank/foreground/Alarm_bell_ringing/233645_7.wav ; official eval license TSV,unknown,clsdoa_v1,PRESENT
desed:eval:233645_8:clsdoa_v1_srcprep_v1,desed:eval:233645,4,clock_alarm,transient,DESED isolated foreground,Alarm_bell_ringing,SEMANTIC_STRONG,233645,eval,raw/desed/extracted/audio/eval/soundbank/foreground/Alarm_bell_ringing/233645_8.wav,812da415b7667e4cc774d3caabde7882290b0f14053db71c1d418aff47c2d04c,44100,1,0.992086168,http://creativecommons.org/licenses/by-nc/3.0/,PER_RECORDING_METADATA,DESED_synth_soundbank.tar.gz; audio/eval/soundbank/foreground/Alarm_bell_ringing/233645_8.wav ; official eval license TSV,unknown,clsdoa_v1,PRESENT
desed:eval:233645_9:clsdoa_v1_srcprep_v1,desed:eval:233645,4,clock_alarm,transient,DESED isolated foreground,Alarm_bell_ringing,SEMANTIC_STRONG,233645,eval,raw/desed/extracted/audio/eval/soundbank/foreground/Alarm_bell_ringing/233645_9.wav,1421b4bb10b256b6923f557bf87bb32dc731568bde9e32d66bd41b7988de4543,44100,1,1.007687075,http://creativecommons.org/licenses/by-nc/3.0/,PER_RECORDING_METADATA,DESED_synth_soundbank.tar.gz; audio/eval/soundbank/foreground/Alarm_bell_ringing/233645_9.wav ; official eval license TSV,unknown,clsdoa_v1,PRESENT
desed:eval:271399_0:clsdoa_v1_srcprep_v1,desed:eval:271399,4,clock_alarm,transient,DESED isolated foreground,Alarm_bell_ringing,SEMANTIC_STRONG,271399,eval,raw/desed/extracted/audio/eval/soundbank/foreground/Alarm_bell_ringing/271399_0.wav,cbab91c829864e41a9653d9577509eedbd80dfcc5697f1c3fbb1d301f8ccea4e,44100,1,2.203424036,http://creativecommons.org/licenses/by/3.0/,PER_RECORDING_METADATA,DESED_synth_soundbank.tar.gz; audio/eval/soundbank/foreground/Alarm_bell_ringing/271399_0.wav ; official eval license TSV,unknown,clsdoa_v1,PRESENT
desed:eval:271399_1:clsdoa_v1_srcprep_v1,desed:eval:271399,4,clock_alarm,transient,DESED isolated foreground,Alarm_bell_ringing,SEMANTIC_STRONG,271399,eval,raw/desed/extracted/audio/eval/soundbank/foreground/Alarm_bell_ringing/271399_1.wav,ec18194eaf7ae9f036cb2da89b88579e83ff64e27bde045b32f8a63b1fc86b96,44100,1,2.154739229,http://creativecommons.org/licenses/by/3.0/,PER_RECORDING_METADATA,DESED_synth_soundbank.tar.gz; audio/eval/soundbank/foreground/Alarm_bell_ringing/271399_1.wav ; official eval license TSV,unknown,clsdoa_v1,PRESENT
desed:eval:271399_2:clsdoa_v1_srcprep_v1,desed:eval:271399,4,clock_alarm,transient,DESED isolated foreground,Alarm_bell_ringing,SEMANTIC_STRONG,271399,eval,raw/desed/extracted/audio/eval/soundbank/foreground/Alarm_bell_ringing/271399_2.wav,c375974ad08c722552c9acd2f28c2cf73f2e51b68ba7f55afc9a077fc1e88102,44100,1,1.515759637,http://creativecommons.org/licenses/by/3.0/,PER_RECORDING_METADATA,DESED_synth_soundbank.tar.gz; audio/eval/soundbank/foreground/Alarm_bell_ringing/271399_2.wav ; official eval license TSV,unknown,clsdoa_v1,PRESENT
desed:eval:271399_3:clsdoa_v1_srcprep_v1,desed:eval:271399,4,clock_alarm,transient,DESED isolated foreground,Alarm_bell_ringing,SEMANTIC_STRONG,271399,eval,raw/desed/extracted/audio/eval/soundbank/foreground/Alarm_bell_ringing/271399_3.wav,8f32d8171d2f8e2e2156018131fd13e229240bfff08d222c73213ede99994f25,44100,1,2.475147392,http://creativecommons.org/licenses/by/3.0/,PER_RECORDING_METADATA,DESED_synth_soundbank.tar.gz; audio/eval/soundbank/foreground/Alarm_bell_ringing/271399_3.wav ; official eval license TSV,unknown,clsdoa_v1,PRESENT
desed:eval:271399_4:clsdoa_v1_srcprep_v1,desed:eval:271399,4,clock_alarm,transient,DESED isolated foreground,Alarm_bell_ringing,SEMANTIC_STRONG,271399,eval,raw/desed/extracted/audio/eval/soundbank/foreground/Alarm_bell_ringing/271399_4.wav,50944ebc360afb90845553e100f0c5c06d982f531b54087509f95ed7e0e8a6e6,44100,1,1.895283447,http://creativecommons.org/licenses/by/3.0/,PER_RECORDING_METADATA,DESED_synth_soundbank.tar.gz; audio/eval/soundbank/foreground/Alarm_bell_ringing/271399_4.wav ; official eval license TSV,unknown,clsdoa_v1,PRESENT
desed:eval:329896_0:clsdoa_v1_srcprep_v1,desed:eval:329896,4,clock_alarm,transient,DESED isolated foreground,Alarm_bell_ringing,SEMANTIC_STRONG,329896,eval,raw/desed/extracted/audio/eval/soundbank/foreground/Alarm_bell_ringing/329896_0.wav,dd2eafd1b0eb0d47350d1097451443001428d1d3efd6166d3219e90c4ee8445d,44100,1,0.526417234,http://creativecommons.org/licenses/by/3.0/,PER_RECORDING_METADATA,DESED_synth_soundbank.tar.gz; audio/eval/soundbank/foreground/Alarm_bell_ringing/329896_0.wav ; official eval license TSV,unknown,clsdoa_v1,PRESENT
desed:eval:329896_1:clsdoa_v1_srcprep_v1,desed:eval:329896,4,clock_alarm,transient,DESED isolated foreground,Alarm_bell_ringing,SEMANTIC_STRONG,329896,eval,raw/desed/extracted/audio/eval/soundbank/foreground/Alarm_bell_ringing/329896_1.wav,6261dc0a1c20b2332ef48b4312ca39576d6e502090c615f2d7e456e081e033bf,44100,1,0.672018141,http://creativecommons.org/licenses/by/3.0/,PER_RECORDING_METADATA,DESED_synth_soundbank.tar.gz; audio/eval/soundbank/foreground/Alarm_bell_ringing/329896_1.wav ; official eval license TSV,unknown,clsdoa_v1,PRESENT
desed:eval:329896_10:clsdoa_v1_srcprep_v1,desed:eval:329896,4,clock_alarm,transient,DESED isolated foreground,Alarm_bell_ringing,SEMANTIC_STRONG,329896,eval,raw/desed/extracted/audio/eval/soundbank/foreground/Alarm_bell_ringing/329896_10.wav,47161f238ac7a5f0fb7934c2040bcf0e09040d55f7fdbb46461e66e3ac624003,44100,1,0.534149660,http://creativecommons.org/licenses/by/3.0/,PER_RECORDING_METADATA,DESED_synth_soundbank.tar.gz; audio/eval/soundbank/foreground/Alarm_bell_ringing/329896_10.wav ; official eval license TSV,unknown,clsdoa_v1,PRESENT
desed:eval:329896_11:clsdoa_v1_srcprep_v1,desed:eval:329896,4,clock_alarm,transient,DESED isolated foreground,Alarm_bell_ringing,SEMANTIC_STRONG,329896,eval,raw/desed/extracted/audio/eval/soundbank/foreground/Alarm_bell_ringing/329896_11.wav,be8ba650956f2b8399841f84957817e4a260ed5eade7720df9e8e6f1716bb926,44100,1,0.552630385,http://creativecommons.org/licenses/by/3.0/,PER_RECORDING_METADATA,DESED_synth_soundbank.tar.gz; audio/eval/soundbank/foreground/Alarm_bell_ringing/329896_11.wav ; official eval license TSV,unknown,clsdoa_v1,PRESENT
desed:eval:329896_12:clsdoa_v1_srcprep_v1,desed:eval:329896,4,clock_alarm,transient,DESED isolated foreground,Alarm_bell_ringing,SEMANTIC_STRONG,329896,eval,raw/desed/extracted/audio/eval/soundbank/foreground/Alarm_bell_ringing/329896_12.wav,10ae73defd38993cc781f2647256c989dfca0360f8d3dfaebf962416fb004c17,44100,1,0.559229025,http://creativecommons.org/licenses/by/3.0/,PER_RECORDING_METADATA,DESED_synth_soundbank.tar.gz; audio/eval/soundbank/foreground/Alarm_bell_ringing/329896_12.wav ; official eval license TSV,unknown,clsdoa_v1,PRESENT
desed:eval:329896_13:clsdoa_v1_srcprep_v1,desed:eval:329896,4,clock_alarm,transient,DESED isolated foreground,Alarm_bell_ringing,SEMANTIC_STRONG,329896,eval,raw/desed/extracted/audio/eval/soundbank/foreground/Alarm_bell_ringing/329896_13.wav,3d9c81a55d1fa40b2f4c7413dd42838af2aefa9853f7004e6e0578ba4faa5ca8,44100,1,0.537596372,http://creativecommons.org/licenses/by/3.0/,PER_RECORDING_METADATA,DESED_synth_soundbank.tar.gz; audio/eval/soundbank/foreground/Alarm_bell_ringing/329896_13.wav ; official eval license TSV,unknown,clsdoa_v1,PRESENT
desed:eval:329896_14:clsdoa_v1_srcprep_v1,desed:eval:329896,4,clock_alarm,transient,DESED isolated foreground,Alarm_bell_ringing,SEMANTIC_STRONG,329896,eval,raw/desed/extracted/audio/eval/soundbank/foreground/Alarm_bell_ringing/329896_14.wav,f4af2a9c8d8c78d8fbbb460f0dd679bff649f2e52ae38f6b45066baa95abd3cb,44100,1,0.531678005,http://creativecommons.org/licenses/by/3.0/,PER_RECORDING_METADATA,DESED_synth_soundbank.tar.gz; audio/eval/soundbank/foreground/Alarm_bell_ringing/329896_14.wav ; official eval license TSV,unknown,clsdoa_v1,PRESENT
desed:eval:329896_15:clsdoa_v1_srcprep_v1,desed:eval:329896,4,clock_alarm,transient,DESED isolated foreground,Alarm_bell_ringing,SEMANTIC_STRONG,329896,eval,raw/desed/extracted/audio/eval/soundbank/foreground/Alarm_bell_ringing/329896_15.wav,984c7d8f41678629303bf1cd14f628e0235e3faf16a8f5030c3a9b44fd73fffa,44100,1,0.571995465,http://creativecommons.org/licenses/by/3.0/,PER_RECORDING_METADATA,DESED_synth_soundbank.tar.gz; audio/eval/soundbank/foreground/Alarm_bell_ringing/329896_15.wav ; official eval license TSV,unknown,clsdoa_v1,PRESENT
desed:eval:329896_16:clsdoa_v1_srcprep_v1,desed:eval:329896,4,clock_alarm,transient,DESED isolated foreground,Alarm_bell_ringing,SEMANTIC_STRONG,329896,eval,raw/desed/extracted/audio/eval/soundbank/foreground/Alarm_bell_ringing/329896_16.wav,fc42e9a74d8c2ac9dd6a4d1afa9ff666cf04d894789b2dae7cb8b2aa026906aa,44100,1,0.538004535,http://creativecommons.org/licenses/by/3.0/,PER_RECORDING_METADATA,DESED_synth_soundbank.tar.gz; audio/eval/soundbank/foreground/Alarm_bell_ringing/329896_16.wav ; official eval license TSV,unknown,clsdoa_v1,PRESENT
desed:eval:329896_17:clsdoa_v1_srcprep_v1,desed:eval:329896,4,clock_alarm,transient,DESED isolated foreground,Alarm_bell_ringing,SEMANTIC_STRONG,329896,eval,raw/desed/extracted/audio/eval/soundbank/foreground/Alarm_bell_ringing/329896_17.wav,9e2f9d5ed3f1ea4fcf1255b1fe59cf98f1cb398c0a1b35f3d44a2ec4151ff67e,44100,1,0.605011338,http://creativecommons.org/licenses/by/3.0/,PER_RECORDING_METADATA,DESED_synth_soundbank.tar.gz; audio/eval/soundbank/foreground/Alarm_bell_ringing/329896_17.wav ; official eval license TSV,unknown,clsdoa_v1,PRESENT
desed:eval:329896_18:clsdoa_v1_srcprep_v1,desed:eval:329896,4,clock_alarm,transient,DESED isolated foreground,Alarm_bell_ringing,SEMANTIC_STRONG,329896,eval,raw/desed/extracted/audio/eval/soundbank/foreground/Alarm_bell_ringing/329896_18.wav,eec1000611d477a54922e1bcf059d6f6edafdb0a8ec55e7ceb2e5079660f28a6,44100,1,0.564943311,http://creativecommons.org/licenses/by/3.0/,PER_RECORDING_METADATA,DESED_synth_soundbank.tar.gz; audio/eval/soundbank/foreground/Alarm_bell_ringing/329896_18.wav ; official eval license TSV,unknown,clsdoa_v1,PRESENT
desed:eval:329896_19:clsdoa_v1_srcprep_v1,desed:eval:329896,4,clock_alarm,transient,DESED isolated foreground,Alarm_bell_ringing,SEMANTIC_STRONG,329896,eval,raw/desed/extracted/audio/eval/soundbank/foreground/Alarm_bell_ringing/329896_19.wav,ccdb132eea1e9c69855ab7b1f8151bbdc46f87fd8594dbb0b088dad559c3561b,44100,1,0.615895692,http://creativecommons.org/licenses/by/3.0/,PER_RECORDING_METADATA,DESED_synth_soundbank.tar.gz; audio/eval/soundbank/foreground/Alarm_bell_ringing/329896_19.wav ; official eval license TSV,unknown,clsdoa_v1,PRESENT
desed:eval:329896_2:clsdoa_v1_srcprep_v1,desed:eval:329896,4,clock_alarm,transient,DESED isolated foreground,Alarm_bell_ringing,SEMANTIC_STRONG,329896,eval,raw/desed/extracted/audio/eval/soundbank/foreground/Alarm_bell_ringing/329896_2.wav,d09bd9f71c6cf33f03997dd0a949120d71fbc5cd71226ee6c3509cab3ec48e23,44100,1,0.686780045,http://creativecommons.org/licenses/by/3.0/,PER_RECORDING_METADATA,DESED_synth_soundbank.tar.gz; audio/eval/soundbank/foreground/Alarm_bell_ringing/329896_2.wav ; official eval license TSV,unknown,clsdoa_v1,PRESENT
desed:eval:329896_20:clsdoa_v1_srcprep_v1,desed:eval:329896,4,clock_alarm,transient,DESED isolated foreground,Alarm_bell_ringing,SEMANTIC_STRONG,329896,eval,raw/desed/extracted/audio/eval/soundbank/foreground/Alarm_bell_ringing/329896_20.wav,3747d982df3389d8859d304f13149237eb6d2fefb70d74f896d0871e9c54e6b3,44100,1,0.610408163,http://creativecommons.org/licenses/by/3.0/,PER_RECORDING_METADATA,DESED_synth_soundbank.tar.gz; audio/eval/soundbank/foreground/Alarm_bell_ringing/329896_20.wav ; official eval license TSV,unknown,clsdoa_v1,PRESENT
desed:eval:329896_3:clsdoa_v1_srcprep_v1,desed:eval:329896,4,clock_alarm,transient,DESED isolated foreground,Alarm_bell_ringing,SEMANTIC_STRONG,329896,eval,raw/desed/extracted/audio/eval/soundbank/foreground/Alarm_bell_ringing/329896_3.wav,39aad88b21902e1096e031701b93d7cde696f748b1240d008f686d66e478f857,44100,1,0.555464853,http://creativecommons.org/licenses/by/3.0/,PER_RECORDING_METADATA,DESED_synth_soundbank.tar.gz; audio/eval/soundbank/foreground/Alarm_bell_ringing/329896_3.wav ; official eval license TSV,unknown,clsdoa_v1,PRESENT
desed:eval:329896_4:clsdoa_v1_srcprep_v1,desed:eval:329896,4,clock_alarm,transient,DESED isolated foreground,Alarm_bell_ringing,SEMANTIC_STRONG,329896,eval,raw/desed/extracted/audio/eval/soundbank/foreground/Alarm_bell_ringing/329896_4.wav,26315eee202fc0dc76646cf207748985e70607faa59fa81a7b9bfb1669f1781f,44100,1,0.564489796,http://creativecommons.org/licenses/by/3.0/,PER_RECORDING_METADATA,DESED_synth_soundbank.tar.gz; audio/eval/soundbank/foreground/Alarm_bell_ringing/329896_4.wav ; official eval license TSV,unknown,clsdoa_v1,PRESENT
desed:eval:329896_5:clsdoa_v1_srcprep_v1,desed:eval:329896,4,clock_alarm,transient,DESED isolated foreground,Alarm_bell_ringing,SEMANTIC_STRONG,329896,eval,raw/desed/extracted/audio/eval/soundbank/foreground/Alarm_bell_ringing/329896_5.wav,b8348a60fefbfa71e7f49f89c6fb60ef97f1a1ed6cf6d9c116e965d559c0ee9f,44100,1,0.547528345,http://creativecommons.org/licenses/by/3.0/,PER_RECORDING_METADATA,DESED_synth_soundbank.tar.gz; audio/eval/soundbank/foreground/Alarm_bell_ringing/329896_5.wav ; official eval license TSV,unknown,clsdoa_v1,PRESENT
desed:eval:329896_6:clsdoa_v1_srcprep_v1,desed:eval:329896,4,clock_alarm,transient,DESED isolated foreground,Alarm_bell_ringing,SEMANTIC_STRONG,329896,eval,raw/desed/extracted/audio/eval/soundbank/foreground/Alarm_bell_ringing/329896_6.wav,08e0991d46d9f31319d1e9c01ba41a04311ce99c8336103759754764fc5d760f,44100,1,0.533696145,http://creativecommons.org/licenses/by/3.0/,PER_RECORDING_METADATA,DESED_synth_soundbank.tar.gz; audio/eval/soundbank/foreground/Alarm_bell_ringing/329896_6.wav ; official eval license TSV,unknown,clsdoa_v1,PRESENT
desed:eval:329896_7:clsdoa_v1_srcprep_v1,desed:eval:329896,4,clock_alarm,transient,DESED isolated foreground,Alarm_bell_ringing,SEMANTIC_STRONG,329896,eval,raw/desed/extracted/audio/eval/soundbank/foreground/Alarm_bell_ringing/329896_7.wav,4a8f8fe2c80e9786f06f75b6d6a2928b8062047bd7c72ad302b270a8df8698a6,44100,1,0.590317460,http://creativecommons.org/licenses/by/3.0/,PER_RECORDING_METADATA,DESED_synth_soundbank.tar.gz; audio/eval/soundbank/foreground/Alarm_bell_ringing/329896_7.wav ; official eval license TSV,unknown,clsdoa_v1,PRESENT
desed:eval:329896_8:clsdoa_v1_srcprep_v1,desed:eval:329896,4,clock_alarm,transient,DESED isolated foreground,Alarm_bell_ringing,SEMANTIC_STRONG,329896,eval,raw/desed/extracted/audio/eval/soundbank/foreground/Alarm_bell_ringing/329896_8.wav,e639f7952a117b639a90a1494b2f5b3635688eebf4219818d4e41d8d8ecb29bc,44100,1,0.543333333,http://creativecommons.org/licenses/by/3.0/,PER_RECORDING_METADATA,DESED_synth_soundbank.tar.gz; audio/eval/soundbank/foreground/Alarm_bell_ringing/329896_8.wav ; official eval license TSV,unknown,clsdoa_v1,PRESENT
desed:eval:329896_9:clsdoa_v1_srcprep_v1,desed:eval:329896,4,clock_alarm,transient,DESED isolated foreground,Alarm_bell_ringing,SEMANTIC_STRONG,329896,eval,raw/desed/extracted/audio/eval/soundbank/foreground/Alarm_bell_ringing/329896_9.wav,ae315091630dbdf767640287e2793e64943f523f6ee38c181b853d6e7d73ce86,44100,1,0.623968254,http://creativecommons.org/licenses/by/3.0/,PER_RECORDING_METADATA,DESED_synth_soundbank.tar.gz; audio/eval/soundbank/foreground/Alarm_bell_ringing/329896_9.wav ; official eval license TSV,unknown,clsdoa_v1,PRESENT
desed:eval:72558_0:clsdoa_v1_srcprep_v1,desed:eval:72558,4,clock_alarm,transient,DESED isolated foreground,Alarm_bell_ringing,SEMANTIC_STRONG,72558,eval,raw/desed/extracted/audio/eval/soundbank/foreground/Alarm_bell_ringing/72558_0.wav,9ca1a188e7b2668e1c26dd84e327348fbfad566fc97936115bc74842bddd5896,44100,1,0.314648526,http://creativecommons.org/licenses/by-nc/3.0/,PER_RECORDING_METADATA,DESED_synth_soundbank.tar.gz; audio/eval/soundbank/foreground/Alarm_bell_ringing/72558_0.wav ; official eval license TSV,unknown,clsdoa_v1,PRESENT
desed:eval:72558_1:clsdoa_v1_srcprep_v1,desed:eval:72558,4,clock_alarm,transient,DESED isolated foreground,Alarm_bell_ringing,SEMANTIC_STRONG,72558,eval,raw/desed/extracted/audio/eval/soundbank/foreground/Alarm_bell_ringing/72558_1.wav,701b77fda10ba5937d128d80efcb7703173589b0cceca6c861f68e78cc12a79d,44100,1,0.328390023,http://creativecommons.org/licenses/by-nc/3.0/,PER_RECORDING_METADATA,DESED_synth_soundbank.tar.gz; audio/eval/soundbank/foreground/Alarm_bell_ringing/72558_1.wav ; official eval license TSV,unknown,clsdoa_v1,PRESENT
desed:eval:72558_2:clsdoa_v1_srcprep_v1,desed:eval:72558,4,clock_alarm,transient,DESED isolated foreground,Alarm_bell_ringing,SEMANTIC_STRONG,72558,eval,raw/desed/extracted/audio/eval/soundbank/foreground/Alarm_bell_ringing/72558_2.wav,42f684885b9260a79fc0d3bf056af8466eb7791d21c8fe05897ccb0cbfab7ae1,44100,1,0.312834467,http://creativecommons.org/licenses/by-nc/3.0/,PER_RECORDING_METADATA,DESED_synth_soundbank.tar.gz; audio/eval/soundbank/foreground/Alarm_bell_ringing/72558_2.wav ; official eval license TSV,unknown,clsdoa_v1,PRESENT
desed:eval:72558_3:clsdoa_v1_srcprep_v1,desed:eval:72558,4,clock_alarm,transient,DESED isolated foreground,Alarm_bell_ringing,SEMANTIC_STRONG,72558,eval,raw/desed/extracted/audio/eval/soundbank/foreground/Alarm_bell_ringing/72558_3.wav,e8c622e7b56a2faba9905810426f99d17823fef92714b5b95a1d87762cb7f2dd,44100,1,0.319795918,http://creativecommons.org/licenses/by-nc/3.0/,PER_RECORDING_METADATA,DESED_synth_soundbank.tar.gz; audio/eval/soundbank/foreground/Alarm_bell_ringing/72558_3.wav ; official eval license TSV,unknown,clsdoa_v1,PRESENT
desed:eval:72558_4:clsdoa_v1_srcprep_v1,desed:eval:72558,4,clock_alarm,transient,DESED isolated foreground,Alarm_bell_ringing,SEMANTIC_STRONG,72558,eval,raw/desed/extracted/audio/eval/soundbank/foreground/Alarm_bell_ringing/72558_4.wav,ffbbde52d71156dfd8ced17cffc1d3a706914c9a5d80d5924977584638a370fe,44100,1,0.316394558,http://creativecommons.org/licenses/by-nc/3.0/,PER_RECORDING_METADATA,DESED_synth_soundbank.tar.gz; audio/eval/soundbank/foreground/Alarm_bell_ringing/72558_4.wav ; official eval license TSV,unknown,clsdoa_v1,PRESENT
desed:eval:72558_5:clsdoa_v1_srcprep_v1,desed:eval:72558,4,clock_alarm,transient,DESED isolated foreground,Alarm_bell_ringing,SEMANTIC_STRONG,72558,eval,raw/desed/extracted/audio/eval/soundbank/foreground/Alarm_bell_ringing/72558_5.wav,182ba4c46ebb71323f6f312f07d256b268a12704e30c978e778dd8d4063fa564,44100,1,0.320272109,http://creativecommons.org/licenses/by-nc/3.0/,PER_RECORDING_METADATA,DESED_synth_soundbank.tar.gz; audio/eval/soundbank/foreground/Alarm_bell_ringing/72558_5.wav ; official eval license TSV,unknown,clsdoa_v1,PRESENT
desed:eval:72558_6:clsdoa_v1_srcprep_v1,desed:eval:72558,4,clock_alarm,transient,DESED isolated foreground,Alarm_bell_ringing,SEMANTIC_STRONG,72558,eval,raw/desed/extracted/audio/eval/soundbank/foreground/Alarm_bell_ringing/72558_6.wav,b92ce32e05aec7d9af77a29848cee7b6cfcc72b4ba56bb08e6889cba39c6968a,44100,1,0.319977324,http://creativecommons.org/licenses/by-nc/3.0/,PER_RECORDING_METADATA,DESED_synth_soundbank.tar.gz; audio/eval/soundbank/foreground/Alarm_bell_ringing/72558_6.wav ; official eval license TSV,unknown,clsdoa_v1,PRESENT
desed:eval:72558_7:clsdoa_v1_srcprep_v1,desed:eval:72558,4,clock_alarm,transient,DESED isolated foreground,Alarm_bell_ringing,SEMANTIC_STRONG,72558,eval,raw/desed/extracted/audio/eval/soundbank/foreground/Alarm_bell_ringing/72558_7.wav,f9bde753026e069b20b0bfdcbbfa9bbe3511fa9a09684894c3eba354307f03e6,44100,1,0.320340136,http://creativecommons.org/licenses/by-nc/3.0/,PER_RECORDING_METADATA,DESED_synth_soundbank.tar.gz; audio/eval/soundbank/foreground/Alarm_bell_ringing/72558_7.wav ; official eval license TSV,unknown,clsdoa_v1,PRESENT
desed:eval:72558_8:clsdoa_v1_srcprep_v1,desed:eval:72558,4,clock_alarm,transient,DESED isolated foreground,Alarm_bell_ringing,SEMANTIC_STRONG,72558,eval,raw/desed/extracted/audio/eval/soundbank/foreground/Alarm_bell_ringing/72558_8.wav,399b7f76b064fc4cd14e99b69912af8018a56d25f19dec4d53ce4e11369c54d8,44100,1,0.320022676,http://creativecommons.org/licenses/by-nc/3.0/,PER_RECORDING_METADATA,DESED_synth_soundbank.tar.gz; audio/eval/soundbank/foreground/Alarm_bell_ringing/72558_8.wav ; official eval license TSV,unknown,clsdoa_v1,PRESENT
desed:eval:72558_9:clsdoa_v1_srcprep_v1,desed:eval:72558,4,clock_alarm,transient,DESED isolated foreground,Alarm_bell_ringing,SEMANTIC_STRONG,72558,eval,raw/desed/extracted/audio/eval/soundbank/foreground/Alarm_bell_ringing/72558_9.wav,ad217d822378cf3a06be3fa1df382fa893da70e67097d9dc060052d98b971fcd,44100,1,0.320204082,http://creativecommons.org/licenses/by-nc/3.0/,PER_RECORDING_METADATA,DESED_synth_soundbank.tar.gz; audio/eval/soundbank/foreground/Alarm_bell_ringing/72558_9.wav ; official eval license TSV,unknown,clsdoa_v1,PRESENT
desed:eval:79440_0:clsdoa_v1_srcprep_v1,desed:eval:79440,4,clock_alarm,transient,DESED isolated foreground,Alarm_bell_ringing,SEMANTIC_STRONG,79440,eval,raw/desed/extracted/audio/eval/soundbank/foreground/Alarm_bell_ringing/79440_0.wav,412215d7867840d5374aa64c10fad13497db86d11907bc874397731ea42fe377,44100,1,3.735442177,http://creativecommons.org/publicdomain/zero/1.0/,PER_RECORDING_METADATA,DESED_synth_soundbank.tar.gz; audio/eval/soundbank/foreground/Alarm_bell_ringing/79440_0.wav ; official eval license TSV,unknown,clsdoa_v1,PRESENT
desed:eval:79440_1:clsdoa_v1_srcprep_v1,desed:eval:79440,4,clock_alarm,transient,DESED isolated foreground,Alarm_bell_ringing,SEMANTIC_STRONG,79440,eval,raw/desed/extracted/audio/eval/soundbank/foreground/Alarm_bell_ringing/79440_1.wav,fc13687e3350be44c3e8376fd7885d71a47dca8d1bfe6f57d3e409ee6e9b5e3e,44100,1,4.207006803,http://creativecommons.org/publicdomain/zero/1.0/,PER_RECORDING_METADATA,DESED_synth_soundbank.tar.gz; audio/eval/soundbank/foreground/Alarm_bell_ringing/79440_1.wav ; official eval license TSV,unknown,clsdoa_v1,PRESENT
desed:eval:79440_2:clsdoa_v1_srcprep_v1,desed:eval:79440,4,clock_alarm,transient,DESED isolated foreground,Alarm_bell_ringing,SEMANTIC_STRONG,79440,eval,raw/desed/extracted/audio/eval/soundbank/foreground/Alarm_bell_ringing/79440_2.wav,9deb99fdd7d23a578a301a76c714e506edf971726670502b39ac315e29aade0a,44100,1,4.037414966,http://creativecommons.org/publicdomain/zero/1.0/,PER_RECORDING_METADATA,DESED_synth_soundbank.tar.gz; audio/eval/soundbank/foreground/Alarm_bell_ringing/79440_2.wav ; official eval license TSV,unknown,clsdoa_v1,PRESENT
desed:eval:79633:clsdoa_v1_srcprep_v1,desed:eval:79633,4,clock_alarm,transient,DESED isolated foreground,Alarm_bell_ringing,SEMANTIC_STRONG,79633,eval,raw/desed/extracted/audio/eval/soundbank/foreground/Alarm_bell_ringing/79633.wav,7866e7749310359e1fdf8729af11836ab2a527c55c0d2075ed2bdeb0c52270f9,44100,1,9.581315193,http://creativecommons.org/licenses/sampling+/1.0/,PER_RECORDING_METADATA,DESED_synth_soundbank.tar.gz; audio/eval/soundbank/foreground/Alarm_bell_ringing/79633.wav ; official eval license TSV,unknown,clsdoa_v1,PRESENT
desed:eval:79638:clsdoa_v1_srcprep_v1,desed:eval:79638,4,clock_alarm,transient,DESED isolated foreground,Alarm_bell_ringing,SEMANTIC_STRONG,79638,eval,raw/desed/extracted/audio/eval/soundbank/foreground/Alarm_bell_ringing/79638.wav,019d4688b0558578411d061aa6da9a32af92e594eaba748ef9853c14d966cb31,44100,1,2.487006803,http://creativecommons.org/licenses/sampling+/1.0/,PER_RECORDING_METADATA,DESED_synth_soundbank.tar.gz; audio/eval/soundbank/foreground/Alarm_bell_ringing/79638.wav ; official eval license TSV,unknown,clsdoa_v1,PRESENT
desed:eval:164574:clsdoa_v1_srcprep_v1,desed:eval:164574,10,dishes,transient,DESED isolated foreground,Dishes,EXACT,164574,eval,raw/desed/extracted/audio/eval/soundbank/foreground/Dishes/164574.wav,f1b06202e6ba272393524e8d764e1ef7aaa97821d65f7d69dd032f8af29aa48a,44100,1,0.097823129,http://creativecommons.org/publicdomain/zero/1.0/,PER_RECORDING_METADATA,DESED_synth_soundbank.tar.gz; audio/eval/soundbank/foreground/Dishes/164574.wav ; official eval license TSV,unknown,clsdoa_v1,PRESENT
desed:eval:20079_0:clsdoa_v1_srcprep_v1,desed:eval:20079,10,dishes,transient,DESED isolated foreground,Dishes,EXACT,20079,eval,raw/desed/extracted/audio/eval/soundbank/foreground/Dishes/20079_0.wav,acebad043f03f2693884bafcb157e282e7a1a3ab73cc63344abcd5f88deb7bc5,44100,1,0.801043084,http://creativecommons.org/licenses/by/3.0/,PER_RECORDING_METADATA,DESED_synth_soundbank.tar.gz; audio/eval/soundbank/foreground/Dishes/20079_0.wav ; official eval license TSV,unknown,clsdoa_v1,PRESENT
desed:eval:20079_1:clsdoa_v1_srcprep_v1,desed:eval:20079,10,dishes,transient,DESED isolated foreground,Dishes,EXACT,20079,eval,raw/desed/extracted/audio/eval/soundbank/foreground/Dishes/20079_1.wav,791f7f9154379891e80b9eb6119e2edf854004060d95a8be92a65c47723781ae,44100,1,0.838095238,http://creativecommons.org/licenses/by/3.0/,PER_RECORDING_METADATA,DESED_synth_soundbank.tar.gz; audio/eval/soundbank/foreground/Dishes/20079_1.wav ; official eval license TSV,unknown,clsdoa_v1,PRESENT
desed:eval:20079_2:clsdoa_v1_srcprep_v1,desed:eval:20079,10,dishes,transient,DESED isolated foreground,Dishes,EXACT,20079,eval,raw/desed/extracted/audio/eval/soundbank/foreground/Dishes/20079_2.wav,b950dcb4fb2c661d6ae096ecbbb96208ddd14c87551326c5d0fbceece8bf961f,44100,1,0.163106576,http://creativecommons.org/licenses/by/3.0/,PER_RECORDING_METADATA,DESED_synth_soundbank.tar.gz; audio/eval/soundbank/foreground/Dishes/20079_2.wav ; official eval license TSV,unknown,clsdoa_v1,PRESENT
desed:eval:20081_0:clsdoa_v1_srcprep_v1,desed:eval:20081,10,dishes,transient,DESED isolated foreground,Dishes,EXACT,20081,eval,raw/desed/extracted/audio/eval/soundbank/foreground/Dishes/20081_0.wav,21038e85beb0119a0ddb34843c7a3302e6ffcbf0605fdcd94dd2f5d3aa8b9541,44100,1,0.224512472,http://creativecommons.org/licenses/by/3.0/,PER_RECORDING_METADATA,DESED_synth_soundbank.tar.gz; audio/eval/soundbank/foreground/Dishes/20081_0.wav ; official eval license TSV,unknown,clsdoa_v1,PRESENT
desed:eval:20081_1:clsdoa_v1_srcprep_v1,desed:eval:20081,10,dishes,transient,DESED isolated foreground,Dishes,EXACT,20081,eval,raw/desed/extracted/audio/eval/soundbank/foreground/Dishes/20081_1.wav,2546b788a441dcdf521c09398b62bc3730b40e0268316a68b120f0b579e2ac1f,44100,1,0.651836735,http://creativecommons.org/licenses/by/3.0/,PER_RECORDING_METADATA,DESED_synth_soundbank.tar.gz; audio/eval/soundbank/foreground/Dishes/20081_1.wav ; official eval license TSV,unknown,clsdoa_v1,PRESENT
desed:eval:20081_2:clsdoa_v1_srcprep_v1,desed:eval:20081,10,dishes,transient,DESED isolated foreground,Dishes,EXACT,20081,eval,raw/desed/extracted/audio/eval/soundbank/foreground/Dishes/20081_2.wav,2fe6a14a357f6ccc2725de3c607891ecc67948266cb888b9a2979567a9a1c3db,44100,1,0.160430839,http://creativecommons.org/licenses/by/3.0/,PER_RECORDING_METADATA,DESED_synth_soundbank.tar.gz; audio/eval/soundbank/foreground/Dishes/20081_2.wav ; official eval license TSV,unknown,clsdoa_v1,PRESENT
desed:eval:20081_3:clsdoa_v1_srcprep_v1,desed:eval:20081,10,dishes,transient,DESED isolated foreground,Dishes,EXACT,20081,eval,raw/desed/extracted/audio/eval/soundbank/foreground/Dishes/20081_3.wav,06b460d7a53ff424680ff0cb4f0734b7e24f4f14531ab9808435f4848544a53b,44100,1,0.200839002,http://creativecommons.org/licenses/by/3.0/,PER_RECORDING_METADATA,DESED_synth_soundbank.tar.gz; audio/eval/soundbank/foreground/Dishes/20081_3.wav ; official eval license TSV,unknown,clsdoa_v1,PRESENT
desed:eval:20093:clsdoa_v1_srcprep_v1,desed:eval:20093,10,dishes,transient,DESED isolated foreground,Dishes,EXACT,20093,eval,raw/desed/extracted/audio/eval/soundbank/foreground/Dishes/20093.wav,807b6a216760b823ff7e40cd6a59551eda0cfd67e3ac18148c2d9c82df626be2,44100,1,0.479659864,http://creativecommons.org/licenses/by/3.0/,PER_RECORDING_METADATA,DESED_synth_soundbank.tar.gz; audio/eval/soundbank/foreground/Dishes/20093.wav ; official eval license TSV,unknown,clsdoa_v1,PRESENT
desed:eval:20097_0:clsdoa_v1_srcprep_v1,desed:eval:20097,10,dishes,transient,DESED isolated foreground,Dishes,EXACT,20097,eval,raw/desed/extracted/audio/eval/soundbank/foreground/Dishes/20097_0.wav,65c30dd17562e4544a7438da375c5af1ad26dbbd9b1cbf9874ae75a3ec3e0594,44100,1,0.315011338,http://creativecommons.org/licenses/by/3.0/,PER_RECORDING_METADATA,DESED_synth_soundbank.tar.gz; audio/eval/soundbank/foreground/Dishes/20097_0.wav ; official eval license TSV,unknown,clsdoa_v1,PRESENT
desed:eval:20097_1:clsdoa_v1_srcprep_v1,desed:eval:20097,10,dishes,transient,DESED isolated foreground,Dishes,EXACT,20097,eval,raw/desed/extracted/audio/eval/soundbank/foreground/Dishes/20097_1.wav,8b5f5eb9c62be3bb188b8421ac2fa621b08cc96adcc32f013d73040f7936f29e,44100,1,0.216757370,http://creativecommons.org/licenses/by/3.0/,PER_RECORDING_METADATA,DESED_synth_soundbank.tar.gz; audio/eval/soundbank/foreground/Dishes/20097_1.wav ; official eval license TSV,unknown,clsdoa_v1,PRESENT
desed:eval:272022_0:clsdoa_v1_srcprep_v1,desed:eval:272022,10,dishes,transient,DESED isolated foreground,Dishes,EXACT,272022,eval,raw/desed/extracted/audio/eval/soundbank/foreground/Dishes/272022_0.wav,d4ec4266ec7856c2845aef7e9621fcf9a67c50d7ff0a4efed3ac2c1df7b028ef,44100,1,0.097369615,http://creativecommons.org/publicdomain/zero/1.0/,PER_RECORDING_METADATA,DESED_synth_soundbank.tar.gz; audio/eval/soundbank/foreground/Dishes/272022_0.wav ; official eval license TSV,unknown,clsdoa_v1,PRESENT
desed:eval:272022_1:clsdoa_v1_srcprep_v1,desed:eval:272022,10,dishes,transient,DESED isolated foreground,Dishes,EXACT,272022,eval,raw/desed/extracted/audio/eval/soundbank/foreground/Dishes/272022_1.wav,0064291ed0bc0ba822c3f14af5ca410522e80ba3d00848302ea83257caab3fc0,44100,1,0.194195011,http://creativecommons.org/publicdomain/zero/1.0/,PER_RECORDING_METADATA,DESED_synth_soundbank.tar.gz; audio/eval/soundbank/foreground/Dishes/272022_1.wav ; official eval license TSV,unknown,clsdoa_v1,PRESENT
desed:eval:325254_0:clsdoa_v1_srcprep_v1,desed:eval:325254,10,dishes,transient,DESED isolated foreground,Dishes,EXACT,325254,eval,raw/desed/extracted/audio/eval/soundbank/foreground/Dishes/325254_0.wav,236f63f1797131a7d721c25b2e1ccd897a123e10d334835a4397fbedb56fbeff,44100,1,0.250272109,http://creativecommons.org/publicdomain/zero/1.0/,PER_RECORDING_METADATA,DESED_synth_soundbank.tar.gz; audio/eval/soundbank/foreground/Dishes/325254_0.wav ; official eval license TSV,unknown,clsdoa_v1,PRESENT
desed:eval:325254_1:clsdoa_v1_srcprep_v1,desed:eval:325254,10,dishes,transient,DESED isolated foreground,Dishes,EXACT,325254,eval,raw/desed/extracted/audio/eval/soundbank/foreground/Dishes/325254_1.wav,a3bbf9decd02ae69c837cc3ee1d6afbac899a3a954ecf615a5f3c5e24c83d1ea,44100,1,0.286394558,http://creativecommons.org/publicdomain/zero/1.0/,PER_RECORDING_METADATA,DESED_synth_soundbank.tar.gz; audio/eval/soundbank/foreground/Dishes/325254_1.wav ; official eval license TSV,unknown,clsdoa_v1,PRESENT
desed:eval:325254_2:clsdoa_v1_srcprep_v1,desed:eval:325254,10,dishes,transient,DESED isolated foreground,Dishes,EXACT,325254,eval,raw/desed/extracted/audio/eval/soundbank/foreground/Dishes/325254_2.wav,30258c698e811868a396d4bc27688f94d8f0a6e3a77a58598d44b03ae667aa10,44100,1,0.254421769,http://creativecommons.org/publicdomain/zero/1.0/,PER_RECORDING_METADATA,DESED_synth_soundbank.tar.gz; audio/eval/soundbank/foreground/Dishes/325254_2.wav ; official eval license TSV,unknown,clsdoa_v1,PRESENT
desed:eval:325254_3:clsdoa_v1_srcprep_v1,desed:eval:325254,10,dishes,transient,DESED isolated foreground,Dishes,EXACT,325254,eval,raw/desed/extracted/audio/eval/soundbank/foreground/Dishes/325254_3.wav,0931f2afe9bd49dc5780c9d55af99aa870ad0b346f11ff8e586fa21045b07966,44100,1,0.244036281,http://creativecommons.org/publicdomain/zero/1.0/,PER_RECORDING_METADATA,DESED_synth_soundbank.tar.gz; audio/eval/soundbank/foreground/Dishes/325254_3.wav ; official eval license TSV,unknown,clsdoa_v1,PRESENT
desed:eval:365519_0:clsdoa_v1_srcprep_v1,desed:eval:365519,10,dishes,transient,DESED isolated foreground,Dishes,EXACT,365519,eval,raw/desed/extracted/audio/eval/soundbank/foreground/Dishes/365519_0.wav,0370956b06427d4422761fb8ef3236ae93feca5cf7e211c454ea98d3221a441d,44100,1,0.258095238,http://creativecommons.org/publicdomain/zero/1.0/,PER_RECORDING_METADATA,DESED_synth_soundbank.tar.gz; audio/eval/soundbank/foreground/Dishes/365519_0.wav ; official eval license TSV,unknown,clsdoa_v1,PRESENT
desed:eval:365519_1:clsdoa_v1_srcprep_v1,desed:eval:365519,10,dishes,transient,DESED isolated foreground,Dishes,EXACT,365519,eval,raw/desed/extracted/audio/eval/soundbank/foreground/Dishes/365519_1.wav,4812c9c91ed8a621bf16d572d38653f729d3300847b149f0e50d9d3c07debc77,44100,1,0.205578231,http://creativecommons.org/publicdomain/zero/1.0/,PER_RECORDING_METADATA,DESED_synth_soundbank.tar.gz; audio/eval/soundbank/foreground/Dishes/365519_1.wav ; official eval license TSV,unknown,clsdoa_v1,PRESENT
desed:eval:365519_2:clsdoa_v1_srcprep_v1,desed:eval:365519,10,dishes,transient,DESED isolated foreground,Dishes,EXACT,365519,eval,raw/desed/extracted/audio/eval/soundbank/foreground/Dishes/365519_2.wav,a7e77a7dd297fe642fa75df1ecaca9c1cdd84e9da0cd977e6f6d0c9981dda6c0,44100,1,0.244829932,http://creativecommons.org/publicdomain/zero/1.0/,PER_RECORDING_METADATA,DESED_synth_soundbank.tar.gz; audio/eval/soundbank/foreground/Dishes/365519_2.wav ; official eval license TSV,unknown,clsdoa_v1,PRESENT
desed:eval:377500:clsdoa_v1_srcprep_v1,desed:eval:377500,10,dishes,transient,DESED isolated foreground,Dishes,EXACT,377500,eval,raw/desed/extracted/audio/eval/soundbank/foreground/Dishes/377500.wav,c9d2e5be51ba7cb8813ed1eaf00ce8327f191490fa5b72413edf16a1bc9fed87,44100,1,0.236984127,http://creativecommons.org/publicdomain/zero/1.0/,PER_RECORDING_METADATA,DESED_synth_soundbank.tar.gz; audio/eval/soundbank/foreground/Dishes/377500.wav ; official eval license TSV,unknown,clsdoa_v1,PRESENT
desed:eval:377501_0:clsdoa_v1_srcprep_v1,desed:eval:377501,10,dishes,transient,DESED isolated foreground,Dishes,EXACT,377501,eval,raw/desed/extracted/audio/eval/soundbank/foreground/Dishes/377501_0.wav,4a8c0d08b60070bb20d221029611c9e73f873bc5a64e765005a7e9b97d2579a4,44100,1,0.354648526,http://creativecommons.org/publicdomain/zero/1.0/,PER_RECORDING_METADATA,DESED_synth_soundbank.tar.gz; audio/eval/soundbank/foreground/Dishes/377501_0.wav ; official eval license TSV,unknown,clsdoa_v1,PRESENT
desed:eval:377501_1:clsdoa_v1_srcprep_v1,desed:eval:377501,10,dishes,transient,DESED isolated foreground,Dishes,EXACT,377501,eval,raw/desed/extracted/audio/eval/soundbank/foreground/Dishes/377501_1.wav,4bbbbb165eb9bf45d30beec8945d9e5e2e9aecf975dac0b4ad28124f230ff076,44100,1,0.417324263,http://creativecommons.org/publicdomain/zero/1.0/,PER_RECORDING_METADATA,DESED_synth_soundbank.tar.gz; audio/eval/soundbank/foreground/Dishes/377501_1.wav ; official eval license TSV,unknown,clsdoa_v1,PRESENT
desed:eval:377982:clsdoa_v1_srcprep_v1,desed:eval:377982,10,dishes,transient,DESED isolated foreground,Dishes,EXACT,377982,eval,raw/desed/extracted/audio/eval/soundbank/foreground/Dishes/377982.wav,4d89ebddcf6121ea063738c83142f2fdeb72043eecbdfc056d7ed070a6dde46a,44100,1,7.181655329,http://creativecommons.org/publicdomain/zero/1.0/,PER_RECORDING_METADATA,DESED_synth_soundbank.tar.gz; audio/eval/soundbank/foreground/Dishes/377982.wav ; official eval license TSV,unknown,clsdoa_v1,PRESENT
desed:eval:379144_0:clsdoa_v1_srcprep_v1,desed:eval:379144,10,dishes,transient,DESED isolated foreground,Dishes,EXACT,379144,eval,raw/desed/extracted/audio/eval/soundbank/foreground/Dishes/379144_0.wav,22544b3429ef5f3def8f8a3218624acdf9b7305b72d9feb5ea085782de322729,44100,1,0.229931973,http://creativecommons.org/publicdomain/zero/1.0/,PER_RECORDING_METADATA,DESED_synth_soundbank.tar.gz; audio/eval/soundbank/foreground/Dishes/379144_0.wav ; official eval license TSV,unknown,clsdoa_v1,PRESENT
desed:eval:379144_1:clsdoa_v1_srcprep_v1,desed:eval:379144,10,dishes,transient,DESED isolated foreground,Dishes,EXACT,379144,eval,raw/desed/extracted/audio/eval/soundbank/foreground/Dishes/379144_1.wav,877407c0a2db791350ff60f77c9aabe2dca26c8a51c04369724bc54eb0dc3abc,44100,1,0.543129252,http://creativecommons.org/publicdomain/zero/1.0/,PER_RECORDING_METADATA,DESED_synth_soundbank.tar.gz; audio/eval/soundbank/foreground/Dishes/379144_1.wav ; official eval license TSV,unknown,clsdoa_v1,PRESENT
desed:eval:418508:clsdoa_v1_srcprep_v1,desed:eval:418508,10,dishes,transient,DESED isolated foreground,Dishes,EXACT,418508,eval,raw/desed/extracted/audio/eval/soundbank/foreground/Dishes/418508.wav,4d584fa1878b3551514b1c73ad17b684388d9441abf488344f8a095684192896,44100,1,1.044308390,http://creativecommons.org/publicdomain/zero/1.0/,PER_RECORDING_METADATA,DESED_synth_soundbank.tar.gz; audio/eval/soundbank/foreground/Dishes/418508.wav ; official eval license TSV,unknown,clsdoa_v1,PRESENT
desed:eval:427113_0:clsdoa_v1_srcprep_v1,desed:eval:427113,10,dishes,transient,DESED isolated foreground,Dishes,EXACT,427113,eval,raw/desed/extracted/audio/eval/soundbank/foreground/Dishes/427113_0.wav,9f62685f47d469ee7ad7e7241eea49a29171b34c2b8aefb995331cc1a6322426,44100,1,0.141836735,http://creativecommons.org/publicdomain/zero/1.0/,PER_RECORDING_METADATA,DESED_synth_soundbank.tar.gz; audio/eval/soundbank/foreground/Dishes/427113_0.wav ; official eval license TSV,unknown,clsdoa_v1,PRESENT
desed:eval:427113_1:clsdoa_v1_srcprep_v1,desed:eval:427113,10,dishes,transient,DESED isolated foreground,Dishes,EXACT,427113,eval,raw/desed/extracted/audio/eval/soundbank/foreground/Dishes/427113_1.wav,4ed95c7a626b34817cda54af127b175a8826d83c803b5894b88fa652ea0e9c76,44100,1,2.236848073,http://creativecommons.org/publicdomain/zero/1.0/,PER_RECORDING_METADATA,DESED_synth_soundbank.tar.gz; audio/eval/soundbank/foreground/Dishes/427113_1.wav ; official eval license TSV,unknown,clsdoa_v1,PRESENT
desed:eval:429494_0:clsdoa_v1_srcprep_v1,desed:eval:429494,10,dishes,transient,DESED isolated foreground,Dishes,EXACT,429494,eval,raw/desed/extracted/audio/eval/soundbank/foreground/Dishes/429494_0.wav,e16d0bc6b96e3cdfbebed44eb725c033925f978cf7b3d7be068bdbce190fe96b,44100,1,1.754829932,http://creativecommons.org/publicdomain/zero/1.0/,PER_RECORDING_METADATA,DESED_synth_soundbank.tar.gz; audio/eval/soundbank/foreground/Dishes/429494_0.wav ; official eval license TSV,unknown,clsdoa_v1,PRESENT
desed:eval:429494_1:clsdoa_v1_srcprep_v1,desed:eval:429494,10,dishes,transient,DESED isolated foreground,Dishes,EXACT,429494,eval,raw/desed/extracted/audio/eval/soundbank/foreground/Dishes/429494_1.wav,e2ef3ac78fcae6f6c0a1a39ece360e4d492433b945d510a2bff8e014381c1279,44100,1,2.568072562,http://creativecommons.org/publicdomain/zero/1.0/,PER_RECORDING_METADATA,DESED_synth_soundbank.tar.gz; audio/eval/soundbank/foreground/Dishes/429494_1.wav ; official eval license TSV,unknown,clsdoa_v1,PRESENT
desed:eval:429494_2:clsdoa_v1_srcprep_v1,desed:eval:429494,10,dishes,transient,DESED isolated foreground,Dishes,EXACT,429494,eval,raw/desed/extracted/audio/eval/soundbank/foreground/Dishes/429494_2.wav,35b9cb2fcecc13293d90301c9609a7b83b8cc18e123adc651c5160757baf519b,44100,1,0.362653061,http://creativecommons.org/publicdomain/zero/1.0/,PER_RECORDING_METADATA,DESED_synth_soundbank.tar.gz; audio/eval/soundbank/foreground/Dishes/429494_2.wav ; official eval license TSV,unknown,clsdoa_v1,PRESENT
desed:eval:429494_3:clsdoa_v1_srcprep_v1,desed:eval:429494,10,dishes,transient,DESED isolated foreground,Dishes,EXACT,429494,eval,raw/desed/extracted/audio/eval/soundbank/foreground/Dishes/429494_3.wav,5628f41be5bb41fa62a23cd249465d865cf0c6b9433f7ead537865820de1efc7,44100,1,0.304285714,http://creativecommons.org/publicdomain/zero/1.0/,PER_RECORDING_METADATA,DESED_synth_soundbank.tar.gz; audio/eval/soundbank/foreground/Dishes/429494_3.wav ; official eval license TSV,unknown,clsdoa_v1,PRESENT
desed:eval:50114:clsdoa_v1_srcprep_v1,desed:eval:50114,10,dishes,transient,DESED isolated foreground,Dishes,EXACT,50114,eval,raw/desed/extracted/audio/eval/soundbank/foreground/Dishes/50114.wav,0a3d02892466ab7e404ec4eed7a8e732528ed010092a89e62e08287076f5fda2,44100,1,0.634036281,http://creativecommons.org/licenses/by/3.0/,PER_RECORDING_METADATA,DESED_synth_soundbank.tar.gz; audio/eval/soundbank/foreground/Dishes/50114.wav ; official eval license TSV,unknown,clsdoa_v1,PRESENT
desed:eval:347708:clsdoa_v1_srcprep_v1,desed:eval:347708,7,frying,transient,DESED isolated foreground,Frying,EXACT,347708,eval,raw/desed/extracted/audio/eval/soundbank/foreground/Frying/347708.wav,ae38edc3ce156e90f235e3b5d5f4c8be2e3f73dc5cbc6dc7b2d9da20c7045bd2,44100,1,21.058616780,http://creativecommons.org/licenses/by/3.0/,PER_RECORDING_METADATA,DESED_synth_soundbank.tar.gz; audio/eval/soundbank/foreground/Frying/347708.wav ; official eval license TSV,unknown,clsdoa_v1,PRESENT
desed:eval:417995:clsdoa_v1_srcprep_v1,desed:eval:417995,7,frying,transient,DESED isolated foreground,Frying,EXACT,417995,eval,raw/desed/extracted/audio/eval/soundbank/foreground/Frying/417995.wav,05742e2d57c3c7c8ef3d634b30a2501a70e823e5509624a422f646cca421e0d2,44100,1,9.731201814,http://creativecommons.org/publicdomain/zero/1.0/,PER_RECORDING_METADATA,DESED_synth_soundbank.tar.gz; audio/eval/soundbank/foreground/Frying/417995.wav ; official eval license TSV,unknown,clsdoa_v1,PRESENT
desed:eval:371615_1:clsdoa_v1_srcprep_v1,desed:eval:371615,6,running_water,transient,DESED isolated foreground,Running_water,EXACT,371615,eval,raw/desed/extracted/audio/eval/soundbank/foreground/Running_water/371615_1.wav,32811f1748d1b23b55016ce362b05c8595adb2ba6bb04d87eaf5d566e66f2714,44100,1,5.693877551,http://creativecommons.org/licenses/by/3.0/,PER_RECORDING_METADATA,DESED_synth_soundbank.tar.gz; audio/eval/soundbank/foreground/Running_water/371615_1.wav ; official eval license TSV,unknown,clsdoa_v1,PRESENT
desed:eval:371615_2:clsdoa_v1_srcprep_v1,desed:eval:371615,6,running_water,transient,DESED isolated foreground,Running_water,EXACT,371615,eval,raw/desed/extracted/audio/eval/soundbank/foreground/Running_water/371615_2.wav,2206ad3ad075426eb67924b765eee0b12e6790b5993a29092dd7862fdddbdc17,44100,1,5.204081633,http://creativecommons.org/licenses/by/3.0/,PER_RECORDING_METADATA,DESED_synth_soundbank.tar.gz; audio/eval/soundbank/foreground/Running_water/371615_2.wav ; official eval license TSV,unknown,clsdoa_v1,PRESENT
desed:eval:371913_1:clsdoa_v1_srcprep_v1,desed:eval:371913,6,running_water,transient,DESED isolated foreground,Running_water,EXACT,371913,eval,raw/desed/extracted/audio/eval/soundbank/foreground/Running_water/371913_1.wav,ea62283d1998484067e81d4226e8d0594cf5eba06b4a91ae9941a4ce8fa759da,44100,1,26.607777778,http://creativecommons.org/publicdomain/zero/1.0/,PER_RECORDING_METADATA,DESED_synth_soundbank.tar.gz; audio/eval/soundbank/foreground/Running_water/371913_1.wav ; official eval license TSV,unknown,clsdoa_v1,PRESENT
desed:eval:371914_1:clsdoa_v1_srcprep_v1,desed:eval:371914,6,running_water,transient,DESED isolated foreground,Running_water,EXACT,371914,eval,raw/desed/extracted/audio/eval/soundbank/foreground/Running_water/371914_1.wav,04a1b118727c75641b4a09cc96ea99f02c0cca6881e13d714951512efcba443c,44100,1,0.775941043,http://creativecommons.org/publicdomain/zero/1.0/,PER_RECORDING_METADATA,DESED_synth_soundbank.tar.gz; audio/eval/soundbank/foreground/Running_water/371914_1.wav ; official eval license TSV,unknown,clsdoa_v1,PRESENT
desed:eval:371918:clsdoa_v1_srcprep_v1,desed:eval:371918,6,running_water,transient,DESED isolated foreground,Running_water,EXACT,371918,eval,raw/desed/extracted/audio/eval/soundbank/foreground/Running_water/371918.wav,f64b79cdc6b7d98bd868351d08ff32b5a44ed25cc3f1cdb276596e193b74f0c6,44100,1,7.284421769,http://creativecommons.org/publicdomain/zero/1.0/,PER_RECORDING_METADATA,DESED_synth_soundbank.tar.gz; audio/eval/soundbank/foreground/Running_water/371918.wav ; official eval license TSV,unknown,clsdoa_v1,PRESENT
desed:eval:371920_1:clsdoa_v1_srcprep_v1,desed:eval:371920,6,running_water,transient,DESED isolated foreground,Running_water,EXACT,371920,eval,raw/desed/extracted/audio/eval/soundbank/foreground/Running_water/371920_1.wav,f5517f46cbf90877c60abce9aca84becf099b24bac1fcef30a0f1dad3d9628e0,44100,1,0.651904762,http://creativecommons.org/publicdomain/zero/1.0/,PER_RECORDING_METADATA,DESED_synth_soundbank.tar.gz; audio/eval/soundbank/foreground/Running_water/371920_1.wav ; official eval license TSV,unknown,clsdoa_v1,PRESENT
desed:eval:371920_2:clsdoa_v1_srcprep_v1,desed:eval:371920,6,running_water,transient,DESED isolated foreground,Running_water,EXACT,371920,eval,raw/desed/extracted/audio/eval/soundbank/foreground/Running_water/371920_2.wav,d9f3c94b48441dfccc040ab0396329eed8e3159479c8f95b05052bf89324958e,44100,1,0.676054422,http://creativecommons.org/publicdomain/zero/1.0/,PER_RECORDING_METADATA,DESED_synth_soundbank.tar.gz; audio/eval/soundbank/foreground/Running_water/371920_2.wav ; official eval license TSV,unknown,clsdoa_v1,PRESENT
desed:eval:406066_1:clsdoa_v1_srcprep_v1,desed:eval:406066,6,running_water,transient,DESED isolated foreground,Running_water,EXACT,406066,eval,raw/desed/extracted/audio/eval/soundbank/foreground/Running_water/406066_1.wav,c414248fbdb9b48a3262e779ad7d4cf2d40e5730393302af3cc18d72bf17ec67,44100,1,8.548911565,http://creativecommons.org/publicdomain/zero/1.0/,PER_RECORDING_METADATA,DESED_synth_soundbank.tar.gz; audio/eval/soundbank/foreground/Running_water/406066_1.wav ; official eval license TSV,unknown,clsdoa_v1,PRESENT
desed:eval:406067_1:clsdoa_v1_srcprep_v1,desed:eval:406067,6,running_water,transient,DESED isolated foreground,Running_water,EXACT,406067,eval,raw/desed/extracted/audio/eval/soundbank/foreground/Running_water/406067_1.wav,fe827e28f526557743de6fb4072b8de726c5d840aa6f15742cb67478c2f994da,44100,1,2.554104308,http://creativecommons.org/publicdomain/zero/1.0/,PER_RECORDING_METADATA,DESED_synth_soundbank.tar.gz; audio/eval/soundbank/foreground/Running_water/406067_1.wav ; official eval license TSV,unknown,clsdoa_v1,PRESENT
desed:eval:406230:clsdoa_v1_srcprep_v1,desed:eval:406230,6,running_water,transient,DESED isolated foreground,Running_water,EXACT,406230,eval,raw/desed/extracted/audio/eval/soundbank/foreground/Running_water/406230.wav,c4dee1d135b1aac2c21eb09f8cbb4a8c6f39ff2af35861fe4d82d8fcfdac7d09,44100,1,8.820952381,http://creativecommons.org/publicdomain/zero/1.0/,PER_RECORDING_METADATA,DESED_synth_soundbank.tar.gz; audio/eval/soundbank/foreground/Running_water/406230.wav ; official eval license TSV,unknown,clsdoa_v1,PRESENT
desed:eval:408348_1:clsdoa_v1_srcprep_v1,desed:eval:408348,6,running_water,transient,DESED isolated foreground,Running_water,EXACT,408348,eval,raw/desed/extracted/audio/eval/soundbank/foreground/Running_water/408348_1.wav,49f2cf866328b42c27eabf19e498f0beaca04f0f8c2de338929d4ca2add4c8ec,44100,1,14.630000000,http://creativecommons.org/licenses/by-nc/3.0/,PER_RECORDING_METADATA,DESED_synth_soundbank.tar.gz; audio/eval/soundbank/foreground/Running_water/408348_1.wav ; official eval license TSV,unknown,clsdoa_v1,PRESENT
desed:eval:41634:clsdoa_v1_srcprep_v1,desed:eval:41634,6,running_water,transient,DESED isolated foreground,Running_water,EXACT,41634,eval,raw/desed/extracted/audio/eval/soundbank/foreground/Running_water/41634.wav,330a4f18d9f62461ab953ab6d4122db4a21b07b6d0ba1d21ece44b50f1d7c21f,44100,1,1.209569161,http://creativecommons.org/licenses/by/3.0/,PER_RECORDING_METADATA,DESED_synth_soundbank.tar.gz; audio/eval/soundbank/foreground/Running_water/41634.wav ; official eval license TSV,unknown,clsdoa_v1,PRESENT
desed:eval:49538_1:clsdoa_v1_srcprep_v1,desed:eval:49538,6,running_water,transient,DESED isolated foreground,Running_water,EXACT,49538,eval,raw/desed/extracted/audio/eval/soundbank/foreground/Running_water/49538_1.wav,b0763c0a847221dad75bb925726f8e9a22448d97e0eab8930e7d2b01e43fa133,44100,1,8.581496599,http://creativecommons.org/licenses/sampling+/1.0/,PER_RECORDING_METADATA,DESED_synth_soundbank.tar.gz; audio/eval/soundbank/foreground/Running_water/49538_1.wav ; official eval license TSV,unknown,clsdoa_v1,PRESENT
desed:eval:588_1:clsdoa_v1_srcprep_v1,desed:eval:588,6,running_water,transient,DESED isolated foreground,Running_water,EXACT,588,eval,raw/desed/extracted/audio/eval/soundbank/foreground/Running_water/588_1.wav,2469c308e0f6849f34b70ff27167c7096a36acaa6d8df35019fe7081559e329b,44100,1,12.274421769,http://creativecommons.org/licenses/by/3.0/,PER_RECORDING_METADATA,DESED_synth_soundbank.tar.gz; audio/eval/soundbank/foreground/Running_water/588_1.wav ; official eval license TSV,unknown,clsdoa_v1,PRESENT
desed:eval:589_1:clsdoa_v1_srcprep_v1,desed:eval:589,6,running_water,transient,DESED isolated foreground,Running_water,EXACT,589,eval,raw/desed/extracted/audio/eval/soundbank/foreground/Running_water/589_1.wav,57de8c8ada22a1bce8c44e8c612bc5659c8bf954ca965102c278ba6c07ca8545,44100,1,10.690294785,http://creativecommons.org/licenses/by/3.0/,PER_RECORDING_METADATA,DESED_synth_soundbank.tar.gz; audio/eval/soundbank/foreground/Running_water/589_1.wav ; official eval license TSV,unknown,clsdoa_v1,PRESENT
desed:eval:71218_1:clsdoa_v1_srcprep_v1,desed:eval:71218,6,running_water,transient,DESED isolated foreground,Running_water,EXACT,71218,eval,raw/desed/extracted/audio/eval/soundbank/foreground/Running_water/71218_1.wav,d2f0efc46c7ba9012609b1b1f873df808fd0d89a7309452ace948c696fe75c16,44100,1,10.673287982,http://creativecommons.org/publicdomain/zero/1.0/,PER_RECORDING_METADATA,DESED_synth_soundbank.tar.gz; audio/eval/soundbank/foreground/Running_water/71218_1.wav ; official eval license TSV,unknown,clsdoa_v1,PRESENT
desed:eval:99181_1:clsdoa_v1_srcprep_v1,desed:eval:99181,6,running_water,transient,DESED isolated foreground,Running_water,EXACT,99181,eval,raw/desed/extracted/audio/eval/soundbank/foreground/Running_water/99181_1.wav,618f403f40f3da2815381401dc826b221f364e6305e876b8a07bafd03ebc2f67,44100,1,8.314126984,http://creativecommons.org/licenses/by-nc/3.0/,PER_RECORDING_METADATA,DESED_synth_soundbank.tar.gz; audio/eval/soundbank/foreground/Running_water/99181_1.wav ; official eval license TSV,unknown,clsdoa_v1,PRESENT
desed:eval:122204:clsdoa_v1_srcprep_v1,desed:eval:122204,5,speech,transient,DESED isolated foreground,Speech,EXACT,122204,eval,raw/desed/extracted/audio/eval/soundbank/foreground/Speech/122204.wav,7647c31671c21bb04ab8b64274ae799accca514e8fcdac7513d05270356b0a60,44100,1,0.786031746,http://creativecommons.org/licenses/by/3.0/,PER_RECORDING_METADATA,DESED_synth_soundbank.tar.gz; audio/eval/soundbank/foreground/Speech/122204.wav ; official eval license TSV,unknown,clsdoa_v1,PRESENT
desed:eval:146291:clsdoa_v1_srcprep_v1,desed:eval:146291,5,speech,transient,DESED isolated foreground,Speech,EXACT,146291,eval,raw/desed/extracted/audio/eval/soundbank/foreground/Speech/146291.wav,f62863928c2a713be2b30b74fa678cc06cba97eae026b1cc4b2db361c3db6a7e,44100,1,1.059931973,http://creativecommons.org/publicdomain/zero/1.0/,PER_RECORDING_METADATA,DESED_synth_soundbank.tar.gz; audio/eval/soundbank/foreground/Speech/146291.wav ; official eval license TSV,unknown,clsdoa_v1,PRESENT
desed:eval:189361:clsdoa_v1_srcprep_v1,desed:eval:189361,5,speech,transient,DESED isolated foreground,Speech,EXACT,189361,eval,raw/desed/extracted/audio/eval/soundbank/foreground/Speech/189361.wav,74f479054b39ef7eb69784f054012c1399820cde3224cb4c3c968e47ff41f8b9,44100,1,0.601201814,http://creativecommons.org/licenses/by/3.0/,PER_RECORDING_METADATA,DESED_synth_soundbank.tar.gz; audio/eval/soundbank/foreground/Speech/189361.wav ; official eval license TSV,unknown,clsdoa_v1,PRESENT
desed:eval:189377:clsdoa_v1_srcprep_v1,desed:eval:189377,5,speech,transient,DESED isolated foreground,Speech,EXACT,189377,eval,raw/desed/extracted/audio/eval/soundbank/foreground/Speech/189377.wav,ab2337cf5879850830638f376ed7000e3be9b88d50981b0077bdc30fae475bf6,44100,1,0.859750567,http://creativecommons.org/licenses/by/3.0/,PER_RECORDING_METADATA,DESED_synth_soundbank.tar.gz; audio/eval/soundbank/foreground/Speech/189377.wav ; official eval license TSV,unknown,clsdoa_v1,PRESENT
desed:eval:189382:clsdoa_v1_srcprep_v1,desed:eval:189382,5,speech,transient,DESED isolated foreground,Speech,EXACT,189382,eval,raw/desed/extracted/audio/eval/soundbank/foreground/Speech/189382.wav,51552a71de67d56165f78126e761d5b458162a2c3c1fb55b220b563172f94201,44100,1,0.666916100,http://creativecommons.org/licenses/by/3.0/,PER_RECORDING_METADATA,DESED_synth_soundbank.tar.gz; audio/eval/soundbank/foreground/Speech/189382.wav ; official eval license TSV,unknown,clsdoa_v1,PRESENT
desed:eval:189386:clsdoa_v1_srcprep_v1,desed:eval:189386,5,speech,transient,DESED isolated foreground,Speech,EXACT,189386,eval,raw/desed/extracted/audio/eval/soundbank/foreground/Speech/189386.wav,3af564b749577012af5c467c9fea4a134ae05635f545fcddbb8fa16654d58933,44100,1,0.724512472,http://creativecommons.org/licenses/by/3.0/,PER_RECORDING_METADATA,DESED_synth_soundbank.tar.gz; audio/eval/soundbank/foreground/Speech/189386.wav ; official eval license TSV,unknown,clsdoa_v1,PRESENT
desed:eval:189405:clsdoa_v1_srcprep_v1,desed:eval:189405,5,speech,transient,DESED isolated foreground,Speech,EXACT,189405,eval,raw/desed/extracted/audio/eval/soundbank/foreground/Speech/189405.wav,ab24e748c9a77eff1d758231e6e2dcef6551b05ab79fe340615fcefa4cb44fa3,44100,1,0.824444444,http://creativecommons.org/licenses/by/3.0/,PER_RECORDING_METADATA,DESED_synth_soundbank.tar.gz; audio/eval/soundbank/foreground/Speech/189405.wav ; official eval license TSV,unknown,clsdoa_v1,PRESENT
desed:eval:189407:clsdoa_v1_srcprep_v1,desed:eval:189407,5,speech,transient,DESED isolated foreground,Speech,EXACT,189407,eval,raw/desed/extracted/audio/eval/soundbank/foreground/Speech/189407.wav,0d20fc4f8e8b9f37eaa85962073133e644f8105c275d4c3a8eb9d67458623225,44100,1,0.839863946,http://creativecommons.org/licenses/by/3.0/,PER_RECORDING_METADATA,DESED_synth_soundbank.tar.gz; audio/eval/soundbank/foreground/Speech/189407.wav ; official eval license TSV,unknown,clsdoa_v1,PRESENT
desed:eval:189410:clsdoa_v1_srcprep_v1,desed:eval:189410,5,speech,transient,DESED isolated foreground,Speech,EXACT,189410,eval,raw/desed/extracted/audio/eval/soundbank/foreground/Speech/189410.wav,8012fbf53f9664d598714bb599e9e06d57e49c205913b4a775791937114b5d02,44100,1,0.719183673,http://creativecommons.org/licenses/by/3.0/,PER_RECORDING_METADATA,DESED_synth_soundbank.tar.gz; audio/eval/soundbank/foreground/Speech/189410.wav ; official eval license TSV,unknown,clsdoa_v1,PRESENT
desed:eval:189413:clsdoa_v1_srcprep_v1,desed:eval:189413,5,speech,transient,DESED isolated foreground,Speech,EXACT,189413,eval,raw/desed/extracted/audio/eval/soundbank/foreground/Speech/189413.wav,7168463601d7bbeec0de5b4e20c8fbba7bcfdcbf91fbcaa526694853d784faf0,44100,1,0.650476190,http://creativecommons.org/licenses/by/3.0/,PER_RECORDING_METADATA,DESED_synth_soundbank.tar.gz; audio/eval/soundbank/foreground/Speech/189413.wav ; official eval license TSV,unknown,clsdoa_v1,PRESENT
desed:eval:189415:clsdoa_v1_srcprep_v1,desed:eval:189415,5,speech,transient,DESED isolated foreground,Speech,EXACT,189415,eval,raw/desed/extracted/audio/eval/soundbank/foreground/Speech/189415.wav,0819de8bd483f008b65061764376352d8f7316c5bd1f547d5e8336c5d8290ca2,44100,1,0.802154195,http://creativecommons.org/licenses/by/3.0/,PER_RECORDING_METADATA,DESED_synth_soundbank.tar.gz; audio/eval/soundbank/foreground/Speech/189415.wav ; official eval license TSV,unknown,clsdoa_v1,PRESENT
desed:eval:189419:clsdoa_v1_srcprep_v1,desed:eval:189419,5,speech,transient,DESED isolated foreground,Speech,EXACT,189419,eval,raw/desed/extracted/audio/eval/soundbank/foreground/Speech/189419.wav,6c8de84ffcc9643b883ebe5b92e47c63df6607e6b6c7d95ce9e4751c455f7e02,44100,1,0.990385488,http://creativecommons.org/licenses/by/3.0/,PER_RECORDING_METADATA,DESED_synth_soundbank.tar.gz; audio/eval/soundbank/foreground/Speech/189419.wav ; official eval license TSV,unknown,clsdoa_v1,PRESENT
desed:eval:189420:clsdoa_v1_srcprep_v1,desed:eval:189420,5,speech,transient,DESED isolated foreground,Speech,EXACT,189420,eval,raw/desed/extracted/audio/eval/soundbank/foreground/Speech/189420.wav,dd66951af835b78a791e4811618a9e11bf47f782c2d6170623faa974310d121d,44100,1,0.622199546,http://creativecommons.org/licenses/by/3.0/,PER_RECORDING_METADATA,DESED_synth_soundbank.tar.gz; audio/eval/soundbank/foreground/Speech/189420.wav ; official eval license TSV,unknown,clsdoa_v1,PRESENT
desed:eval:189421:clsdoa_v1_srcprep_v1,desed:eval:189421,5,speech,transient,DESED isolated foreground,Speech,EXACT,189421,eval,raw/desed/extracted/audio/eval/soundbank/foreground/Speech/189421.wav,2e242951ff3cb78cec692a4ef7dfc0989b136fd84d93c16f1b3531b804fb52c2,44100,1,0.841179138,http://creativecommons.org/licenses/by/3.0/,PER_RECORDING_METADATA,DESED_synth_soundbank.tar.gz; audio/eval/soundbank/foreground/Speech/189421.wav ; official eval license TSV,unknown,clsdoa_v1,PRESENT
desed:eval:189433:clsdoa_v1_srcprep_v1,desed:eval:189433,5,speech,transient,DESED isolated foreground,Speech,EXACT,189433,eval,raw/desed/extracted/audio/eval/soundbank/foreground/Speech/189433.wav,16de5580ec4d9ab005974d832dcd7574fd48b8c3906ad83d02b2665d64696238,44100,1,0.783696145,http://creativecommons.org/licenses/by/3.0/,PER_RECORDING_METADATA,DESED_synth_soundbank.tar.gz; audio/eval/soundbank/foreground/Speech/189433.wav ; official eval license TSV,unknown,clsdoa_v1,PRESENT
desed:eval:236348:clsdoa_v1_srcprep_v1,desed:eval:236348,5,speech,transient,DESED isolated foreground,Speech,EXACT,236348,eval,raw/desed/extracted/audio/eval/soundbank/foreground/Speech/236348.wav,b89c13c0455ff7fdb27800bb191d037e0a7117a6a66797ce505e74ebbae1f8f2,44100,1,2.250000000,http://creativecommons.org/licenses/by/3.0/,PER_RECORDING_METADATA,DESED_synth_soundbank.tar.gz; audio/eval/soundbank/foreground/Speech/236348.wav ; official eval license TSV,unknown,clsdoa_v1,PRESENT
desed:eval:236368:clsdoa_v1_srcprep_v1,desed:eval:236368,5,speech,transient,DESED isolated foreground,Speech,EXACT,236368,eval,raw/desed/extracted/audio/eval/soundbank/foreground/Speech/236368.wav,533bece9ea0fb42d5be135c1ce7c62db60ec7cf77df169dd3ce571a266ba34b6,44100,1,0.523560091,http://creativecommons.org/licenses/by/3.0/,PER_RECORDING_METADATA,DESED_synth_soundbank.tar.gz; audio/eval/soundbank/foreground/Speech/236368.wav ; official eval license TSV,unknown,clsdoa_v1,PRESENT
desed:eval:236420:clsdoa_v1_srcprep_v1,desed:eval:236420,5,speech,transient,DESED isolated foreground,Speech,EXACT,236420,eval,raw/desed/extracted/audio/eval/soundbank/foreground/Speech/236420.wav,269237d8823ed68f2062ef70949a5aeb306fe595ffc1e7c8c51515ec9d1650fe,44100,1,2.374988662,http://creativecommons.org/licenses/by/3.0/,PER_RECORDING_METADATA,DESED_synth_soundbank.tar.gz; audio/eval/soundbank/foreground/Speech/236420.wav ; official eval license TSV,unknown,clsdoa_v1,PRESENT
desed:eval:236487_0:clsdoa_v1_srcprep_v1,desed:eval:236487,5,speech,transient,DESED isolated foreground,Speech,EXACT,236487,eval,raw/desed/extracted/audio/eval/soundbank/foreground/Speech/236487_0.wav,c9dfeed267fe851bef5976165d7ccd441ed07b3bc72f2505263d8d6cbfe798e7,44100,1,0.798480726,http://creativecommons.org/licenses/by/3.0/,PER_RECORDING_METADATA,DESED_synth_soundbank.tar.gz; audio/eval/soundbank/foreground/Speech/236487_0.wav ; official eval license TSV,unknown,clsdoa_v1,PRESENT
desed:eval:236487_1:clsdoa_v1_srcprep_v1,desed:eval:236487,5,speech,transient,DESED isolated foreground,Speech,EXACT,236487,eval,raw/desed/extracted/audio/eval/soundbank/foreground/Speech/236487_1.wav,3444bfc3575074068171264bf2cdcdede8f7d0b8517dcffa3c207b5eb107e5d8,44100,1,0.565986395,http://creativecommons.org/licenses/by/3.0/,PER_RECORDING_METADATA,DESED_synth_soundbank.tar.gz; audio/eval/soundbank/foreground/Speech/236487_1.wav ; official eval license TSV,unknown,clsdoa_v1,PRESENT
desed:eval:236487_2:clsdoa_v1_srcprep_v1,desed:eval:236487,5,speech,transient,DESED isolated foreground,Speech,EXACT,236487,eval,raw/desed/extracted/audio/eval/soundbank/foreground/Speech/236487_2.wav,1c2f1869862d6a2e6b3aad8a0f7f9b4a07682236f4c6aa1d02392a0b9e72d0dd,44100,1,0.408480726,http://creativecommons.org/licenses/by/3.0/,PER_RECORDING_METADATA,DESED_synth_soundbank.tar.gz; audio/eval/soundbank/foreground/Speech/236487_2.wav ; official eval license TSV,unknown,clsdoa_v1,PRESENT
desed:eval:236487_3:clsdoa_v1_srcprep_v1,desed:eval:236487,5,speech,transient,DESED isolated foreground,Speech,EXACT,236487,eval,raw/desed/extracted/audio/eval/soundbank/foreground/Speech/236487_3.wav,32700ecd3682e36efb8fea114521f44532d11b8ff6de01c4a67953641c024942,44100,1,0.514580499,http://creativecommons.org/licenses/by/3.0/,PER_RECORDING_METADATA,DESED_synth_soundbank.tar.gz; audio/eval/soundbank/foreground/Speech/236487_3.wav ; official eval license TSV,unknown,clsdoa_v1,PRESENT
desed:eval:236531:clsdoa_v1_srcprep_v1,desed:eval:236531,5,speech,transient,DESED isolated foreground,Speech,EXACT,236531,eval,raw/desed/extracted/audio/eval/soundbank/foreground/Speech/236531.wav,86d99f057508927b3445bf2ab947501de7cb019e29b2ecce167524bab0a1ce6e,44100,1,0.692970522,http://creativecommons.org/licenses/by/3.0/,PER_RECORDING_METADATA,DESED_synth_soundbank.tar.gz; audio/eval/soundbank/foreground/Speech/236531.wav ; official eval license TSV,unknown,clsdoa_v1,PRESENT
desed:eval:236561_0:clsdoa_v1_srcprep_v1,desed:eval:236561,5,speech,transient,DESED isolated foreground,Speech,EXACT,236561,eval,raw/desed/extracted/audio/eval/soundbank/foreground/Speech/236561_0.wav,3246d5606611e8d144c3505910735104c718d0790874d4e8ad9e86d4d80a775e,44100,1,1.402063492,http://creativecommons.org/licenses/by/3.0/,PER_RECORDING_METADATA,DESED_synth_soundbank.tar.gz; audio/eval/soundbank/foreground/Speech/236561_0.wav ; official eval license TSV,unknown,clsdoa_v1,PRESENT
desed:eval:236561_1:clsdoa_v1_srcprep_v1,desed:eval:236561,5,speech,transient,DESED isolated foreground,Speech,EXACT,236561,eval,raw/desed/extracted/audio/eval/soundbank/foreground/Speech/236561_1.wav,c01b2a796d7e74121388b000803c08503822a66619236b8b1fd7269b5a69f35f,44100,1,1.391950113,http://creativecommons.org/licenses/by/3.0/,PER_RECORDING_METADATA,DESED_synth_soundbank.tar.gz; audio/eval/soundbank/foreground/Speech/236561_1.wav ; official eval license TSV,unknown,clsdoa_v1,PRESENT
desed:eval:236561_2:clsdoa_v1_srcprep_v1,desed:eval:236561,5,speech,transient,DESED isolated foreground,Speech,EXACT,236561,eval,raw/desed/extracted/audio/eval/soundbank/foreground/Speech/236561_2.wav,b698a638cb2c66f39c785a9e4945dfea46ec6ef993a0f8932274548099fa815b,44100,1,0.544829932,http://creativecommons.org/licenses/by/3.0/,PER_RECORDING_METADATA,DESED_synth_soundbank.tar.gz; audio/eval/soundbank/foreground/Speech/236561_2.wav ; official eval license TSV,unknown,clsdoa_v1,PRESENT
desed:eval:236605:clsdoa_v1_srcprep_v1,desed:eval:236605,5,speech,transient,DESED isolated foreground,Speech,EXACT,236605,eval,raw/desed/extracted/audio/eval/soundbank/foreground/Speech/236605.wav,9495e1133018d06d42c5d8a104c25920293923ed566bc47b2ebb0b6ad60cada8,44100,1,0.675714286,http://creativecommons.org/licenses/by/3.0/,PER_RECORDING_METADATA,DESED_synth_soundbank.tar.gz; audio/eval/soundbank/foreground/Speech/236605.wav ; official eval license TSV,unknown,clsdoa_v1,PRESENT
desed:eval:236651:clsdoa_v1_srcprep_v1,desed:eval:236651,5,speech,transient,DESED isolated foreground,Speech,EXACT,236651,eval,raw/desed/extracted/audio/eval/soundbank/foreground/Speech/236651.wav,9d97e514951959f6b8ccb3ff811f2cf35e5f535c9f5131784e29af02e63ebbf7,44100,1,0.761519274,http://creativecommons.org/licenses/by/3.0/,PER_RECORDING_METADATA,DESED_synth_soundbank.tar.gz; audio/eval/soundbank/foreground/Speech/236651.wav ; official eval license TSV,unknown,clsdoa_v1,PRESENT
desed:eval:277010_0:clsdoa_v1_srcprep_v1,desed:eval:277010,5,speech,transient,DESED isolated foreground,Speech,EXACT,277010,eval,raw/desed/extracted/audio/eval/soundbank/foreground/Speech/277010_0.wav,7334aafe351d59c1ea6213114807ff48165c6a26232a8aedc2ae96bbc5caaeed,44100,1,2.405963719,http://creativecommons.org/licenses/by-nc/3.0/,PER_RECORDING_METADATA,DESED_synth_soundbank.tar.gz; audio/eval/soundbank/foreground/Speech/277010_0.wav ; official eval license TSV,unknown,clsdoa_v1,PRESENT
desed:eval:277010_1:clsdoa_v1_srcprep_v1,desed:eval:277010,5,speech,transient,DESED isolated foreground,Speech,EXACT,277010,eval,raw/desed/extracted/audio/eval/soundbank/foreground/Speech/277010_1.wav,e9296c38327b4daafdefab307db311e8be63c899df6b622dbb7f47073eb43f5b,44100,1,2.405804989,http://creativecommons.org/licenses/by-nc/3.0/,PER_RECORDING_METADATA,DESED_synth_soundbank.tar.gz; audio/eval/soundbank/foreground/Speech/277010_1.wav ; official eval license TSV,unknown,clsdoa_v1,PRESENT
desed:eval:277010_2:clsdoa_v1_srcprep_v1,desed:eval:277010,5,speech,transient,DESED isolated foreground,Speech,EXACT,277010,eval,raw/desed/extracted/audio/eval/soundbank/foreground/Speech/277010_2.wav,1d575ee55137e986fd9869a653d68fd8abefa902f0a62fd8b1dcd34ba5214b2a,44100,1,0.818321995,http://creativecommons.org/licenses/by-nc/3.0/,PER_RECORDING_METADATA,DESED_synth_soundbank.tar.gz; audio/eval/soundbank/foreground/Speech/277010_2.wav ; official eval license TSV,unknown,clsdoa_v1,PRESENT
desed:eval:277010_3:clsdoa_v1_srcprep_v1,desed:eval:277010,5,speech,transient,DESED isolated foreground,Speech,EXACT,277010,eval,raw/desed/extracted/audio/eval/soundbank/foreground/Speech/277010_3.wav,a4d1322bdb0af47147c402feaa370d97dee47f0c4297d5cdb73d452932e61377,44100,1,1.036349206,http://creativecommons.org/licenses/by-nc/3.0/,PER_RECORDING_METADATA,DESED_synth_soundbank.tar.gz; audio/eval/soundbank/foreground/Speech/277010_3.wav ; official eval license TSV,unknown,clsdoa_v1,PRESENT
desed:eval:361089_0:clsdoa_v1_srcprep_v1,desed:eval:361089,5,speech,transient,DESED isolated foreground,Speech,EXACT,361089,eval,raw/desed/extracted/audio/eval/soundbank/foreground/Speech/361089_0.wav,3e07db755e5fe9b219bde3f661b5c18832642621a805225aa2f4364556fedf53,44100,1,2.292675737,http://creativecommons.org/publicdomain/zero/1.0/,PER_RECORDING_METADATA,DESED_synth_soundbank.tar.gz; audio/eval/soundbank/foreground/Speech/361089_0.wav ; official eval license TSV,unknown,clsdoa_v1,PRESENT
desed:eval:361089_1:clsdoa_v1_srcprep_v1,desed:eval:361089,5,speech,transient,DESED isolated foreground,Speech,EXACT,361089,eval,raw/desed/extracted/audio/eval/soundbank/foreground/Speech/361089_1.wav,db894e15cfefbbf82864c3a54772d5c0bd8543053f1a7bad879ff3d40d0ea828,44100,1,1.035442177,http://creativecommons.org/publicdomain/zero/1.0/,PER_RECORDING_METADATA,DESED_synth_soundbank.tar.gz; audio/eval/soundbank/foreground/Speech/361089_1.wav ; official eval license TSV,unknown,clsdoa_v1,PRESENT
desed:eval:86461:clsdoa_v1_srcprep_v1,desed:eval:86461,5,speech,transient,DESED isolated foreground,Speech,EXACT,86461,eval,raw/desed/extracted/audio/eval/soundbank/foreground/Speech/86461.wav,fcbadfa878d0e473e2443be02c352db0f25660ba309da80c46aa1f15965b67a6,44100,1,1.119478458,http://creativecommons.org/licenses/by/3.0/,PER_RECORDING_METADATA,DESED_synth_soundbank.tar.gz; audio/eval/soundbank/foreground/Speech/86461.wav ; official eval license TSV,unknown,clsdoa_v1,PRESENT
desed:eval:92922:clsdoa_v1_srcprep_v1,desed:eval:92922,5,speech,transient,DESED isolated foreground,Speech,EXACT,92922,eval,raw/desed/extracted/audio/eval/soundbank/foreground/Speech/92922.wav,c699a838a4a88f4d83e73b65f0f4e2d59919e171304305a6365490f5c6233fae,44100,1,1.001201814,http://creativecommons.org/licenses/by-nc/3.0/,PER_RECORDING_METADATA,DESED_synth_soundbank.tar.gz; audio/eval/soundbank/foreground/Speech/92922.wav ; official eval license TSV,unknown,clsdoa_v1,PRESENT
desed:eval:92931:clsdoa_v1_srcprep_v1,desed:eval:92931,5,speech,transient,DESED isolated foreground,Speech,EXACT,92931,eval,raw/desed/extracted/audio/eval/soundbank/foreground/Speech/92931.wav,2062f03ef9fb0feb5acc3ee3fe90324083b537c311cd35f4601719078d807a8d,44100,1,1.677414966,http://creativecommons.org/licenses/by-nc/3.0/,PER_RECORDING_METADATA,DESED_synth_soundbank.tar.gz; audio/eval/soundbank/foreground/Speech/92931.wav ; official eval license TSV,unknown,clsdoa_v1,PRESENT
desed:eval:92932:clsdoa_v1_srcprep_v1,desed:eval:92932,5,speech,transient,DESED isolated foreground,Speech,EXACT,92932,eval,raw/desed/extracted/audio/eval/soundbank/foreground/Speech/92932.wav,f74e5640562a24df53b2b112378de479695c184f4156978d6f80d35e232f12ff,44100,1,0.732358277,http://creativecommons.org/licenses/by-nc/3.0/,PER_RECORDING_METADATA,DESED_synth_soundbank.tar.gz; audio/eval/soundbank/foreground/Speech/92932.wav ; official eval license TSV,unknown,clsdoa_v1,PRESENT
desed:eval:92951:clsdoa_v1_srcprep_v1,desed:eval:92951,5,speech,transient,DESED isolated foreground,Speech,EXACT,92951,eval,raw/desed/extracted/audio/eval/soundbank/foreground/Speech/92951.wav,f0e8e9c21408bf3df42b5bec7fd51e1682754e69c63e5ffbe42fc68934d73ebd,44100,1,0.838571429,http://creativecommons.org/licenses/by-nc/3.0/,PER_RECORDING_METADATA,DESED_synth_soundbank.tar.gz; audio/eval/soundbank/foreground/Speech/92951.wav ; official eval license TSV,unknown,clsdoa_v1,PRESENT
desed:eval:92955:clsdoa_v1_srcprep_v1,desed:eval:92955,5,speech,transient,DESED isolated foreground,Speech,EXACT,92955,eval,raw/desed/extracted/audio/eval/soundbank/foreground/Speech/92955.wav,07c4e95a85a1584ac11697e95e43e95912bb0f6c0d4f7d3e8f69e8623116643a,44100,1,0.811179138,http://creativecommons.org/licenses/by-nc/3.0/,PER_RECORDING_METADATA,DESED_synth_soundbank.tar.gz; audio/eval/soundbank/foreground/Speech/92955.wav ; official eval license TSV,unknown,clsdoa_v1,PRESENT
desed:eval:92961_0:clsdoa_v1_srcprep_v1,desed:eval:92961,5,speech,transient,DESED isolated foreground,Speech,EXACT,92961,eval,raw/desed/extracted/audio/eval/soundbank/foreground/Speech/92961_0.wav,37a856511fb9d043e371b5d74b4eda5aefd974684f57cfcc7f32c9872522804a,44100,1,1.431133787,http://creativecommons.org/licenses/by-nc/3.0/,PER_RECORDING_METADATA,DESED_synth_soundbank.tar.gz; audio/eval/soundbank/foreground/Speech/92961_0.wav ; official eval license TSV,unknown,clsdoa_v1,PRESENT
desed:eval:92961_1:clsdoa_v1_srcprep_v1,desed:eval:92961,5,speech,transient,DESED isolated foreground,Speech,EXACT,92961,eval,raw/desed/extracted/audio/eval/soundbank/foreground/Speech/92961_1.wav,39815aa24ab76ac932893cd8d531fd92e7e4c7fe709fed65e758d07b29db3436,44100,1,0.980521542,http://creativecommons.org/licenses/by-nc/3.0/,PER_RECORDING_METADATA,DESED_synth_soundbank.tar.gz; audio/eval/soundbank/foreground/Speech/92961_1.wav ; official eval license TSV,unknown,clsdoa_v1,PRESENT
desed:eval:92962:clsdoa_v1_srcprep_v1,desed:eval:92962,5,speech,transient,DESED isolated foreground,Speech,EXACT,92962,eval,raw/desed/extracted/audio/eval/soundbank/foreground/Speech/92962.wav,1618b7553ff2c712e8048ff6225e01606dcbee1dc34c477e4b7751e7710d217a,44100,1,0.531247166,http://creativecommons.org/licenses/by-nc/3.0/,PER_RECORDING_METADATA,DESED_synth_soundbank.tar.gz; audio/eval/soundbank/foreground/Speech/92962.wav ; official eval license TSV,unknown,clsdoa_v1,PRESENT
desed:eval:92965:clsdoa_v1_srcprep_v1,desed:eval:92965,5,speech,transient,DESED isolated foreground,Speech,EXACT,92965,eval,raw/desed/extracted/audio/eval/soundbank/foreground/Speech/92965.wav,011d528d4f7e3430476f062f6c24c41e9f22631566f98825a48da174d03c32e6,44100,1,1.791859410,http://creativecommons.org/licenses/by-nc/3.0/,PER_RECORDING_METADATA,DESED_synth_soundbank.tar.gz; audio/eval/soundbank/foreground/Speech/92965.wav ; official eval license TSV,unknown,clsdoa_v1,PRESENT
desed:eval:92967:clsdoa_v1_srcprep_v1,desed:eval:92967,5,speech,transient,DESED isolated foreground,Speech,EXACT,92967,eval,raw/desed/extracted/audio/eval/soundbank/foreground/Speech/92967.wav,70d7e848265e618795b74eba2da459ebdf7d69120be9240345ea460335261dce,44100,1,0.794648526,http://creativecommons.org/licenses/by-nc/3.0/,PER_RECORDING_METADATA,DESED_synth_soundbank.tar.gz; audio/eval/soundbank/foreground/Speech/92967.wav ; official eval license TSV,unknown,clsdoa_v1,PRESENT
desed:eval:92972:clsdoa_v1_srcprep_v1,desed:eval:92972,5,speech,transient,DESED isolated foreground,Speech,EXACT,92972,eval,raw/desed/extracted/audio/eval/soundbank/foreground/Speech/92972.wav,757703223b91e65b863b41fa39642f16ed83674fc456ae990c9d5d373d75d5a2,44100,1,0.731247166,http://creativecommons.org/licenses/by-nc/3.0/,PER_RECORDING_METADATA,DESED_synth_soundbank.tar.gz; audio/eval/soundbank/foreground/Speech/92972.wav ; official eval license TSV,unknown,clsdoa_v1,PRESENT
desed:eval:97828:clsdoa_v1_srcprep_v1,desed:eval:97828,5,speech,transient,DESED isolated foreground,Speech,EXACT,97828,eval,raw/desed/extracted/audio/eval/soundbank/foreground/Speech/97828.wav,0bce7a6f441a8a3d6075b986e69b2add770cce635d02183693461586da3aec9a,44100,1,1.658321995,http://creativecommons.org/licenses/by/3.0/,PER_RECORDING_METADATA,DESED_synth_soundbank.tar.gz; audio/eval/soundbank/foreground/Speech/97828.wav ; official eval license TSV,unknown,clsdoa_v1,PRESENT
desed:eval:146200_0:clsdoa_v1_srcprep_v1,desed:eval:146200,3,vacuum_cleaner,persistent,DESED isolated foreground,Vacuum_cleaner,EXACT,146200,eval,raw/desed/extracted/audio/eval/soundbank/foreground/Vacuum_cleaner/146200_0.wav,c96c0bdaca7a75af656c8141d656b82e5364b88ede360c6c4bf36993bc805ae6,44100,1,14.690997732,http://creativecommons.org/publicdomain/zero/1.0/,PER_RECORDING_METADATA,DESED_synth_soundbank.tar.gz; audio/eval/soundbank/foreground/Vacuum_cleaner/146200_0.wav ; official eval license TSV,unknown,clsdoa_v1,PRESENT
desed:eval:146200_1:clsdoa_v1_srcprep_v1,desed:eval:146200,3,vacuum_cleaner,persistent,DESED isolated foreground,Vacuum_cleaner,EXACT,146200,eval,raw/desed/extracted/audio/eval/soundbank/foreground/Vacuum_cleaner/146200_1.wav,89780729c2d58fd0df0da1a3dd765372909a179242a93e62d118ed448f062d58,44100,1,7.790317460,http://creativecommons.org/publicdomain/zero/1.0/,PER_RECORDING_METADATA,DESED_synth_soundbank.tar.gz; audio/eval/soundbank/foreground/Vacuum_cleaner/146200_1.wav ; official eval license TSV,unknown,clsdoa_v1,PRESENT
desed:eval:152532:clsdoa_v1_srcprep_v1,desed:eval:152532,3,vacuum_cleaner,persistent,DESED isolated foreground,Vacuum_cleaner,EXACT,152532,eval,raw/desed/extracted/audio/eval/soundbank/foreground/Vacuum_cleaner/152532.wav,ad2c7cec22863e82861e94f854d88291e8c7c1a6b92588ab81cb8f3fdec9d2e3,44100,1,6.920204082,http://creativecommons.org/licenses/by/3.0/,PER_RECORDING_METADATA,DESED_synth_soundbank.tar.gz; audio/eval/soundbank/foreground/Vacuum_cleaner/152532.wav ; official eval license TSV,unknown,clsdoa_v1,PRESENT
desed:eval:152533:clsdoa_v1_srcprep_v1,desed:eval:152533,3,vacuum_cleaner,persistent,DESED isolated foreground,Vacuum_cleaner,EXACT,152533,eval,raw/desed/extracted/audio/eval/soundbank/foreground/Vacuum_cleaner/152533.wav,d62f10283d0eb8dff5dca3b639ef6c537c5d707612c944df27219c3ad6dca670,44100,1,7.074852608,http://creativecommons.org/licenses/by/3.0/,PER_RECORDING_METADATA,DESED_synth_soundbank.tar.gz; audio/eval/soundbank/foreground/Vacuum_cleaner/152533.wav ; official eval license TSV,unknown,clsdoa_v1,PRESENT
desed:eval:189735:clsdoa_v1_srcprep_v1,desed:eval:189735,3,vacuum_cleaner,persistent,DESED isolated foreground,Vacuum_cleaner,EXACT,189735,eval,raw/desed/extracted/audio/eval/soundbank/foreground/Vacuum_cleaner/189735.wav,c7e193d1138836e05c2c4202ba52064670efd3b43307f0d76495ac53c2735995,44100,1,59.129954649,http://creativecommons.org/licenses/by/3.0/,PER_RECORDING_METADATA,DESED_synth_soundbank.tar.gz; audio/eval/soundbank/foreground/Vacuum_cleaner/189735.wav ; official eval license TSV,unknown,clsdoa_v1,PRESENT
desed:eval:271460:clsdoa_v1_srcprep_v1,desed:eval:271460,3,vacuum_cleaner,persistent,DESED isolated foreground,Vacuum_cleaner,EXACT,271460,eval,raw/desed/extracted/audio/eval/soundbank/foreground/Vacuum_cleaner/271460.wav,814da7165bf8e7651fde476ab483c418954274125d8cf0165361540dd24536a7,44100,1,16.848412698,http://creativecommons.org/publicdomain/zero/1.0/,PER_RECORDING_METADATA,DESED_synth_soundbank.tar.gz; audio/eval/soundbank/foreground/Vacuum_cleaner/271460.wav ; official eval license TSV,unknown,clsdoa_v1,PRESENT
desed:eval:327387:clsdoa_v1_srcprep_v1,desed:eval:327387,3,vacuum_cleaner,persistent,DESED isolated foreground,Vacuum_cleaner,EXACT,327387,eval,raw/desed/extracted/audio/eval/soundbank/foreground/Vacuum_cleaner/327387.wav,269b0bee80ab921791a5f57cf40999b9776299fa6765a314144725db2404ed70,44100,1,5.905192744,http://creativecommons.org/licenses/by-nc/3.0/,PER_RECORDING_METADATA,DESED_synth_soundbank.tar.gz; audio/eval/soundbank/foreground/Vacuum_cleaner/327387.wav ; official eval license TSV,unknown,clsdoa_v1,PRESENT
desed:eval:352266:clsdoa_v1_srcprep_v1,desed:eval:352266,3,vacuum_cleaner,persistent,DESED isolated foreground,Vacuum_cleaner,EXACT,352266,eval,raw/desed/extracted/audio/eval/soundbank/foreground/Vacuum_cleaner/352266.wav,341e140a8b6c3c066dfc8d688e327e950e0e7397f1d5d0e1b9d07a4a3d53b615,44100,1,5.883401361,http://creativecommons.org/publicdomain/zero/1.0/,PER_RECORDING_METADATA,DESED_synth_soundbank.tar.gz; audio/eval/soundbank/foreground/Vacuum_cleaner/352266.wav ; official eval license TSV,unknown,clsdoa_v1,PRESENT
desed:eval:352268:clsdoa_v1_srcprep_v1,desed:eval:352268,3,vacuum_cleaner,persistent,DESED isolated foreground,Vacuum_cleaner,EXACT,352268,eval,raw/desed/extracted/audio/eval/soundbank/foreground/Vacuum_cleaner/352268.wav,3e1a37f250aecac8f598b4ca038a2a7d5c19a2804aeee4e486225434f995e1ff,44100,1,5.762448980,http://creativecommons.org/publicdomain/zero/1.0/,PER_RECORDING_METADATA,DESED_synth_soundbank.tar.gz; audio/eval/soundbank/foreground/Vacuum_cleaner/352268.wav ; official eval license TSV,unknown,clsdoa_v1,PRESENT
desed:eval:352270:clsdoa_v1_srcprep_v1,desed:eval:352270,3,vacuum_cleaner,persistent,DESED isolated foreground,Vacuum_cleaner,EXACT,352270,eval,raw/desed/extracted/audio/eval/soundbank/foreground/Vacuum_cleaner/352270.wav,dcdcb4d0d451e2107f4e559f25ed8f58941c886c86fccdb07bdc7feb0a5c957e,44100,1,9.964875283,http://creativecommons.org/publicdomain/zero/1.0/,PER_RECORDING_METADATA,DESED_synth_soundbank.tar.gz; audio/eval/soundbank/foreground/Vacuum_cleaner/352270.wav ; official eval license TSV,unknown,clsdoa_v1,PRESENT
desed:eval:352271:clsdoa_v1_srcprep_v1,desed:eval:352271,3,vacuum_cleaner,persistent,DESED isolated foreground,Vacuum_cleaner,EXACT,352271,eval,raw/desed/extracted/audio/eval/soundbank/foreground/Vacuum_cleaner/352271.wav,d5f981f36d093e110f0d8fe437a45420e6c16a568b4f209e64b8a953f469a0e1,44100,1,8.870884354,http://creativecommons.org/publicdomain/zero/1.0/,PER_RECORDING_METADATA,DESED_synth_soundbank.tar.gz; audio/eval/soundbank/foreground/Vacuum_cleaner/352271.wav ; official eval license TSV,unknown,clsdoa_v1,PRESENT
desed:eval:352272:clsdoa_v1_srcprep_v1,desed:eval:352272,3,vacuum_cleaner,persistent,DESED isolated foreground,Vacuum_cleaner,EXACT,352272,eval,raw/desed/extracted/audio/eval/soundbank/foreground/Vacuum_cleaner/352272.wav,af42ed31a529f2357b7893ce3b3bafc33143e27e3428e069afa8e09658cfebe6,44100,1,9.908911565,http://creativecommons.org/publicdomain/zero/1.0/,PER_RECORDING_METADATA,DESED_synth_soundbank.tar.gz; audio/eval/soundbank/foreground/Vacuum_cleaner/352272.wav ; official eval license TSV,unknown,clsdoa_v1,PRESENT
desed:eval:352273:clsdoa_v1_srcprep_v1,desed:eval:352273,3,vacuum_cleaner,persistent,DESED isolated foreground,Vacuum_cleaner,EXACT,352273,eval,raw/desed/extracted/audio/eval/soundbank/foreground/Vacuum_cleaner/352273.wav,b96c65c770ffa00269c6954f9a531df9119728af391dca63aaceb9002e040da5,44100,1,6.943265306,http://creativecommons.org/publicdomain/zero/1.0/,PER_RECORDING_METADATA,DESED_synth_soundbank.tar.gz; audio/eval/soundbank/foreground/Vacuum_cleaner/352273.wav ; official eval license TSV,unknown,clsdoa_v1,PRESENT
desed:eval:389755:clsdoa_v1_srcprep_v1,desed:eval:389755,3,vacuum_cleaner,persistent,DESED isolated foreground,Vacuum_cleaner,EXACT,389755,eval,raw/desed/extracted/audio/eval/soundbank/foreground/Vacuum_cleaner/389755.wav,73a57de825023bfd72c63b0fa2770858961f5b40556787e26a7dfd130e9b6ac7,44100,1,6.249841270,http://creativecommons.org/publicdomain/zero/1.0/,PER_RECORDING_METADATA,DESED_synth_soundbank.tar.gz; audio/eval/soundbank/foreground/Vacuum_cleaner/389755.wav ; official eval license TSV,unknown,clsdoa_v1,PRESENT
desed:eval:47000:clsdoa_v1_srcprep_v1,desed:eval:47000,3,vacuum_cleaner,persistent,DESED isolated foreground,Vacuum_cleaner,EXACT,47000,eval,raw/desed/extracted/audio/eval/soundbank/foreground/Vacuum_cleaner/47000.wav,147dced717b302df80d3d67cf61bb88f0a43ba2c06308ef49ac5a93861bbd06b,44100,1,68.314807256,http://creativecommons.org/publicdomain/zero/1.0/,PER_RECORDING_METADATA,DESED_synth_soundbank.tar.gz; audio/eval/soundbank/foreground/Vacuum_cleaner/47000.wav ; official eval license TSV,unknown,clsdoa_v1,PRESENT
desed:train:110165:clsdoa_v1_srcprep_v1,desed:train:110165,4,clock_alarm,transient,DESED isolated foreground,Alarm_bell_ringing,SEMANTIC_STRONG,110165,train,raw/desed/extracted/audio/train/soundbank/foreground/Alarm_bell_ringing/110165.wav,84a326ed5673c53a9096ad0ebec11b791778fa9168372e432e0a511282915e22,44100,1,4.945850340,http://creativecommons.org/publicdomain/zero/1.0/,PER_RECORDING_METADATA,DESED_synth_soundbank.tar.gz; audio/train/soundbank/foreground/Alarm_bell_ringing/110165.wav ; official train license TSV,unknown,clsdoa_v1,PRESENT
desed:train:131641_0:clsdoa_v1_srcprep_v1,desed:train:131641,4,clock_alarm,transient,DESED isolated foreground,Alarm_bell_ringing,SEMANTIC_STRONG,131641,train,raw/desed/extracted/audio/train/soundbank/foreground/Alarm_bell_ringing/131641_0.wav,4c60bea636b649ef95d8529277caddf0e648cdc4df86d29895ee222d1ae649e9,44100,1,5.375102041,http://creativecommons.org/licenses/by-nc/3.0/,PER_RECORDING_METADATA,DESED_synth_soundbank.tar.gz; audio/train/soundbank/foreground/Alarm_bell_ringing/131641_0.wav ; official train license TSV,unknown,clsdoa_v1,PRESENT
desed:train:131641_1:clsdoa_v1_srcprep_v1,desed:train:131641,4,clock_alarm,transient,DESED isolated foreground,Alarm_bell_ringing,SEMANTIC_STRONG,131641,train,raw/desed/extracted/audio/train/soundbank/foreground/Alarm_bell_ringing/131641_1.wav,d6c819cd1471eec09c880b6df88209e6bffbcf2d1b335a8730be72372a8cf17e,44100,1,1.956485261,http://creativecommons.org/licenses/by-nc/3.0/,PER_RECORDING_METADATA,DESED_synth_soundbank.tar.gz; audio/train/soundbank/foreground/Alarm_bell_ringing/131641_1.wav ; official train license TSV,unknown,clsdoa_v1,PRESENT
desed:train:13613_0:clsdoa_v1_srcprep_v1,desed:train:13613,4,clock_alarm,transient,DESED isolated foreground,Alarm_bell_ringing,SEMANTIC_STRONG,13613,train,raw/desed/extracted/audio/train/soundbank/foreground/Alarm_bell_ringing/13613_0.wav,b865d3008caa03967b8f904ebd3bc3477c903f9d833213bb5972c319fc4e19f4,44100,1,0.320136054,http://creativecommons.org/publicdomain/zero/1.0/,PER_RECORDING_METADATA,DESED_synth_soundbank.tar.gz; audio/train/soundbank/foreground/Alarm_bell_ringing/13613_0.wav ; official train license TSV,unknown,clsdoa_v1,PRESENT
desed:train:13613_1:clsdoa_v1_srcprep_v1,desed:train:13613,4,clock_alarm,transient,DESED isolated foreground,Alarm_bell_ringing,SEMANTIC_STRONG,13613,train,raw/desed/extracted/audio/train/soundbank/foreground/Alarm_bell_ringing/13613_1.wav,bfa154e795fe48850b69122a2d6aac97e3a5176186cd79c2ea0b26794f4e9be8,44100,1,0.320294785,http://creativecommons.org/publicdomain/zero/1.0/,PER_RECORDING_METADATA,DESED_synth_soundbank.tar.gz; audio/train/soundbank/foreground/Alarm_bell_ringing/13613_1.wav ; official train license TSV,unknown,clsdoa_v1,PRESENT
desed:train:13613_10:clsdoa_v1_srcprep_v1,desed:train:13613,4,clock_alarm,transient,DESED isolated foreground,Alarm_bell_ringing,SEMANTIC_STRONG,13613,train,raw/desed/extracted/audio/train/soundbank/foreground/Alarm_bell_ringing/13613_10.wav,d4ae5400c7bb8860cf8109917add1ecb50a2d860accc75119ac4621dc5ea7146,44100,1,0.320362812,http://creativecommons.org/publicdomain/zero/1.0/,PER_RECORDING_METADATA,DESED_synth_soundbank.tar.gz; audio/train/soundbank/foreground/Alarm_bell_ringing/13613_10.wav ; official train license TSV,unknown,clsdoa_v1,PRESENT
desed:train:13613_11:clsdoa_v1_srcprep_v1,desed:train:13613,4,clock_alarm,transient,DESED isolated foreground,Alarm_bell_ringing,SEMANTIC_STRONG,13613,train,raw/desed/extracted/audio/train/soundbank/foreground/Alarm_bell_ringing/13613_11.wav,e2bfb294e728fb7bcbc0d237c1dc4aa8361a38fda0d599336182b81a557a1b2e,44100,1,0.320022676,http://creativecommons.org/publicdomain/zero/1.0/,PER_RECORDING_METADATA,DESED_synth_soundbank.tar.gz; audio/train/soundbank/foreground/Alarm_bell_ringing/13613_11.wav ; official train license TSV,unknown,clsdoa_v1,PRESENT
desed:train:13613_12:clsdoa_v1_srcprep_v1,desed:train:13613,4,clock_alarm,transient,DESED isolated foreground,Alarm_bell_ringing,SEMANTIC_STRONG,13613,train,raw/desed/extracted/audio/train/soundbank/foreground/Alarm_bell_ringing/13613_12.wav,d759507941e3ed5bc0d58225da663f58b45871abfc25f4a4fc671afdc5bd9403,44100,1,0.320204082,http://creativecommons.org/publicdomain/zero/1.0/,PER_RECORDING_METADATA,DESED_synth_soundbank.tar.gz; audio/train/soundbank/foreground/Alarm_bell_ringing/13613_12.wav ; official train license TSV,unknown,clsdoa_v1,PRESENT
desed:train:13613_2:clsdoa_v1_srcprep_v1,desed:train:13613,4,clock_alarm,transient,DESED isolated foreground,Alarm_bell_ringing,SEMANTIC_STRONG,13613,train,raw/desed/extracted/audio/train/soundbank/foreground/Alarm_bell_ringing/13613_2.wav,044b6f06b89383a3b432151cff37b460d1ab596628fa286e9e4b2cea856eb7b0,44100,1,0.352857143,http://creativecommons.org/publicdomain/zero/1.0/,PER_RECORDING_METADATA,DESED_synth_soundbank.tar.gz; audio/train/soundbank/foreground/Alarm_bell_ringing/13613_2.wav ; official train license TSV,unknown,clsdoa_v1,PRESENT
desed:train:13613_3:clsdoa_v1_srcprep_v1,desed:train:13613,4,clock_alarm,transient,DESED isolated foreground,Alarm_bell_ringing,SEMANTIC_STRONG,13613,train,raw/desed/extracted/audio/train/soundbank/foreground/Alarm_bell_ringing/13613_3.wav,7010b150c56e8fc37c3302f42670cda46f8b9222f1ad1aaf497664392290a75f,44100,1,0.320612245,http://creativecommons.org/publicdomain/zero/1.0/,PER_RECORDING_METADATA,DESED_synth_soundbank.tar.gz; audio/train/soundbank/foreground/Alarm_bell_ringing/13613_3.wav ; official train license TSV,unknown,clsdoa_v1,PRESENT
desed:train:13613_4:clsdoa_v1_srcprep_v1,desed:train:13613,4,clock_alarm,transient,DESED isolated foreground,Alarm_bell_ringing,SEMANTIC_STRONG,13613,train,raw/desed/extracted/audio/train/soundbank/foreground/Alarm_bell_ringing/13613_4.wav,bb2f50f9bced232e2aa958d886567b436d592addfc3268b3b1b53c9c3cbe4fb3,44100,1,0.328412698,http://creativecommons.org/publicdomain/zero/1.0/,PER_RECORDING_METADATA,DESED_synth_soundbank.tar.gz; audio/train/soundbank/foreground/Alarm_bell_ringing/13613_4.wav ; official train license TSV,unknown,clsdoa_v1,PRESENT
desed:train:13613_5:clsdoa_v1_srcprep_v1,desed:train:13613,4,clock_alarm,transient,DESED isolated foreground,Alarm_bell_ringing,SEMANTIC_STRONG,13613,train,raw/desed/extracted/audio/train/soundbank/foreground/Alarm_bell_ringing/13613_5.wav,bab1f1617897d62bc0fc7285b6606a2b4705ede4ee2662c682fa7425a4e3a74f,44100,1,0.312811791,http://creativecommons.org/publicdomain/zero/1.0/,PER_RECORDING_METADATA,DESED_synth_soundbank.tar.gz; audio/train/soundbank/foreground/Alarm_bell_ringing/13613_5.wav ; official train license TSV,unknown,clsdoa_v1,PRESENT
desed:train:13613_6:clsdoa_v1_srcprep_v1,desed:train:13613,4,clock_alarm,transient,DESED isolated foreground,Alarm_bell_ringing,SEMANTIC_STRONG,13613,train,raw/desed/extracted/audio/train/soundbank/foreground/Alarm_bell_ringing/13613_6.wav,2c424415d1942ee12e5655c38e0066d7b30d431b7563472761f174771336d2b8,44100,1,0.319727891,http://creativecommons.org/publicdomain/zero/1.0/,PER_RECORDING_METADATA,DESED_synth_soundbank.tar.gz; audio/train/soundbank/foreground/Alarm_bell_ringing/13613_6.wav ; official train license TSV,unknown,clsdoa_v1,PRESENT
desed:train:13613_7:clsdoa_v1_srcprep_v1,desed:train:13613,4,clock_alarm,transient,DESED isolated foreground,Alarm_bell_ringing,SEMANTIC_STRONG,13613,train,raw/desed/extracted/audio/train/soundbank/foreground/Alarm_bell_ringing/13613_7.wav,3787c6c4e66e8b0048367050c9e864d6ad313bc8a1c1ae827176a36d36669f41,44100,1,0.316371882,http://creativecommons.org/publicdomain/zero/1.0/,PER_RECORDING_METADATA,DESED_synth_soundbank.tar.gz; audio/train/soundbank/foreground/Alarm_bell_ringing/13613_7.wav ; official train license TSV,unknown,clsdoa_v1,PRESENT
desed:train:13613_8:clsdoa_v1_srcprep_v1,desed:train:13613,4,clock_alarm,transient,DESED isolated foreground,Alarm_bell_ringing,SEMANTIC_STRONG,13613,train,raw/desed/extracted/audio/train/soundbank/foreground/Alarm_bell_ringing/13613_8.wav,fb89116a95b3f6158a9e92642ca84dddf5f94202b996d3ffd9d23a3e851d1292,44100,1,0.320272109,http://creativecommons.org/publicdomain/zero/1.0/,PER_RECORDING_METADATA,DESED_synth_soundbank.tar.gz; audio/train/soundbank/foreground/Alarm_bell_ringing/13613_8.wav ; official train license TSV,unknown,clsdoa_v1,PRESENT
desed:train:13613_9:clsdoa_v1_srcprep_v1,desed:train:13613,4,clock_alarm,transient,DESED isolated foreground,Alarm_bell_ringing,SEMANTIC_STRONG,13613,train,raw/desed/extracted/audio/train/soundbank/foreground/Alarm_bell_ringing/13613_9.wav,3530a9cb9644b86e4805301d63aea83e2fa4c6165782ce3a92c51ad27ed6cce5,44100,1,0.319977324,http://creativecommons.org/publicdomain/zero/1.0/,PER_RECORDING_METADATA,DESED_synth_soundbank.tar.gz; audio/train/soundbank/foreground/Alarm_bell_ringing/13613_9.wav ; official train license TSV,unknown,clsdoa_v1,PRESENT
desed:train:141287:clsdoa_v1_srcprep_v1,desed:train:141287,4,clock_alarm,transient,DESED isolated foreground,Alarm_bell_ringing,SEMANTIC_STRONG,141287,train,raw/desed/extracted/audio/train/soundbank/foreground/Alarm_bell_ringing/141287.wav,248cb8a7887b1ec86e3dc69adfd21377ef7e8e8d05f2b398ab7fb81c32fae254,44100,1,25.449274376,http://creativecommons.org/licenses/by/3.0/,PER_RECORDING_METADATA,DESED_synth_soundbank.tar.gz; audio/train/soundbank/foreground/Alarm_bell_ringing/141287.wav ; official train license TSV,unknown,clsdoa_v1,PRESENT
desed:train:151242_0:clsdoa_v1_srcprep_v1,desed:train:151242,4,clock_alarm,transient,DESED isolated foreground,Alarm_bell_ringing,SEMANTIC_STRONG,151242,train,raw/desed/extracted/audio/train/soundbank/foreground/Alarm_bell_ringing/151242_0.wav,42ad3bf9580b061d6e3befcb357ca5a8b2884f5b0c635ae73aeaac7b10bc79f6,44100,1,0.229387755,http://creativecommons.org/licenses/by-nc/3.0/,PER_RECORDING_METADATA,DESED_synth_soundbank.tar.gz; audio/train/soundbank/foreground/Alarm_bell_ringing/151242_0.wav ; official train license TSV,unknown,clsdoa_v1,PRESENT
desed:train:151242_1:clsdoa_v1_srcprep_v1,desed:train:151242,4,clock_alarm,transient,DESED isolated foreground,Alarm_bell_ringing,SEMANTIC_STRONG,151242,train,raw/desed/extracted/audio/train/soundbank/foreground/Alarm_bell_ringing/151242_1.wav,49d0ae15ca31f451a56d742605b9e7ef8bc98b65cdd94902e458fd48d91c1df1,44100,1,0.236870748,http://creativecommons.org/licenses/by-nc/3.0/,PER_RECORDING_METADATA,DESED_synth_soundbank.tar.gz; audio/train/soundbank/foreground/Alarm_bell_ringing/151242_1.wav ; official train license TSV,unknown,clsdoa_v1,PRESENT
desed:train:151242_10:clsdoa_v1_srcprep_v1,desed:train:151242,4,clock_alarm,transient,DESED isolated foreground,Alarm_bell_ringing,SEMANTIC_STRONG,151242,train,raw/desed/extracted/audio/train/soundbank/foreground/Alarm_bell_ringing/151242_10.wav,c2837498175f1d7ad6ed33fd9c813f844032f8b264f62582d021726625bf8250,44100,1,0.483537415,http://creativecommons.org/licenses/by-nc/3.0/,PER_RECORDING_METADATA,DESED_synth_soundbank.tar.gz; audio/train/soundbank/foreground/Alarm_bell_ringing/151242_10.wav ; official train license TSV,unknown,clsdoa_v1,PRESENT
desed:train:151242_11:clsdoa_v1_srcprep_v1,desed:train:151242,4,clock_alarm,transient,DESED isolated foreground,Alarm_bell_ringing,SEMANTIC_STRONG,151242,train,raw/desed/extracted/audio/train/soundbank/foreground/Alarm_bell_ringing/151242_11.wav,56bca4644404fa98154005b8a42227fa0da0d12c4d09f54f26b1e483b54e5561,44100,1,0.481609977,http://creativecommons.org/licenses/by-nc/3.0/,PER_RECORDING_METADATA,DESED_synth_soundbank.tar.gz; audio/train/soundbank/foreground/Alarm_bell_ringing/151242_11.wav ; official train license TSV,unknown,clsdoa_v1,PRESENT
desed:train:151242_12:clsdoa_v1_srcprep_v1,desed:train:151242,4,clock_alarm,transient,DESED isolated foreground,Alarm_bell_ringing,SEMANTIC_STRONG,151242,train,raw/desed/extracted/audio/train/soundbank/foreground/Alarm_bell_ringing/151242_12.wav,20245f3995d537b76e2a19b386d9af8e79d009cf4cf3649b1696e96a15550869,44100,1,0.481315193,http://creativecommons.org/licenses/by-nc/3.0/,PER_RECORDING_METADATA,DESED_synth_soundbank.tar.gz; audio/train/soundbank/foreground/Alarm_bell_ringing/151242_12.wav ; official train license TSV,unknown,clsdoa_v1,PRESENT
desed:train:151242_13:clsdoa_v1_srcprep_v1,desed:train:151242,4,clock_alarm,transient,DESED isolated foreground,Alarm_bell_ringing,SEMANTIC_STRONG,151242,train,raw/desed/extracted/audio/train/soundbank/foreground/Alarm_bell_ringing/151242_13.wav,207ac269aaf597dce0083624569977c7b93f9b9cefe9464b976391d5521b2b36,44100,1,0.482970522,http://creativecommons.org/licenses/by-nc/3.0/,PER_RECORDING_METADATA,DESED_synth_soundbank.tar.gz; audio/train/soundbank/foreground/Alarm_bell_ringing/151242_13.wav ; official train license TSV,unknown,clsdoa_v1,PRESENT
desed:train:151242_2:clsdoa_v1_srcprep_v1,desed:train:151242,4,clock_alarm,transient,DESED isolated foreground,Alarm_bell_ringing,SEMANTIC_STRONG,151242,train,raw/desed/extracted/audio/train/soundbank/foreground/Alarm_bell_ringing/151242_2.wav,3ab4ee0b2f88eaa3aacd26a93dc3b8394478a4cbaae87ac79415618a6a0cbca0,44100,1,0.235215420,http://creativecommons.org/licenses/by-nc/3.0/,PER_RECORDING_METADATA,DESED_synth_soundbank.tar.gz; audio/train/soundbank/foreground/Alarm_bell_ringing/151242_2.wav ; official train license TSV,unknown,clsdoa_v1,PRESENT
desed:train:151242_3:clsdoa_v1_srcprep_v1,desed:train:151242,4,clock_alarm,transient,DESED isolated foreground,Alarm_bell_ringing,SEMANTIC_STRONG,151242,train,raw/desed/extracted/audio/train/soundbank/foreground/Alarm_bell_ringing/151242_3.wav,38ceec78c21aba551ad8875d0cb9932d70f778cf46db53a523370f661b365db7,44100,1,0.234829932,http://creativecommons.org/licenses/by-nc/3.0/,PER_RECORDING_METADATA,DESED_synth_soundbank.tar.gz; audio/train/soundbank/foreground/Alarm_bell_ringing/151242_3.wav ; official train license TSV,unknown,clsdoa_v1,PRESENT
desed:train:151242_4:clsdoa_v1_srcprep_v1,desed:train:151242,4,clock_alarm,transient,DESED isolated foreground,Alarm_bell_ringing,SEMANTIC_STRONG,151242,train,raw/desed/extracted/audio/train/soundbank/foreground/Alarm_bell_ringing/151242_4.wav,c50cab9f5297135920d426feae5ad2bf591c50d0bbd6f72e7db12f0fcd1e4c92,44100,1,0.359614512,http://creativecommons.org/licenses/by-nc/3.0/,PER_RECORDING_METADATA,DESED_synth_soundbank.tar.gz; audio/train/soundbank/foreground/Alarm_bell_ringing/151242_4.wav ; official train license TSV,unknown,clsdoa_v1,PRESENT
desed:train:151242_5:clsdoa_v1_srcprep_v1,desed:train:151242,4,clock_alarm,transient,DESED isolated foreground,Alarm_bell_ringing,SEMANTIC_STRONG,151242,train,raw/desed/extracted/audio/train/soundbank/foreground/Alarm_bell_ringing/151242_5.wav,7552527e79d979c2b28fde186d7c110f51b5ce7a2bce6b3916c4d3cb3c466edd,44100,1,0.361043084,http://creativecommons.org/licenses/by-nc/3.0/,PER_RECORDING_METADATA,DESED_synth_soundbank.tar.gz; audio/train/soundbank/foreground/Alarm_bell_ringing/151242_5.wav ; official train license TSV,unknown,clsdoa_v1,PRESENT
desed:train:151242_6:clsdoa_v1_srcprep_v1,desed:train:151242,4,clock_alarm,transient,DESED isolated foreground,Alarm_bell_ringing,SEMANTIC_STRONG,151242,train,raw/desed/extracted/audio/train/soundbank/foreground/Alarm_bell_ringing/151242_6.wav,60367f0647cf1086db56cd1ffd1734cce461c3035084e0c27f70544b5d362605,44100,1,0.359274376,http://creativecommons.org/licenses/by-nc/3.0/,PER_RECORDING_METADATA,DESED_synth_soundbank.tar.gz; audio/train/soundbank/foreground/Alarm_bell_ringing/151242_6.wav ; official train license TSV,unknown,clsdoa_v1,PRESENT
desed:train:151242_7:clsdoa_v1_srcprep_v1,desed:train:151242,4,clock_alarm,transient,DESED isolated foreground,Alarm_bell_ringing,SEMANTIC_STRONG,151242,train,raw/desed/extracted/audio/train/soundbank/foreground/Alarm_bell_ringing/151242_7.wav,7aaad03d6cd5f2cbb084ffe8b5f4c379acf37a08232835944daeccafb8665913,44100,1,0.359274376,http://creativecommons.org/licenses/by-nc/3.0/,PER_RECORDING_METADATA,DESED_synth_soundbank.tar.gz; audio/train/soundbank/foreground/Alarm_bell_ringing/151242_7.wav ; official train license TSV,unknown,clsdoa_v1,PRESENT
desed:train:151242_8:clsdoa_v1_srcprep_v1,desed:train:151242,4,clock_alarm,transient,DESED isolated foreground,Alarm_bell_ringing,SEMANTIC_STRONG,151242,train,raw/desed/extracted/audio/train/soundbank/foreground/Alarm_bell_ringing/151242_8.wav,ee8c0dc76587c4a5a1b7efa798f82d82c199020f0545e24d7feb8624d4d87d94,44100,1,0.482879819,http://creativecommons.org/licenses/by-nc/3.0/,PER_RECORDING_METADATA,DESED_synth_soundbank.tar.gz; audio/train/soundbank/foreground/Alarm_bell_ringing/151242_8.wav ; official train license TSV,unknown,clsdoa_v1,PRESENT
desed:train:151242_9:clsdoa_v1_srcprep_v1,desed:train:151242,4,clock_alarm,transient,DESED isolated foreground,Alarm_bell_ringing,SEMANTIC_STRONG,151242,train,raw/desed/extracted/audio/train/soundbank/foreground/Alarm_bell_ringing/151242_9.wav,53935871bf35f27ed17000e9924b76dd3650e84aee04468185c3451370e70f16,44100,1,0.484535147,http://creativecommons.org/licenses/by-nc/3.0/,PER_RECORDING_METADATA,DESED_synth_soundbank.tar.gz; audio/train/soundbank/foreground/Alarm_bell_ringing/151242_9.wav ; official train license TSV,unknown,clsdoa_v1,PRESENT
desed:train:162851_0:clsdoa_v1_srcprep_v1,desed:train:162851,4,clock_alarm,transient,DESED isolated foreground,Alarm_bell_ringing,SEMANTIC_STRONG,162851,train,raw/desed/extracted/audio/train/soundbank/foreground/Alarm_bell_ringing/162851_0.wav,727cfab738a3b8e32e268af0cde633d38f62c20b97a7d9242fa657987b8278d2,44100,1,0.519387755,http://creativecommons.org/licenses/by-nc/3.0/,PER_RECORDING_METADATA,DESED_synth_soundbank.tar.gz; audio/train/soundbank/foreground/Alarm_bell_ringing/162851_0.wav ; official train license TSV,unknown,clsdoa_v1,PRESENT
desed:train:162851_1:clsdoa_v1_srcprep_v1,desed:train:162851,4,clock_alarm,transient,DESED isolated foreground,Alarm_bell_ringing,SEMANTIC_STRONG,162851,train,raw/desed/extracted/audio/train/soundbank/foreground/Alarm_bell_ringing/162851_1.wav,5d6ca0a1be9752c759eab231ed7bc539d201bbd71cc7be1ac37310ee0d1f5611,44100,1,0.518276644,http://creativecommons.org/licenses/by-nc/3.0/,PER_RECORDING_METADATA,DESED_synth_soundbank.tar.gz; audio/train/soundbank/foreground/Alarm_bell_ringing/162851_1.wav ; official train license TSV,unknown,clsdoa_v1,PRESENT
desed:train:162851_2:clsdoa_v1_srcprep_v1,desed:train:162851,4,clock_alarm,transient,DESED isolated foreground,Alarm_bell_ringing,SEMANTIC_STRONG,162851,train,raw/desed/extracted/audio/train/soundbank/foreground/Alarm_bell_ringing/162851_2.wav,b5321f49748234e28053aa4a7031663e470084778bff5dba8db4bb9bb4c8da09,44100,1,0.491383220,http://creativecommons.org/licenses/by-nc/3.0/,PER_RECORDING_METADATA,DESED_synth_soundbank.tar.gz; audio/train/soundbank/foreground/Alarm_bell_ringing/162851_2.wav ; official train license TSV,unknown,clsdoa_v1,PRESENT
desed:train:162851_3:clsdoa_v1_srcprep_v1,desed:train:162851,4,clock_alarm,transient,DESED isolated foreground,Alarm_bell_ringing,SEMANTIC_STRONG,162851,train,raw/desed/extracted/audio/train/soundbank/foreground/Alarm_bell_ringing/162851_3.wav,914672253542c7e0a7950cdc2bce0e21414d98a89a95cdd382f87331efe0b8c2,44100,1,0.516077098,http://creativecommons.org/licenses/by-nc/3.0/,PER_RECORDING_METADATA,DESED_synth_soundbank.tar.gz; audio/train/soundbank/foreground/Alarm_bell_ringing/162851_3.wav ; official train license TSV,unknown,clsdoa_v1,PRESENT
desed:train:164036_0:clsdoa_v1_srcprep_v1,desed:train:164036,4,clock_alarm,transient,DESED isolated foreground,Alarm_bell_ringing,SEMANTIC_STRONG,164036,train,raw/desed/extracted/audio/train/soundbank/foreground/Alarm_bell_ringing/164036_0.wav,b781464b181bef58b0da869b09bc19288e080151bfb3cd8deb9cae1091f95278,44100,1,4.982403628,http://creativecommons.org/licenses/by-nc/3.0/,PER_RECORDING_METADATA,DESED_synth_soundbank.tar.gz; audio/train/soundbank/foreground/Alarm_bell_ringing/164036_0.wav ; official train license TSV,unknown,clsdoa_v1,PRESENT
desed:train:164036_1:clsdoa_v1_srcprep_v1,desed:train:164036,4,clock_alarm,transient,DESED isolated foreground,Alarm_bell_ringing,SEMANTIC_STRONG,164036,train,raw/desed/extracted/audio/train/soundbank/foreground/Alarm_bell_ringing/164036_1.wav,d0f17cb8a026b0dee31b3633294717a5df3ae997d301a3a774957ec87f69e153,44100,1,3.238526077,http://creativecommons.org/licenses/by-nc/3.0/,PER_RECORDING_METADATA,DESED_synth_soundbank.tar.gz; audio/train/soundbank/foreground/Alarm_bell_ringing/164036_1.wav ; official train license TSV,unknown,clsdoa_v1,PRESENT
desed:train:164036_2:clsdoa_v1_srcprep_v1,desed:train:164036,4,clock_alarm,transient,DESED isolated foreground,Alarm_bell_ringing,SEMANTIC_STRONG,164036,train,raw/desed/extracted/audio/train/soundbank/foreground/Alarm_bell_ringing/164036_2.wav,c1e32f27dc578542e6256a7616cb759769db5aaf63358e6a12a9302447657184,44100,1,3.156145125,http://creativecommons.org/licenses/by-nc/3.0/,PER_RECORDING_METADATA,DESED_synth_soundbank.tar.gz; audio/train/soundbank/foreground/Alarm_bell_ringing/164036_2.wav ; official train license TSV,unknown,clsdoa_v1,PRESENT
desed:train:164690:clsdoa_v1_srcprep_v1,desed:train:164690,4,clock_alarm,transient,DESED isolated foreground,Alarm_bell_ringing,SEMANTIC_STRONG,164690,train,raw/desed/extracted/audio/train/soundbank/foreground/Alarm_bell_ringing/164690.wav,2930494e4f3b2d93f95c4632f6f35c6a4e3afbab9df255b5434e6f5870858e56,44100,1,4.537278912,http://creativecommons.org/publicdomain/zero/1.0/,PER_RECORDING_METADATA,DESED_synth_soundbank.tar.gz; audio/train/soundbank/foreground/Alarm_bell_ringing/164690.wav ; official train license TSV,unknown,clsdoa_v1,PRESENT
desed:train:177875:clsdoa_v1_srcprep_v1,desed:train:177875,4,clock_alarm,transient,DESED isolated foreground,Alarm_bell_ringing,SEMANTIC_STRONG,177875,train,raw/desed/extracted/audio/train/soundbank/foreground/Alarm_bell_ringing/177875.wav,14f288323e5d2f6b13cd9db7d9e8fd6bf7159ad4999a1491c5ffaa49ee6871a8,44100,1,1.680725624,http://creativecommons.org/licenses/by/3.0/,PER_RECORDING_METADATA,DESED_synth_soundbank.tar.gz; audio/train/soundbank/foreground/Alarm_bell_ringing/177875.wav ; official train license TSV,unknown,clsdoa_v1,PRESENT
desed:train:189332_0:clsdoa_v1_srcprep_v1,desed:train:189332,4,clock_alarm,transient,DESED isolated foreground,Alarm_bell_ringing,SEMANTIC_STRONG,189332,train,raw/desed/extracted/audio/train/soundbank/foreground/Alarm_bell_ringing/189332_0.wav,6d17d863c97bbb294070421802b92af6ab693f3ffae8dc99cba1a0e96e32dd03,44100,1,0.476167800,http://creativecommons.org/publicdomain/zero/1.0/,PER_RECORDING_METADATA,DESED_synth_soundbank.tar.gz; audio/train/soundbank/foreground/Alarm_bell_ringing/189332_0.wav ; official train license TSV,unknown,clsdoa_v1,PRESENT
desed:train:189332_1:clsdoa_v1_srcprep_v1,desed:train:189332,4,clock_alarm,transient,DESED isolated foreground,Alarm_bell_ringing,SEMANTIC_STRONG,189332,train,raw/desed/extracted/audio/train/soundbank/foreground/Alarm_bell_ringing/189332_1.wav,36e4658245f6bbf5d6815ca99ca5bcdb7d46be4d494008e62c8a21a133133bf9,44100,1,0.562380952,http://creativecommons.org/publicdomain/zero/1.0/,PER_RECORDING_METADATA,DESED_synth_soundbank.tar.gz; audio/train/soundbank/foreground/Alarm_bell_ringing/189332_1.wav ; official train license TSV,unknown,clsdoa_v1,PRESENT
desed:train:189332_2:clsdoa_v1_srcprep_v1,desed:train:189332,4,clock_alarm,transient,DESED isolated foreground,Alarm_bell_ringing,SEMANTIC_STRONG,189332,train,raw/desed/extracted/audio/train/soundbank/foreground/Alarm_bell_ringing/189332_2.wav,37a1f4a3b0c08f092a676deeab3c3aca30032d4952848bdb780e503d608838e2,44100,1,0.572176871,http://creativecommons.org/publicdomain/zero/1.0/,PER_RECORDING_METADATA,DESED_synth_soundbank.tar.gz; audio/train/soundbank/foreground/Alarm_bell_ringing/189332_2.wav ; official train license TSV,unknown,clsdoa_v1,PRESENT
desed:train:189332_3:clsdoa_v1_srcprep_v1,desed:train:189332,4,clock_alarm,transient,DESED isolated foreground,Alarm_bell_ringing,SEMANTIC_STRONG,189332,train,raw/desed/extracted/audio/train/soundbank/foreground/Alarm_bell_ringing/189332_3.wav,08817a4e14f5c4f08a428ad34c67a19596a2e09df59862c1f96e19e0b65030f0,44100,1,0.572154195,http://creativecommons.org/publicdomain/zero/1.0/,PER_RECORDING_METADATA,DESED_synth_soundbank.tar.gz; audio/train/soundbank/foreground/Alarm_bell_ringing/189332_3.wav ; official train license TSV,unknown,clsdoa_v1,PRESENT
desed:train:189332_4:clsdoa_v1_srcprep_v1,desed:train:189332,4,clock_alarm,transient,DESED isolated foreground,Alarm_bell_ringing,SEMANTIC_STRONG,189332,train,raw/desed/extracted/audio/train/soundbank/foreground/Alarm_bell_ringing/189332_4.wav,bee584ac1f877cb14172e1fec437ea922eb9767db31fbe6161170edb90c14eca,44100,1,0.571224490,http://creativecommons.org/publicdomain/zero/1.0/,PER_RECORDING_METADATA,DESED_synth_soundbank.tar.gz; audio/train/soundbank/foreground/Alarm_bell_ringing/189332_4.wav ; official train license TSV,unknown,clsdoa_v1,PRESENT
desed:train:189332_5:clsdoa_v1_srcprep_v1,desed:train:189332,4,clock_alarm,transient,DESED isolated foreground,Alarm_bell_ringing,SEMANTIC_STRONG,189332,train,raw/desed/extracted/audio/train/soundbank/foreground/Alarm_bell_ringing/189332_5.wav,a2084b1995d715fcd23dd55ab0752d738300a8818e7ad6ff81b3c992333260e0,44100,1,0.567573696,http://creativecommons.org/publicdomain/zero/1.0/,PER_RECORDING_METADATA,DESED_synth_soundbank.tar.gz; audio/train/soundbank/foreground/Alarm_bell_ringing/189332_5.wav ; official train license TSV,unknown,clsdoa_v1,PRESENT
desed:train:189332_6:clsdoa_v1_srcprep_v1,desed:train:189332,4,clock_alarm,transient,DESED isolated foreground,Alarm_bell_ringing,SEMANTIC_STRONG,189332,train,raw/desed/extracted/audio/train/soundbank/foreground/Alarm_bell_ringing/189332_6.wav,42a59b74a83d60bf2baeb0916fef422e41c222268d8baa002bb90d44c5b20a30,44100,1,0.569931973,http://creativecommons.org/publicdomain/zero/1.0/,PER_RECORDING_METADATA,DESED_synth_soundbank.tar.gz; audio/train/soundbank/foreground/Alarm_bell_ringing/189332_6.wav ; official train license TSV,unknown,clsdoa_v1,PRESENT
desed:train:189332_7:clsdoa_v1_srcprep_v1,desed:train:189332,4,clock_alarm,transient,DESED isolated foreground,Alarm_bell_ringing,SEMANTIC_STRONG,189332,train,raw/desed/extracted/audio/train/soundbank/foreground/Alarm_bell_ringing/189332_7.wav,0feed5f4c3bd1a886f6135d1757ec953771adb7aadeaa909dac906e03b6d9e57,44100,1,0.597006803,http://creativecommons.org/publicdomain/zero/1.0/,PER_RECORDING_METADATA,DESED_synth_soundbank.tar.gz; audio/train/soundbank/foreground/Alarm_bell_ringing/189332_7.wav ; official train license TSV,unknown,clsdoa_v1,PRESENT
desed:train:189332_8:clsdoa_v1_srcprep_v1,desed:train:189332,4,clock_alarm,transient,DESED isolated foreground,Alarm_bell_ringing,SEMANTIC_STRONG,189332,train,raw/desed/extracted/audio/train/soundbank/foreground/Alarm_bell_ringing/189332_8.wav,e545d7974c40116f1975163e5dfdb69453f3f585eaa9406ee85b4059cc796759,44100,1,0.568911565,http://creativecommons.org/publicdomain/zero/1.0/,PER_RECORDING_METADATA,DESED_synth_soundbank.tar.gz; audio/train/soundbank/foreground/Alarm_bell_ringing/189332_8.wav ; official train license TSV,unknown,clsdoa_v1,PRESENT
desed:train:192761:clsdoa_v1_srcprep_v1,desed:train:192761,4,clock_alarm,transient,DESED isolated foreground,Alarm_bell_ringing,SEMANTIC_STRONG,192761,train,raw/desed/extracted/audio/train/soundbank/foreground/Alarm_bell_ringing/192761.wav,b9bc75ff5b5dc125d42a037807dd2d7650114fb9d492d342e5a348f55e671684,44100,1,0.535056689,http://creativecommons.org/publicdomain/zero/1.0/,PER_RECORDING_METADATA,DESED_synth_soundbank.tar.gz; audio/train/soundbank/foreground/Alarm_bell_ringing/192761.wav ; official train license TSV,unknown,clsdoa_v1,PRESENT
desed:train:196368:clsdoa_v1_srcprep_v1,desed:train:196368,4,clock_alarm,transient,DESED isolated foreground,Alarm_bell_ringing,SEMANTIC_STRONG,196368,train,raw/desed/extracted/audio/train/soundbank/foreground/Alarm_bell_ringing/196368.wav,f815d53ae0b04edd788eebd10bb90069b9578b1f2c942455af71f6fd9f9ebca3,44100,1,2.569024943,http://creativecommons.org/licenses/by/3.0/,PER_RECORDING_METADATA,DESED_synth_soundbank.tar.gz; audio/train/soundbank/foreground/Alarm_bell_ringing/196368.wav ; official train license TSV,unknown,clsdoa_v1,PRESENT
desed:train:196376:clsdoa_v1_srcprep_v1,desed:train:196376,4,clock_alarm,transient,DESED isolated foreground,Alarm_bell_ringing,SEMANTIC_STRONG,196376,train,raw/desed/extracted/audio/train/soundbank/foreground/Alarm_bell_ringing/196376.wav,097d4455680b2216b0dc06b088eb86c65d4cb060748beb36e9d6a4018ee7ca26,44100,1,2.644557823,http://creativecommons.org/licenses/by/3.0/,PER_RECORDING_METADATA,DESED_synth_soundbank.tar.gz; audio/train/soundbank/foreground/Alarm_bell_ringing/196376.wav ; official train license TSV,unknown,clsdoa_v1,PRESENT
desed:train:196838_0:clsdoa_v1_srcprep_v1,desed:train:196838,4,clock_alarm,transient,DESED isolated foreground,Alarm_bell_ringing,SEMANTIC_STRONG,196838,train,raw/desed/extracted/audio/train/soundbank/foreground/Alarm_bell_ringing/196838_0.wav,c7140117aa912aab2dba6bc6585332b65208f1cafe85cadf170c14255519902b,44100,1,0.304285714,http://creativecommons.org/licenses/by/3.0/,PER_RECORDING_METADATA,DESED_synth_soundbank.tar.gz; audio/train/soundbank/foreground/Alarm_bell_ringing/196838_0.wav ; official train license TSV,unknown,clsdoa_v1,PRESENT
desed:train:196838_1:clsdoa_v1_srcprep_v1,desed:train:196838,4,clock_alarm,transient,DESED isolated foreground,Alarm_bell_ringing,SEMANTIC_STRONG,196838,train,raw/desed/extracted/audio/train/soundbank/foreground/Alarm_bell_ringing/196838_1.wav,91cde4de8dd333e4ada9fdedb9a1f37028b5d0865c6ba1440f0ca41ecd908854,44100,1,0.313106576,http://creativecommons.org/licenses/by/3.0/,PER_RECORDING_METADATA,DESED_synth_soundbank.tar.gz; audio/train/soundbank/foreground/Alarm_bell_ringing/196838_1.wav ; official train license TSV,unknown,clsdoa_v1,PRESENT
desed:train:196838_2:clsdoa_v1_srcprep_v1,desed:train:196838,4,clock_alarm,transient,DESED isolated foreground,Alarm_bell_ringing,SEMANTIC_STRONG,196838,train,raw/desed/extracted/audio/train/soundbank/foreground/Alarm_bell_ringing/196838_2.wav,748515ad33b6ab90094b5b744c5ac597f55431f7ffb0f4b011039b866c38f17c,44100,1,0.319206349,http://creativecommons.org/licenses/by/3.0/,PER_RECORDING_METADATA,DESED_synth_soundbank.tar.gz; audio/train/soundbank/foreground/Alarm_bell_ringing/196838_2.wav ; official train license TSV,unknown,clsdoa_v1,PRESENT
desed:train:196838_3:clsdoa_v1_srcprep_v1,desed:train:196838,4,clock_alarm,transient,DESED isolated foreground,Alarm_bell_ringing,SEMANTIC_STRONG,196838,train,raw/desed/extracted/audio/train/soundbank/foreground/Alarm_bell_ringing/196838_3.wav,5b9e6bd8d86b6560b4f76ed5db01a6edc4820cb32aba6b16b34bc6217c328539,44100,1,0.314875283,http://creativecommons.org/licenses/by/3.0/,PER_RECORDING_METADATA,DESED_synth_soundbank.tar.gz; audio/train/soundbank/foreground/Alarm_bell_ringing/196838_3.wav ; official train license TSV,unknown,clsdoa_v1,PRESENT
desed:train:196838_4:clsdoa_v1_srcprep_v1,desed:train:196838,4,clock_alarm,transient,DESED isolated foreground,Alarm_bell_ringing,SEMANTIC_STRONG,196838,train,raw/desed/extracted/audio/train/soundbank/foreground/Alarm_bell_ringing/196838_4.wav,9548a650a38daeacde61eb8b76e3739245fa2b7a318f12dda053ff8b2d064180,44100,1,0.321700680,http://creativecommons.org/licenses/by/3.0/,PER_RECORDING_METADATA,DESED_synth_soundbank.tar.gz; audio/train/soundbank/foreground/Alarm_bell_ringing/196838_4.wav ; official train license TSV,unknown,clsdoa_v1,PRESENT
desed:train:196838_5:clsdoa_v1_srcprep_v1,desed:train:196838,4,clock_alarm,transient,DESED isolated foreground,Alarm_bell_ringing,SEMANTIC_STRONG,196838,train,raw/desed/extracted/audio/train/soundbank/foreground/Alarm_bell_ringing/196838_5.wav,10af084e9cec0b15dc2f68d405e7cf20cdc6ad4063bc2d9863267935223dfbf4,44100,1,0.315079365,http://creativecommons.org/licenses/by/3.0/,PER_RECORDING_METADATA,DESED_synth_soundbank.tar.gz; audio/train/soundbank/foreground/Alarm_bell_ringing/196838_5.wav ; official train license TSV,unknown,clsdoa_v1,PRESENT
desed:train:196838_6:clsdoa_v1_srcprep_v1,desed:train:196838,4,clock_alarm,transient,DESED isolated foreground,Alarm_bell_ringing,SEMANTIC_STRONG,196838,train,raw/desed/extracted/audio/train/soundbank/foreground/Alarm_bell_ringing/196838_6.wav,355fa571bdcb574ac852abec862edab10b9a25ba9f07df78abe4b9230799b115,44100,1,0.320294785,http://creativecommons.org/licenses/by/3.0/,PER_RECORDING_METADATA,DESED_synth_soundbank.tar.gz; audio/train/soundbank/foreground/Alarm_bell_ringing/196838_6.wav ; official train license TSV,unknown,clsdoa_v1,PRESENT
desed:train:196838_7:clsdoa_v1_srcprep_v1,desed:train:196838,4,clock_alarm,transient,DESED isolated foreground,Alarm_bell_ringing,SEMANTIC_STRONG,196838,train,raw/desed/extracted/audio/train/soundbank/foreground/Alarm_bell_ringing/196838_7.wav,5dbbdf6956c4551db2a40347f015fc949582aaaa1fbc1ed3a6d72715e99fe7ec,44100,1,0.312471655,http://creativecommons.org/licenses/by/3.0/,PER_RECORDING_METADATA,DESED_synth_soundbank.tar.gz; audio/train/soundbank/foreground/Alarm_bell_ringing/196838_7.wav ; official train license TSV,unknown,clsdoa_v1,PRESENT
desed:train:20101_0:clsdoa_v1_srcprep_v1,desed:train:20101,4,clock_alarm,transient,DESED isolated foreground,Alarm_bell_ringing,SEMANTIC_STRONG,20101,train,raw/desed/extracted/audio/train/soundbank/foreground/Alarm_bell_ringing/20101_0.wav,2b7772471b4be0b119a0f8be45fd2c34d9babed24b8188683267d766f7bd821e,44100,1,2.167528345,http://creativecommons.org/licenses/by/3.0/,PER_RECORDING_METADATA,DESED_synth_soundbank.tar.gz; audio/train/soundbank/foreground/Alarm_bell_ringing/20101_0.wav ; official train license TSV,unknown,clsdoa_v1,PRESENT
desed:train:20101_1:clsdoa_v1_srcprep_v1,desed:train:20101,4,clock_alarm,transient,DESED isolated foreground,Alarm_bell_ringing,SEMANTIC_STRONG,20101,train,raw/desed/extracted/audio/train/soundbank/foreground/Alarm_bell_ringing/20101_1.wav,a4c3f2bd70c8ab73c2663bdcd5a451b1fe92d8fe759d44102e7e3e6b34641117,44100,1,2.190317460,http://creativecommons.org/licenses/by/3.0/,PER_RECORDING_METADATA,DESED_synth_soundbank.tar.gz; audio/train/soundbank/foreground/Alarm_bell_ringing/20101_1.wav ; official train license TSV,unknown,clsdoa_v1,PRESENT
desed:train:20101_2:clsdoa_v1_srcprep_v1,desed:train:20101,4,clock_alarm,transient,DESED isolated foreground,Alarm_bell_ringing,SEMANTIC_STRONG,20101,train,raw/desed/extracted/audio/train/soundbank/foreground/Alarm_bell_ringing/20101_2.wav,e74b45e66285e1c056e0866973ae90410f6f71e23041c9c6a5194b1ce88d4984,44100,1,2.142063492,http://creativecommons.org/licenses/by/3.0/,PER_RECORDING_METADATA,DESED_synth_soundbank.tar.gz; audio/train/soundbank/foreground/Alarm_bell_ringing/20101_2.wav ; official train license TSV,unknown,clsdoa_v1,PRESENT
desed:train:209536:clsdoa_v1_srcprep_v1,desed:train:209536,4,clock_alarm,transient,DESED isolated foreground,Alarm_bell_ringing,SEMANTIC_STRONG,209536,train,raw/desed/extracted/audio/train/soundbank/foreground/Alarm_bell_ringing/209536.wav,4028a3da17c16ebc0b35a3a077516be637e840424ae6170e14be9a8f5555dd4d,44100,1,4.831428571,http://creativecommons.org/publicdomain/zero/1.0/,PER_RECORDING_METADATA,DESED_synth_soundbank.tar.gz; audio/train/soundbank/foreground/Alarm_bell_ringing/209536.wav ; official train license TSV,unknown,clsdoa_v1,PRESENT
desed:train:212128:clsdoa_v1_srcprep_v1,desed:train:212128,4,clock_alarm,transient,DESED isolated foreground,Alarm_bell_ringing,SEMANTIC_STRONG,212128,train,raw/desed/extracted/audio/train/soundbank/foreground/Alarm_bell_ringing/212128.wav,bf572b6dc27593fe8fdb164de0664b6ce5694105399e688e118b8b596a10518e,44100,1,0.866009070,http://creativecommons.org/licenses/by/3.0/,PER_RECORDING_METADATA,DESED_synth_soundbank.tar.gz; audio/train/soundbank/foreground/Alarm_bell_ringing/212128.wav ; official train license TSV,unknown,clsdoa_v1,PRESENT
desed:train:21986:clsdoa_v1_srcprep_v1,desed:train:21986,4,clock_alarm,transient,DESED isolated foreground,Alarm_bell_ringing,SEMANTIC_STRONG,21986,train,raw/desed/extracted/audio/train/soundbank/foreground/Alarm_bell_ringing/21986.wav,09b865ef8cfe8f114db6f2b938ba1b110fb776ddd93b4832295023e437e7222f,44100,1,5.720544218,http://creativecommons.org/licenses/by/3.0/,PER_RECORDING_METADATA,DESED_synth_soundbank.tar.gz; audio/train/soundbank/foreground/Alarm_bell_ringing/21986.wav ; official train license TSV,unknown,clsdoa_v1,PRESENT
desed:train:245445_0:clsdoa_v1_srcprep_v1,desed:train:245445,4,clock_alarm,transient,DESED isolated foreground,Alarm_bell_ringing,SEMANTIC_STRONG,245445,train,raw/desed/extracted/audio/train/soundbank/foreground/Alarm_bell_ringing/245445_0.wav,ee68c35c18293e8b833710fe82890eab2a881f1599b8550c8dac5645a51bcbfa,44100,1,1.929251701,http://creativecommons.org/publicdomain/zero/1.0/,PER_RECORDING_METADATA,DESED_synth_soundbank.tar.gz; audio/train/soundbank/foreground/Alarm_bell_ringing/245445_0.wav ; official train license TSV,unknown,clsdoa_v1,PRESENT
desed:train:245445_1:clsdoa_v1_srcprep_v1,desed:train:245445,4,clock_alarm,transient,DESED isolated foreground,Alarm_bell_ringing,SEMANTIC_STRONG,245445,train,raw/desed/extracted/audio/train/soundbank/foreground/Alarm_bell_ringing/245445_1.wav,80b5adebfa78c5bd0a6b232d582966dad3c443ab00f4355ed97ca12d5c389faa,44100,1,2.541315193,http://creativecommons.org/publicdomain/zero/1.0/,PER_RECORDING_METADATA,DESED_synth_soundbank.tar.gz; audio/train/soundbank/foreground/Alarm_bell_ringing/245445_1.wav ; official train license TSV,unknown,clsdoa_v1,PRESENT
desed:train:249303_0:clsdoa_v1_srcprep_v1,desed:train:249303,4,clock_alarm,transient,DESED isolated foreground,Alarm_bell_ringing,SEMANTIC_STRONG,249303,train,raw/desed/extracted/audio/train/soundbank/foreground/Alarm_bell_ringing/249303_0.wav,c9677274f0e3eafdfb928655e8db5c545f1f52a4c7d48adfafe6c72b3fa5d686,44100,1,1.985238095,http://creativecommons.org/licenses/by/3.0/,PER_RECORDING_METADATA,DESED_synth_soundbank.tar.gz; audio/train/soundbank/foreground/Alarm_bell_ringing/249303_0.wav ; official train license TSV,unknown,clsdoa_v1,PRESENT
desed:train:249303_1:clsdoa_v1_srcprep_v1,desed:train:249303,4,clock_alarm,transient,DESED isolated foreground,Alarm_bell_ringing,SEMANTIC_STRONG,249303,train,raw/desed/extracted/audio/train/soundbank/foreground/Alarm_bell_ringing/249303_1.wav,d8aabdb71e8336eaeebf54d079b103f259fb6c37bc5d8052fa46557132264753,44100,1,1.984897959,http://creativecommons.org/licenses/by/3.0/,PER_RECORDING_METADATA,DESED_synth_soundbank.tar.gz; audio/train/soundbank/foreground/Alarm_bell_ringing/249303_1.wav ; official train license TSV,unknown,clsdoa_v1,PRESENT
desed:train:255193_0:clsdoa_v1_srcprep_v1,desed:train:255193,4,clock_alarm,transient,DESED isolated foreground,Alarm_bell_ringing,SEMANTIC_STRONG,255193,train,raw/desed/extracted/audio/train/soundbank/foreground/Alarm_bell_ringing/255193_0.wav,7bbe1dda412650672ba777b917fb910491f76ef174f4128e1195e71b9d01414f,44100,1,0.235918367,http://creativecommons.org/licenses/by/3.0/,PER_RECORDING_METADATA,DESED_synth_soundbank.tar.gz; audio/train/soundbank/foreground/Alarm_bell_ringing/255193_0.wav ; official train license TSV,unknown,clsdoa_v1,PRESENT
desed:train:255193_1:clsdoa_v1_srcprep_v1,desed:train:255193,4,clock_alarm,transient,DESED isolated foreground,Alarm_bell_ringing,SEMANTIC_STRONG,255193,train,raw/desed/extracted/audio/train/soundbank/foreground/Alarm_bell_ringing/255193_1.wav,75735c8c43d75af76ecde2cfbdc7d90334e4a8ebb9b5a0deda7a69c875a74504,44100,1,0.241564626,http://creativecommons.org/licenses/by/3.0/,PER_RECORDING_METADATA,DESED_synth_soundbank.tar.gz; audio/train/soundbank/foreground/Alarm_bell_ringing/255193_1.wav ; official train license TSV,unknown,clsdoa_v1,PRESENT
desed:train:255193_2:clsdoa_v1_srcprep_v1,desed:train:255193,4,clock_alarm,transient,DESED isolated foreground,Alarm_bell_ringing,SEMANTIC_STRONG,255193,train,raw/desed/extracted/audio/train/soundbank/foreground/Alarm_bell_ringing/255193_2.wav,0f458a6393f3351909cb2497ddd3c13deaa679bd3b9d42cb2aea220a0a3da531,44100,1,0.241564626,http://creativecommons.org/licenses/by/3.0/,PER_RECORDING_METADATA,DESED_synth_soundbank.tar.gz; audio/train/soundbank/foreground/Alarm_bell_ringing/255193_2.wav ; official train license TSV,unknown,clsdoa_v1,PRESENT
desed:train:255193_3:clsdoa_v1_srcprep_v1,desed:train:255193,4,clock_alarm,transient,DESED isolated foreground,Alarm_bell_ringing,SEMANTIC_STRONG,255193,train,raw/desed/extracted/audio/train/soundbank/foreground/Alarm_bell_ringing/255193_3.wav,66c738d531b80f5fe4f7fa65874ebf84c716a5abfd26ae7c926af4c7676c54b1,44100,1,0.241564626,http://creativecommons.org/licenses/by/3.0/,PER_RECORDING_METADATA,DESED_synth_soundbank.tar.gz; audio/train/soundbank/foreground/Alarm_bell_ringing/255193_3.wav ; official train license TSV,unknown,clsdoa_v1,PRESENT
desed:train:255193_4:clsdoa_v1_srcprep_v1,desed:train:255193,4,clock_alarm,transient,DESED isolated foreground,Alarm_bell_ringing,SEMANTIC_STRONG,255193,train,raw/desed/extracted/audio/train/soundbank/foreground/Alarm_bell_ringing/255193_4.wav,56a3938ee021d4a6a29bed92ef6925bbbfac7a074f453b493c3ae757cf3a2602,44100,1,0.241564626,http://creativecommons.org/licenses/by/3.0/,PER_RECORDING_METADATA,DESED_synth_soundbank.tar.gz; audio/train/soundbank/foreground/Alarm_bell_ringing/255193_4.wav ; official train license TSV,unknown,clsdoa_v1,PRESENT
desed:train:255193_5:clsdoa_v1_srcprep_v1,desed:train:255193,4,clock_alarm,transient,DESED isolated foreground,Alarm_bell_ringing,SEMANTIC_STRONG,255193,train,raw/desed/extracted/audio/train/soundbank/foreground/Alarm_bell_ringing/255193_5.wav,ebf46738247205af1c56b8da7b1a4c5854bffd0d42c24af9f5e9a5054219b34f,44100,1,0.241564626,http://creativecommons.org/licenses/by/3.0/,PER_RECORDING_METADATA,DESED_synth_soundbank.tar.gz; audio/train/soundbank/foreground/Alarm_bell_ringing/255193_5.wav ; official train license TSV,unknown,clsdoa_v1,PRESENT
desed:train:255193_6:clsdoa_v1_srcprep_v1,desed:train:255193,4,clock_alarm,transient,DESED isolated foreground,Alarm_bell_ringing,SEMANTIC_STRONG,255193,train,raw/desed/extracted/audio/train/soundbank/foreground/Alarm_bell_ringing/255193_6.wav,08dea2987d1d991ea482a2dbd98b297d41a4719330799425f8188b8a77f0c2f6,44100,1,0.241564626,http://creativecommons.org/licenses/by/3.0/,PER_RECORDING_METADATA,DESED_synth_soundbank.tar.gz; audio/train/soundbank/foreground/Alarm_bell_ringing/255193_6.wav ; official train license TSV,unknown,clsdoa_v1,PRESENT
desed:train:255193_7:clsdoa_v1_srcprep_v1,desed:train:255193,4,clock_alarm,transient,DESED isolated foreground,Alarm_bell_ringing,SEMANTIC_STRONG,255193,train,raw/desed/extracted/audio/train/soundbank/foreground/Alarm_bell_ringing/255193_7.wav,016586c49dee1486577d68a9904b451cc7b464b964606947f2dccce3c4c102e6,44100,1,0.241564626,http://creativecommons.org/licenses/by/3.0/,PER_RECORDING_METADATA,DESED_synth_soundbank.tar.gz; audio/train/soundbank/foreground/Alarm_bell_ringing/255193_7.wav ; official train license TSV,unknown,clsdoa_v1,PRESENT
desed:train:255193_8:clsdoa_v1_srcprep_v1,desed:train:255193,4,clock_alarm,transient,DESED isolated foreground,Alarm_bell_ringing,SEMANTIC_STRONG,255193,train,raw/desed/extracted/audio/train/soundbank/foreground/Alarm_bell_ringing/255193_8.wav,e557f03205d3253aa23662605951de4e76368acb08c9dc0a49528f79ff9ff9bf,44100,1,0.241564626,http://creativecommons.org/licenses/by/3.0/,PER_RECORDING_METADATA,DESED_synth_soundbank.tar.gz; audio/train/soundbank/foreground/Alarm_bell_ringing/255193_8.wav ; official train license TSV,unknown,clsdoa_v1,PRESENT
desed:train:255193_9:clsdoa_v1_srcprep_v1,desed:train:255193,4,clock_alarm,transient,DESED isolated foreground,Alarm_bell_ringing,SEMANTIC_STRONG,255193,train,raw/desed/extracted/audio/train/soundbank/foreground/Alarm_bell_ringing/255193_9.wav,20191b46bd552f336f62f9e711ff199f1d3ac60ba380b269b020d393dba0a3e5,44100,1,0.241564626,http://creativecommons.org/licenses/by/3.0/,PER_RECORDING_METADATA,DESED_synth_soundbank.tar.gz; audio/train/soundbank/foreground/Alarm_bell_ringing/255193_9.wav ; official train license TSV,unknown,clsdoa_v1,PRESENT
desed:train:255194_0:clsdoa_v1_srcprep_v1,desed:train:255194,4,clock_alarm,transient,DESED isolated foreground,Alarm_bell_ringing,SEMANTIC_STRONG,255194,train,raw/desed/extracted/audio/train/soundbank/foreground/Alarm_bell_ringing/255194_0.wav,99539daba031be93e57f33e12afae06ce5221649b453e1828285c33c9bdd1651,44100,1,0.273560091,http://creativecommons.org/licenses/by/3.0/,PER_RECORDING_METADATA,DESED_synth_soundbank.tar.gz; audio/train/soundbank/foreground/Alarm_bell_ringing/255194_0.wav ; official train license TSV,unknown,clsdoa_v1,PRESENT
desed:train:255194_1:clsdoa_v1_srcprep_v1,desed:train:255194,4,clock_alarm,transient,DESED isolated foreground,Alarm_bell_ringing,SEMANTIC_STRONG,255194,train,raw/desed/extracted/audio/train/soundbank/foreground/Alarm_bell_ringing/255194_1.wav,77ea9d95968ae64b83e8d96a107c0b8bd1f8c03e42e4c8f63d6db724f26433d9,44100,1,0.332675737,http://creativecommons.org/licenses/by/3.0/,PER_RECORDING_METADATA,DESED_synth_soundbank.tar.gz; audio/train/soundbank/foreground/Alarm_bell_ringing/255194_1.wav ; official train license TSV,unknown,clsdoa_v1,PRESENT
desed:train:255194_2:clsdoa_v1_srcprep_v1,desed:train:255194,4,clock_alarm,transient,DESED isolated foreground,Alarm_bell_ringing,SEMANTIC_STRONG,255194,train,raw/desed/extracted/audio/train/soundbank/foreground/Alarm_bell_ringing/255194_2.wav,c1383453629d44e85f0ae007fe2cbe79f7ca7b15dbda2b920eedf83100fd504f,44100,1,0.316394558,http://creativecommons.org/licenses/by/3.0/,PER_RECORDING_METADATA,DESED_synth_soundbank.tar.gz; audio/train/soundbank/foreground/Alarm_bell_ringing/255194_2.wav ; official train license TSV,unknown,clsdoa_v1,PRESENT
desed:train:255194_3:clsdoa_v1_srcprep_v1,desed:train:255194,4,clock_alarm,transient,DESED isolated foreground,Alarm_bell_ringing,SEMANTIC_STRONG,255194,train,raw/desed/extracted/audio/train/soundbank/foreground/Alarm_bell_ringing/255194_3.wav,b9d2412aff4d7a87a7a57aca88d833b562ceff0292d425bbaa7200efd359bd10,44100,1,0.332698413,http://creativecommons.org/licenses/by/3.0/,PER_RECORDING_METADATA,DESED_synth_soundbank.tar.gz; audio/train/soundbank/foreground/Alarm_bell_ringing/255194_3.wav ; official train license TSV,unknown,clsdoa_v1,PRESENT
desed:train:255194_4:clsdoa_v1_srcprep_v1,desed:train:255194,4,clock_alarm,transient,DESED isolated foreground,Alarm_bell_ringing,SEMANTIC_STRONG,255194,train,raw/desed/extracted/audio/train/soundbank/foreground/Alarm_bell_ringing/255194_4.wav,62ed06e7c41901c0eeba6accb9e6e1adc9590ba7a6685a12472bebfdcf6925c7,44100,1,0.332698413,http://creativecommons.org/licenses/by/3.0/,PER_RECORDING_METADATA,DESED_synth_soundbank.tar.gz; audio/train/soundbank/foreground/Alarm_bell_ringing/255194_4.wav ; official train license TSV,unknown,clsdoa_v1,PRESENT
desed:train:255194_5:clsdoa_v1_srcprep_v1,desed:train:255194,4,clock_alarm,transient,DESED isolated foreground,Alarm_bell_ringing,SEMANTIC_STRONG,255194,train,raw/desed/extracted/audio/train/soundbank/foreground/Alarm_bell_ringing/255194_5.wav,279220b2a6c3cf78515751947e98e613d2ecc5cc6ca7914b647c8c3137f77319,44100,1,0.316394558,http://creativecommons.org/licenses/by/3.0/,PER_RECORDING_METADATA,DESED_synth_soundbank.tar.gz; audio/train/soundbank/foreground/Alarm_bell_ringing/255194_5.wav ; official train license TSV,unknown,clsdoa_v1,PRESENT
desed:train:255194_6:clsdoa_v1_srcprep_v1,desed:train:255194,4,clock_alarm,transient,DESED isolated foreground,Alarm_bell_ringing,SEMANTIC_STRONG,255194,train,raw/desed/extracted/audio/train/soundbank/foreground/Alarm_bell_ringing/255194_6.wav,d258794f03637e886cd7edafdeb8c458014d64e2edc5ce8bb315e44947a5da1d,44100,1,0.332698413,http://creativecommons.org/licenses/by/3.0/,PER_RECORDING_METADATA,DESED_synth_soundbank.tar.gz; audio/train/soundbank/foreground/Alarm_bell_ringing/255194_6.wav ; official train license TSV,unknown,clsdoa_v1,PRESENT
desed:train:255194_7:clsdoa_v1_srcprep_v1,desed:train:255194,4,clock_alarm,transient,DESED isolated foreground,Alarm_bell_ringing,SEMANTIC_STRONG,255194,train,raw/desed/extracted/audio/train/soundbank/foreground/Alarm_bell_ringing/255194_7.wav,d7f408609363b385699eb6fd290f54e67637e6ea7035e785f70b38fe149f586b,44100,1,0.316417234,http://creativecommons.org/licenses/by/3.0/,PER_RECORDING_METADATA,DESED_synth_soundbank.tar.gz; audio/train/soundbank/foreground/Alarm_bell_ringing/255194_7.wav ; official train license TSV,unknown,clsdoa_v1,PRESENT
desed:train:255194_8:clsdoa_v1_srcprep_v1,desed:train:255194,4,clock_alarm,transient,DESED isolated foreground,Alarm_bell_ringing,SEMANTIC_STRONG,255194,train,raw/desed/extracted/audio/train/soundbank/foreground/Alarm_bell_ringing/255194_8.wav,f95c30bf038d5a0ed9da51c8bef762ffb8da8ccbf030e726f95224377c36c9f4,44100,1,0.332721088,http://creativecommons.org/licenses/by/3.0/,PER_RECORDING_METADATA,DESED_synth_soundbank.tar.gz; audio/train/soundbank/foreground/Alarm_bell_ringing/255194_8.wav ; official train license TSV,unknown,clsdoa_v1,PRESENT
desed:train:255194_9:clsdoa_v1_srcprep_v1,desed:train:255194,4,clock_alarm,transient,DESED isolated foreground,Alarm_bell_ringing,SEMANTIC_STRONG,255194,train,raw/desed/extracted/audio/train/soundbank/foreground/Alarm_bell_ringing/255194_9.wav,c23378b223f7e459223e19d78ce66529ed5cf7e47c8868f9c8b246022483938f,44100,1,0.332675737,http://creativecommons.org/licenses/by/3.0/,PER_RECORDING_METADATA,DESED_synth_soundbank.tar.gz; audio/train/soundbank/foreground/Alarm_bell_ringing/255194_9.wav ; official train license TSV,unknown,clsdoa_v1,PRESENT
desed:train:258175_0:clsdoa_v1_srcprep_v1,desed:train:258175,4,clock_alarm,transient,DESED isolated foreground,Alarm_bell_ringing,SEMANTIC_STRONG,258175,train,raw/desed/extracted/audio/train/soundbank/foreground/Alarm_bell_ringing/258175_0.wav,bb1ce08d96cf698f0ad94b3ae4e4e441ec52fbf8ec2940bec9dc7622498d3ab3,44100,1,3.647936508,http://creativecommons.org/licenses/by/3.0/,PER_RECORDING_METADATA,DESED_synth_soundbank.tar.gz; audio/train/soundbank/foreground/Alarm_bell_ringing/258175_0.wav ; official train license TSV,unknown,clsdoa_v1,PRESENT
desed:train:258175_1:clsdoa_v1_srcprep_v1,desed:train:258175,4,clock_alarm,transient,DESED isolated foreground,Alarm_bell_ringing,SEMANTIC_STRONG,258175,train,raw/desed/extracted/audio/train/soundbank/foreground/Alarm_bell_ringing/258175_1.wav,908390376da35d2f22fc5f2bfebd7f5e97169937d7d0b557db8614d8b706b2f9,44100,1,3.647936508,http://creativecommons.org/licenses/by/3.0/,PER_RECORDING_METADATA,DESED_synth_soundbank.tar.gz; audio/train/soundbank/foreground/Alarm_bell_ringing/258175_1.wav ; official train license TSV,unknown,clsdoa_v1,PRESENT
desed:train:258175_2:clsdoa_v1_srcprep_v1,desed:train:258175,4,clock_alarm,transient,DESED isolated foreground,Alarm_bell_ringing,SEMANTIC_STRONG,258175,train,raw/desed/extracted/audio/train/soundbank/foreground/Alarm_bell_ringing/258175_2.wav,3def01ac97ac806f901853ae7bbce66ee710ec1c0072b96208c4bc29c628b13f,44100,1,3.647936508,http://creativecommons.org/licenses/by/3.0/,PER_RECORDING_METADATA,DESED_synth_soundbank.tar.gz; audio/train/soundbank/foreground/Alarm_bell_ringing/258175_2.wav ; official train license TSV,unknown,clsdoa_v1,PRESENT
desed:train:258175_3:clsdoa_v1_srcprep_v1,desed:train:258175,4,clock_alarm,transient,DESED isolated foreground,Alarm_bell_ringing,SEMANTIC_STRONG,258175,train,raw/desed/extracted/audio/train/soundbank/foreground/Alarm_bell_ringing/258175_3.wav,fe31367071f32417a0dd97951231328fdc56c1eb12d4746039a576ae27616c85,44100,1,3.647913832,http://creativecommons.org/licenses/by/3.0/,PER_RECORDING_METADATA,DESED_synth_soundbank.tar.gz; audio/train/soundbank/foreground/Alarm_bell_ringing/258175_3.wav ; official train license TSV,unknown,clsdoa_v1,PRESENT
desed:train:258175_4:clsdoa_v1_srcprep_v1,desed:train:258175,4,clock_alarm,transient,DESED isolated foreground,Alarm_bell_ringing,SEMANTIC_STRONG,258175,train,raw/desed/extracted/audio/train/soundbank/foreground/Alarm_bell_ringing/258175_4.wav,b6dc51d59ec57f663f6edac2afa8395ddb7202b24bc0e3e9668101e0de3982a0,44100,1,3.647936508,http://creativecommons.org/licenses/by/3.0/,PER_RECORDING_METADATA,DESED_synth_soundbank.tar.gz; audio/train/soundbank/foreground/Alarm_bell_ringing/258175_4.wav ; official train license TSV,unknown,clsdoa_v1,PRESENT
desed:train:259537_0:clsdoa_v1_srcprep_v1,desed:train:259537,4,clock_alarm,transient,DESED isolated foreground,Alarm_bell_ringing,SEMANTIC_STRONG,259537,train,raw/desed/extracted/audio/train/soundbank/foreground/Alarm_bell_ringing/259537_0.wav,9dc444f3cb927f0a0414157b7388327be85b0d5f4c452a30472e09b8f5e3818b,44100,1,0.520068027,http://creativecommons.org/publicdomain/zero/1.0/,PER_RECORDING_METADATA,DESED_synth_soundbank.tar.gz; audio/train/soundbank/foreground/Alarm_bell_ringing/259537_0.wav ; official train license TSV,unknown,clsdoa_v1,PRESENT
desed:train:259537_1:clsdoa_v1_srcprep_v1,desed:train:259537,4,clock_alarm,transient,DESED isolated foreground,Alarm_bell_ringing,SEMANTIC_STRONG,259537,train,raw/desed/extracted/audio/train/soundbank/foreground/Alarm_bell_ringing/259537_1.wav,1a1880214723ac335cb4f5eaed2a779bfcb503e435ff8de6e5f9ed01a32b8a05,44100,1,0.519092971,http://creativecommons.org/publicdomain/zero/1.0/,PER_RECORDING_METADATA,DESED_synth_soundbank.tar.gz; audio/train/soundbank/foreground/Alarm_bell_ringing/259537_1.wav ; official train license TSV,unknown,clsdoa_v1,PRESENT
desed:train:259537_2:clsdoa_v1_srcprep_v1,desed:train:259537,4,clock_alarm,transient,DESED isolated foreground,Alarm_bell_ringing,SEMANTIC_STRONG,259537,train,raw/desed/extracted/audio/train/soundbank/foreground/Alarm_bell_ringing/259537_2.wav,3979071401d86781c1cf8586bb2a4663fc0983ad4f930d52f8903e35ee76afee,44100,1,0.514195011,http://creativecommons.org/publicdomain/zero/1.0/,PER_RECORDING_METADATA,DESED_synth_soundbank.tar.gz; audio/train/soundbank/foreground/Alarm_bell_ringing/259537_2.wav ; official train license TSV,unknown,clsdoa_v1,PRESENT
desed:train:259537_3:clsdoa_v1_srcprep_v1,desed:train:259537,4,clock_alarm,transient,DESED isolated foreground,Alarm_bell_ringing,SEMANTIC_STRONG,259537,train,raw/desed/extracted/audio/train/soundbank/foreground/Alarm_bell_ringing/259537_3.wav,e4b69fbb219cd3f0e40e4b34c1fa01729078f10ac8a66601a9cc9fd953f48da6,44100,1,0.516780045,http://creativecommons.org/publicdomain/zero/1.0/,PER_RECORDING_METADATA,DESED_synth_soundbank.tar.gz; audio/train/soundbank/foreground/Alarm_bell_ringing/259537_3.wav ; official train license TSV,unknown,clsdoa_v1,PRESENT
desed:train:264106_0:clsdoa_v1_srcprep_v1,desed:train:264106,4,clock_alarm,transient,DESED isolated foreground,Alarm_bell_ringing,SEMANTIC_STRONG,264106,train,raw/desed/extracted/audio/train/soundbank/foreground/Alarm_bell_ringing/264106_0.wav,bd44db609937e09a835cf4d289ad818dd841be00aaf9ef6b13f4956b46ea7433,44100,1,0.125623583,http://creativecommons.org/licenses/by/3.0/,PER_RECORDING_METADATA,DESED_synth_soundbank.tar.gz; audio/train/soundbank/foreground/Alarm_bell_ringing/264106_0.wav ; official train license TSV,unknown,clsdoa_v1,PRESENT
desed:train:264106_1:clsdoa_v1_srcprep_v1,desed:train:264106,4,clock_alarm,transient,DESED isolated foreground,Alarm_bell_ringing,SEMANTIC_STRONG,264106,train,raw/desed/extracted/audio/train/soundbank/foreground/Alarm_bell_ringing/264106_1.wav,bc1f0722e9a5212624ff9026958a30f1d0cb57453ea3a0e491cecad2d8c22df3,44100,1,0.097891156,http://creativecommons.org/licenses/by/3.0/,PER_RECORDING_METADATA,DESED_synth_soundbank.tar.gz; audio/train/soundbank/foreground/Alarm_bell_ringing/264106_1.wav ; official train license TSV,unknown,clsdoa_v1,PRESENT
desed:train:264106_10:clsdoa_v1_srcprep_v1,desed:train:264106,4,clock_alarm,transient,DESED isolated foreground,Alarm_bell_ringing,SEMANTIC_STRONG,264106,train,raw/desed/extracted/audio/train/soundbank/foreground/Alarm_bell_ringing/264106_10.wav,c02541d99f1db015894258f02622a07ceeca831c7b891e13efe5731378a25f64,44100,1,0.486507937,http://creativecommons.org/licenses/by/3.0/,PER_RECORDING_METADATA,DESED_synth_soundbank.tar.gz; audio/train/soundbank/foreground/Alarm_bell_ringing/264106_10.wav ; official train license TSV,unknown,clsdoa_v1,PRESENT
desed:train:264106_11:clsdoa_v1_srcprep_v1,desed:train:264106,4,clock_alarm,transient,DESED isolated foreground,Alarm_bell_ringing,SEMANTIC_STRONG,264106,train,raw/desed/extracted/audio/train/soundbank/foreground/Alarm_bell_ringing/264106_11.wav,475854b82ae868f5cb92e3d21f1b571182cbf5e82b8082d72b873eaa58337772,44100,1,0.492290249,http://creativecommons.org/licenses/by/3.0/,PER_RECORDING_METADATA,DESED_synth_soundbank.tar.gz; audio/train/soundbank/foreground/Alarm_bell_ringing/264106_11.wav ; official train license TSV,unknown,clsdoa_v1,PRESENT
desed:train:264106_12:clsdoa_v1_srcprep_v1,desed:train:264106,4,clock_alarm,transient,DESED isolated foreground,Alarm_bell_ringing,SEMANTIC_STRONG,264106,train,raw/desed/extracted/audio/train/soundbank/foreground/Alarm_bell_ringing/264106_12.wav,6157608ce0cb274ed48b4eb4c6bda01c13eac436feb4fb7744db4043b37d4649,44100,1,0.494603175,http://creativecommons.org/licenses/by/3.0/,PER_RECORDING_METADATA,DESED_synth_soundbank.tar.gz; audio/train/soundbank/foreground/Alarm_bell_ringing/264106_12.wav ; official train license TSV,unknown,clsdoa_v1,PRESENT
desed:train:264106_13:clsdoa_v1_srcprep_v1,desed:train:264106,4,clock_alarm,transient,DESED isolated foreground,Alarm_bell_ringing,SEMANTIC_STRONG,264106,train,raw/desed/extracted/audio/train/soundbank/foreground/Alarm_bell_ringing/264106_13.wav,6e8803eea93315a59cbba1c0e3e0edfd3b9ea8f02c261aee9425cde892d2bf18,44100,1,18.639773243,http://creativecommons.org/licenses/by/3.0/,PER_RECORDING_METADATA,DESED_synth_soundbank.tar.gz; audio/train/soundbank/foreground/Alarm_bell_ringing/264106_13.wav ; official train license TSV,unknown,clsdoa_v1,PRESENT
desed:train:264106_2:clsdoa_v1_srcprep_v1,desed:train:264106,4,clock_alarm,transient,DESED isolated foreground,Alarm_bell_ringing,SEMANTIC_STRONG,264106,train,raw/desed/extracted/audio/train/soundbank/foreground/Alarm_bell_ringing/264106_2.wav,e3014586a91b79939f68ed74c7c61576fd378f662654906f802060ac18dc7a2f,44100,1,0.112040816,http://creativecommons.org/licenses/by/3.0/,PER_RECORDING_METADATA,DESED_synth_soundbank.tar.gz; audio/train/soundbank/foreground/Alarm_bell_ringing/264106_2.wav ; official train license TSV,unknown,clsdoa_v1,PRESENT
desed:train:264106_3:clsdoa_v1_srcprep_v1,desed:train:264106,4,clock_alarm,transient,DESED isolated foreground,Alarm_bell_ringing,SEMANTIC_STRONG,264106,train,raw/desed/extracted/audio/train/soundbank/foreground/Alarm_bell_ringing/264106_3.wav,4048080c12fccf003901572044e0d71daea4b19f45d53e208d627acaace0f36a,44100,1,0.103718821,http://creativecommons.org/licenses/by/3.0/,PER_RECORDING_METADATA,DESED_synth_soundbank.tar.gz; audio/train/soundbank/foreground/Alarm_bell_ringing/264106_3.wav ; official train license TSV,unknown,clsdoa_v1,PRESENT
desed:train:264106_4:clsdoa_v1_srcprep_v1,desed:train:264106,4,clock_alarm,transient,DESED isolated foreground,Alarm_bell_ringing,SEMANTIC_STRONG,264106,train,raw/desed/extracted/audio/train/soundbank/foreground/Alarm_bell_ringing/264106_4.wav,3c39b5e5c8e894305a3d2458fbb65ba4a446ec578d00dd9899bc954bb801abee,44100,1,0.094308390,http://creativecommons.org/licenses/by/3.0/,PER_RECORDING_METADATA,DESED_synth_soundbank.tar.gz; audio/train/soundbank/foreground/Alarm_bell_ringing/264106_4.wav ; official train license TSV,unknown,clsdoa_v1,PRESENT
desed:train:264106_5:clsdoa_v1_srcprep_v1,desed:train:264106,4,clock_alarm,transient,DESED isolated foreground,Alarm_bell_ringing,SEMANTIC_STRONG,264106,train,raw/desed/extracted/audio/train/soundbank/foreground/Alarm_bell_ringing/264106_5.wav,46415fd7e4773bb0d52a7540a9911c1f1cf6a3b66c7f1908e6881046ad27d838,44100,1,0.094761905,http://creativecommons.org/licenses/by/3.0/,PER_RECORDING_METADATA,DESED_synth_soundbank.tar.gz; audio/train/soundbank/foreground/Alarm_bell_ringing/264106_5.wav ; official train license TSV,unknown,clsdoa_v1,PRESENT
desed:train:264106_6:clsdoa_v1_srcprep_v1,desed:train:264106,4,clock_alarm,transient,DESED isolated foreground,Alarm_bell_ringing,SEMANTIC_STRONG,264106,train,raw/desed/extracted/audio/train/soundbank/foreground/Alarm_bell_ringing/264106_6.wav,1b0d3a4debbfd31de34d302a4f8e7b3d6824603f2131b2348d2827fd08587725,44100,1,0.119342404,http://creativecommons.org/licenses/by/3.0/,PER_RECORDING_METADATA,DESED_synth_soundbank.tar.gz; audio/train/soundbank/foreground/Alarm_bell_ringing/264106_6.wav ; official train license TSV,unknown,clsdoa_v1,PRESENT
desed:train:264106_7:clsdoa_v1_srcprep_v1,desed:train:264106,4,clock_alarm,transient,DESED isolated foreground,Alarm_bell_ringing,SEMANTIC_STRONG,264106,train,raw/desed/extracted/audio/train/soundbank/foreground/Alarm_bell_ringing/264106_7.wav,319b8e2509da8b8706627e5ae7ca671cbbc71deb189a34179879fe99e33fee75,44100,1,0.489433107,http://creativecommons.org/licenses/by/3.0/,PER_RECORDING_METADATA,DESED_synth_soundbank.tar.gz; audio/train/soundbank/foreground/Alarm_bell_ringing/264106_7.wav ; official train license TSV,unknown,clsdoa_v1,PRESENT
desed:train:264106_8:clsdoa_v1_srcprep_v1,desed:train:264106,4,clock_alarm,transient,DESED isolated foreground,Alarm_bell_ringing,SEMANTIC_STRONG,264106,train,raw/desed/extracted/audio/train/soundbank/foreground/Alarm_bell_ringing/264106_8.wav,212036cc067fb0bbed133fc24aa1625a7bcd94a59ea0cc88d236b1169f2558ed,44100,1,0.484693878,http://creativecommons.org/licenses/by/3.0/,PER_RECORDING_METADATA,DESED_synth_soundbank.tar.gz; audio/train/soundbank/foreground/Alarm_bell_ringing/264106_8.wav ; official train license TSV,unknown,clsdoa_v1,PRESENT
desed:train:264106_9:clsdoa_v1_srcprep_v1,desed:train:264106,4,clock_alarm,transient,DESED isolated foreground,Alarm_bell_ringing,SEMANTIC_STRONG,264106,train,raw/desed/extracted/audio/train/soundbank/foreground/Alarm_bell_ringing/264106_9.wav,5789beb068b60a512ea8db1107e2eb4a3527a14a45c556662bc00246c45dec28,44100,1,0.485646259,http://creativecommons.org/licenses/by/3.0/,PER_RECORDING_METADATA,DESED_synth_soundbank.tar.gz; audio/train/soundbank/foreground/Alarm_bell_ringing/264106_9.wav ; official train license TSV,unknown,clsdoa_v1,PRESENT
desed:train:268823_0:clsdoa_v1_srcprep_v1,desed:train:268823,4,clock_alarm,transient,DESED isolated foreground,Alarm_bell_ringing,SEMANTIC_STRONG,268823,train,raw/desed/extracted/audio/train/soundbank/foreground/Alarm_bell_ringing/268823_0.wav,313321fb5d23ae9791abf26befc4c1ce490ec834626389e06ebec95683694219,44100,1,0.305555556,http://creativecommons.org/licenses/by/3.0/,PER_RECORDING_METADATA,DESED_synth_soundbank.tar.gz; audio/train/soundbank/foreground/Alarm_bell_ringing/268823_0.wav ; official train license TSV,unknown,clsdoa_v1,PRESENT
desed:train:268823_1:clsdoa_v1_srcprep_v1,desed:train:268823,4,clock_alarm,transient,DESED isolated foreground,Alarm_bell_ringing,SEMANTIC_STRONG,268823,train,raw/desed/extracted/audio/train/soundbank/foreground/Alarm_bell_ringing/268823_1.wav,b8915b16081b80b9932c8477cdaebbec3efeb939b9e43da29a0fb7df658d424e,44100,1,0.311133787,http://creativecommons.org/licenses/by/3.0/,PER_RECORDING_METADATA,DESED_synth_soundbank.tar.gz; audio/train/soundbank/foreground/Alarm_bell_ringing/268823_1.wav ; official train license TSV,unknown,clsdoa_v1,PRESENT
desed:train:268823_10:clsdoa_v1_srcprep_v1,desed:train:268823,4,clock_alarm,transient,DESED isolated foreground,Alarm_bell_ringing,SEMANTIC_STRONG,268823,train,raw/desed/extracted/audio/train/soundbank/foreground/Alarm_bell_ringing/268823_10.wav,155a401b05011546bc19b9f062aca502f5cbdcd0615ad645edfe74f837e7fdeb,44100,1,0.311133787,http://creativecommons.org/licenses/by/3.0/,PER_RECORDING_METADATA,DESED_synth_soundbank.tar.gz; audio/train/soundbank/foreground/Alarm_bell_ringing/268823_10.wav ; official train license TSV,unknown,clsdoa_v1,PRESENT
desed:train:268823_11:clsdoa_v1_srcprep_v1,desed:train:268823,4,clock_alarm,transient,DESED isolated foreground,Alarm_bell_ringing,SEMANTIC_STRONG,268823,train,raw/desed/extracted/audio/train/soundbank/foreground/Alarm_bell_ringing/268823_11.wav,70f81d45745c30ad51bd8358ab24fa1a2edc91671946c4d31cf500d9830aade4,44100,1,0.311133787,http://creativecommons.org/licenses/by/3.0/,PER_RECORDING_METADATA,DESED_synth_soundbank.tar.gz; audio/train/soundbank/foreground/Alarm_bell_ringing/268823_11.wav ; official train license TSV,unknown,clsdoa_v1,PRESENT
desed:train:268823_12:clsdoa_v1_srcprep_v1,desed:train:268823,4,clock_alarm,transient,DESED isolated foreground,Alarm_bell_ringing,SEMANTIC_STRONG,268823,train,raw/desed/extracted/audio/train/soundbank/foreground/Alarm_bell_ringing/268823_12.wav,2888c09d1cfe544419b69a04bfd9f7c5f20224829a2b118e94eec49c17001257,44100,1,0.311133787,http://creativecommons.org/licenses/by/3.0/,PER_RECORDING_METADATA,DESED_synth_soundbank.tar.gz; audio/train/soundbank/foreground/Alarm_bell_ringing/268823_12.wav ; official train license TSV,unknown,clsdoa_v1,PRESENT
desed:train:268823_13:clsdoa_v1_srcprep_v1,desed:train:268823,4,clock_alarm,transient,DESED isolated foreground,Alarm_bell_ringing,SEMANTIC_STRONG,268823,train,raw/desed/extracted/audio/train/soundbank/foreground/Alarm_bell_ringing/268823_13.wav,22000d5c16c6d85b96cfd85e33ae28758443a2b88815eed29222ef392526799b,44100,1,0.311133787,http://creativecommons.org/licenses/by/3.0/,PER_RECORDING_METADATA,DESED_synth_soundbank.tar.gz; audio/train/soundbank/foreground/Alarm_bell_ringing/268823_13.wav ; official train license TSV,unknown,clsdoa_v1,PRESENT
desed:train:268823_14:clsdoa_v1_srcprep_v1,desed:train:268823,4,clock_alarm,transient,DESED isolated foreground,Alarm_bell_ringing,SEMANTIC_STRONG,268823,train,raw/desed/extracted/audio/train/soundbank/foreground/Alarm_bell_ringing/268823_14.wav,1931680c7764c3241a826e0fa49dc02013410f8cb874ef3fb747bfcd4e2c5f69,44100,1,0.311133787,http://creativecommons.org/licenses/by/3.0/,PER_RECORDING_METADATA,DESED_synth_soundbank.tar.gz; audio/train/soundbank/foreground/Alarm_bell_ringing/268823_14.wav ; official train license TSV,unknown,clsdoa_v1,PRESENT
desed:train:268823_15:clsdoa_v1_srcprep_v1,desed:train:268823,4,clock_alarm,transient,DESED isolated foreground,Alarm_bell_ringing,SEMANTIC_STRONG,268823,train,raw/desed/extracted/audio/train/soundbank/foreground/Alarm_bell_ringing/268823_15.wav,c47ac082314fa0424493cd298c8bdbdef8699f9fd4c724839bef1f1e48df93c9,44100,1,0.311133787,http://creativecommons.org/licenses/by/3.0/,PER_RECORDING_METADATA,DESED_synth_soundbank.tar.gz; audio/train/soundbank/foreground/Alarm_bell_ringing/268823_15.wav ; official train license TSV,unknown,clsdoa_v1,PRESENT
desed:train:268823_2:clsdoa_v1_srcprep_v1,desed:train:268823,4,clock_alarm,transient,DESED isolated foreground,Alarm_bell_ringing,SEMANTIC_STRONG,268823,train,raw/desed/extracted/audio/train/soundbank/foreground/Alarm_bell_ringing/268823_2.wav,4acef7b309e3f15239d202c11ec1c867206439b0bfe5db1b27553b91ee1ae2a6,44100,1,0.311133787,http://creativecommons.org/licenses/by/3.0/,PER_RECORDING_METADATA,DESED_synth_soundbank.tar.gz; audio/train/soundbank/foreground/Alarm_bell_ringing/268823_2.wav ; official train license TSV,unknown,clsdoa_v1,PRESENT
desed:train:268823_3:clsdoa_v1_srcprep_v1,desed:train:268823,4,clock_alarm,transient,DESED isolated foreground,Alarm_bell_ringing,SEMANTIC_STRONG,268823,train,raw/desed/extracted/audio/train/soundbank/foreground/Alarm_bell_ringing/268823_3.wav,c9541d572da6b2d15731c968b0d067ab4ae42b51bfc381161b1e73e29b365d82,44100,1,0.311133787,http://creativecommons.org/licenses/by/3.0/,PER_RECORDING_METADATA,DESED_synth_soundbank.tar.gz; audio/train/soundbank/foreground/Alarm_bell_ringing/268823_3.wav ; official train license TSV,unknown,clsdoa_v1,PRESENT
desed:train:268823_4:clsdoa_v1_srcprep_v1,desed:train:268823,4,clock_alarm,transient,DESED isolated foreground,Alarm_bell_ringing,SEMANTIC_STRONG,268823,train,raw/desed/extracted/audio/train/soundbank/foreground/Alarm_bell_ringing/268823_4.wav,61becda7ef937bf2f40c911d18df5ecd9e916650ecffb689e7860122df257701,44100,1,0.311133787,http://creativecommons.org/licenses/by/3.0/,PER_RECORDING_METADATA,DESED_synth_soundbank.tar.gz; audio/train/soundbank/foreground/Alarm_bell_ringing/268823_4.wav ; official train license TSV,unknown,clsdoa_v1,PRESENT
desed:train:268823_5:clsdoa_v1_srcprep_v1,desed:train:268823,4,clock_alarm,transient,DESED isolated foreground,Alarm_bell_ringing,SEMANTIC_STRONG,268823,train,raw/desed/extracted/audio/train/soundbank/foreground/Alarm_bell_ringing/268823_5.wav,198a13ac4c0c549045272f35b4fa8bb16c3093c97347e2f91e1729861c596ba9,44100,1,0.311133787,http://creativecommons.org/licenses/by/3.0/,PER_RECORDING_METADATA,DESED_synth_soundbank.tar.gz; audio/train/soundbank/foreground/Alarm_bell_ringing/268823_5.wav ; official train license TSV,unknown,clsdoa_v1,PRESENT
desed:train:268823_6:clsdoa_v1_srcprep_v1,desed:train:268823,4,clock_alarm,transient,DESED isolated foreground,Alarm_bell_ringing,SEMANTIC_STRONG,268823,train,raw/desed/extracted/audio/train/soundbank/foreground/Alarm_bell_ringing/268823_6.wav,3f9d5aa384eee9e06829d83b0ea9d15029829a90eb9497abe9bc2813eb209b41,44100,1,0.311133787,http://creativecommons.org/licenses/by/3.0/,PER_RECORDING_METADATA,DESED_synth_soundbank.tar.gz; audio/train/soundbank/foreground/Alarm_bell_ringing/268823_6.wav ; official train license TSV,unknown,clsdoa_v1,PRESENT
desed:train:268823_7:clsdoa_v1_srcprep_v1,desed:train:268823,4,clock_alarm,transient,DESED isolated foreground,Alarm_bell_ringing,SEMANTIC_STRONG,268823,train,raw/desed/extracted/audio/train/soundbank/foreground/Alarm_bell_ringing/268823_7.wav,7b54a1eac656e2fd8503efb2127049f9d20acee2dd6e5c162825bd4189010970,44100,1,0.311133787,http://creativecommons.org/licenses/by/3.0/,PER_RECORDING_METADATA,DESED_synth_soundbank.tar.gz; audio/train/soundbank/foreground/Alarm_bell_ringing/268823_7.wav ; official train license TSV,unknown,clsdoa_v1,PRESENT
desed:train:268823_8:clsdoa_v1_srcprep_v1,desed:train:268823,4,clock_alarm,transient,DESED isolated foreground,Alarm_bell_ringing,SEMANTIC_STRONG,268823,train,raw/desed/extracted/audio/train/soundbank/foreground/Alarm_bell_ringing/268823_8.wav,1d312407b28e52bdee40031da3edacda8344d110ef0ba740180b81d1f4790a82,44100,1,0.311133787,http://creativecommons.org/licenses/by/3.0/,PER_RECORDING_METADATA,DESED_synth_soundbank.tar.gz; audio/train/soundbank/foreground/Alarm_bell_ringing/268823_8.wav ; official train license TSV,unknown,clsdoa_v1,PRESENT
desed:train:268823_9:clsdoa_v1_srcprep_v1,desed:train:268823,4,clock_alarm,transient,DESED isolated foreground,Alarm_bell_ringing,SEMANTIC_STRONG,268823,train,raw/desed/extracted/audio/train/soundbank/foreground/Alarm_bell_ringing/268823_9.wav,4f72d71ef088bd1481ee59b4c63c9e0cd965d21596a43345273c5e1e4cd5e8ca,44100,1,0.311133787,http://creativecommons.org/licenses/by/3.0/,PER_RECORDING_METADATA,DESED_synth_soundbank.tar.gz; audio/train/soundbank/foreground/Alarm_bell_ringing/268823_9.wav ; official train license TSV,unknown,clsdoa_v1,PRESENT
desed:train:274289:clsdoa_v1_srcprep_v1,desed:train:274289,4,clock_alarm,transient,DESED isolated foreground,Alarm_bell_ringing,SEMANTIC_STRONG,274289,train,raw/desed/extracted/audio/train/soundbank/foreground/Alarm_bell_ringing/274289.wav,b0f61b4256e551be7a14e2d403580aaf31ec18eeb2334ba440ae8044a8bea343,44100,1,4.694920635,http://creativecommons.org/publicdomain/zero/1.0/,PER_RECORDING_METADATA,DESED_synth_soundbank.tar.gz; audio/train/soundbank/foreground/Alarm_bell_ringing/274289.wav ; official train license TSV,unknown,clsdoa_v1,PRESENT
desed:train:275069:clsdoa_v1_srcprep_v1,desed:train:275069,4,clock_alarm,transient,DESED isolated foreground,Alarm_bell_ringing,SEMANTIC_STRONG,275069,train,raw/desed/extracted/audio/train/soundbank/foreground/Alarm_bell_ringing/275069.wav,8c2f0ef96c253e8b5cc8be622b2549ed1d4d2153aa46588d83ecfe7308bfc664,44100,1,2.261700680,http://creativecommons.org/licenses/by/3.0/,PER_RECORDING_METADATA,DESED_synth_soundbank.tar.gz; audio/train/soundbank/foreground/Alarm_bell_ringing/275069.wav ; official train license TSV,unknown,clsdoa_v1,PRESENT
desed:train:275070:clsdoa_v1_srcprep_v1,desed:train:275070,4,clock_alarm,transient,DESED isolated foreground,Alarm_bell_ringing,SEMANTIC_STRONG,275070,train,raw/desed/extracted/audio/train/soundbank/foreground/Alarm_bell_ringing/275070.wav,af5c4ba2e320d40ed6270b4ebfd61b544e0ba22dc61dbcbbb6333c0223ea274c,44100,1,7.825578231,http://creativecommons.org/licenses/by/3.0/,PER_RECORDING_METADATA,DESED_synth_soundbank.tar.gz; audio/train/soundbank/foreground/Alarm_bell_ringing/275070.wav ; official train license TSV,unknown,clsdoa_v1,PRESENT
desed:train:275071:clsdoa_v1_srcprep_v1,desed:train:275071,4,clock_alarm,transient,DESED isolated foreground,Alarm_bell_ringing,SEMANTIC_STRONG,275071,train,raw/desed/extracted/audio/train/soundbank/foreground/Alarm_bell_ringing/275071.wav,9798d0e0f73fd5353566cc6efcb4b3bb6ed435814f72feb983a8aef2445e557d,44100,1,2.237505669,http://creativecommons.org/licenses/by/3.0/,PER_RECORDING_METADATA,DESED_synth_soundbank.tar.gz; audio/train/soundbank/foreground/Alarm_bell_ringing/275071.wav ; official train license TSV,unknown,clsdoa_v1,PRESENT
desed:train:275072:clsdoa_v1_srcprep_v1,desed:train:275072,4,clock_alarm,transient,DESED isolated foreground,Alarm_bell_ringing,SEMANTIC_STRONG,275072,train,raw/desed/extracted/audio/train/soundbank/foreground/Alarm_bell_ringing/275072.wav,7f3fcf5e9649c53692e662ec7cf8772479b62ffc311640bc8edb0f9365ec9dc8,44100,1,2.237641723,http://creativecommons.org/licenses/by/3.0/,PER_RECORDING_METADATA,DESED_synth_soundbank.tar.gz; audio/train/soundbank/foreground/Alarm_bell_ringing/275072.wav ; official train license TSV,unknown,clsdoa_v1,PRESENT
desed:train:275565:clsdoa_v1_srcprep_v1,desed:train:275565,4,clock_alarm,transient,DESED isolated foreground,Alarm_bell_ringing,SEMANTIC_STRONG,275565,train,raw/desed/extracted/audio/train/soundbank/foreground/Alarm_bell_ringing/275565.wav,5b9ce6810fd71119a93cbf55f6a2caa239700c705882dfe76bd801ae1accd093,44100,1,2.246462585,http://creativecommons.org/licenses/by/3.0/,PER_RECORDING_METADATA,DESED_synth_soundbank.tar.gz; audio/train/soundbank/foreground/Alarm_bell_ringing/275565.wav ; official train license TSV,unknown,clsdoa_v1,PRESENT
desed:train:275566:clsdoa_v1_srcprep_v1,desed:train:275566,4,clock_alarm,transient,DESED isolated foreground,Alarm_bell_ringing,SEMANTIC_STRONG,275566,train,raw/desed/extracted/audio/train/soundbank/foreground/Alarm_bell_ringing/275566.wav,f6ec9dfce7f11cd05ed488e54f545155aac408f1300102bbb612e56bfeb2d1ce,44100,1,2.248480726,http://creativecommons.org/licenses/by/3.0/,PER_RECORDING_METADATA,DESED_synth_soundbank.tar.gz; audio/train/soundbank/foreground/Alarm_bell_ringing/275566.wav ; official train license TSV,unknown,clsdoa_v1,PRESENT
desed:train:275629:clsdoa_v1_srcprep_v1,desed:train:275629,4,clock_alarm,transient,DESED isolated foreground,Alarm_bell_ringing,SEMANTIC_STRONG,275629,train,raw/desed/extracted/audio/train/soundbank/foreground/Alarm_bell_ringing/275629.wav,3134eda05c6783d9e234838f3232cc43df6d77e1362af16faf8df0b00606a0a3,44100,1,2.444195011,http://creativecommons.org/publicdomain/zero/1.0/,PER_RECORDING_METADATA,DESED_synth_soundbank.tar.gz; audio/train/soundbank/foreground/Alarm_bell_ringing/275629.wav ; official train license TSV,unknown,clsdoa_v1,PRESENT
desed:train:330400_0:clsdoa_v1_srcprep_v1,desed:train:330400,4,clock_alarm,transient,DESED isolated foreground,Alarm_bell_ringing,SEMANTIC_STRONG,330400,train,raw/desed/extracted/audio/train/soundbank/foreground/Alarm_bell_ringing/330400_0.wav,7ca271e91d25d1a2400897a81332a03b4efb456e43bff82ca3cb51571697643a,44100,1,2.391995465,http://creativecommons.org/publicdomain/zero/1.0/,PER_RECORDING_METADATA,DESED_synth_soundbank.tar.gz; audio/train/soundbank/foreground/Alarm_bell_ringing/330400_0.wav ; official train license TSV,unknown,clsdoa_v1,PRESENT
desed:train:330400_1:clsdoa_v1_srcprep_v1,desed:train:330400,4,clock_alarm,transient,DESED isolated foreground,Alarm_bell_ringing,SEMANTIC_STRONG,330400,train,raw/desed/extracted/audio/train/soundbank/foreground/Alarm_bell_ringing/330400_1.wav,bad6edb38e5cf327e7a4e057466e276bba4a69a2464eb4748c59e17d7b1c1c79,44100,1,6.356258503,http://creativecommons.org/publicdomain/zero/1.0/,PER_RECORDING_METADATA,DESED_synth_soundbank.tar.gz; audio/train/soundbank/foreground/Alarm_bell_ringing/330400_1.wav ; official train license TSV,unknown,clsdoa_v1,PRESENT
desed:train:330400_2:clsdoa_v1_srcprep_v1,desed:train:330400,4,clock_alarm,transient,DESED isolated foreground,Alarm_bell_ringing,SEMANTIC_STRONG,330400,train,raw/desed/extracted/audio/train/soundbank/foreground/Alarm_bell_ringing/330400_2.wav,935cddf39592f3048e39490b49378daac296c1ec8969f8e8434a2cdbd9b20dbd,44100,1,9.045124717,http://creativecommons.org/publicdomain/zero/1.0/,PER_RECORDING_METADATA,DESED_synth_soundbank.tar.gz; audio/train/soundbank/foreground/Alarm_bell_ringing/330400_2.wav ; official train license TSV,unknown,clsdoa_v1,PRESENT
desed:train:345805:clsdoa_v1_srcprep_v1,desed:train:345805,4,clock_alarm,transient,DESED isolated foreground,Alarm_bell_ringing,SEMANTIC_STRONG,345805,train,raw/desed/extracted/audio/train/soundbank/foreground/Alarm_bell_ringing/345805.wav,b8c5accb03c671b8b591a6e999a0f0448018ff0352c806ca581289141f91a005,44100,1,3.477120181,http://creativecommons.org/publicdomain/zero/1.0/,PER_RECORDING_METADATA,DESED_synth_soundbank.tar.gz; audio/train/soundbank/foreground/Alarm_bell_ringing/345805.wav ; official train license TSV,unknown,clsdoa_v1,PRESENT
desed:train:34853_0:clsdoa_v1_srcprep_v1,desed:train:34853,4,clock_alarm,transient,DESED isolated foreground,Alarm_bell_ringing,SEMANTIC_STRONG,34853,train,raw/desed/extracted/audio/train/soundbank/foreground/Alarm_bell_ringing/34853_0.wav,b865d3008caa03967b8f904ebd3bc3477c903f9d833213bb5972c319fc4e19f4,44100,1,0.320136054,http://creativecommons.org/licenses/sampling+/1.0/,PER_RECORDING_METADATA,DESED_synth_soundbank.tar.gz; audio/train/soundbank/foreground/Alarm_bell_ringing/34853_0.wav ; official train license TSV,unknown,clsdoa_v1,PRESENT
desed:train:34853_1:clsdoa_v1_srcprep_v1,desed:train:34853,4,clock_alarm,transient,DESED isolated foreground,Alarm_bell_ringing,SEMANTIC_STRONG,34853,train,raw/desed/extracted/audio/train/soundbank/foreground/Alarm_bell_ringing/34853_1.wav,bfa154e795fe48850b69122a2d6aac97e3a5176186cd79c2ea0b26794f4e9be8,44100,1,0.320294785,http://creativecommons.org/licenses/sampling+/1.0/,PER_RECORDING_METADATA,DESED_synth_soundbank.tar.gz; audio/train/soundbank/foreground/Alarm_bell_ringing/34853_1.wav ; official train license TSV,unknown,clsdoa_v1,PRESENT
desed:train:34853_2:clsdoa_v1_srcprep_v1,desed:train:34853,4,clock_alarm,transient,DESED isolated foreground,Alarm_bell_ringing,SEMANTIC_STRONG,34853,train,raw/desed/extracted/audio/train/soundbank/foreground/Alarm_bell_ringing/34853_2.wav,044b6f06b89383a3b432151cff37b460d1ab596628fa286e9e4b2cea856eb7b0,44100,1,0.352857143,http://creativecommons.org/licenses/sampling+/1.0/,PER_RECORDING_METADATA,DESED_synth_soundbank.tar.gz; audio/train/soundbank/foreground/Alarm_bell_ringing/34853_2.wav ; official train license TSV,unknown,clsdoa_v1,PRESENT
desed:train:34853_3:clsdoa_v1_srcprep_v1,desed:train:34853,4,clock_alarm,transient,DESED isolated foreground,Alarm_bell_ringing,SEMANTIC_STRONG,34853,train,raw/desed/extracted/audio/train/soundbank/foreground/Alarm_bell_ringing/34853_3.wav,7010b150c56e8fc37c3302f42670cda46f8b9222f1ad1aaf497664392290a75f,44100,1,0.320612245,http://creativecommons.org/licenses/sampling+/1.0/,PER_RECORDING_METADATA,DESED_synth_soundbank.tar.gz; audio/train/soundbank/foreground/Alarm_bell_ringing/34853_3.wav ; official train license TSV,unknown,clsdoa_v1,PRESENT
desed:train:34853_4:clsdoa_v1_srcprep_v1,desed:train:34853,4,clock_alarm,transient,DESED isolated foreground,Alarm_bell_ringing,SEMANTIC_STRONG,34853,train,raw/desed/extracted/audio/train/soundbank/foreground/Alarm_bell_ringing/34853_4.wav,bb2f50f9bced232e2aa958d886567b436d592addfc3268b3b1b53c9c3cbe4fb3,44100,1,0.328412698,http://creativecommons.org/licenses/sampling+/1.0/,PER_RECORDING_METADATA,DESED_synth_soundbank.tar.gz; audio/train/soundbank/foreground/Alarm_bell_ringing/34853_4.wav ; official train license TSV,unknown,clsdoa_v1,PRESENT
desed:train:34853_5:clsdoa_v1_srcprep_v1,desed:train:34853,4,clock_alarm,transient,DESED isolated foreground,Alarm_bell_ringing,SEMANTIC_STRONG,34853,train,raw/desed/extracted/audio/train/soundbank/foreground/Alarm_bell_ringing/34853_5.wav,bab1f1617897d62bc0fc7285b6606a2b4705ede4ee2662c682fa7425a4e3a74f,44100,1,0.312811791,http://creativecommons.org/licenses/sampling+/1.0/,PER_RECORDING_METADATA,DESED_synth_soundbank.tar.gz; audio/train/soundbank/foreground/Alarm_bell_ringing/34853_5.wav ; official train license TSV,unknown,clsdoa_v1,PRESENT
desed:train:34853_6:clsdoa_v1_srcprep_v1,desed:train:34853,4,clock_alarm,transient,DESED isolated foreground,Alarm_bell_ringing,SEMANTIC_STRONG,34853,train,raw/desed/extracted/audio/train/soundbank/foreground/Alarm_bell_ringing/34853_6.wav,2c424415d1942ee12e5655c38e0066d7b30d431b7563472761f174771336d2b8,44100,1,0.319727891,http://creativecommons.org/licenses/sampling+/1.0/,PER_RECORDING_METADATA,DESED_synth_soundbank.tar.gz; audio/train/soundbank/foreground/Alarm_bell_ringing/34853_6.wav ; official train license TSV,unknown,clsdoa_v1,PRESENT
desed:train:34853_7:clsdoa_v1_srcprep_v1,desed:train:34853,4,clock_alarm,transient,DESED isolated foreground,Alarm_bell_ringing,SEMANTIC_STRONG,34853,train,raw/desed/extracted/audio/train/soundbank/foreground/Alarm_bell_ringing/34853_7.wav,3787c6c4e66e8b0048367050c9e864d6ad313bc8a1c1ae827176a36d36669f41,44100,1,0.316371882,http://creativecommons.org/licenses/sampling+/1.0/,PER_RECORDING_METADATA,DESED_synth_soundbank.tar.gz; audio/train/soundbank/foreground/Alarm_bell_ringing/34853_7.wav ; official train license TSV,unknown,clsdoa_v1,PRESENT
desed:train:370919:clsdoa_v1_srcprep_v1,desed:train:370919,4,clock_alarm,transient,DESED isolated foreground,Alarm_bell_ringing,SEMANTIC_STRONG,370919,train,raw/desed/extracted/audio/train/soundbank/foreground/Alarm_bell_ringing/370919.wav,084220bd8578f5a030f9ebfeb17bc46fdc4829e735c0c4591e75b4ac649ca594,44100,1,4.189750567,http://creativecommons.org/licenses/by/3.0/,PER_RECORDING_METADATA,DESED_synth_soundbank.tar.gz; audio/train/soundbank/foreground/Alarm_bell_ringing/370919.wav ; official train license TSV,unknown,clsdoa_v1,PRESENT
desed:train:382236_0:clsdoa_v1_srcprep_v1,desed:train:382236,4,clock_alarm,transient,DESED isolated foreground,Alarm_bell_ringing,SEMANTIC_STRONG,382236,train,raw/desed/extracted/audio/train/soundbank/foreground/Alarm_bell_ringing/382236_0.wav,f72a84167dc7a3b21f73bc9efd57f3f445285e83b5b34cd7fc41275ed5060ffe,44100,1,0.317460317,http://creativecommons.org/licenses/by/3.0/,PER_RECORDING_METADATA,DESED_synth_soundbank.tar.gz; audio/train/soundbank/foreground/Alarm_bell_ringing/382236_0.wav ; official train license TSV,unknown,clsdoa_v1,PRESENT
desed:train:382236_1:clsdoa_v1_srcprep_v1,desed:train:382236,4,clock_alarm,transient,DESED isolated foreground,Alarm_bell_ringing,SEMANTIC_STRONG,382236,train,raw/desed/extracted/audio/train/soundbank/foreground/Alarm_bell_ringing/382236_1.wav,ee047905e79db76ec0ed3db941bc92a2c04f7fa94f36ba3a433e67c43523a71b,44100,1,0.316848073,http://creativecommons.org/licenses/by/3.0/,PER_RECORDING_METADATA,DESED_synth_soundbank.tar.gz; audio/train/soundbank/foreground/Alarm_bell_ringing/382236_1.wav ; official train license TSV,unknown,clsdoa_v1,PRESENT
desed:train:382236_2:clsdoa_v1_srcprep_v1,desed:train:382236,4,clock_alarm,transient,DESED isolated foreground,Alarm_bell_ringing,SEMANTIC_STRONG,382236,train,raw/desed/extracted/audio/train/soundbank/foreground/Alarm_bell_ringing/382236_2.wav,9fabdd4764d4af157b675cfd9cde515e2f9a4fc92e1d66279f8d1b28d181065e,44100,1,0.317188209,http://creativecommons.org/licenses/by/3.0/,PER_RECORDING_METADATA,DESED_synth_soundbank.tar.gz; audio/train/soundbank/foreground/Alarm_bell_ringing/382236_2.wav ; official train license TSV,unknown,clsdoa_v1,PRESENT
desed:train:382236_3:clsdoa_v1_srcprep_v1,desed:train:382236,4,clock_alarm,transient,DESED isolated foreground,Alarm_bell_ringing,SEMANTIC_STRONG,382236,train,raw/desed/extracted/audio/train/soundbank/foreground/Alarm_bell_ringing/382236_3.wav,e9fb2edf36c74b3bd8525c232f96171c598152ef240eb6136c37e21dca2738d4,44100,1,0.317369615,http://creativecommons.org/licenses/by/3.0/,PER_RECORDING_METADATA,DESED_synth_soundbank.tar.gz; audio/train/soundbank/foreground/Alarm_bell_ringing/382236_3.wav ; official train license TSV,unknown,clsdoa_v1,PRESENT
desed:train:382236_4:clsdoa_v1_srcprep_v1,desed:train:382236,4,clock_alarm,transient,DESED isolated foreground,Alarm_bell_ringing,SEMANTIC_STRONG,382236,train,raw/desed/extracted/audio/train/soundbank/foreground/Alarm_bell_ringing/382236_4.wav,03c25915f1ee7224322c82673c284379a468aa43cdaef5a8e1de7c9dfc251518,44100,1,0.317641723,http://creativecommons.org/licenses/by/3.0/,PER_RECORDING_METADATA,DESED_synth_soundbank.tar.gz; audio/train/soundbank/foreground/Alarm_bell_ringing/382236_4.wav ; official train license TSV,unknown,clsdoa_v1,PRESENT
desed:train:382236_5:clsdoa_v1_srcprep_v1,desed:train:382236,4,clock_alarm,transient,DESED isolated foreground,Alarm_bell_ringing,SEMANTIC_STRONG,382236,train,raw/desed/extracted/audio/train/soundbank/foreground/Alarm_bell_ringing/382236_5.wav,a00f28b7e11f5af46142ccb75902d16dbfa0de3ba9a07f05cdf3ec05d824e80c,44100,1,0.317619048,http://creativecommons.org/licenses/by/3.0/,PER_RECORDING_METADATA,DESED_synth_soundbank.tar.gz; audio/train/soundbank/foreground/Alarm_bell_ringing/382236_5.wav ; official train license TSV,unknown,clsdoa_v1,PRESENT
desed:train:382236_6:clsdoa_v1_srcprep_v1,desed:train:382236,4,clock_alarm,transient,DESED isolated foreground,Alarm_bell_ringing,SEMANTIC_STRONG,382236,train,raw/desed/extracted/audio/train/soundbank/foreground/Alarm_bell_ringing/382236_6.wav,eaf6d8c7c1630920e12d2b0f1935cc6f9eb767754fe3093263c409ae3130af00,44100,1,0.317936508,http://creativecommons.org/licenses/by/3.0/,PER_RECORDING_METADATA,DESED_synth_soundbank.tar.gz; audio/train/soundbank/foreground/Alarm_bell_ringing/382236_6.wav ; official train license TSV,unknown,clsdoa_v1,PRESENT
desed:train:382236_7:clsdoa_v1_srcprep_v1,desed:train:382236,4,clock_alarm,transient,DESED isolated foreground,Alarm_bell_ringing,SEMANTIC_STRONG,382236,train,raw/desed/extracted/audio/train/soundbank/foreground/Alarm_bell_ringing/382236_7.wav,8071cb1b95f4bff346c0bb2e97d4fbcd9b0d3f040e2c56a711afe93b01c8a2f1,44100,1,0.316349206,http://creativecommons.org/licenses/by/3.0/,PER_RECORDING_METADATA,DESED_synth_soundbank.tar.gz; audio/train/soundbank/foreground/Alarm_bell_ringing/382236_7.wav ; official train license TSV,unknown,clsdoa_v1,PRESENT
desed:train:382236_8:clsdoa_v1_srcprep_v1,desed:train:382236,4,clock_alarm,transient,DESED isolated foreground,Alarm_bell_ringing,SEMANTIC_STRONG,382236,train,raw/desed/extracted/audio/train/soundbank/foreground/Alarm_bell_ringing/382236_8.wav,7ece994a89facceb66646d2e69b6323f9600876ed6d3195d34b0cc54fff9eb53,44100,1,0.317278912,http://creativecommons.org/licenses/by/3.0/,PER_RECORDING_METADATA,DESED_synth_soundbank.tar.gz; audio/train/soundbank/foreground/Alarm_bell_ringing/382236_8.wav ; official train license TSV,unknown,clsdoa_v1,PRESENT
desed:train:382236_9:clsdoa_v1_srcprep_v1,desed:train:382236,4,clock_alarm,transient,DESED isolated foreground,Alarm_bell_ringing,SEMANTIC_STRONG,382236,train,raw/desed/extracted/audio/train/soundbank/foreground/Alarm_bell_ringing/382236_9.wav,d02f950af97625f22440c1a1e8d70a66e7e2411ab22f353c4e5b7427d4e7eab7,44100,1,0.317868481,http://creativecommons.org/licenses/by/3.0/,PER_RECORDING_METADATA,DESED_synth_soundbank.tar.gz; audio/train/soundbank/foreground/Alarm_bell_ringing/382236_9.wav ; official train license TSV,unknown,clsdoa_v1,PRESENT
desed:train:38229_0:clsdoa_v1_srcprep_v1,desed:train:38229,4,clock_alarm,transient,DESED isolated foreground,Alarm_bell_ringing,SEMANTIC_STRONG,38229,train,raw/desed/extracted/audio/train/soundbank/foreground/Alarm_bell_ringing/38229_0.wav,c8b75c1dd1dc03af8e0b9670608e715388397d8e48f4b7c80786194a26b9227d,44100,1,2.438344671,http://creativecommons.org/publicdomain/zero/1.0/,PER_RECORDING_METADATA,DESED_synth_soundbank.tar.gz; audio/train/soundbank/foreground/Alarm_bell_ringing/38229_0.wav ; official train license TSV,unknown,clsdoa_v1,PRESENT
desed:train:38229_1:clsdoa_v1_srcprep_v1,desed:train:38229,4,clock_alarm,transient,DESED isolated foreground,Alarm_bell_ringing,SEMANTIC_STRONG,38229,train,raw/desed/extracted/audio/train/soundbank/foreground/Alarm_bell_ringing/38229_1.wav,f0c116506edf23bf717e72a435fc041847a33176572d4c273049ccd99e313ec3,44100,1,1.736145125,http://creativecommons.org/publicdomain/zero/1.0/,PER_RECORDING_METADATA,DESED_synth_soundbank.tar.gz; audio/train/soundbank/foreground/Alarm_bell_ringing/38229_1.wav ; official train license TSV,unknown,clsdoa_v1,PRESENT
desed:train:400695:clsdoa_v1_srcprep_v1,desed:train:400695,4,clock_alarm,transient,DESED isolated foreground,Alarm_bell_ringing,SEMANTIC_STRONG,400695,train,raw/desed/extracted/audio/train/soundbank/foreground/Alarm_bell_ringing/400695.wav,21bea9cc9ff63dbbd76c8e77af2fc8c7340eff5766378a3e77edf48be49aaf49,44100,1,1.763650794,http://creativecommons.org/publicdomain/zero/1.0/,PER_RECORDING_METADATA,DESED_synth_soundbank.tar.gz; audio/train/soundbank/foreground/Alarm_bell_ringing/400695.wav ; official train license TSV,unknown,clsdoa_v1,PRESENT
desed:train:411517_0:clsdoa_v1_srcprep_v1,desed:train:411517,4,clock_alarm,transient,DESED isolated foreground,Alarm_bell_ringing,SEMANTIC_STRONG,411517,train,raw/desed/extracted/audio/train/soundbank/foreground/Alarm_bell_ringing/411517_0.wav,74935f8d2ba67fd88144859aa2ec643362e42d0f761d60eda1711cfc03326266,44100,1,1.449160998,http://creativecommons.org/licenses/by/3.0/,PER_RECORDING_METADATA,DESED_synth_soundbank.tar.gz; audio/train/soundbank/foreground/Alarm_bell_ringing/411517_0.wav ; official train license TSV,unknown,clsdoa_v1,PRESENT
desed:train:411517_1:clsdoa_v1_srcprep_v1,desed:train:411517,4,clock_alarm,transient,DESED isolated foreground,Alarm_bell_ringing,SEMANTIC_STRONG,411517,train,raw/desed/extracted/audio/train/soundbank/foreground/Alarm_bell_ringing/411517_1.wav,ffb90bcedec98aed7583a77e24732a90e81d90073d55ede55822125af2924145,44100,1,1.545714286,http://creativecommons.org/licenses/by/3.0/,PER_RECORDING_METADATA,DESED_synth_soundbank.tar.gz; audio/train/soundbank/foreground/Alarm_bell_ringing/411517_1.wav ; official train license TSV,unknown,clsdoa_v1,PRESENT
desed:train:41629:clsdoa_v1_srcprep_v1,desed:train:41629,4,clock_alarm,transient,DESED isolated foreground,Alarm_bell_ringing,SEMANTIC_STRONG,41629,train,raw/desed/extracted/audio/train/soundbank/foreground/Alarm_bell_ringing/41629.wav,58e96ac2fce0a26ca284bafb9cb219467fc97d8cbbb612efb97e7c83b01fc6c7,44100,1,3.209002268,http://creativecommons.org/licenses/by/3.0/,PER_RECORDING_METADATA,DESED_synth_soundbank.tar.gz; audio/train/soundbank/foreground/Alarm_bell_ringing/41629.wav ; official train license TSV,unknown,clsdoa_v1,PRESENT
desed:train:418898_0:clsdoa_v1_srcprep_v1,desed:train:418898,4,clock_alarm,transient,DESED isolated foreground,Alarm_bell_ringing,SEMANTIC_STRONG,418898,train,raw/desed/extracted/audio/train/soundbank/foreground/Alarm_bell_ringing/418898_0.wav,aa831035af3b0cd4eb4a729149c4363844a7bc78a4ff506807e998dc9a4b0676,44100,1,0.310181406,http://creativecommons.org/publicdomain/zero/1.0/,PER_RECORDING_METADATA,DESED_synth_soundbank.tar.gz; audio/train/soundbank/foreground/Alarm_bell_ringing/418898_0.wav ; official train license TSV,unknown,clsdoa_v1,PRESENT
desed:train:418898_1:clsdoa_v1_srcprep_v1,desed:train:418898,4,clock_alarm,transient,DESED isolated foreground,Alarm_bell_ringing,SEMANTIC_STRONG,418898,train,raw/desed/extracted/audio/train/soundbank/foreground/Alarm_bell_ringing/418898_1.wav,a8946f3c3bbb08109dcc4c61ba5bbb17992ac79f53e61eca39d5642852998ee3,44100,1,0.314807256,http://creativecommons.org/publicdomain/zero/1.0/,PER_RECORDING_METADATA,DESED_synth_soundbank.tar.gz; audio/train/soundbank/foreground/Alarm_bell_ringing/418898_1.wav ; official train license TSV,unknown,clsdoa_v1,PRESENT
desed:train:418898_2:clsdoa_v1_srcprep_v1,desed:train:418898,4,clock_alarm,transient,DESED isolated foreground,Alarm_bell_ringing,SEMANTIC_STRONG,418898,train,raw/desed/extracted/audio/train/soundbank/foreground/Alarm_bell_ringing/418898_2.wav,934d5d2825e7679fd601340a72fd2d0cafe6e4479b7d821652541d82739b7e3b,44100,1,0.314603175,http://creativecommons.org/publicdomain/zero/1.0/,PER_RECORDING_METADATA,DESED_synth_soundbank.tar.gz; audio/train/soundbank/foreground/Alarm_bell_ringing/418898_2.wav ; official train license TSV,unknown,clsdoa_v1,PRESENT
desed:train:418898_3:clsdoa_v1_srcprep_v1,desed:train:418898,4,clock_alarm,transient,DESED isolated foreground,Alarm_bell_ringing,SEMANTIC_STRONG,418898,train,raw/desed/extracted/audio/train/soundbank/foreground/Alarm_bell_ringing/418898_3.wav,ede6dc6b25fa098121b598ac1b48d426e75d7f92c5ae3d66da8ba99cc870d044,44100,1,0.314376417,http://creativecommons.org/publicdomain/zero/1.0/,PER_RECORDING_METADATA,DESED_synth_soundbank.tar.gz; audio/train/soundbank/foreground/Alarm_bell_ringing/418898_3.wav ; official train license TSV,unknown,clsdoa_v1,PRESENT
desed:train:418898_4:clsdoa_v1_srcprep_v1,desed:train:418898,4,clock_alarm,transient,DESED isolated foreground,Alarm_bell_ringing,SEMANTIC_STRONG,418898,train,raw/desed/extracted/audio/train/soundbank/foreground/Alarm_bell_ringing/418898_4.wav,e3e31aaa72c40638a441278c147b040c0792cce193abb5f0acd06c1810bc8434,44100,1,0.315895692,http://creativecommons.org/publicdomain/zero/1.0/,PER_RECORDING_METADATA,DESED_synth_soundbank.tar.gz; audio/train/soundbank/foreground/Alarm_bell_ringing/418898_4.wav ; official train license TSV,unknown,clsdoa_v1,PRESENT
desed:train:418898_5:clsdoa_v1_srcprep_v1,desed:train:418898,4,clock_alarm,transient,DESED isolated foreground,Alarm_bell_ringing,SEMANTIC_STRONG,418898,train,raw/desed/extracted/audio/train/soundbank/foreground/Alarm_bell_ringing/418898_5.wav,630dc66f5879abea8d5f97b91412675197533510c2e0c696bede0cce14feded8,44100,1,0.316009070,http://creativecommons.org/publicdomain/zero/1.0/,PER_RECORDING_METADATA,DESED_synth_soundbank.tar.gz; audio/train/soundbank/foreground/Alarm_bell_ringing/418898_5.wav ; official train license TSV,unknown,clsdoa_v1,PRESENT
desed:train:418898_6:clsdoa_v1_srcprep_v1,desed:train:418898,4,clock_alarm,transient,DESED isolated foreground,Alarm_bell_ringing,SEMANTIC_STRONG,418898,train,raw/desed/extracted/audio/train/soundbank/foreground/Alarm_bell_ringing/418898_6.wav,03ca7e853749dfff68f77293c40d0428a4e66e75453969a10f800beeea7bf8e5,44100,1,0.316145125,http://creativecommons.org/publicdomain/zero/1.0/,PER_RECORDING_METADATA,DESED_synth_soundbank.tar.gz; audio/train/soundbank/foreground/Alarm_bell_ringing/418898_6.wav ; official train license TSV,unknown,clsdoa_v1,PRESENT
desed:train:424946_0:clsdoa_v1_srcprep_v1,desed:train:424946,4,clock_alarm,transient,DESED isolated foreground,Alarm_bell_ringing,SEMANTIC_STRONG,424946,train,raw/desed/extracted/audio/train/soundbank/foreground/Alarm_bell_ringing/424946_0.wav,cc754470eb83a352380d02c4e47029b6b00af58600ff7b39de79b5cf705f11d9,44100,1,4.099750567,http://creativecommons.org/publicdomain/zero/1.0/,PER_RECORDING_METADATA,DESED_synth_soundbank.tar.gz; audio/train/soundbank/foreground/Alarm_bell_ringing/424946_0.wav ; official train license TSV,unknown,clsdoa_v1,PRESENT
desed:train:424946_1:clsdoa_v1_srcprep_v1,desed:train:424946,4,clock_alarm,transient,DESED isolated foreground,Alarm_bell_ringing,SEMANTIC_STRONG,424946,train,raw/desed/extracted/audio/train/soundbank/foreground/Alarm_bell_ringing/424946_1.wav,0576aaa30af95c25609e60cd13b7e9fbd1513f4f89a868a37af6a120e5d15c71,44100,1,4.189410431,http://creativecommons.org/publicdomain/zero/1.0/,PER_RECORDING_METADATA,DESED_synth_soundbank.tar.gz; audio/train/soundbank/foreground/Alarm_bell_ringing/424946_1.wav ; official train license TSV,unknown,clsdoa_v1,PRESENT
desed:train:424946_2:clsdoa_v1_srcprep_v1,desed:train:424946,4,clock_alarm,transient,DESED isolated foreground,Alarm_bell_ringing,SEMANTIC_STRONG,424946,train,raw/desed/extracted/audio/train/soundbank/foreground/Alarm_bell_ringing/424946_2.wav,9ce1c5d86c0ff29b3018aff78b20253521738b0cd79c36232da3a77ea93d9f45,44100,1,3.859954649,http://creativecommons.org/publicdomain/zero/1.0/,PER_RECORDING_METADATA,DESED_synth_soundbank.tar.gz; audio/train/soundbank/foreground/Alarm_bell_ringing/424946_2.wav ; official train license TSV,unknown,clsdoa_v1,PRESENT
desed:train:424946_3:clsdoa_v1_srcprep_v1,desed:train:424946,4,clock_alarm,transient,DESED isolated foreground,Alarm_bell_ringing,SEMANTIC_STRONG,424946,train,raw/desed/extracted/audio/train/soundbank/foreground/Alarm_bell_ringing/424946_3.wav,589d76f95267f2918934077a8b9eafecfc2c48b4e806e285fc2f3b70e57200d6,44100,1,3.832312925,http://creativecommons.org/publicdomain/zero/1.0/,PER_RECORDING_METADATA,DESED_synth_soundbank.tar.gz; audio/train/soundbank/foreground/Alarm_bell_ringing/424946_3.wav ; official train license TSV,unknown,clsdoa_v1,PRESENT
desed:train:54277_0:clsdoa_v1_srcprep_v1,desed:train:54277,4,clock_alarm,transient,DESED isolated foreground,Alarm_bell_ringing,SEMANTIC_STRONG,54277,train,raw/desed/extracted/audio/train/soundbank/foreground/Alarm_bell_ringing/54277_0.wav,412d0e498d14af2f71da6190b9a18a76b378dcdf1836ae8dedd7e2bde653a76b,44100,1,4.233038549,http://creativecommons.org/publicdomain/zero/1.0/,PER_RECORDING_METADATA,DESED_synth_soundbank.tar.gz; audio/train/soundbank/foreground/Alarm_bell_ringing/54277_0.wav ; official train license TSV,unknown,clsdoa_v1,PRESENT
desed:train:54277_1:clsdoa_v1_srcprep_v1,desed:train:54277,4,clock_alarm,transient,DESED isolated foreground,Alarm_bell_ringing,SEMANTIC_STRONG,54277,train,raw/desed/extracted/audio/train/soundbank/foreground/Alarm_bell_ringing/54277_1.wav,e5fffcb71517a3134d1af2c194a6a20a57c05655a4236a6ac31e932a6f8c05c8,44100,1,4.006190476,http://creativecommons.org/publicdomain/zero/1.0/,PER_RECORDING_METADATA,DESED_synth_soundbank.tar.gz; audio/train/soundbank/foreground/Alarm_bell_ringing/54277_1.wav ; official train license TSV,unknown,clsdoa_v1,PRESENT
desed:train:54277_2:clsdoa_v1_srcprep_v1,desed:train:54277,4,clock_alarm,transient,DESED isolated foreground,Alarm_bell_ringing,SEMANTIC_STRONG,54277,train,raw/desed/extracted/audio/train/soundbank/foreground/Alarm_bell_ringing/54277_2.wav,9fbc219f770760e6a343a8f54996d766f9cd08464ed6d322f2cef1aa1c63ea87,44100,1,4.233129252,http://creativecommons.org/publicdomain/zero/1.0/,PER_RECORDING_METADATA,DESED_synth_soundbank.tar.gz; audio/train/soundbank/foreground/Alarm_bell_ringing/54277_2.wav ; official train license TSV,unknown,clsdoa_v1,PRESENT
desed:train:54277_3:clsdoa_v1_srcprep_v1,desed:train:54277,4,clock_alarm,transient,DESED isolated foreground,Alarm_bell_ringing,SEMANTIC_STRONG,54277,train,raw/desed/extracted/audio/train/soundbank/foreground/Alarm_bell_ringing/54277_3.wav,7ba72377105429983b4e7e0dbb0a2f8a9c53daee83cc8f683125cb8b4c815240,44100,1,3.883968254,http://creativecommons.org/publicdomain/zero/1.0/,PER_RECORDING_METADATA,DESED_synth_soundbank.tar.gz; audio/train/soundbank/foreground/Alarm_bell_ringing/54277_3.wav ; official train license TSV,unknown,clsdoa_v1,PRESENT
desed:train:69185:clsdoa_v1_srcprep_v1,desed:train:69185,4,clock_alarm,transient,DESED isolated foreground,Alarm_bell_ringing,SEMANTIC_STRONG,69185,train,raw/desed/extracted/audio/train/soundbank/foreground/Alarm_bell_ringing/69185.wav,9c98ff1f6cb3475708cd4f38eba79eb51cc064ab8459cd46fdf85c22e4403077,44100,1,2.434036281,http://creativecommons.org/licenses/sampling+/1.0/,PER_RECORDING_METADATA,DESED_synth_soundbank.tar.gz; audio/train/soundbank/foreground/Alarm_bell_ringing/69185.wav ; official train license TSV,unknown,clsdoa_v1,PRESENT
desed:train:69385:clsdoa_v1_srcprep_v1,desed:train:69385,4,clock_alarm,transient,DESED isolated foreground,Alarm_bell_ringing,SEMANTIC_STRONG,69385,train,raw/desed/extracted/audio/train/soundbank/foreground/Alarm_bell_ringing/69385.wav,cdf977e0c5cbaf7b93cd1addf905fa904636614a02d9e239ce2f5161b41671b5,44100,1,8.116825397,http://creativecommons.org/publicdomain/zero/1.0/,PER_RECORDING_METADATA,DESED_synth_soundbank.tar.gz; audio/train/soundbank/foreground/Alarm_bell_ringing/69385.wav ; official train license TSV,unknown,clsdoa_v1,PRESENT
desed:train:70102:clsdoa_v1_srcprep_v1,desed:train:70102,4,clock_alarm,transient,DESED isolated foreground,Alarm_bell_ringing,SEMANTIC_STRONG,70102,train,raw/desed/extracted/audio/train/soundbank/foreground/Alarm_bell_ringing/70102.wav,2b643cb8aa51a26322a2a682adbf9d897b814d9e4138139d48a4a00cbcc8a60d,44100,1,8.673673469,http://creativecommons.org/licenses/by/3.0/,PER_RECORDING_METADATA,DESED_synth_soundbank.tar.gz; audio/train/soundbank/foreground/Alarm_bell_ringing/70102.wav ; official train license TSV,unknown,clsdoa_v1,PRESENT
desed:train:80341:clsdoa_v1_srcprep_v1,desed:train:80341,4,clock_alarm,transient,DESED isolated foreground,Alarm_bell_ringing,SEMANTIC_STRONG,80341,train,raw/desed/extracted/audio/train/soundbank/foreground/Alarm_bell_ringing/80341.wav,ac76986a202e2a7df17507b8b11488a542bf5ed292ca461e88b9988ab19e9c0f,44100,1,6.004013605,http://creativecommons.org/publicdomain/zero/1.0/,PER_RECORDING_METADATA,DESED_synth_soundbank.tar.gz; audio/train/soundbank/foreground/Alarm_bell_ringing/80341.wav ; official train license TSV,unknown,clsdoa_v1,PRESENT
desed:train:81061:clsdoa_v1_srcprep_v1,desed:train:81061,4,clock_alarm,transient,DESED isolated foreground,Alarm_bell_ringing,SEMANTIC_STRONG,81061,train,raw/desed/extracted/audio/train/soundbank/foreground/Alarm_bell_ringing/81061.wav,8b2a67c7a6913136ad5306257704205610aa7493f7c9c37eaf788371ee1eb0a3,44100,1,2.125283447,http://creativecommons.org/licenses/by-nc/3.0/,PER_RECORDING_METADATA,DESED_synth_soundbank.tar.gz; audio/train/soundbank/foreground/Alarm_bell_ringing/81061.wav ; official train license TSV,unknown,clsdoa_v1,PRESENT
desed:train:87151:clsdoa_v1_srcprep_v1,desed:train:87151,4,clock_alarm,transient,DESED isolated foreground,Alarm_bell_ringing,SEMANTIC_STRONG,87151,train,raw/desed/extracted/audio/train/soundbank/foreground/Alarm_bell_ringing/87151.wav,2f675ca93c4c029efc9026a130f32c2a2d6fca665e80a5e982eec9f39081a689,44100,1,2.426643991,http://creativecommons.org/licenses/by/3.0/,PER_RECORDING_METADATA,DESED_synth_soundbank.tar.gz; audio/train/soundbank/foreground/Alarm_bell_ringing/87151.wav ; official train license TSV,unknown,clsdoa_v1,PRESENT
desed:train:88021_0:clsdoa_v1_srcprep_v1,desed:train:88021,4,clock_alarm,transient,DESED isolated foreground,Alarm_bell_ringing,SEMANTIC_STRONG,88021,train,raw/desed/extracted/audio/train/soundbank/foreground/Alarm_bell_ringing/88021_0.wav,c23d8cc12a9b4d276ac7a5a17eed5f6e8656ce631b4fc2cabab92fc286ca7797,44100,1,2.315306122,http://creativecommons.org/licenses/by-nc/3.0/,PER_RECORDING_METADATA,DESED_synth_soundbank.tar.gz; audio/train/soundbank/foreground/Alarm_bell_ringing/88021_0.wav ; official train license TSV,unknown,clsdoa_v1,PRESENT
desed:train:88021_1:clsdoa_v1_srcprep_v1,desed:train:88021,4,clock_alarm,transient,DESED isolated foreground,Alarm_bell_ringing,SEMANTIC_STRONG,88021,train,raw/desed/extracted/audio/train/soundbank/foreground/Alarm_bell_ringing/88021_1.wav,bfe33787db711b93278f43e8b1b1c0835363d202d9d5eb2595051db980941aaf,44100,1,2.327006803,http://creativecommons.org/licenses/by-nc/3.0/,PER_RECORDING_METADATA,DESED_synth_soundbank.tar.gz; audio/train/soundbank/foreground/Alarm_bell_ringing/88021_1.wav ; official train license TSV,unknown,clsdoa_v1,PRESENT
desed:train:88021_2:clsdoa_v1_srcprep_v1,desed:train:88021,4,clock_alarm,transient,DESED isolated foreground,Alarm_bell_ringing,SEMANTIC_STRONG,88021,train,raw/desed/extracted/audio/train/soundbank/foreground/Alarm_bell_ringing/88021_2.wav,3c701262778acfc2ab025d38eecfc119b9d5ebf90ddb17bdae1fb044dfe1a921,44100,1,2.576712018,http://creativecommons.org/licenses/by-nc/3.0/,PER_RECORDING_METADATA,DESED_synth_soundbank.tar.gz; audio/train/soundbank/foreground/Alarm_bell_ringing/88021_2.wav ; official train license TSV,unknown,clsdoa_v1,PRESENT
desed:train:105023_0:clsdoa_v1_srcprep_v1,desed:train:105023,10,dishes,transient,DESED isolated foreground,Dishes,EXACT,105023,train,raw/desed/extracted/audio/train/soundbank/foreground/Dishes/105023_0.wav,6d173548dab7ed2c70ada99f61d650b0cac0867a35ad36ba24e35c1aa572b209,44100,1,0.565034014,http://creativecommons.org/licenses/by-nc/3.0/,PER_RECORDING_METADATA,DESED_synth_soundbank.tar.gz; audio/train/soundbank/foreground/Dishes/105023_0.wav ; official train license TSV,unknown,clsdoa_v1,PRESENT
desed:train:105023_1:clsdoa_v1_srcprep_v1,desed:train:105023,10,dishes,transient,DESED isolated foreground,Dishes,EXACT,105023,train,raw/desed/extracted/audio/train/soundbank/foreground/Dishes/105023_1.wav,babea0a477c16e6288933f468318a83296f6512788253801be9740020e9baf50,44100,1,0.370612245,http://creativecommons.org/licenses/by-nc/3.0/,PER_RECORDING_METADATA,DESED_synth_soundbank.tar.gz; audio/train/soundbank/foreground/Dishes/105023_1.wav ; official train license TSV,unknown,clsdoa_v1,PRESENT
desed:train:105023_2:clsdoa_v1_srcprep_v1,desed:train:105023,10,dishes,transient,DESED isolated foreground,Dishes,EXACT,105023,train,raw/desed/extracted/audio/train/soundbank/foreground/Dishes/105023_2.wav,24b19e80801015e3d18cc27cb0314ae9fcde60f097b3722b6b3eebc5f51117fc,44100,1,0.780385488,http://creativecommons.org/licenses/by-nc/3.0/,PER_RECORDING_METADATA,DESED_synth_soundbank.tar.gz; audio/train/soundbank/foreground/Dishes/105023_2.wav ; official train license TSV,unknown,clsdoa_v1,PRESENT
desed:train:105385:clsdoa_v1_srcprep_v1,desed:train:105385,10,dishes,transient,DESED isolated foreground,Dishes,EXACT,105385,train,raw/desed/extracted/audio/train/soundbank/foreground/Dishes/105385.wav,b898eb6c8af3d649c06ad1ce63babe427ecb759c4155493add257f1b3cebf2fb,44100,1,1.522358277,http://creativecommons.org/licenses/by/3.0/,PER_RECORDING_METADATA,DESED_synth_soundbank.tar.gz; audio/train/soundbank/foreground/Dishes/105385.wav ; official train license TSV,unknown,clsdoa_v1,PRESENT
desed:train:12826:clsdoa_v1_srcprep_v1,desed:train:12826,10,dishes,transient,DESED isolated foreground,Dishes,EXACT,12826,train,raw/desed/extracted/audio/train/soundbank/foreground/Dishes/12826.wav,195f76e7e4b3f41327d8ed11dceb50d724167635efc251ca287f5914969069a3,44100,1,0.280634921,http://creativecommons.org/licenses/by/3.0/,PER_RECORDING_METADATA,DESED_synth_soundbank.tar.gz; audio/train/soundbank/foreground/Dishes/12826.wav ; official train license TSV,unknown,clsdoa_v1,PRESENT
desed:train:128275:clsdoa_v1_srcprep_v1,desed:train:128275,10,dishes,transient,DESED isolated foreground,Dishes,EXACT,128275,train,raw/desed/extracted/audio/train/soundbank/foreground/Dishes/128275.wav,8b7d12d7deb5b076a329dead377555486a029ac9a69e963561ddc3e916c6a673,44100,1,0.161133787,http://creativecommons.org/publicdomain/zero/1.0/,PER_RECORDING_METADATA,DESED_synth_soundbank.tar.gz; audio/train/soundbank/foreground/Dishes/128275.wav ; official train license TSV,unknown,clsdoa_v1,PRESENT
desed:train:12828:clsdoa_v1_srcprep_v1,desed:train:12828,10,dishes,transient,DESED isolated foreground,Dishes,EXACT,12828,train,raw/desed/extracted/audio/train/soundbank/foreground/Dishes/12828.wav,b759027b9b330f03feb30f13523b79c3ebd568a886a75e693ffc0c173ef715b9,44100,1,0.423083900,http://creativecommons.org/licenses/by/3.0/,PER_RECORDING_METADATA,DESED_synth_soundbank.tar.gz; audio/train/soundbank/foreground/Dishes/12828.wav ; official train license TSV,unknown,clsdoa_v1,PRESENT
desed:train:12832:clsdoa_v1_srcprep_v1,desed:train:12832,10,dishes,transient,DESED isolated foreground,Dishes,EXACT,12832,train,raw/desed/extracted/audio/train/soundbank/foreground/Dishes/12832.wav,24217991a01b71470c08f26fda68655383df6ad9c45e8a72a98660d8ccd6f6bc,44100,1,0.327891156,http://creativecommons.org/licenses/by/3.0/,PER_RECORDING_METADATA,DESED_synth_soundbank.tar.gz; audio/train/soundbank/foreground/Dishes/12832.wav ; official train license TSV,unknown,clsdoa_v1,PRESENT
desed:train:12862:clsdoa_v1_srcprep_v1,desed:train:12862,10,dishes,transient,DESED isolated foreground,Dishes,EXACT,12862,train,raw/desed/extracted/audio/train/soundbank/foreground/Dishes/12862.wav,c722ee6858155b71ed210297b67a58ab5905f09db67571b23be999bc654e3425,44100,1,0.578798186,http://creativecommons.org/licenses/by/3.0/,PER_RECORDING_METADATA,DESED_synth_soundbank.tar.gz; audio/train/soundbank/foreground/Dishes/12862.wav ; official train license TSV,unknown,clsdoa_v1,PRESENT
desed:train:12887:clsdoa_v1_srcprep_v1,desed:train:12887,10,dishes,transient,DESED isolated foreground,Dishes,EXACT,12887,train,raw/desed/extracted/audio/train/soundbank/foreground/Dishes/12887.wav,3c03faf45d4053cfe80b3b9918e8f0767f86e5687698142fb37758a9cfc2b564,44100,1,0.286349206,http://creativecommons.org/licenses/by/3.0/,PER_RECORDING_METADATA,DESED_synth_soundbank.tar.gz; audio/train/soundbank/foreground/Dishes/12887.wav ; official train license TSV,unknown,clsdoa_v1,PRESENT
desed:train:138050_0:clsdoa_v1_srcprep_v1,desed:train:138050,10,dishes,transient,DESED isolated foreground,Dishes,EXACT,138050,train,raw/desed/extracted/audio/train/soundbank/foreground/Dishes/138050_0.wav,8802594f61e3939d562e0a54beb3bc862c57e4af89b9f330e3bd643a050e2dd4,44100,1,1.096394558,http://creativecommons.org/publicdomain/zero/1.0/,PER_RECORDING_METADATA,DESED_synth_soundbank.tar.gz; audio/train/soundbank/foreground/Dishes/138050_0.wav ; official train license TSV,unknown,clsdoa_v1,PRESENT
desed:train:138050_1:clsdoa_v1_srcprep_v1,desed:train:138050,10,dishes,transient,DESED isolated foreground,Dishes,EXACT,138050,train,raw/desed/extracted/audio/train/soundbank/foreground/Dishes/138050_1.wav,0cc28912cb9a0ef8e89c9e8032e1c88ca815a28dff931cedc053a2b121393c05,44100,1,1.262154195,http://creativecommons.org/publicdomain/zero/1.0/,PER_RECORDING_METADATA,DESED_synth_soundbank.tar.gz; audio/train/soundbank/foreground/Dishes/138050_1.wav ; official train license TSV,unknown,clsdoa_v1,PRESENT
desed:train:145124_0:clsdoa_v1_srcprep_v1,desed:train:145124,10,dishes,transient,DESED isolated foreground,Dishes,EXACT,145124,train,raw/desed/extracted/audio/train/soundbank/foreground/Dishes/145124_0.wav,c5a0d2b9a7ad79741c190a0360ba446e72f84d17b4ca941f80610b819acc0f14,44100,1,0.876417234,http://creativecommons.org/licenses/by/3.0/,PER_RECORDING_METADATA,DESED_synth_soundbank.tar.gz; audio/train/soundbank/foreground/Dishes/145124_0.wav ; official train license TSV,unknown,clsdoa_v1,PRESENT
desed:train:145124_1:clsdoa_v1_srcprep_v1,desed:train:145124,10,dishes,transient,DESED isolated foreground,Dishes,EXACT,145124,train,raw/desed/extracted/audio/train/soundbank/foreground/Dishes/145124_1.wav,707e0ddf2c9affb57feca0675b26abfa8acff47f4031e8381ad1ef0f803e30cd,44100,1,1.847687075,http://creativecommons.org/licenses/by/3.0/,PER_RECORDING_METADATA,DESED_synth_soundbank.tar.gz; audio/train/soundbank/foreground/Dishes/145124_1.wav ; official train license TSV,unknown,clsdoa_v1,PRESENT
desed:train:145124_2:clsdoa_v1_srcprep_v1,desed:train:145124,10,dishes,transient,DESED isolated foreground,Dishes,EXACT,145124,train,raw/desed/extracted/audio/train/soundbank/foreground/Dishes/145124_2.wav,e2ab024fdfdc4409c2f6af97127efbf46622904c6e36b94c49f469ab879bce4b,44100,1,2.424149660,http://creativecommons.org/licenses/by/3.0/,PER_RECORDING_METADATA,DESED_synth_soundbank.tar.gz; audio/train/soundbank/foreground/Dishes/145124_2.wav ; official train license TSV,unknown,clsdoa_v1,PRESENT
desed:train:16391:clsdoa_v1_srcprep_v1,desed:train:16391,10,dishes,transient,DESED isolated foreground,Dishes,EXACT,16391,train,raw/desed/extracted/audio/train/soundbank/foreground/Dishes/16391.wav,5ffecb99db204ea484f5d31639cdbb11aae316f549893640e23e09d2c70d7929,44100,1,1.400000000,http://creativecommons.org/licenses/sampling+/1.0/,PER_RECORDING_METADATA,DESED_synth_soundbank.tar.gz; audio/train/soundbank/foreground/Dishes/16391.wav ; official train license TSV,unknown,clsdoa_v1,PRESENT
desed:train:179174:clsdoa_v1_srcprep_v1,desed:train:179174,10,dishes,transient,DESED isolated foreground,Dishes,EXACT,179174,train,raw/desed/extracted/audio/train/soundbank/foreground/Dishes/179174.wav,dd5802d9f8a601574e16d37e3ca69694100e4d12dd9716c70394e1081bb8691d,44100,1,0.190000000,http://creativecommons.org/licenses/by/3.0/,PER_RECORDING_METADATA,DESED_synth_soundbank.tar.gz; audio/train/soundbank/foreground/Dishes/179174.wav ; official train license TSV,unknown,clsdoa_v1,PRESENT
desed:train:205016:clsdoa_v1_srcprep_v1,desed:train:205016,10,dishes,transient,DESED isolated foreground,Dishes,EXACT,205016,train,raw/desed/extracted/audio/train/soundbank/foreground/Dishes/205016.wav,41fe53becd8825e7106947b8956ba52a55267740ad9e3831eaf8a2185331ec22,44100,1,0.324648526,http://creativecommons.org/licenses/by/3.0/,PER_RECORDING_METADATA,DESED_synth_soundbank.tar.gz; audio/train/soundbank/foreground/Dishes/205016.wav ; official train license TSV,unknown,clsdoa_v1,PRESENT
desed:train:205040:clsdoa_v1_srcprep_v1,desed:train:205040,10,dishes,transient,DESED isolated foreground,Dishes,EXACT,205040,train,raw/desed/extracted/audio/train/soundbank/foreground/Dishes/205040.wav,65524b3cb6a96a54f2b702286d9e9a1474fb8a9e3d433494d87d67476fade61b,44100,1,0.256507937,http://creativecommons.org/licenses/by/3.0/,PER_RECORDING_METADATA,DESED_synth_soundbank.tar.gz; audio/train/soundbank/foreground/Dishes/205040.wav ; official train license TSV,unknown,clsdoa_v1,PRESENT
desed:train:208905_0:clsdoa_v1_srcprep_v1,desed:train:208905,10,dishes,transient,DESED isolated foreground,Dishes,EXACT,208905,train,raw/desed/extracted/audio/train/soundbank/foreground/Dishes/208905_0.wav,33e82a2db3821834b1fd75a31fffb72513771fad9e2b2434bc229fa154d108c8,44100,1,0.074625850,http://creativecommons.org/licenses/by/3.0/,PER_RECORDING_METADATA,DESED_synth_soundbank.tar.gz; audio/train/soundbank/foreground/Dishes/208905_0.wav ; official train license TSV,unknown,clsdoa_v1,PRESENT
desed:train:208905_1:clsdoa_v1_srcprep_v1,desed:train:208905,10,dishes,transient,DESED isolated foreground,Dishes,EXACT,208905,train,raw/desed/extracted/audio/train/soundbank/foreground/Dishes/208905_1.wav,51a77bfc4ef28195e362f701c3994206bd700d886ac17b426247bae2aee016a2,44100,1,0.065850340,http://creativecommons.org/licenses/by/3.0/,PER_RECORDING_METADATA,DESED_synth_soundbank.tar.gz; audio/train/soundbank/foreground/Dishes/208905_1.wav ; official train license TSV,unknown,clsdoa_v1,PRESENT
desed:train:208919:clsdoa_v1_srcprep_v1,desed:train:208919,10,dishes,transient,DESED isolated foreground,Dishes,EXACT,208919,train,raw/desed/extracted/audio/train/soundbank/foreground/Dishes/208919.wav,7ce7866a3a3896861ca1bb8721919d962053937e5e9313d48ec43fe120198d62,44100,1,0.510861678,http://creativecommons.org/licenses/by/3.0/,PER_RECORDING_METADATA,DESED_synth_soundbank.tar.gz; audio/train/soundbank/foreground/Dishes/208919.wav ; official train license TSV,unknown,clsdoa_v1,PRESENT
desed:train:209002_0:clsdoa_v1_srcprep_v1,desed:train:209002,10,dishes,transient,DESED isolated foreground,Dishes,EXACT,209002,train,raw/desed/extracted/audio/train/soundbank/foreground/Dishes/209002_0.wav,1629124045cd4cc9ef6cf1f72591a72fa545206b694e8c490fa7caacfbc8052d,44100,1,0.916099773,http://creativecommons.org/publicdomain/zero/1.0/,PER_RECORDING_METADATA,DESED_synth_soundbank.tar.gz; audio/train/soundbank/foreground/Dishes/209002_0.wav ; official train license TSV,unknown,clsdoa_v1,PRESENT
desed:train:209002_1:clsdoa_v1_srcprep_v1,desed:train:209002,10,dishes,transient,DESED isolated foreground,Dishes,EXACT,209002,train,raw/desed/extracted/audio/train/soundbank/foreground/Dishes/209002_1.wav,e6ab2350fa2c9fbd5ecab79d1b86d7121578f33bfbfb683d87f1a374f1ce967e,44100,1,1.759478458,http://creativecommons.org/publicdomain/zero/1.0/,PER_RECORDING_METADATA,DESED_synth_soundbank.tar.gz; audio/train/soundbank/foreground/Dishes/209002_1.wav ; official train license TSV,unknown,clsdoa_v1,PRESENT
desed:train:209006_0:clsdoa_v1_srcprep_v1,desed:train:209006,10,dishes,transient,DESED isolated foreground,Dishes,EXACT,209006,train,raw/desed/extracted/audio/train/soundbank/foreground/Dishes/209006_0.wav,e55e5e93a9a9f3969c918b04ea203f686668479d577f0d67163054cbe62d59b4,44100,1,0.150702948,http://creativecommons.org/publicdomain/zero/1.0/,PER_RECORDING_METADATA,DESED_synth_soundbank.tar.gz; audio/train/soundbank/foreground/Dishes/209006_0.wav ; official train license TSV,unknown,clsdoa_v1,PRESENT
desed:train:209006_1:clsdoa_v1_srcprep_v1,desed:train:209006,10,dishes,transient,DESED isolated foreground,Dishes,EXACT,209006,train,raw/desed/extracted/audio/train/soundbank/foreground/Dishes/209006_1.wav,142102c7b1f47f1740d95a8b5386290e3790bd6dfb8b93eb2bd8ebb8e80076fe,44100,1,0.927324263,http://creativecommons.org/publicdomain/zero/1.0/,PER_RECORDING_METADATA,DESED_synth_soundbank.tar.gz; audio/train/soundbank/foreground/Dishes/209006_1.wav ; official train license TSV,unknown,clsdoa_v1,PRESENT
desed:train:214187:clsdoa_v1_srcprep_v1,desed:train:214187,10,dishes,transient,DESED isolated foreground,Dishes,EXACT,214187,train,raw/desed/extracted/audio/train/soundbank/foreground/Dishes/214187.wav,63d8f1a6ac95219cd58be42bcf99b606ab51a704131dce77ae750325177dd925,44100,1,0.243151927,http://creativecommons.org/publicdomain/zero/1.0/,PER_RECORDING_METADATA,DESED_synth_soundbank.tar.gz; audio/train/soundbank/foreground/Dishes/214187.wav ; official train license TSV,unknown,clsdoa_v1,PRESENT
desed:train:214850_0:clsdoa_v1_srcprep_v1,desed:train:214850,10,dishes,transient,DESED isolated foreground,Dishes,EXACT,214850,train,raw/desed/extracted/audio/train/soundbank/foreground/Dishes/214850_0.wav,6b74f904fbb75fc1cd71db11287e246e455447c9e6a4251a83fa8e2ae8d86450,44100,1,0.163015873,http://creativecommons.org/publicdomain/zero/1.0/,PER_RECORDING_METADATA,DESED_synth_soundbank.tar.gz; audio/train/soundbank/foreground/Dishes/214850_0.wav ; official train license TSV,unknown,clsdoa_v1,PRESENT
desed:train:214850_1:clsdoa_v1_srcprep_v1,desed:train:214850,10,dishes,transient,DESED isolated foreground,Dishes,EXACT,214850,train,raw/desed/extracted/audio/train/soundbank/foreground/Dishes/214850_1.wav,362ce37f905c2505104c6c8ffd354b8cf110a2f74d0750c4cf31dda3958a92f4,44100,1,0.230680272,http://creativecommons.org/publicdomain/zero/1.0/,PER_RECORDING_METADATA,DESED_synth_soundbank.tar.gz; audio/train/soundbank/foreground/Dishes/214850_1.wav ; official train license TSV,unknown,clsdoa_v1,PRESENT
desed:train:214850_2:clsdoa_v1_srcprep_v1,desed:train:214850,10,dishes,transient,DESED isolated foreground,Dishes,EXACT,214850,train,raw/desed/extracted/audio/train/soundbank/foreground/Dishes/214850_2.wav,926dc52cc26fb4910490a142557a1a714d4e588ab4f34e8c83c6f88805138a69,44100,1,0.566394558,http://creativecommons.org/publicdomain/zero/1.0/,PER_RECORDING_METADATA,DESED_synth_soundbank.tar.gz; audio/train/soundbank/foreground/Dishes/214850_2.wav ; official train license TSV,unknown,clsdoa_v1,PRESENT
desed:train:214850_3:clsdoa_v1_srcprep_v1,desed:train:214850,10,dishes,transient,DESED isolated foreground,Dishes,EXACT,214850,train,raw/desed/extracted/audio/train/soundbank/foreground/Dishes/214850_3.wav,a7e8ba1b290045d2b8ee684229221e65e63452c565583ffc876a198dac82c91b,44100,1,0.134331066,http://creativecommons.org/publicdomain/zero/1.0/,PER_RECORDING_METADATA,DESED_synth_soundbank.tar.gz; audio/train/soundbank/foreground/Dishes/214850_3.wav ; official train license TSV,unknown,clsdoa_v1,PRESENT
desed:train:214850_4:clsdoa_v1_srcprep_v1,desed:train:214850,10,dishes,transient,DESED isolated foreground,Dishes,EXACT,214850,train,raw/desed/extracted/audio/train/soundbank/foreground/Dishes/214850_4.wav,bb4a2fa500692b7300c0127a07a08d460b5ffd37eefff8d8642d50789bf5273a,44100,1,0.568027211,http://creativecommons.org/publicdomain/zero/1.0/,PER_RECORDING_METADATA,DESED_synth_soundbank.tar.gz; audio/train/soundbank/foreground/Dishes/214850_4.wav ; official train license TSV,unknown,clsdoa_v1,PRESENT
desed:train:219550:clsdoa_v1_srcprep_v1,desed:train:219550,10,dishes,transient,DESED isolated foreground,Dishes,EXACT,219550,train,raw/desed/extracted/audio/train/soundbank/foreground/Dishes/219550.wav,6e0e0c112b4c06fad5b5b399ccd5d2728a342072b90ff693f71a22848b17de32,44100,1,0.424535147,http://creativecommons.org/licenses/by/3.0/,PER_RECORDING_METADATA,DESED_synth_soundbank.tar.gz; audio/train/soundbank/foreground/Dishes/219550.wav ; official train license TSV,unknown,clsdoa_v1,PRESENT
desed:train:221791:clsdoa_v1_srcprep_v1,desed:train:221791,10,dishes,transient,DESED isolated foreground,Dishes,EXACT,221791,train,raw/desed/extracted/audio/train/soundbank/foreground/Dishes/221791.wav,f6b341295248ba73cf77c8b3a83ed681e360a40e7072b91863142bc1bf1d0eb9,44100,1,0.260272109,http://creativecommons.org/licenses/by/3.0/,PER_RECORDING_METADATA,DESED_synth_soundbank.tar.gz; audio/train/soundbank/foreground/Dishes/221791.wav ; official train license TSV,unknown,clsdoa_v1,PRESENT
desed:train:233381:clsdoa_v1_srcprep_v1,desed:train:233381,10,dishes,transient,DESED isolated foreground,Dishes,EXACT,233381,train,raw/desed/extracted/audio/train/soundbank/foreground/Dishes/233381.wav,b24bc78ff4a2af256b4edf2fadb4b491169c3cb45311a300d4b5f0b9761464ee,44100,1,0.491587302,http://creativecommons.org/licenses/by-nc/3.0/,PER_RECORDING_METADATA,DESED_synth_soundbank.tar.gz; audio/train/soundbank/foreground/Dishes/233381.wav ; official train license TSV,unknown,clsdoa_v1,PRESENT
desed:train:234588:clsdoa_v1_srcprep_v1,desed:train:234588,10,dishes,transient,DESED isolated foreground,Dishes,EXACT,234588,train,raw/desed/extracted/audio/train/soundbank/foreground/Dishes/234588.wav,9464d95f84eab819008f525a6cb52f44d8b4b482a8ce8b78db8a50166782efe1,44100,1,0.435963719,http://creativecommons.org/licenses/by/3.0/,PER_RECORDING_METADATA,DESED_synth_soundbank.tar.gz; audio/train/soundbank/foreground/Dishes/234588.wav ; official train license TSV,unknown,clsdoa_v1,PRESENT
desed:train:237383:clsdoa_v1_srcprep_v1,desed:train:237383,10,dishes,transient,DESED isolated foreground,Dishes,EXACT,237383,train,raw/desed/extracted/audio/train/soundbank/foreground/Dishes/237383.wav,87eefa3afcf077b151248f53c44200af316b2317f8f347d9f5a93e3f3a5a9b9b,44100,1,2.733718821,http://creativecommons.org/publicdomain/zero/1.0/,PER_RECORDING_METADATA,DESED_synth_soundbank.tar.gz; audio/train/soundbank/foreground/Dishes/237383.wav ; official train license TSV,unknown,clsdoa_v1,PRESENT
desed:train:240785:clsdoa_v1_srcprep_v1,desed:train:240785,10,dishes,transient,DESED isolated foreground,Dishes,EXACT,240785,train,raw/desed/extracted/audio/train/soundbank/foreground/Dishes/240785.wav,7dc980acab3d45fb96b49ac7646b40fddb719a31f1fa36a3eb27cc8a47aa536c,44100,1,0.071156463,http://creativecommons.org/licenses/by/3.0/,PER_RECORDING_METADATA,DESED_synth_soundbank.tar.gz; audio/train/soundbank/foreground/Dishes/240785.wav ; official train license TSV,unknown,clsdoa_v1,PRESENT
desed:train:263608_0:clsdoa_v1_srcprep_v1,desed:train:263608,10,dishes,transient,DESED isolated foreground,Dishes,EXACT,263608,train,raw/desed/extracted/audio/train/soundbank/foreground/Dishes/263608_0.wav,d7220b1a9497501e14c9262b189b6fc9d28384a2dc1a3469287b0a52b8286c39,44100,1,0.748321995,http://creativecommons.org/licenses/by/3.0/,PER_RECORDING_METADATA,DESED_synth_soundbank.tar.gz; audio/train/soundbank/foreground/Dishes/263608_0.wav ; official train license TSV,unknown,clsdoa_v1,PRESENT
desed:train:263608_1:clsdoa_v1_srcprep_v1,desed:train:263608,10,dishes,transient,DESED isolated foreground,Dishes,EXACT,263608,train,raw/desed/extracted/audio/train/soundbank/foreground/Dishes/263608_1.wav,3d9309d4454daf0725aa9c927ad0d45bc746060ad1d821645971d2abc5c7ac50,44100,1,0.206575964,http://creativecommons.org/licenses/by/3.0/,PER_RECORDING_METADATA,DESED_synth_soundbank.tar.gz; audio/train/soundbank/foreground/Dishes/263608_1.wav ; official train license TSV,unknown,clsdoa_v1,PRESENT
desed:train:263608_2:clsdoa_v1_srcprep_v1,desed:train:263608,10,dishes,transient,DESED isolated foreground,Dishes,EXACT,263608,train,raw/desed/extracted/audio/train/soundbank/foreground/Dishes/263608_2.wav,7651ef54854b9379bcb675dd4e2f8353aa9cb5a0ec7b13f84db0f3e03e1bf277,44100,1,0.459206349,http://creativecommons.org/licenses/by/3.0/,PER_RECORDING_METADATA,DESED_synth_soundbank.tar.gz; audio/train/soundbank/foreground/Dishes/263608_2.wav ; official train license TSV,unknown,clsdoa_v1,PRESENT
desed:train:266949:clsdoa_v1_srcprep_v1,desed:train:266949,10,dishes,transient,DESED isolated foreground,Dishes,EXACT,266949,train,raw/desed/extracted/audio/train/soundbank/foreground/Dishes/266949.wav,19dfc39d880f4ebc63fa1671821188174923ceb8ce925ada6a1a1082f0dd5fae,44100,1,1.418480726,http://creativecommons.org/publicdomain/zero/1.0/,PER_RECORDING_METADATA,DESED_synth_soundbank.tar.gz; audio/train/soundbank/foreground/Dishes/266949.wav ; official train license TSV,unknown,clsdoa_v1,PRESENT
desed:train:266989:clsdoa_v1_srcprep_v1,desed:train:266989,10,dishes,transient,DESED isolated foreground,Dishes,EXACT,266989,train,raw/desed/extracted/audio/train/soundbank/foreground/Dishes/266989.wav,f9e0bd76fab16046264a02d82cf38de1761386b344c58e81549cf2ac044cbad0,44100,1,0.601315193,http://creativecommons.org/licenses/by/3.0/,PER_RECORDING_METADATA,DESED_synth_soundbank.tar.gz; audio/train/soundbank/foreground/Dishes/266989.wav ; official train license TSV,unknown,clsdoa_v1,PRESENT
desed:train:267004:clsdoa_v1_srcprep_v1,desed:train:267004,10,dishes,transient,DESED isolated foreground,Dishes,EXACT,267004,train,raw/desed/extracted/audio/train/soundbank/foreground/Dishes/267004.wav,da92eaf061ad66798fe8a1df1c0eb8f00ce5151d4ef547a783d9e20d1b6f70ad,44100,1,0.491496599,http://creativecommons.org/licenses/by/3.0/,PER_RECORDING_METADATA,DESED_synth_soundbank.tar.gz; audio/train/soundbank/foreground/Dishes/267004.wav ; official train license TSV,unknown,clsdoa_v1,PRESENT
desed:train:267008:clsdoa_v1_srcprep_v1,desed:train:267008,10,dishes,transient,DESED isolated foreground,Dishes,EXACT,267008,train,raw/desed/extracted/audio/train/soundbank/foreground/Dishes/267008.wav,54033c6317fd44d121b2dcc004d4504c37c9c8177e45b2255504f0e4243878f0,44100,1,0.678820862,http://creativecommons.org/licenses/by/3.0/,PER_RECORDING_METADATA,DESED_synth_soundbank.tar.gz; audio/train/soundbank/foreground/Dishes/267008.wav ; official train license TSV,unknown,clsdoa_v1,PRESENT
desed:train:267486:clsdoa_v1_srcprep_v1,desed:train:267486,10,dishes,transient,DESED isolated foreground,Dishes,EXACT,267486,train,raw/desed/extracted/audio/train/soundbank/foreground/Dishes/267486.wav,507798c9100134113db5e34159619bd1a57f8fb49cb6f7974a6c130ffb3d5fde,44100,1,0.462607710,http://creativecommons.org/publicdomain/zero/1.0/,PER_RECORDING_METADATA,DESED_synth_soundbank.tar.gz; audio/train/soundbank/foreground/Dishes/267486.wav ; official train license TSV,unknown,clsdoa_v1,PRESENT
desed:train:29888_0:clsdoa_v1_srcprep_v1,desed:train:29888,10,dishes,transient,DESED isolated foreground,Dishes,EXACT,29888,train,raw/desed/extracted/audio/train/soundbank/foreground/Dishes/29888_0.wav,1ff5a71efd6be37fa14065f8876ca24d6b09ef8afae970cf8f6cef3af12ad735,44100,1,0.893401361,http://creativecommons.org/licenses/by/3.0/,PER_RECORDING_METADATA,DESED_synth_soundbank.tar.gz; audio/train/soundbank/foreground/Dishes/29888_0.wav ; official train license TSV,unknown,clsdoa_v1,PRESENT
desed:train:29888_1:clsdoa_v1_srcprep_v1,desed:train:29888,10,dishes,transient,DESED isolated foreground,Dishes,EXACT,29888,train,raw/desed/extracted/audio/train/soundbank/foreground/Dishes/29888_1.wav,5106498929d378c8457c7b9f85f04f43da8c35c108f53509f16aad0b60ba9532,44100,1,0.689795918,http://creativecommons.org/licenses/by/3.0/,PER_RECORDING_METADATA,DESED_synth_soundbank.tar.gz; audio/train/soundbank/foreground/Dishes/29888_1.wav ; official train license TSV,unknown,clsdoa_v1,PRESENT
desed:train:29888_2:clsdoa_v1_srcprep_v1,desed:train:29888,10,dishes,transient,DESED isolated foreground,Dishes,EXACT,29888,train,raw/desed/extracted/audio/train/soundbank/foreground/Dishes/29888_2.wav,f6026252f7349e485acdfdd4ce289c38ea2e8fdb1eddde762222cab09f22325e,44100,1,0.229274376,http://creativecommons.org/licenses/by/3.0/,PER_RECORDING_METADATA,DESED_synth_soundbank.tar.gz; audio/train/soundbank/foreground/Dishes/29888_2.wav ; official train license TSV,unknown,clsdoa_v1,PRESENT
desed:train:29888_3:clsdoa_v1_srcprep_v1,desed:train:29888,10,dishes,transient,DESED isolated foreground,Dishes,EXACT,29888,train,raw/desed/extracted/audio/train/soundbank/foreground/Dishes/29888_3.wav,f3404fb8a1f400afb42f77c0da9ca0c08bc185c9b37620d88b2388308904b07e,44100,1,0.917981859,http://creativecommons.org/licenses/by/3.0/,PER_RECORDING_METADATA,DESED_synth_soundbank.tar.gz; audio/train/soundbank/foreground/Dishes/29888_3.wav ; official train license TSV,unknown,clsdoa_v1,PRESENT
desed:train:29891:clsdoa_v1_srcprep_v1,desed:train:29891,10,dishes,transient,DESED isolated foreground,Dishes,EXACT,29891,train,raw/desed/extracted/audio/train/soundbank/foreground/Dishes/29891.wav,36d570d4f46909c7075474c92cca5eaa06215fa6fa168444871d8aa35025c24a,44100,1,0.216213152,http://creativecommons.org/licenses/by/3.0/,PER_RECORDING_METADATA,DESED_synth_soundbank.tar.gz; audio/train/soundbank/foreground/Dishes/29891.wav ; official train license TSV,unknown,clsdoa_v1,PRESENT
desed:train:29913_0:clsdoa_v1_srcprep_v1,desed:train:29913,10,dishes,transient,DESED isolated foreground,Dishes,EXACT,29913,train,raw/desed/extracted/audio/train/soundbank/foreground/Dishes/29913_0.wav,60bd244d9e1b87068ee83e980cf4ff3e6d09a3d84a381d5a45a0496a640ef9e8,44100,1,0.294648526,http://creativecommons.org/licenses/by/3.0/,PER_RECORDING_METADATA,DESED_synth_soundbank.tar.gz; audio/train/soundbank/foreground/Dishes/29913_0.wav ; official train license TSV,unknown,clsdoa_v1,PRESENT
desed:train:29913_1:clsdoa_v1_srcprep_v1,desed:train:29913,10,dishes,transient,DESED isolated foreground,Dishes,EXACT,29913,train,raw/desed/extracted/audio/train/soundbank/foreground/Dishes/29913_1.wav,215d8cba653b2fc50e4c33c8cb797e4f074dafbc8e2e0f63ec5e2104a16e1a86,44100,1,0.409455782,http://creativecommons.org/licenses/by/3.0/,PER_RECORDING_METADATA,DESED_synth_soundbank.tar.gz; audio/train/soundbank/foreground/Dishes/29913_1.wav ; official train license TSV,unknown,clsdoa_v1,PRESENT
desed:train:29913_2:clsdoa_v1_srcprep_v1,desed:train:29913,10,dishes,transient,DESED isolated foreground,Dishes,EXACT,29913,train,raw/desed/extracted/audio/train/soundbank/foreground/Dishes/29913_2.wav,19f1f36d9f041d14bbd4ab36cc5e341102fd714513b1c9ca661bdf06d822a455,44100,1,0.164965986,http://creativecommons.org/licenses/by/3.0/,PER_RECORDING_METADATA,DESED_synth_soundbank.tar.gz; audio/train/soundbank/foreground/Dishes/29913_2.wav ; official train license TSV,unknown,clsdoa_v1,PRESENT
desed:train:29913_3:clsdoa_v1_srcprep_v1,desed:train:29913,10,dishes,transient,DESED isolated foreground,Dishes,EXACT,29913,train,raw/desed/extracted/audio/train/soundbank/foreground/Dishes/29913_3.wav,4d5d30f9357150b4f6143fdccc8baa47002cd79235bcfcc0db7d4f6ce6d14f28,44100,1,0.166145125,http://creativecommons.org/licenses/by/3.0/,PER_RECORDING_METADATA,DESED_synth_soundbank.tar.gz; audio/train/soundbank/foreground/Dishes/29913_3.wav ; official train license TSV,unknown,clsdoa_v1,PRESENT
desed:train:29913_4:clsdoa_v1_srcprep_v1,desed:train:29913,10,dishes,transient,DESED isolated foreground,Dishes,EXACT,29913,train,raw/desed/extracted/audio/train/soundbank/foreground/Dishes/29913_4.wav,6c43c8806462405d41619c3c7ef4087d27d05cd0e5a19d60d1738f3d104257c7,44100,1,0.210340136,http://creativecommons.org/licenses/by/3.0/,PER_RECORDING_METADATA,DESED_synth_soundbank.tar.gz; audio/train/soundbank/foreground/Dishes/29913_4.wav ; official train license TSV,unknown,clsdoa_v1,PRESENT
desed:train:320909_0:clsdoa_v1_srcprep_v1,desed:train:320909,10,dishes,transient,DESED isolated foreground,Dishes,EXACT,320909,train,raw/desed/extracted/audio/train/soundbank/foreground/Dishes/320909_0.wav,9ae10f8b0d59ad7234f0f03140f40e79691a1703a8db04042804d8b2e59c2d23,44100,1,0.152879819,http://creativecommons.org/licenses/by/3.0/,PER_RECORDING_METADATA,DESED_synth_soundbank.tar.gz; audio/train/soundbank/foreground/Dishes/320909_0.wav ; official train license TSV,unknown,clsdoa_v1,PRESENT
desed:train:320909_1:clsdoa_v1_srcprep_v1,desed:train:320909,10,dishes,transient,DESED isolated foreground,Dishes,EXACT,320909,train,raw/desed/extracted/audio/train/soundbank/foreground/Dishes/320909_1.wav,c3689da0910af7385bfd37a13e604a08028d332a2a1267dfa2830e5ab57a9048,44100,1,0.503197279,http://creativecommons.org/licenses/by/3.0/,PER_RECORDING_METADATA,DESED_synth_soundbank.tar.gz; audio/train/soundbank/foreground/Dishes/320909_1.wav ; official train license TSV,unknown,clsdoa_v1,PRESENT
desed:train:320909_2:clsdoa_v1_srcprep_v1,desed:train:320909,10,dishes,transient,DESED isolated foreground,Dishes,EXACT,320909,train,raw/desed/extracted/audio/train/soundbank/foreground/Dishes/320909_2.wav,d0a3d6e483d058e8c631e21ef87f174411a37eadbb008677020f23c84dda90a4,44100,1,0.206507937,http://creativecommons.org/licenses/by/3.0/,PER_RECORDING_METADATA,DESED_synth_soundbank.tar.gz; audio/train/soundbank/foreground/Dishes/320909_2.wav ; official train license TSV,unknown,clsdoa_v1,PRESENT
desed:train:322395:clsdoa_v1_srcprep_v1,desed:train:322395,10,dishes,transient,DESED isolated foreground,Dishes,EXACT,322395,train,raw/desed/extracted/audio/train/soundbank/foreground/Dishes/322395.wav,a2d4c4e733aba0da48ab6201d10b18078fc58ef70835691fcd825c704342d6e1,44100,1,0.653083900,http://creativecommons.org/publicdomain/zero/1.0/,PER_RECORDING_METADATA,DESED_synth_soundbank.tar.gz; audio/train/soundbank/foreground/Dishes/322395.wav ; official train license TSV,unknown,clsdoa_v1,PRESENT
desed:train:322406_0:clsdoa_v1_srcprep_v1,desed:train:322406,10,dishes,transient,DESED isolated foreground,Dishes,EXACT,322406,train,raw/desed/extracted/audio/train/soundbank/foreground/Dishes/322406_0.wav,0bfd743e418930b626f80230aaa32a2903c22cdc1ef1440ba2334aabd69db878,44100,1,0.071020408,http://creativecommons.org/publicdomain/zero/1.0/,PER_RECORDING_METADATA,DESED_synth_soundbank.tar.gz; audio/train/soundbank/foreground/Dishes/322406_0.wav ; official train license TSV,unknown,clsdoa_v1,PRESENT
desed:train:322406_1:clsdoa_v1_srcprep_v1,desed:train:322406,10,dishes,transient,DESED isolated foreground,Dishes,EXACT,322406,train,raw/desed/extracted/audio/train/soundbank/foreground/Dishes/322406_1.wav,2ac172dc893d8b44d6574adfabd96bec6ab9467d32a65fe4e20e9c471ada1d77,44100,1,0.243922902,http://creativecommons.org/publicdomain/zero/1.0/,PER_RECORDING_METADATA,DESED_synth_soundbank.tar.gz; audio/train/soundbank/foreground/Dishes/322406_1.wav ; official train license TSV,unknown,clsdoa_v1,PRESENT
desed:train:322407_0:clsdoa_v1_srcprep_v1,desed:train:322407,10,dishes,transient,DESED isolated foreground,Dishes,EXACT,322407,train,raw/desed/extracted/audio/train/soundbank/foreground/Dishes/322407_0.wav,44cb56894bcfd515d8cb1094e2f205c801b960ff5f24d7bb37a25b4c6b2b92f6,44100,1,0.528412698,http://creativecommons.org/publicdomain/zero/1.0/,PER_RECORDING_METADATA,DESED_synth_soundbank.tar.gz; audio/train/soundbank/foreground/Dishes/322407_0.wav ; official train license TSV,unknown,clsdoa_v1,PRESENT
desed:train:322407_1:clsdoa_v1_srcprep_v1,desed:train:322407,10,dishes,transient,DESED isolated foreground,Dishes,EXACT,322407,train,raw/desed/extracted/audio/train/soundbank/foreground/Dishes/322407_1.wav,87e2de2195f750c944448a3ab0fb141144b2513baa433f191c19b8e7f43a6ca6,44100,1,0.177256236,http://creativecommons.org/publicdomain/zero/1.0/,PER_RECORDING_METADATA,DESED_synth_soundbank.tar.gz; audio/train/soundbank/foreground/Dishes/322407_1.wav ; official train license TSV,unknown,clsdoa_v1,PRESENT
desed:train:322407_10:clsdoa_v1_srcprep_v1,desed:train:322407,10,dishes,transient,DESED isolated foreground,Dishes,EXACT,322407,train,raw/desed/extracted/audio/train/soundbank/foreground/Dishes/322407_10.wav,e558553d343cdbfaae00abe6130e41c71b93956a8af3525c0aef42f77e303dae,44100,1,0.434467120,http://creativecommons.org/publicdomain/zero/1.0/,PER_RECORDING_METADATA,DESED_synth_soundbank.tar.gz; audio/train/soundbank/foreground/Dishes/322407_10.wav ; official train license TSV,unknown,clsdoa_v1,PRESENT
desed:train:322407_2:clsdoa_v1_srcprep_v1,desed:train:322407,10,dishes,transient,DESED isolated foreground,Dishes,EXACT,322407,train,raw/desed/extracted/audio/train/soundbank/foreground/Dishes/322407_2.wav,d7274723392b4f29548a35da4229e246a167797b7bee6ac10f8a38f2d3abf10e,44100,1,0.151133787,http://creativecommons.org/publicdomain/zero/1.0/,PER_RECORDING_METADATA,DESED_synth_soundbank.tar.gz; audio/train/soundbank/foreground/Dishes/322407_2.wav ; official train license TSV,unknown,clsdoa_v1,PRESENT
desed:train:322407_3:clsdoa_v1_srcprep_v1,desed:train:322407,10,dishes,transient,DESED isolated foreground,Dishes,EXACT,322407,train,raw/desed/extracted/audio/train/soundbank/foreground/Dishes/322407_3.wav,8fd1fe721882165ba3a3316074e1faa6ab0bb3aac956a48af4b92baadf03968f,44100,1,0.156598639,http://creativecommons.org/publicdomain/zero/1.0/,PER_RECORDING_METADATA,DESED_synth_soundbank.tar.gz; audio/train/soundbank/foreground/Dishes/322407_3.wav ; official train license TSV,unknown,clsdoa_v1,PRESENT
desed:train:322407_4:clsdoa_v1_srcprep_v1,desed:train:322407,10,dishes,transient,DESED isolated foreground,Dishes,EXACT,322407,train,raw/desed/extracted/audio/train/soundbank/foreground/Dishes/322407_4.wav,6afd3ab1217963ecaa1943eebb90469aacdc260ca84335ecd9518bc416db236c,44100,1,0.596485261,http://creativecommons.org/publicdomain/zero/1.0/,PER_RECORDING_METADATA,DESED_synth_soundbank.tar.gz; audio/train/soundbank/foreground/Dishes/322407_4.wav ; official train license TSV,unknown,clsdoa_v1,PRESENT
desed:train:322407_5:clsdoa_v1_srcprep_v1,desed:train:322407,10,dishes,transient,DESED isolated foreground,Dishes,EXACT,322407,train,raw/desed/extracted/audio/train/soundbank/foreground/Dishes/322407_5.wav,f72d721b2f93761ced866be461de4be7bb1b9644d3ba3d747e04457d282c7370,44100,1,0.412925170,http://creativecommons.org/publicdomain/zero/1.0/,PER_RECORDING_METADATA,DESED_synth_soundbank.tar.gz; audio/train/soundbank/foreground/Dishes/322407_5.wav ; official train license TSV,unknown,clsdoa_v1,PRESENT
desed:train:322407_6:clsdoa_v1_srcprep_v1,desed:train:322407,10,dishes,transient,DESED isolated foreground,Dishes,EXACT,322407,train,raw/desed/extracted/audio/train/soundbank/foreground/Dishes/322407_6.wav,c0555ffd56ffe502913b02c0d159bf33e922917ab19a931ac5f6fda2ec470d70,44100,1,0.229070295,http://creativecommons.org/publicdomain/zero/1.0/,PER_RECORDING_METADATA,DESED_synth_soundbank.tar.gz; audio/train/soundbank/foreground/Dishes/322407_6.wav ; official train license TSV,unknown,clsdoa_v1,PRESENT
desed:train:322407_7:clsdoa_v1_srcprep_v1,desed:train:322407,10,dishes,transient,DESED isolated foreground,Dishes,EXACT,322407,train,raw/desed/extracted/audio/train/soundbank/foreground/Dishes/322407_7.wav,c543bb6d9c30ac4413164b87e9f93c6f4eb7dff0bdb5c491819cfad56ad2fbe3,44100,1,0.143333333,http://creativecommons.org/publicdomain/zero/1.0/,PER_RECORDING_METADATA,DESED_synth_soundbank.tar.gz; audio/train/soundbank/foreground/Dishes/322407_7.wav ; official train license TSV,unknown,clsdoa_v1,PRESENT
desed:train:322407_8:clsdoa_v1_srcprep_v1,desed:train:322407,10,dishes,transient,DESED isolated foreground,Dishes,EXACT,322407,train,raw/desed/extracted/audio/train/soundbank/foreground/Dishes/322407_8.wav,9735e7675fdf9ba1b25a9c959b8f9392b96d3e1878a3dfb806d09d73b5476d58,44100,1,0.499319728,http://creativecommons.org/publicdomain/zero/1.0/,PER_RECORDING_METADATA,DESED_synth_soundbank.tar.gz; audio/train/soundbank/foreground/Dishes/322407_8.wav ; official train license TSV,unknown,clsdoa_v1,PRESENT
desed:train:322407_9:clsdoa_v1_srcprep_v1,desed:train:322407,10,dishes,transient,DESED isolated foreground,Dishes,EXACT,322407,train,raw/desed/extracted/audio/train/soundbank/foreground/Dishes/322407_9.wav,725302472afddbe2d0d66beee738382bb001b44e4ccba1335d7f75a067f9419b,44100,1,0.447664399,http://creativecommons.org/publicdomain/zero/1.0/,PER_RECORDING_METADATA,DESED_synth_soundbank.tar.gz; audio/train/soundbank/foreground/Dishes/322407_9.wav ; official train license TSV,unknown,clsdoa_v1,PRESENT
desed:train:331646:clsdoa_v1_srcprep_v1,desed:train:331646,10,dishes,transient,DESED isolated foreground,Dishes,EXACT,331646,train,raw/desed/extracted/audio/train/soundbank/foreground/Dishes/331646.wav,fcaa3d1cbcffb3f476cd1716cee9751a80e69a2d583e0dd616c86845b7e2c4dc,44100,1,0.452789116,http://creativecommons.org/publicdomain/zero/1.0/,PER_RECORDING_METADATA,DESED_synth_soundbank.tar.gz; audio/train/soundbank/foreground/Dishes/331646.wav ; official train license TSV,unknown,clsdoa_v1,PRESENT
desed:train:33932:clsdoa_v1_srcprep_v1,desed:train:33932,10,dishes,transient,DESED isolated foreground,Dishes,EXACT,33932,train,raw/desed/extracted/audio/train/soundbank/foreground/Dishes/33932.wav,65c09025bd5405387564fb043e0c05f1e625ea4816d3057ae5067bb4e959c4f0,44100,1,0.353333333,http://creativecommons.org/publicdomain/zero/1.0/,PER_RECORDING_METADATA,DESED_synth_soundbank.tar.gz; audio/train/soundbank/foreground/Dishes/33932.wav ; official train license TSV,unknown,clsdoa_v1,PRESENT
desed:train:339675_0:clsdoa_v1_srcprep_v1,desed:train:339675,10,dishes,transient,DESED isolated foreground,Dishes,EXACT,339675,train,raw/desed/extracted/audio/train/soundbank/foreground/Dishes/339675_0.wav,7c6e0c91b5d36bb670e1bf41d46ac247fd0f4a5aed6fba5871c58df2d852560b,44100,1,0.185056689,http://creativecommons.org/publicdomain/zero/1.0/,PER_RECORDING_METADATA,DESED_synth_soundbank.tar.gz; audio/train/soundbank/foreground/Dishes/339675_0.wav ; official train license TSV,unknown,clsdoa_v1,PRESENT
desed:train:339675_1:clsdoa_v1_srcprep_v1,desed:train:339675,10,dishes,transient,DESED isolated foreground,Dishes,EXACT,339675,train,raw/desed/extracted/audio/train/soundbank/foreground/Dishes/339675_1.wav,7f9a132c3779f36685f8ada28484c6e9c8154fccfadd817f7b801095051934e4,44100,1,0.366643991,http://creativecommons.org/publicdomain/zero/1.0/,PER_RECORDING_METADATA,DESED_synth_soundbank.tar.gz; audio/train/soundbank/foreground/Dishes/339675_1.wav ; official train license TSV,unknown,clsdoa_v1,PRESENT
desed:train:339675_2:clsdoa_v1_srcprep_v1,desed:train:339675,10,dishes,transient,DESED isolated foreground,Dishes,EXACT,339675,train,raw/desed/extracted/audio/train/soundbank/foreground/Dishes/339675_2.wav,63210c7fb26bdb6439d5165e20c264811ca5db1a0542b044c5306762954d9ed8,44100,1,0.316009070,http://creativecommons.org/publicdomain/zero/1.0/,PER_RECORDING_METADATA,DESED_synth_soundbank.tar.gz; audio/train/soundbank/foreground/Dishes/339675_2.wav ; official train license TSV,unknown,clsdoa_v1,PRESENT
desed:train:348082:clsdoa_v1_srcprep_v1,desed:train:348082,10,dishes,transient,DESED isolated foreground,Dishes,EXACT,348082,train,raw/desed/extracted/audio/train/soundbank/foreground/Dishes/348082.wav,c42d18401a6faa9117f8381322872abcb9cbf05c57a080f1354a31abf2c783b4,44100,1,0.293219955,http://creativecommons.org/publicdomain/zero/1.0/,PER_RECORDING_METADATA,DESED_synth_soundbank.tar.gz; audio/train/soundbank/foreground/Dishes/348082.wav ; official train license TSV,unknown,clsdoa_v1,PRESENT
desed:train:376854:clsdoa_v1_srcprep_v1,desed:train:376854,10,dishes,transient,DESED isolated foreground,Dishes,EXACT,376854,train,raw/desed/extracted/audio/train/soundbank/foreground/Dishes/376854.wav,cae5fb40458f3211dbcfd38cded367bf77fde148f9f7ee98d7d369dc7aeb1904,44100,1,1.029387755,http://creativecommons.org/publicdomain/zero/1.0/,PER_RECORDING_METADATA,DESED_synth_soundbank.tar.gz; audio/train/soundbank/foreground/Dishes/376854.wav ; official train license TSV,unknown,clsdoa_v1,PRESENT
desed:train:377048:clsdoa_v1_srcprep_v1,desed:train:377048,10,dishes,transient,DESED isolated foreground,Dishes,EXACT,377048,train,raw/desed/extracted/audio/train/soundbank/foreground/Dishes/377048.wav,63f0e0ba76b6de18c99e2e536324af0c6ab29261d776be0241e7f02bc3df8718,44100,1,1.543718821,http://creativecommons.org/publicdomain/zero/1.0/,PER_RECORDING_METADATA,DESED_synth_soundbank.tar.gz; audio/train/soundbank/foreground/Dishes/377048.wav ; official train license TSV,unknown,clsdoa_v1,PRESENT
desed:train:389685:clsdoa_v1_srcprep_v1,desed:train:389685,10,dishes,transient,DESED isolated foreground,Dishes,EXACT,389685,train,raw/desed/extracted/audio/train/soundbank/foreground/Dishes/389685.wav,2890ec53126dfbb564a1b2636fa00b442e297c0c65ae0604a243d61300b573aa,44100,1,0.612721088,http://creativecommons.org/publicdomain/zero/1.0/,PER_RECORDING_METADATA,DESED_synth_soundbank.tar.gz; audio/train/soundbank/foreground/Dishes/389685.wav ; official train license TSV,unknown,clsdoa_v1,PRESENT
desed:train:394795:clsdoa_v1_srcprep_v1,desed:train:394795,10,dishes,transient,DESED isolated foreground,Dishes,EXACT,394795,train,raw/desed/extracted/audio/train/soundbank/foreground/Dishes/394795.wav,7a75038b3cfa4ea9111c12e59bb8469f88d9c3d12382327e511a1e83b919b8df,44100,1,0.564943311,http://creativecommons.org/publicdomain/zero/1.0/,PER_RECORDING_METADATA,DESED_synth_soundbank.tar.gz; audio/train/soundbank/foreground/Dishes/394795.wav ; official train license TSV,unknown,clsdoa_v1,PRESENT
desed:train:406428:clsdoa_v1_srcprep_v1,desed:train:406428,10,dishes,transient,DESED isolated foreground,Dishes,EXACT,406428,train,raw/desed/extracted/audio/train/soundbank/foreground/Dishes/406428.wav,85f2a8ba3432f794bec8d9ae07d441646df772b14c1970d0b1c1103fc42b6907,44100,1,0.193718821,http://creativecommons.org/publicdomain/zero/1.0/,PER_RECORDING_METADATA,DESED_synth_soundbank.tar.gz; audio/train/soundbank/foreground/Dishes/406428.wav ; official train license TSV,unknown,clsdoa_v1,PRESENT
desed:train:406433:clsdoa_v1_srcprep_v1,desed:train:406433,10,dishes,transient,DESED isolated foreground,Dishes,EXACT,406433,train,raw/desed/extracted/audio/train/soundbank/foreground/Dishes/406433.wav,4c8fb8ab6264fb67f97b962a8a35b924f45a968de921c3a0b4327cd89219084a,44100,1,0.133129252,http://creativecommons.org/publicdomain/zero/1.0/,PER_RECORDING_METADATA,DESED_synth_soundbank.tar.gz; audio/train/soundbank/foreground/Dishes/406433.wav ; official train license TSV,unknown,clsdoa_v1,PRESENT
desed:train:412380_0:clsdoa_v1_srcprep_v1,desed:train:412380,10,dishes,transient,DESED isolated foreground,Dishes,EXACT,412380,train,raw/desed/extracted/audio/train/soundbank/foreground/Dishes/412380_0.wav,2636a50e0f88c5fa52d909f151ba7a08508107a4ea2cdf0489672d9f32222f3d,44100,1,0.576235828,http://creativecommons.org/licenses/by/3.0/,PER_RECORDING_METADATA,DESED_synth_soundbank.tar.gz; audio/train/soundbank/foreground/Dishes/412380_0.wav ; official train license TSV,unknown,clsdoa_v1,PRESENT
desed:train:412380_1:clsdoa_v1_srcprep_v1,desed:train:412380,10,dishes,transient,DESED isolated foreground,Dishes,EXACT,412380,train,raw/desed/extracted/audio/train/soundbank/foreground/Dishes/412380_1.wav,5994b36cb9f847018d914ec9c79108d8cdd91199e5ab26e2c69a6e7f7912f331,44100,1,0.176417234,http://creativecommons.org/licenses/by/3.0/,PER_RECORDING_METADATA,DESED_synth_soundbank.tar.gz; audio/train/soundbank/foreground/Dishes/412380_1.wav ; official train license TSV,unknown,clsdoa_v1,PRESENT
desed:train:412389:clsdoa_v1_srcprep_v1,desed:train:412389,10,dishes,transient,DESED isolated foreground,Dishes,EXACT,412389,train,raw/desed/extracted/audio/train/soundbank/foreground/Dishes/412389.wav,662b695375d25400059a577c258f91290a5587cb9996c0c0997ba49ec892f265,44100,1,0.304399093,http://creativecommons.org/licenses/by/3.0/,PER_RECORDING_METADATA,DESED_synth_soundbank.tar.gz; audio/train/soundbank/foreground/Dishes/412389.wav ; official train license TSV,unknown,clsdoa_v1,PRESENT
desed:train:414218:clsdoa_v1_srcprep_v1,desed:train:414218,10,dishes,transient,DESED isolated foreground,Dishes,EXACT,414218,train,raw/desed/extracted/audio/train/soundbank/foreground/Dishes/414218.wav,63c1e0564046f5f688a5740398a8d1244ff1ff92926acf152e57638a8fcaa961,44100,1,0.771383220,http://creativecommons.org/licenses/by-nc/3.0/,PER_RECORDING_METADATA,DESED_synth_soundbank.tar.gz; audio/train/soundbank/foreground/Dishes/414218.wav ; official train license TSV,unknown,clsdoa_v1,PRESENT
desed:train:427257:clsdoa_v1_srcprep_v1,desed:train:427257,10,dishes,transient,DESED isolated foreground,Dishes,EXACT,427257,train,raw/desed/extracted/audio/train/soundbank/foreground/Dishes/427257.wav,bbe0dbef07ff2a69df246074d526f9dcad17c3a3340d601bc0a9a2cb3614a5df,44100,1,0.323786848,http://creativecommons.org/licenses/by/3.0/,PER_RECORDING_METADATA,DESED_synth_soundbank.tar.gz; audio/train/soundbank/foreground/Dishes/427257.wav ; official train license TSV,unknown,clsdoa_v1,PRESENT
desed:train:71797:clsdoa_v1_srcprep_v1,desed:train:71797,10,dishes,transient,DESED isolated foreground,Dishes,EXACT,71797,train,raw/desed/extracted/audio/train/soundbank/foreground/Dishes/71797.wav,fbe96a66d6009c1d77ef4eb2dd8fea6a9e5b9df56874e45e2d3b7166e1e03108,44100,1,0.436530612,http://creativecommons.org/licenses/by/3.0/,PER_RECORDING_METADATA,DESED_synth_soundbank.tar.gz; audio/train/soundbank/foreground/Dishes/71797.wav ; official train license TSV,unknown,clsdoa_v1,PRESENT
desed:train:71802:clsdoa_v1_srcprep_v1,desed:train:71802,10,dishes,transient,DESED isolated foreground,Dishes,EXACT,71802,train,raw/desed/extracted/audio/train/soundbank/foreground/Dishes/71802.wav,a141e13c36a5edb9a28713343a162ba2d9c8dbe29b89e71a15b7b5bbb460f0a0,44100,1,0.831564626,http://creativecommons.org/licenses/by/3.0/,PER_RECORDING_METADATA,DESED_synth_soundbank.tar.gz; audio/train/soundbank/foreground/Dishes/71802.wav ; official train license TSV,unknown,clsdoa_v1,PRESENT
desed:train:80115:clsdoa_v1_srcprep_v1,desed:train:80115,10,dishes,transient,DESED isolated foreground,Dishes,EXACT,80115,train,raw/desed/extracted/audio/train/soundbank/foreground/Dishes/80115.wav,3f706c327a52e2c8de364fb30a2de7cbecdab102959b8ece3e8cc3865d5425b7,44100,1,1.511995465,http://creativecommons.org/licenses/by/3.0/,PER_RECORDING_METADATA,DESED_synth_soundbank.tar.gz; audio/train/soundbank/foreground/Dishes/80115.wav ; official train license TSV,unknown,clsdoa_v1,PRESENT
desed:train:80125_0:clsdoa_v1_srcprep_v1,desed:train:80125,10,dishes,transient,DESED isolated foreground,Dishes,EXACT,80125,train,raw/desed/extracted/audio/train/soundbank/foreground/Dishes/80125_0.wav,4b7a604e1e381f3d4605dff4c035f568c133dc7077afb89ae472455d7f38f1b0,44100,1,0.830340136,http://creativecommons.org/licenses/by/3.0/,PER_RECORDING_METADATA,DESED_synth_soundbank.tar.gz; audio/train/soundbank/foreground/Dishes/80125_0.wav ; official train license TSV,unknown,clsdoa_v1,PRESENT
desed:train:80125_1:clsdoa_v1_srcprep_v1,desed:train:80125,10,dishes,transient,DESED isolated foreground,Dishes,EXACT,80125,train,raw/desed/extracted/audio/train/soundbank/foreground/Dishes/80125_1.wav,d50816c98a80bcdc530a019e5a8e2256106df66f2daa98f088554fd481f6719a,44100,1,0.257460317,http://creativecommons.org/licenses/by/3.0/,PER_RECORDING_METADATA,DESED_synth_soundbank.tar.gz; audio/train/soundbank/foreground/Dishes/80125_1.wav ; official train license TSV,unknown,clsdoa_v1,PRESENT
desed:train:80125_2:clsdoa_v1_srcprep_v1,desed:train:80125,10,dishes,transient,DESED isolated foreground,Dishes,EXACT,80125,train,raw/desed/extracted/audio/train/soundbank/foreground/Dishes/80125_2.wav,4a44ca3619226fa59d39515bbc97414a7dd85a37e75b05e6ab85486e508a9522,44100,1,0.756281179,http://creativecommons.org/licenses/by/3.0/,PER_RECORDING_METADATA,DESED_synth_soundbank.tar.gz; audio/train/soundbank/foreground/Dishes/80125_2.wav ; official train license TSV,unknown,clsdoa_v1,PRESENT
desed:train:80131:clsdoa_v1_srcprep_v1,desed:train:80131,10,dishes,transient,DESED isolated foreground,Dishes,EXACT,80131,train,raw/desed/extracted/audio/train/soundbank/foreground/Dishes/80131.wav,ad2dee5732856a1e937197e064996d05fa64057418a7ee164bf9352a80705387,44100,1,1.414897959,http://creativecommons.org/licenses/by/3.0/,PER_RECORDING_METADATA,DESED_synth_soundbank.tar.gz; audio/train/soundbank/foreground/Dishes/80131.wav ; official train license TSV,unknown,clsdoa_v1,PRESENT
desed:train:82048:clsdoa_v1_srcprep_v1,desed:train:82048,10,dishes,transient,DESED isolated foreground,Dishes,EXACT,82048,train,raw/desed/extracted/audio/train/soundbank/foreground/Dishes/82048.wav,4694d4d5ccb6a716c9037e99bb6457168861e7d6fe06914f8ca512387cd8b016,44100,1,1.940204082,http://creativecommons.org/licenses/sampling+/1.0/,PER_RECORDING_METADATA,DESED_synth_soundbank.tar.gz; audio/train/soundbank/foreground/Dishes/82048.wav ; official train license TSV,unknown,clsdoa_v1,PRESENT
desed:train:88826_0:clsdoa_v1_srcprep_v1,desed:train:88826,10,dishes,transient,DESED isolated foreground,Dishes,EXACT,88826,train,raw/desed/extracted/audio/train/soundbank/foreground/Dishes/88826_0.wav,43f5889b6ebe6d50863bef19ac7f13f449b9a47ec8c18ec9660a0f090dec131d,44100,1,0.230181406,http://creativecommons.org/licenses/by/3.0/,PER_RECORDING_METADATA,DESED_synth_soundbank.tar.gz; audio/train/soundbank/foreground/Dishes/88826_0.wav ; official train license TSV,unknown,clsdoa_v1,PRESENT
desed:train:88826_1:clsdoa_v1_srcprep_v1,desed:train:88826,10,dishes,transient,DESED isolated foreground,Dishes,EXACT,88826,train,raw/desed/extracted/audio/train/soundbank/foreground/Dishes/88826_1.wav,6e6410dc4ee44a59e1aa215952be68970782a54c09774869459cddcb2011d249,44100,1,0.054852608,http://creativecommons.org/licenses/by/3.0/,PER_RECORDING_METADATA,DESED_synth_soundbank.tar.gz; audio/train/soundbank/foreground/Dishes/88826_1.wav ; official train license TSV,unknown,clsdoa_v1,PRESENT
desed:train:88826_2:clsdoa_v1_srcprep_v1,desed:train:88826,10,dishes,transient,DESED isolated foreground,Dishes,EXACT,88826,train,raw/desed/extracted/audio/train/soundbank/foreground/Dishes/88826_2.wav,9c86fd85c42d80c66722d960301bc708bb241f5c8a138fadebb88d39f14b3ea7,44100,1,0.101609977,http://creativecommons.org/licenses/by/3.0/,PER_RECORDING_METADATA,DESED_synth_soundbank.tar.gz; audio/train/soundbank/foreground/Dishes/88826_2.wav ; official train license TSV,unknown,clsdoa_v1,PRESENT
desed:train:88826_3:clsdoa_v1_srcprep_v1,desed:train:88826,10,dishes,transient,DESED isolated foreground,Dishes,EXACT,88826,train,raw/desed/extracted/audio/train/soundbank/foreground/Dishes/88826_3.wav,6af1b8e50734a12b8f4288c497f9e2a46121165b22c6e1897747f8345638f6a7,44100,1,0.116780045,http://creativecommons.org/licenses/by/3.0/,PER_RECORDING_METADATA,DESED_synth_soundbank.tar.gz; audio/train/soundbank/foreground/Dishes/88826_3.wav ; official train license TSV,unknown,clsdoa_v1,PRESENT
desed:train:88826_4:clsdoa_v1_srcprep_v1,desed:train:88826,10,dishes,transient,DESED isolated foreground,Dishes,EXACT,88826,train,raw/desed/extracted/audio/train/soundbank/foreground/Dishes/88826_4.wav,7358dda0d2b504ad6964322e2be6d33f5c77a29b5abf131234fd681131f0d04e,44100,1,0.091768707,http://creativecommons.org/licenses/by/3.0/,PER_RECORDING_METADATA,DESED_synth_soundbank.tar.gz; audio/train/soundbank/foreground/Dishes/88826_4.wav ; official train license TSV,unknown,clsdoa_v1,PRESENT
desed:train:88839_0:clsdoa_v1_srcprep_v1,desed:train:88839,10,dishes,transient,DESED isolated foreground,Dishes,EXACT,88839,train,raw/desed/extracted/audio/train/soundbank/foreground/Dishes/88839_0.wav,1942649b1c617f3d6ce5ce33663d62730b8e4ea89d19ad3290415ae20ab575f8,44100,1,0.113424036,http://creativecommons.org/licenses/by/3.0/,PER_RECORDING_METADATA,DESED_synth_soundbank.tar.gz; audio/train/soundbank/foreground/Dishes/88839_0.wav ; official train license TSV,unknown,clsdoa_v1,PRESENT
desed:train:88839_1:clsdoa_v1_srcprep_v1,desed:train:88839,10,dishes,transient,DESED isolated foreground,Dishes,EXACT,88839,train,raw/desed/extracted/audio/train/soundbank/foreground/Dishes/88839_1.wav,0857705b697b5c47661bd91c594bc7b5a07fc98440ccf31de275b5a1759da667,44100,1,0.370544218,http://creativecommons.org/licenses/by/3.0/,PER_RECORDING_METADATA,DESED_synth_soundbank.tar.gz; audio/train/soundbank/foreground/Dishes/88839_1.wav ; official train license TSV,unknown,clsdoa_v1,PRESENT
desed:train:88839_2:clsdoa_v1_srcprep_v1,desed:train:88839,10,dishes,transient,DESED isolated foreground,Dishes,EXACT,88839,train,raw/desed/extracted/audio/train/soundbank/foreground/Dishes/88839_2.wav,4be4e5df600d6e5d347fd59e653840d73133e645d5bd6b8b15ed57adc72030b5,44100,1,0.957097506,http://creativecommons.org/licenses/by/3.0/,PER_RECORDING_METADATA,DESED_synth_soundbank.tar.gz; audio/train/soundbank/foreground/Dishes/88839_2.wav ; official train license TSV,unknown,clsdoa_v1,PRESENT
desed:train:88856:clsdoa_v1_srcprep_v1,desed:train:88856,10,dishes,transient,DESED isolated foreground,Dishes,EXACT,88856,train,raw/desed/extracted/audio/train/soundbank/foreground/Dishes/88856.wav,23f796a4fb232857599c0ef235eab75bf36a21944d35a30fed126352e4d319cb,44100,1,0.361179138,http://creativecommons.org/licenses/by/3.0/,PER_RECORDING_METADATA,DESED_synth_soundbank.tar.gz; audio/train/soundbank/foreground/Dishes/88856.wav ; official train license TSV,unknown,clsdoa_v1,PRESENT
desed:train:88858:clsdoa_v1_srcprep_v1,desed:train:88858,10,dishes,transient,DESED isolated foreground,Dishes,EXACT,88858,train,raw/desed/extracted/audio/train/soundbank/foreground/Dishes/88858.wav,a3de28587d4d94057cb2bbd200105126e29d66ccd46be1cd464720ad8c616256,44100,1,0.355691610,http://creativecommons.org/licenses/by/3.0/,PER_RECORDING_METADATA,DESED_synth_soundbank.tar.gz; audio/train/soundbank/foreground/Dishes/88858.wav ; official train license TSV,unknown,clsdoa_v1,PRESENT
desed:train:97559:clsdoa_v1_srcprep_v1,desed:train:97559,10,dishes,transient,DESED isolated foreground,Dishes,EXACT,97559,train,raw/desed/extracted/audio/train/soundbank/foreground/Dishes/97559.wav,d2a6cdd2b3947e9430d5e1010ae9e5a5c134766689ea80af0e37b9da299edb22,44100,1,0.215827664,http://creativecommons.org/publicdomain/zero/1.0/,PER_RECORDING_METADATA,DESED_synth_soundbank.tar.gz; audio/train/soundbank/foreground/Dishes/97559.wav ; official train license TSV,unknown,clsdoa_v1,PRESENT
desed:train:121582:clsdoa_v1_srcprep_v1,desed:train:121582,7,frying,transient,DESED isolated foreground,Frying,EXACT,121582,train,raw/desed/extracted/audio/train/soundbank/foreground/Frying/121582.wav,bf393f9b23b12068a400eb0a7e5c232b5ed41df992dd6a0dcd252ff21cc8475b,44100,1,17.213106576,http://creativecommons.org/licenses/by/3.0/,PER_RECORDING_METADATA,DESED_synth_soundbank.tar.gz; audio/train/soundbank/foreground/Frying/121582.wav ; official train license TSV,unknown,clsdoa_v1,PRESENT
desed:train:137258:clsdoa_v1_srcprep_v1,desed:train:137258,7,frying,transient,DESED isolated foreground,Frying,EXACT,137258,train,raw/desed/extracted/audio/train/soundbank/foreground/Frying/137258.wav,5c254c3e82c1c191f650fe8376a72656e1fe065e45de2d9260b72452c65a22b1,44100,1,26.962539683,http://creativecommons.org/publicdomain/zero/1.0/,PER_RECORDING_METADATA,DESED_synth_soundbank.tar.gz; audio/train/soundbank/foreground/Frying/137258.wav ; official train license TSV,unknown,clsdoa_v1,PRESENT
desed:train:174467:clsdoa_v1_srcprep_v1,desed:train:174467,7,frying,transient,DESED isolated foreground,Frying,EXACT,174467,train,raw/desed/extracted/audio/train/soundbank/foreground/Frying/174467.wav,9594a1032a89dd0fdd8ce3d99e4e5ac78576d9dc01cad368af904670625f71fd,44100,1,12.591609977,http://creativecommons.org/licenses/by/3.0/,PER_RECORDING_METADATA,DESED_synth_soundbank.tar.gz; audio/train/soundbank/foreground/Frying/174467.wav ; official train license TSV,unknown,clsdoa_v1,PRESENT
desed:train:179675:clsdoa_v1_srcprep_v1,desed:train:179675,7,frying,transient,DESED isolated foreground,Frying,EXACT,179675,train,raw/desed/extracted/audio/train/soundbank/foreground/Frying/179675.wav,aab977a44c7aa9143a015308bf7d88b223dd0b35633b0aac2f12cf7b206fb673,44100,1,5.804807256,http://creativecommons.org/licenses/by/3.0/,PER_RECORDING_METADATA,DESED_synth_soundbank.tar.gz; audio/train/soundbank/foreground/Frying/179675.wav ; official train license TSV,unknown,clsdoa_v1,PRESENT
desed:train:274499:clsdoa_v1_srcprep_v1,desed:train:274499,7,frying,transient,DESED isolated foreground,Frying,EXACT,274499,train,raw/desed/extracted/audio/train/soundbank/foreground/Frying/274499.wav,85287e7cd727388c0f6c9f6372dc02008ff86bbff9f6eecc53bb1d6c078b561b,44100,1,3.636780045,http://creativecommons.org/publicdomain/zero/1.0/,PER_RECORDING_METADATA,DESED_synth_soundbank.tar.gz; audio/train/soundbank/foreground/Frying/274499.wav ; official train license TSV,unknown,clsdoa_v1,PRESENT
desed:train:3203:clsdoa_v1_srcprep_v1,desed:train:3203,7,frying,transient,DESED isolated foreground,Frying,EXACT,3203,train,raw/desed/extracted/audio/train/soundbank/foreground/Frying/3203.wav,3206af9fb52bd82b6a76e09d84542c49ef81826f4c2cb393f3cbfb7bd5c256fb,44100,1,6.083628118,http://creativecommons.org/licenses/by/3.0/,PER_RECORDING_METADATA,DESED_synth_soundbank.tar.gz; audio/train/soundbank/foreground/Frying/3203.wav ; official train license TSV,unknown,clsdoa_v1,PRESENT
desed:train:351406:clsdoa_v1_srcprep_v1,desed:train:351406,7,frying,transient,DESED isolated foreground,Frying,EXACT,351406,train,raw/desed/extracted/audio/train/soundbank/foreground/Frying/351406.wav,964e03b02d4b1c29ff1eabf61dbc5082d4f21caf03f2cce9e61edf554d5c8eef,44100,1,16.748662132,http://creativecommons.org/publicdomain/zero/1.0/,PER_RECORDING_METADATA,DESED_synth_soundbank.tar.gz; audio/train/soundbank/foreground/Frying/351406.wav ; official train license TSV,unknown,clsdoa_v1,PRESENT
desed:train:388092:clsdoa_v1_srcprep_v1,desed:train:388092,7,frying,transient,DESED isolated foreground,Frying,EXACT,388092,train,raw/desed/extracted/audio/train/soundbank/foreground/Frying/388092.wav,613b3173468c87542658d89ba7adad41e88263fb2310a1dd2b75e505ee5df9e7,44100,1,22.931156463,http://creativecommons.org/licenses/by/3.0/,PER_RECORDING_METADATA,DESED_synth_soundbank.tar.gz; audio/train/soundbank/foreground/Frying/388092.wav ; official train license TSV,unknown,clsdoa_v1,PRESENT
desed:train:403333:clsdoa_v1_srcprep_v1,desed:train:403333,7,frying,transient,DESED isolated foreground,Frying,EXACT,403333,train,raw/desed/extracted/audio/train/soundbank/foreground/Frying/403333.wav,b532c5a3215dc648caf1d783ff9824e851fb4120e8e32386c6333a297267aa1c,44100,1,35.495986395,http://creativecommons.org/licenses/by/3.0/,PER_RECORDING_METADATA,DESED_synth_soundbank.tar.gz; audio/train/soundbank/foreground/Frying/403333.wav ; official train license TSV,unknown,clsdoa_v1,PRESENT
desed:train:403531:clsdoa_v1_srcprep_v1,desed:train:403531,7,frying,transient,DESED isolated foreground,Frying,EXACT,403531,train,raw/desed/extracted/audio/train/soundbank/foreground/Frying/403531.wav,78082d301d0ba90a4f636d06a9993c96f8b160c69a1408300c9e049cb382dbae,44100,1,27.388321995,http://creativecommons.org/publicdomain/zero/1.0/,PER_RECORDING_METADATA,DESED_synth_soundbank.tar.gz; audio/train/soundbank/foreground/Frying/403531.wav ; official train license TSV,unknown,clsdoa_v1,PRESENT
desed:train:367689_1:clsdoa_v1_srcprep_v1,desed:train:367689,6,running_water,transient,DESED isolated foreground,Running_water,EXACT,367689,train,raw/desed/extracted/audio/train/soundbank/foreground/Running_water/367689_1.wav,3c43f4e1f98b1c7401f0ee7bbb7a6d7639badbedcc0879b87d893dc2be082925,44100,1,1.828458050,http://creativecommons.org/publicdomain/zero/1.0/,PER_RECORDING_METADATA,DESED_synth_soundbank.tar.gz; audio/train/soundbank/foreground/Running_water/367689_1.wav ; official train license TSV,unknown,clsdoa_v1,PRESENT
desed:train:371817:clsdoa_v1_srcprep_v1,desed:train:371817,6,running_water,transient,DESED isolated foreground,Running_water,EXACT,371817,train,raw/desed/extracted/audio/train/soundbank/foreground/Running_water/371817.wav,0dc4034884bbbd1366010108d4500eb828d4e7589c9a222df7ad6bf54efd5d71,44100,1,5.688140590,http://creativecommons.org/publicdomain/zero/1.0/,PER_RECORDING_METADATA,DESED_synth_soundbank.tar.gz; audio/train/soundbank/foreground/Running_water/371817.wav ; official train license TSV,unknown,clsdoa_v1,PRESENT
desed:train:404438_1:clsdoa_v1_srcprep_v1,desed:train:404438,6,running_water,transient,DESED isolated foreground,Running_water,EXACT,404438,train,raw/desed/extracted/audio/train/soundbank/foreground/Running_water/404438_1.wav,94ab12a94005be2c4dd4f391fa263c51dab47129bec150ba9ae6b119cda13f8b,44100,1,11.345464853,http://creativecommons.org/publicdomain/zero/1.0/,PER_RECORDING_METADATA,DESED_synth_soundbank.tar.gz; audio/train/soundbank/foreground/Running_water/404438_1.wav ; official train license TSV,unknown,clsdoa_v1,PRESENT
desed:train:405200_1:clsdoa_v1_srcprep_v1,desed:train:405200,6,running_water,transient,DESED isolated foreground,Running_water,EXACT,405200,train,raw/desed/extracted/audio/train/soundbank/foreground/Running_water/405200_1.wav,2cffc7a60f5e1c52bdfdecad535b9a86268c102332ec3cca5484d245cfd94f1e,44100,1,2.345374150,http://creativecommons.org/licenses/by/3.0/,PER_RECORDING_METADATA,DESED_synth_soundbank.tar.gz; audio/train/soundbank/foreground/Running_water/405200_1.wav ; official train license TSV,unknown,clsdoa_v1,PRESENT
desed:train:405200_2:clsdoa_v1_srcprep_v1,desed:train:405200,6,running_water,transient,DESED isolated foreground,Running_water,EXACT,405200,train,raw/desed/extracted/audio/train/soundbank/foreground/Running_water/405200_2.wav,5e917ae6e743abc173722f0fc0d3d52526f9ecc542d667167d5ef699568baeaf,44100,1,4.573469388,http://creativecommons.org/licenses/by/3.0/,PER_RECORDING_METADATA,DESED_synth_soundbank.tar.gz; audio/train/soundbank/foreground/Running_water/405200_2.wav ; official train license TSV,unknown,clsdoa_v1,PRESENT
desed:train:408296_1:clsdoa_v1_srcprep_v1,desed:train:408296,6,running_water,transient,DESED isolated foreground,Running_water,EXACT,408296,train,raw/desed/extracted/audio/train/soundbank/foreground/Running_water/408296_1.wav,860fc1001045551a5b91e19d0066364daf27ae0a92cfc2c414c342adb3eaa3a5,44100,1,16.573151927,http://creativecommons.org/licenses/by/3.0/,PER_RECORDING_METADATA,DESED_synth_soundbank.tar.gz; audio/train/soundbank/foreground/Running_water/408296_1.wav ; official train license TSV,unknown,clsdoa_v1,PRESENT
desed:train:408302_1:clsdoa_v1_srcprep_v1,desed:train:408302,6,running_water,transient,DESED isolated foreground,Running_water,EXACT,408302,train,raw/desed/extracted/audio/train/soundbank/foreground/Running_water/408302_1.wav,caa460a8941742e210a1ab69daf543d8c9552c377bae179f1a44b1a5fa1a4eea,44100,1,2.772675737,http://creativecommons.org/licenses/by/3.0/,PER_RECORDING_METADATA,DESED_synth_soundbank.tar.gz; audio/train/soundbank/foreground/Running_water/408302_1.wav ; official train license TSV,unknown,clsdoa_v1,PRESENT
desed:train:408302_2:clsdoa_v1_srcprep_v1,desed:train:408302,6,running_water,transient,DESED isolated foreground,Running_water,EXACT,408302,train,raw/desed/extracted/audio/train/soundbank/foreground/Running_water/408302_2.wav,f8636f796a7c5f11daba383934e2c0090cff2557e87205e19d8e2b378099a785,44100,1,2.533968254,http://creativecommons.org/licenses/by/3.0/,PER_RECORDING_METADATA,DESED_synth_soundbank.tar.gz; audio/train/soundbank/foreground/Running_water/408302_2.wav ; official train license TSV,unknown,clsdoa_v1,PRESENT
desed:train:408304_1:clsdoa_v1_srcprep_v1,desed:train:408304,6,running_water,transient,DESED isolated foreground,Running_water,EXACT,408304,train,raw/desed/extracted/audio/train/soundbank/foreground/Running_water/408304_1.wav,e11604680e7fd4bc7b83adbca4a499e5fbe4d8121e867110d37683e368b273c0,44100,1,14.843174603,http://creativecommons.org/licenses/by/3.0/,PER_RECORDING_METADATA,DESED_synth_soundbank.tar.gz; audio/train/soundbank/foreground/Running_water/408304_1.wav ; official train license TSV,unknown,clsdoa_v1,PRESENT
desed:train:408305_1:clsdoa_v1_srcprep_v1,desed:train:408305,6,running_water,transient,DESED isolated foreground,Running_water,EXACT,408305,train,raw/desed/extracted/audio/train/soundbank/foreground/Running_water/408305_1.wav,8408fd46e00221e992a9ac629825a96be56bb93cda379a376e40117ac400a621,44100,1,19.732244898,http://creativecommons.org/licenses/by/3.0/,PER_RECORDING_METADATA,DESED_synth_soundbank.tar.gz; audio/train/soundbank/foreground/Running_water/408305_1.wav ; official train license TSV,unknown,clsdoa_v1,PRESENT
desed:train:408714_1:clsdoa_v1_srcprep_v1,desed:train:408714,6,running_water,transient,DESED isolated foreground,Running_water,EXACT,408714,train,raw/desed/extracted/audio/train/soundbank/foreground/Running_water/408714_1.wav,361210f0a813b2b47c45fb75503b0fe41279144d8230ed942baf5d78758f0fe0,44100,1,4.269569161,http://creativecommons.org/licenses/by-nc/3.0/,PER_RECORDING_METADATA,DESED_synth_soundbank.tar.gz; audio/train/soundbank/foreground/Running_water/408714_1.wav ; official train license TSV,unknown,clsdoa_v1,PRESENT
desed:train:413283_1:clsdoa_v1_srcprep_v1,desed:train:413283,6,running_water,transient,DESED isolated foreground,Running_water,EXACT,413283,train,raw/desed/extracted/audio/train/soundbank/foreground/Running_water/413283_1.wav,0a50519248ae17834cae9a260bcd7b4b05298545673994032e9930248bc0bc54,44100,1,2.265736961,http://creativecommons.org/publicdomain/zero/1.0/,PER_RECORDING_METADATA,DESED_synth_soundbank.tar.gz; audio/train/soundbank/foreground/Running_water/413283_1.wav ; official train license TSV,unknown,clsdoa_v1,PRESENT
desed:train:413295_1:clsdoa_v1_srcprep_v1,desed:train:413295,6,running_water,transient,DESED isolated foreground,Running_water,EXACT,413295,train,raw/desed/extracted/audio/train/soundbank/foreground/Running_water/413295_1.wav,db9a7467a76af4b40377e8f5a9902855b6717fba370aac598e061f141f880d4a,44100,1,6.270521542,http://creativecommons.org/publicdomain/zero/1.0/,PER_RECORDING_METADATA,DESED_synth_soundbank.tar.gz; audio/train/soundbank/foreground/Running_water/413295_1.wav ; official train license TSV,unknown,clsdoa_v1,PRESENT
desed:train:418017_1:clsdoa_v1_srcprep_v1,desed:train:418017,6,running_water,transient,DESED isolated foreground,Running_water,EXACT,418017,train,raw/desed/extracted/audio/train/soundbank/foreground/Running_water/418017_1.wav,0fc697340f508106ec4381d8dc0bc93921eefee1f78f35e1cbb2daea4d578cc3,44100,1,19.533900227,http://creativecommons.org/publicdomain/zero/1.0/,PER_RECORDING_METADATA,DESED_synth_soundbank.tar.gz; audio/train/soundbank/foreground/Running_water/418017_1.wav ; official train license TSV,unknown,clsdoa_v1,PRESENT
desed:train:418018_1:clsdoa_v1_srcprep_v1,desed:train:418018,6,running_water,transient,DESED isolated foreground,Running_water,EXACT,418018,train,raw/desed/extracted/audio/train/soundbank/foreground/Running_water/418018_1.wav,fcbc6ce56ce5cece23fbf3405f2d3f745bcb563b49e05d8cd1aed0b13bfbb763,44100,1,6.252154195,http://creativecommons.org/publicdomain/zero/1.0/,PER_RECORDING_METADATA,DESED_synth_soundbank.tar.gz; audio/train/soundbank/foreground/Running_water/418018_1.wav ; official train license TSV,unknown,clsdoa_v1,PRESENT
desed:train:49385_1:clsdoa_v1_srcprep_v1,desed:train:49385,6,running_water,transient,DESED isolated foreground,Running_water,EXACT,49385,train,raw/desed/extracted/audio/train/soundbank/foreground/Running_water/49385_1.wav,14dbe93d8bc4f33f862edfc8637cd8143a1674851dee540ff4ca1b4b7873cb31,44100,1,7.371541950,http://creativecommons.org/licenses/by/3.0/,PER_RECORDING_METADATA,DESED_synth_soundbank.tar.gz; audio/train/soundbank/foreground/Running_water/49385_1.wav ; official train license TSV,unknown,clsdoa_v1,PRESENT
desed:train:50591_1:clsdoa_v1_srcprep_v1,desed:train:50591,6,running_water,transient,DESED isolated foreground,Running_water,EXACT,50591,train,raw/desed/extracted/audio/train/soundbank/foreground/Running_water/50591_1.wav,47a15c40ea7d71516dd19929aebf68c2be889a886b0e1ee6aa9e5e84c76c08d7,44100,1,7.902879819,http://creativecommons.org/publicdomain/zero/1.0/,PER_RECORDING_METADATA,DESED_synth_soundbank.tar.gz; audio/train/soundbank/foreground/Running_water/50591_1.wav ; official train license TSV,unknown,clsdoa_v1,PRESENT
desed:train:50630_1:clsdoa_v1_srcprep_v1,desed:train:50630,6,running_water,transient,DESED isolated foreground,Running_water,EXACT,50630,train,raw/desed/extracted/audio/train/soundbank/foreground/Running_water/50630_1.wav,8cbce67146eb986b9c98e0bd6b9aa79e1ca34a9170b6afb4968a20eef8d2ea18,44100,1,4.904512472,http://creativecommons.org/publicdomain/zero/1.0/,PER_RECORDING_METADATA,DESED_synth_soundbank.tar.gz; audio/train/soundbank/foreground/Running_water/50630_1.wav ; official train license TSV,unknown,clsdoa_v1,PRESENT
desed:train:52068_1:clsdoa_v1_srcprep_v1,desed:train:52068,6,running_water,transient,DESED isolated foreground,Running_water,EXACT,52068,train,raw/desed/extracted/audio/train/soundbank/foreground/Running_water/52068_1.wav,736a02f6315a597985ab5d9dc148f86b0b121234b623eb1e309a94380780ca11,44100,1,14.332267574,http://creativecommons.org/publicdomain/zero/1.0/,PER_RECORDING_METADATA,DESED_synth_soundbank.tar.gz; audio/train/soundbank/foreground/Running_water/52068_1.wav ; official train license TSV,unknown,clsdoa_v1,PRESENT
desed:train:52152_1:clsdoa_v1_srcprep_v1,desed:train:52152,6,running_water,transient,DESED isolated foreground,Running_water,EXACT,52152,train,raw/desed/extracted/audio/train/soundbank/foreground/Running_water/52152_1.wav,65854b085494c3a5c4e5cdf59e65998bfbce44965ecb1da6fa451dce7beed273,44100,1,14.268775510,http://creativecommons.org/publicdomain/zero/1.0/,PER_RECORDING_METADATA,DESED_synth_soundbank.tar.gz; audio/train/soundbank/foreground/Running_water/52152_1.wav ; official train license TSV,unknown,clsdoa_v1,PRESENT
desed:train:52158_1:clsdoa_v1_srcprep_v1,desed:train:52158,6,running_water,transient,DESED isolated foreground,Running_water,EXACT,52158,train,raw/desed/extracted/audio/train/soundbank/foreground/Running_water/52158_1.wav,dd133d05ee6081524f06425b25cd0e6f5dfab5b28a667657ed8def68abf4d318,44100,1,7.614263039,http://creativecommons.org/publicdomain/zero/1.0/,PER_RECORDING_METADATA,DESED_synth_soundbank.tar.gz; audio/train/soundbank/foreground/Running_water/52158_1.wav ; official train license TSV,unknown,clsdoa_v1,PRESENT
desed:train:52159_1:clsdoa_v1_srcprep_v1,desed:train:52159,6,running_water,transient,DESED isolated foreground,Running_water,EXACT,52159,train,raw/desed/extracted/audio/train/soundbank/foreground/Running_water/52159_1.wav,d54d0911d661fc95e1fb6ea0977741fc349e7eda3c12adb8583c6074829d8e24,44100,1,1.258072562,http://creativecommons.org/publicdomain/zero/1.0/,PER_RECORDING_METADATA,DESED_synth_soundbank.tar.gz; audio/train/soundbank/foreground/Running_water/52159_1.wav ; official train license TSV,unknown,clsdoa_v1,PRESENT
desed:train:52644_1:clsdoa_v1_srcprep_v1,desed:train:52644,6,running_water,transient,DESED isolated foreground,Running_water,EXACT,52644,train,raw/desed/extracted/audio/train/soundbank/foreground/Running_water/52644_1.wav,6d21c8295b3c51ccba07992f66db1de7a042a32164ef9792925d6add1382b0f7,44100,1,10.081065760,http://creativecommons.org/licenses/sampling+/1.0/,PER_RECORDING_METADATA,DESED_synth_soundbank.tar.gz; audio/train/soundbank/foreground/Running_water/52644_1.wav ; official train license TSV,unknown,clsdoa_v1,PRESENT
desed:train:54276_1:clsdoa_v1_srcprep_v1,desed:train:54276,6,running_water,transient,DESED isolated foreground,Running_water,EXACT,54276,train,raw/desed/extracted/audio/train/soundbank/foreground/Running_water/54276_1.wav,6af857dab8a98068f0cccda92e63bccedc367ef4e230c0902ee57577fa2805fd,44100,1,6.317891156,http://creativecommons.org/publicdomain/zero/1.0/,PER_RECORDING_METADATA,DESED_synth_soundbank.tar.gz; audio/train/soundbank/foreground/Running_water/54276_1.wav ; official train license TSV,unknown,clsdoa_v1,PRESENT
desed:train:54276_2:clsdoa_v1_srcprep_v1,desed:train:54276,6,running_water,transient,DESED isolated foreground,Running_water,EXACT,54276,train,raw/desed/extracted/audio/train/soundbank/foreground/Running_water/54276_2.wav,f3a56351a635833456c5ebc5f8a71a61a7e97f1cab7af87a35cd74f2f35e64ac,44100,1,3.418253968,http://creativecommons.org/publicdomain/zero/1.0/,PER_RECORDING_METADATA,DESED_synth_soundbank.tar.gz; audio/train/soundbank/foreground/Running_water/54276_2.wav ; official train license TSV,unknown,clsdoa_v1,PRESENT
desed:train:54992_1:clsdoa_v1_srcprep_v1,desed:train:54992,6,running_water,transient,DESED isolated foreground,Running_water,EXACT,54992,train,raw/desed/extracted/audio/train/soundbank/foreground/Running_water/54992_1.wav,2bcf76067d3819b4f0bcfdba59fff1b042612d2e2481becb680004405327524b,44100,1,24.004535147,http://creativecommons.org/licenses/sampling+/1.0/,PER_RECORDING_METADATA,DESED_synth_soundbank.tar.gz; audio/train/soundbank/foreground/Running_water/54992_1.wav ; official train license TSV,unknown,clsdoa_v1,PRESENT
desed:train:54992_2:clsdoa_v1_srcprep_v1,desed:train:54992,6,running_water,transient,DESED isolated foreground,Running_water,EXACT,54992,train,raw/desed/extracted/audio/train/soundbank/foreground/Running_water/54992_2.wav,16a636dff7ac7103b20b2fb9dee5b7bcaf28100683c1ff0e0a54ab9c676cf0ff,44100,1,3.597868481,http://creativecommons.org/licenses/sampling+/1.0/,PER_RECORDING_METADATA,DESED_synth_soundbank.tar.gz; audio/train/soundbank/foreground/Running_water/54992_2.wav ; official train license TSV,unknown,clsdoa_v1,PRESENT
desed:train:56269_1:clsdoa_v1_srcprep_v1,desed:train:56269,6,running_water,transient,DESED isolated foreground,Running_water,EXACT,56269,train,raw/desed/extracted/audio/train/soundbank/foreground/Running_water/56269_1.wav,181607cf51d017b8bfc4dfbd962ae2ac603947a75385ae8eebb0ed7add976e2e,44100,1,10.764625850,http://creativecommons.org/publicdomain/zero/1.0/,PER_RECORDING_METADATA,DESED_synth_soundbank.tar.gz; audio/train/soundbank/foreground/Running_water/56269_1.wav ; official train license TSV,unknown,clsdoa_v1,PRESENT
desed:train:59240_1:clsdoa_v1_srcprep_v1,desed:train:59240,6,running_water,transient,DESED isolated foreground,Running_water,EXACT,59240,train,raw/desed/extracted/audio/train/soundbank/foreground/Running_water/59240_1.wav,5f7a6ea75c3eed2368d01c64c9787f2d495d11f4027ddeed04d6e097f80dd440,44100,1,6.452244898,http://creativecommons.org/licenses/by/3.0/,PER_RECORDING_METADATA,DESED_synth_soundbank.tar.gz; audio/train/soundbank/foreground/Running_water/59240_1.wav ; official train license TSV,unknown,clsdoa_v1,PRESENT
desed:train:60829_1:clsdoa_v1_srcprep_v1,desed:train:60829,6,running_water,transient,DESED isolated foreground,Running_water,EXACT,60829,train,raw/desed/extracted/audio/train/soundbank/foreground/Running_water/60829_1.wav,5e600c2248a614e8c88a311c86da07716d88dd8a6e90d15dd1e412bf87c8c0b0,44100,1,11.716712018,http://creativecommons.org/licenses/sampling+/1.0/,PER_RECORDING_METADATA,DESED_synth_soundbank.tar.gz; audio/train/soundbank/foreground/Running_water/60829_1.wav ; official train license TSV,unknown,clsdoa_v1,PRESENT
desed:train:60830:clsdoa_v1_srcprep_v1,desed:train:60830,6,running_water,transient,DESED isolated foreground,Running_water,EXACT,60830,train,raw/desed/extracted/audio/train/soundbank/foreground/Running_water/60830.wav,faccb993863f2cc8173781084a10cc19e0d9b074bd31603476c0b793fbded46a,44100,1,9.684512472,http://creativecommons.org/licenses/sampling+/1.0/,PER_RECORDING_METADATA,DESED_synth_soundbank.tar.gz; audio/train/soundbank/foreground/Running_water/60830.wav ; official train license TSV,unknown,clsdoa_v1,PRESENT
desed:train:62034_0:clsdoa_v1_srcprep_v1,desed:train:62034,6,running_water,transient,DESED isolated foreground,Running_water,EXACT,62034,train,raw/desed/extracted/audio/train/soundbank/foreground/Running_water/62034_0.wav,41427d3bb5a86eca1895c68a5b176eb29e8b57fee96ec28e34d89186546bd96a,44100,1,82.232879819,http://creativecommons.org/licenses/by/3.0/,PER_RECORDING_METADATA,DESED_synth_soundbank.tar.gz; audio/train/soundbank/foreground/Running_water/62034_0.wav ; official train license TSV,unknown,clsdoa_v1,PRESENT
desed:train:62034_1:clsdoa_v1_srcprep_v1,desed:train:62034,6,running_water,transient,DESED isolated foreground,Running_water,EXACT,62034,train,raw/desed/extracted/audio/train/soundbank/foreground/Running_water/62034_1.wav,bceed2e9d3ffaa9c44a7052ce6d38b8579b0d729dc0dc9024d8b310fc90ce53c,44100,1,0.660748299,http://creativecommons.org/licenses/by/3.0/,PER_RECORDING_METADATA,DESED_synth_soundbank.tar.gz; audio/train/soundbank/foreground/Running_water/62034_1.wav ; official train license TSV,unknown,clsdoa_v1,PRESENT
desed:train:68733_1:clsdoa_v1_srcprep_v1,desed:train:68733,6,running_water,transient,DESED isolated foreground,Running_water,EXACT,68733,train,raw/desed/extracted/audio/train/soundbank/foreground/Running_water/68733_1.wav,74d6bc4068091a1e13b18cdc4866f8e32376a0a5aabe68c69ac84b7306bbea97,44100,1,10.757165533,http://creativecommons.org/licenses/by/3.0/,PER_RECORDING_METADATA,DESED_synth_soundbank.tar.gz; audio/train/soundbank/foreground/Running_water/68733_1.wav ; official train license TSV,unknown,clsdoa_v1,PRESENT
desed:train:69231_1:clsdoa_v1_srcprep_v1,desed:train:69231,6,running_water,transient,DESED isolated foreground,Running_water,EXACT,69231,train,raw/desed/extracted/audio/train/soundbank/foreground/Running_water/69231_1.wav,f0159e7d714dfe3fbdcea58f3ce7997c43b3c06b208252343aee26ca85a97646,44100,1,9.220657596,http://creativecommons.org/licenses/sampling+/1.0/,PER_RECORDING_METADATA,DESED_synth_soundbank.tar.gz; audio/train/soundbank/foreground/Running_water/69231_1.wav ; official train license TSV,unknown,clsdoa_v1,PRESENT
desed:train:71044_1:clsdoa_v1_srcprep_v1,desed:train:71044,6,running_water,transient,DESED isolated foreground,Running_water,EXACT,71044,train,raw/desed/extracted/audio/train/soundbank/foreground/Running_water/71044_1.wav,e2c1c2104edfc4e8ae2f59f9eb8084941677fe33861e2e4060a81de380b2a35d,44100,1,54.971133787,http://creativecommons.org/licenses/by/3.0/,PER_RECORDING_METADATA,DESED_synth_soundbank.tar.gz; audio/train/soundbank/foreground/Running_water/71044_1.wav ; official train license TSV,unknown,clsdoa_v1,PRESENT
desed:train:71246_1:clsdoa_v1_srcprep_v1,desed:train:71246,6,running_water,transient,DESED isolated foreground,Running_water,EXACT,71246,train,raw/desed/extracted/audio/train/soundbank/foreground/Running_water/71246_1.wav,944f342c9dcc896566ceab5daf3f6833c4c9b28d79d6e8afd95d3c94d9ab9c01,44100,1,18.079478458,http://creativecommons.org/licenses/by/3.0/,PER_RECORDING_METADATA,DESED_synth_soundbank.tar.gz; audio/train/soundbank/foreground/Running_water/71246_1.wav ; official train license TSV,unknown,clsdoa_v1,PRESENT
desed:train:71587_1:clsdoa_v1_srcprep_v1,desed:train:71587,6,running_water,transient,DESED isolated foreground,Running_water,EXACT,71587,train,raw/desed/extracted/audio/train/soundbank/foreground/Running_water/71587_1.wav,14b74208bc85814bc35f49893ee75414ba9a08a3678799c240fa7f44328472a6,44100,1,9.017482993,http://creativecommons.org/licenses/sampling+/1.0/,PER_RECORDING_METADATA,DESED_synth_soundbank.tar.gz; audio/train/soundbank/foreground/Running_water/71587_1.wav ; official train license TSV,unknown,clsdoa_v1,PRESENT
desed:train:71731_1:clsdoa_v1_srcprep_v1,desed:train:71731,6,running_water,transient,DESED isolated foreground,Running_water,EXACT,71731,train,raw/desed/extracted/audio/train/soundbank/foreground/Running_water/71731_1.wav,a3260737922d1d2ee889c70197eff853c3136ba77f22fdfa29aa82bd846a9931,44100,1,21.403446712,http://creativecommons.org/licenses/by/3.0/,PER_RECORDING_METADATA,DESED_synth_soundbank.tar.gz; audio/train/soundbank/foreground/Running_water/71731_1.wav ; official train license TSV,unknown,clsdoa_v1,PRESENT
desed:train:72200_1:clsdoa_v1_srcprep_v1,desed:train:72200,6,running_water,transient,DESED isolated foreground,Running_water,EXACT,72200,train,raw/desed/extracted/audio/train/soundbank/foreground/Running_water/72200_1.wav,99712103f474efa2591240aa6b1ca69ddca88f7489b6da201f74fdc507f0e11b,44100,1,7.846439909,http://creativecommons.org/licenses/by/3.0/,PER_RECORDING_METADATA,DESED_synth_soundbank.tar.gz; audio/train/soundbank/foreground/Running_water/72200_1.wav ; official train license TSV,unknown,clsdoa_v1,PRESENT
desed:train:72677_1:clsdoa_v1_srcprep_v1,desed:train:72677,6,running_water,transient,DESED isolated foreground,Running_water,EXACT,72677,train,raw/desed/extracted/audio/train/soundbank/foreground/Running_water/72677_1.wav,d0eae662936973bf2a759d126f8cff2893672472e96e324271ce3027d6aa2beb,44100,1,3.605691610,http://creativecommons.org/publicdomain/zero/1.0/,PER_RECORDING_METADATA,DESED_synth_soundbank.tar.gz; audio/train/soundbank/foreground/Running_water/72677_1.wav ; official train license TSV,unknown,clsdoa_v1,PRESENT
desed:train:72677_2:clsdoa_v1_srcprep_v1,desed:train:72677,6,running_water,transient,DESED isolated foreground,Running_water,EXACT,72677,train,raw/desed/extracted/audio/train/soundbank/foreground/Running_water/72677_2.wav,a5eb8291a69468f5bc1de6b4da2c92545ab87ddf99110fce9292c2e7f3bc09d0,44100,1,4.781428571,http://creativecommons.org/publicdomain/zero/1.0/,PER_RECORDING_METADATA,DESED_synth_soundbank.tar.gz; audio/train/soundbank/foreground/Running_water/72677_2.wav ; official train license TSV,unknown,clsdoa_v1,PRESENT
desed:train:74955_1:clsdoa_v1_srcprep_v1,desed:train:74955,6,running_water,transient,DESED isolated foreground,Running_water,EXACT,74955,train,raw/desed/extracted/audio/train/soundbank/foreground/Running_water/74955_1.wav,a8b93ffd559cd219312e9e170ef7d4cdaf0362d2354c32972daf284ae1989b7a,44100,1,6.690204082,http://creativecommons.org/licenses/sampling+/1.0/,PER_RECORDING_METADATA,DESED_synth_soundbank.tar.gz; audio/train/soundbank/foreground/Running_water/74955_1.wav ; official train license TSV,unknown,clsdoa_v1,PRESENT
desed:train:74955_2:clsdoa_v1_srcprep_v1,desed:train:74955,6,running_water,transient,DESED isolated foreground,Running_water,EXACT,74955,train,raw/desed/extracted/audio/train/soundbank/foreground/Running_water/74955_2.wav,59b92c7e68c41e3e003954e902d2d01a7c6da495b84af09d432ee9111844019d,44100,1,4.623333333,http://creativecommons.org/licenses/sampling+/1.0/,PER_RECORDING_METADATA,DESED_synth_soundbank.tar.gz; audio/train/soundbank/foreground/Running_water/74955_2.wav ; official train license TSV,unknown,clsdoa_v1,PRESENT
desed:train:75333:clsdoa_v1_srcprep_v1,desed:train:75333,6,running_water,transient,DESED isolated foreground,Running_water,EXACT,75333,train,raw/desed/extracted/audio/train/soundbank/foreground/Running_water/75333.wav,93f4c3fdc3c7fe03be7a954d0627d67dddebbd8968d8813e0c7085c2fac743b2,44100,1,15.167324263,http://creativecommons.org/licenses/by/3.0/,PER_RECORDING_METADATA,DESED_synth_soundbank.tar.gz; audio/train/soundbank/foreground/Running_water/75333.wav ; official train license TSV,unknown,clsdoa_v1,PRESENT
desed:train:76934_1:clsdoa_v1_srcprep_v1,desed:train:76934,6,running_water,transient,DESED isolated foreground,Running_water,EXACT,76934,train,raw/desed/extracted/audio/train/soundbank/foreground/Running_water/76934_1.wav,cacf51586100734c5c0fa12801613bbe6d6df9ed30f60308b74f6462748162bb,44100,1,2.465873016,http://creativecommons.org/publicdomain/zero/1.0/,PER_RECORDING_METADATA,DESED_synth_soundbank.tar.gz; audio/train/soundbank/foreground/Running_water/76934_1.wav ; official train license TSV,unknown,clsdoa_v1,PRESENT
desed:train:95936_1:clsdoa_v1_srcprep_v1,desed:train:95936,6,running_water,transient,DESED isolated foreground,Running_water,EXACT,95936,train,raw/desed/extracted/audio/train/soundbank/foreground/Running_water/95936_1.wav,d1a3382e0e19dec7bcc1f9dd19da0e053d718e7f7f2b41c9771111a2346a12ed,44100,1,14.971292517,http://creativecommons.org/publicdomain/zero/1.0/,PER_RECORDING_METADATA,DESED_synth_soundbank.tar.gz; audio/train/soundbank/foreground/Running_water/95936_1.wav ; official train license TSV,unknown,clsdoa_v1,PRESENT
desed:train:96507_1:clsdoa_v1_srcprep_v1,desed:train:96507,6,running_water,transient,DESED isolated foreground,Running_water,EXACT,96507,train,raw/desed/extracted/audio/train/soundbank/foreground/Running_water/96507_1.wav,3207b67fa1d4097dd1221e017be308211657dfee2711f3afe160fff33febf422,44100,1,5.511950113,http://creativecommons.org/licenses/by-nc/3.0/,PER_RECORDING_METADATA,DESED_synth_soundbank.tar.gz; audio/train/soundbank/foreground/Running_water/96507_1.wav ; official train license TSV,unknown,clsdoa_v1,PRESENT
desed:train:96508_1:clsdoa_v1_srcprep_v1,desed:train:96508,6,running_water,transient,DESED isolated foreground,Running_water,EXACT,96508,train,raw/desed/extracted/audio/train/soundbank/foreground/Running_water/96508_1.wav,112ffefb8dbc3fd7023eab2d5c6bfe7ffae7df84365c02986f62d4dc3da8ae03,44100,1,8.213877551,http://creativecommons.org/licenses/by-nc/3.0/,PER_RECORDING_METADATA,DESED_synth_soundbank.tar.gz; audio/train/soundbank/foreground/Running_water/96508_1.wav ; official train license TSV,unknown,clsdoa_v1,PRESENT
desed:train:96704_1:clsdoa_v1_srcprep_v1,desed:train:96704,6,running_water,transient,DESED isolated foreground,Running_water,EXACT,96704,train,raw/desed/extracted/audio/train/soundbank/foreground/Running_water/96704_1.wav,f998a695dc606db22eb1cc09a1db285dca00f29d3ddb7118376c8ec28b77947b,44100,1,6.220793651,http://creativecommons.org/licenses/by/3.0/,PER_RECORDING_METADATA,DESED_synth_soundbank.tar.gz; audio/train/soundbank/foreground/Running_water/96704_1.wav ; official train license TSV,unknown,clsdoa_v1,PRESENT
desed:train:96730_1:clsdoa_v1_srcprep_v1,desed:train:96730,6,running_water,transient,DESED isolated foreground,Running_water,EXACT,96730,train,raw/desed/extracted/audio/train/soundbank/foreground/Running_water/96730_1.wav,175c363250e1b63dfabcab46d27f55cbedd7b88d8016ac796b1ee3e6bccf973f,44100,1,7.110385488,http://creativecommons.org/publicdomain/zero/1.0/,PER_RECORDING_METADATA,DESED_synth_soundbank.tar.gz; audio/train/soundbank/foreground/Running_water/96730_1.wav ; official train license TSV,unknown,clsdoa_v1,PRESENT
desed:train:98762_1:clsdoa_v1_srcprep_v1,desed:train:98762,6,running_water,transient,DESED isolated foreground,Running_water,EXACT,98762,train,raw/desed/extracted/audio/train/soundbank/foreground/Running_water/98762_1.wav,9a9338d3ec2bd9335b37248021cb0f1882bcbff25ed564b9f223c3b96acb242a,44100,1,5.517346939,http://creativecommons.org/licenses/by/3.0/,PER_RECORDING_METADATA,DESED_synth_soundbank.tar.gz; audio/train/soundbank/foreground/Running_water/98762_1.wav ; official train license TSV,unknown,clsdoa_v1,PRESENT
desed:train:98765_1:clsdoa_v1_srcprep_v1,desed:train:98765,6,running_water,transient,DESED isolated foreground,Running_water,EXACT,98765,train,raw/desed/extracted/audio/train/soundbank/foreground/Running_water/98765_1.wav,8a09b22e5d31fcd7548d7aaa31e702dc91259c37f5e8019f7915dda154889d99,44100,1,46.876666667,http://creativecommons.org/licenses/by/3.0/,PER_RECORDING_METADATA,DESED_synth_soundbank.tar.gz; audio/train/soundbank/foreground/Running_water/98765_1.wav ; official train license TSV,unknown,clsdoa_v1,PRESENT
desed:train:98767_1:clsdoa_v1_srcprep_v1,desed:train:98767,6,running_water,transient,DESED isolated foreground,Running_water,EXACT,98767,train,raw/desed/extracted/audio/train/soundbank/foreground/Running_water/98767_1.wav,92ede918401f9f066b6a1617fe874de02cda9b2e9fb89f3a4c3ad8e834a51f4e,44100,1,7.575102041,http://creativecommons.org/licenses/by/3.0/,PER_RECORDING_METADATA,DESED_synth_soundbank.tar.gz; audio/train/soundbank/foreground/Running_water/98767_1.wav ; official train license TSV,unknown,clsdoa_v1,PRESENT
desed:train:98768_1:clsdoa_v1_srcprep_v1,desed:train:98768,6,running_water,transient,DESED isolated foreground,Running_water,EXACT,98768,train,raw/desed/extracted/audio/train/soundbank/foreground/Running_water/98768_1.wav,a6eafc0917ee67fbb3d1ec3a0903da6f8b70f737114efd1151c9e6eb6aa92908,44100,1,11.761224490,http://creativecommons.org/licenses/by/3.0/,PER_RECORDING_METADATA,DESED_synth_soundbank.tar.gz; audio/train/soundbank/foreground/Running_water/98768_1.wav ; official train license TSV,unknown,clsdoa_v1,PRESENT
desed:train:98770_1:clsdoa_v1_srcprep_v1,desed:train:98770,6,running_water,transient,DESED isolated foreground,Running_water,EXACT,98770,train,raw/desed/extracted/audio/train/soundbank/foreground/Running_water/98770_1.wav,6e259a7fc28f337809268f63bee265aa9815d498152ecce58ef457a4e3e76106,44100,1,4.244308390,http://creativecommons.org/licenses/by/3.0/,PER_RECORDING_METADATA,DESED_synth_soundbank.tar.gz; audio/train/soundbank/foreground/Running_water/98770_1.wav ; official train license TSV,unknown,clsdoa_v1,PRESENT
desed:train:98772:clsdoa_v1_srcprep_v1,desed:train:98772,6,running_water,transient,DESED isolated foreground,Running_water,EXACT,98772,train,raw/desed/extracted/audio/train/soundbank/foreground/Running_water/98772.wav,43a12220a8b6c5f5e2958976943bb1e96ab84ed23852a8d25ea8b473662bdd36,44100,1,67.339138322,http://creativecommons.org/licenses/by/3.0/,PER_RECORDING_METADATA,DESED_synth_soundbank.tar.gz; audio/train/soundbank/foreground/Running_water/98772.wav ; official train license TSV,unknown,clsdoa_v1,PRESENT
desed:train:98777_1:clsdoa_v1_srcprep_v1,desed:train:98777,6,running_water,transient,DESED isolated foreground,Running_water,EXACT,98777,train,raw/desed/extracted/audio/train/soundbank/foreground/Running_water/98777_1.wav,43f49cef09b89a041c9cc9b2950bf62440eb52a1bcc216c4267e468fd23ce1ad,44100,1,2.833174603,http://creativecommons.org/licenses/by/3.0/,PER_RECORDING_METADATA,DESED_synth_soundbank.tar.gz; audio/train/soundbank/foreground/Running_water/98777_1.wav ; official train license TSV,unknown,clsdoa_v1,PRESENT
desed:train:98778_1:clsdoa_v1_srcprep_v1,desed:train:98778,6,running_water,transient,DESED isolated foreground,Running_water,EXACT,98778,train,raw/desed/extracted/audio/train/soundbank/foreground/Running_water/98778_1.wav,0e4eee24e597a214d594a1f7de1aa5d5f22d4686e5a363e6bc38d6c98f5df0d5,44100,1,5.130272109,http://creativecommons.org/licenses/by/3.0/,PER_RECORDING_METADATA,DESED_synth_soundbank.tar.gz; audio/train/soundbank/foreground/Running_water/98778_1.wav ; official train license TSV,unknown,clsdoa_v1,PRESENT
desed:train:98778_2:clsdoa_v1_srcprep_v1,desed:train:98778,6,running_water,transient,DESED isolated foreground,Running_water,EXACT,98778,train,raw/desed/extracted/audio/train/soundbank/foreground/Running_water/98778_2.wav,bce3d5152eb6cce96af2f7f3f0b64fe24bceb12686fafaafbb6a7f9c51bf2492,44100,1,0.556553288,http://creativecommons.org/licenses/by/3.0/,PER_RECORDING_METADATA,DESED_synth_soundbank.tar.gz; audio/train/soundbank/foreground/Running_water/98778_2.wav ; official train license TSV,unknown,clsdoa_v1,PRESENT
desed:train:98780_1:clsdoa_v1_srcprep_v1,desed:train:98780,6,running_water,transient,DESED isolated foreground,Running_water,EXACT,98780,train,raw/desed/extracted/audio/train/soundbank/foreground/Running_water/98780_1.wav,36c0a6d136a274f7407ce902c343a2242c0d5cb54697f3cd51f36de975d670c2,44100,1,7.377641723,http://creativecommons.org/licenses/by/3.0/,PER_RECORDING_METADATA,DESED_synth_soundbank.tar.gz; audio/train/soundbank/foreground/Running_water/98780_1.wav ; official train license TSV,unknown,clsdoa_v1,PRESENT
desed:train:98781_1:clsdoa_v1_srcprep_v1,desed:train:98781,6,running_water,transient,DESED isolated foreground,Running_water,EXACT,98781,train,raw/desed/extracted/audio/train/soundbank/foreground/Running_water/98781_1.wav,c0108c91db7310fcdc275e017244078d3054b70e8c362d26233b68c550b39f97,44100,1,25.738956916,http://creativecommons.org/licenses/by/3.0/,PER_RECORDING_METADATA,DESED_synth_soundbank.tar.gz; audio/train/soundbank/foreground/Running_water/98781_1.wav ; official train license TSV,unknown,clsdoa_v1,PRESENT
desed:train:98783_1:clsdoa_v1_srcprep_v1,desed:train:98783,6,running_water,transient,DESED isolated foreground,Running_water,EXACT,98783,train,raw/desed/extracted/audio/train/soundbank/foreground/Running_water/98783_1.wav,2aeb756d45cd9b50fdfb199fd3358e930fd42fe47e8810b3e65ea706b290e30a,44100,1,4.551791383,http://creativecommons.org/licenses/by/3.0/,PER_RECORDING_METADATA,DESED_synth_soundbank.tar.gz; audio/train/soundbank/foreground/Running_water/98783_1.wav ; official train license TSV,unknown,clsdoa_v1,PRESENT
desed:train:98786_0:clsdoa_v1_srcprep_v1,desed:train:98786,6,running_water,transient,DESED isolated foreground,Running_water,EXACT,98786,train,raw/desed/extracted/audio/train/soundbank/foreground/Running_water/98786_0.wav,1304e9a0d1f9111b00eeb7d59961b6cd541565327e27a2624ec4c6622f67e18d,44100,1,6.232766440,http://creativecommons.org/licenses/by/3.0/,PER_RECORDING_METADATA,DESED_synth_soundbank.tar.gz; audio/train/soundbank/foreground/Running_water/98786_0.wav ; official train license TSV,unknown,clsdoa_v1,PRESENT
desed:train:98786_1:clsdoa_v1_srcprep_v1,desed:train:98786,6,running_water,transient,DESED isolated foreground,Running_water,EXACT,98786,train,raw/desed/extracted/audio/train/soundbank/foreground/Running_water/98786_1.wav,9e81398ae986e3bc5104efc89f70c8d259edb699321d10b544fd3044cbe5c873,44100,1,0.119297052,http://creativecommons.org/licenses/by/3.0/,PER_RECORDING_METADATA,DESED_synth_soundbank.tar.gz; audio/train/soundbank/foreground/Running_water/98786_1.wav ; official train license TSV,unknown,clsdoa_v1,PRESENT
desed:train:98790_1:clsdoa_v1_srcprep_v1,desed:train:98790,6,running_water,transient,DESED isolated foreground,Running_water,EXACT,98790,train,raw/desed/extracted/audio/train/soundbank/foreground/Running_water/98790_1.wav,e8032fb1f2ced104275134cc125fee53dc8db0575a966dd9c3422e1e3c7d20ab,44100,1,5.321746032,http://creativecommons.org/licenses/by/3.0/,PER_RECORDING_METADATA,DESED_synth_soundbank.tar.gz; audio/train/soundbank/foreground/Running_water/98790_1.wav ; official train license TSV,unknown,clsdoa_v1,PRESENT
desed:train:98792_1:clsdoa_v1_srcprep_v1,desed:train:98792,6,running_water,transient,DESED isolated foreground,Running_water,EXACT,98792,train,raw/desed/extracted/audio/train/soundbank/foreground/Running_water/98792_1.wav,6c2f0ec60bcfda378572058f3582b7b294c62dc93126de6842be2f25d32e2d85,44100,1,4.115782313,http://creativecommons.org/licenses/by/3.0/,PER_RECORDING_METADATA,DESED_synth_soundbank.tar.gz; audio/train/soundbank/foreground/Running_water/98792_1.wav ; official train license TSV,unknown,clsdoa_v1,PRESENT
desed:train:99438_1:clsdoa_v1_srcprep_v1,desed:train:99438,6,running_water,transient,DESED isolated foreground,Running_water,EXACT,99438,train,raw/desed/extracted/audio/train/soundbank/foreground/Running_water/99438_1.wav,be4dfd566f8449cfae3a837ea29963736733f0ed6fdf7c5d441c142f4b389eba,44100,1,3.415147392,http://creativecommons.org/licenses/by-nc/3.0/,PER_RECORDING_METADATA,DESED_synth_soundbank.tar.gz; audio/train/soundbank/foreground/Running_water/99438_1.wav ; official train license TSV,unknown,clsdoa_v1,PRESENT
desed:train:104736:clsdoa_v1_srcprep_v1,desed:train:104736,5,speech,transient,DESED isolated foreground,Speech,EXACT,104736,train,raw/desed/extracted/audio/train/soundbank/foreground/Speech/104736.wav,3618070101daee1cb1b3f0d5c09f559966785f7dce37c34a8771eacb3b0aee7d,44100,1,4.966802721,http://creativecommons.org/licenses/by/3.0/,PER_RECORDING_METADATA,DESED_synth_soundbank.tar.gz; audio/train/soundbank/foreground/Speech/104736.wav ; official train license TSV,unknown,clsdoa_v1,PRESENT
desed:train:106436_0:clsdoa_v1_srcprep_v1,desed:train:106436,5,speech,transient,DESED isolated foreground,Speech,EXACT,106436,train,raw/desed/extracted/audio/train/soundbank/foreground/Speech/106436_0.wav,2dd5825ab9fb1ab886f3d68c1b8b68144ca3e0ee46221c184d8fcc2e491f4eff,44100,1,1.136417234,http://creativecommons.org/licenses/by/3.0/,PER_RECORDING_METADATA,DESED_synth_soundbank.tar.gz; audio/train/soundbank/foreground/Speech/106436_0.wav ; official train license TSV,unknown,clsdoa_v1,PRESENT
desed:train:106436_1:clsdoa_v1_srcprep_v1,desed:train:106436,5,speech,transient,DESED isolated foreground,Speech,EXACT,106436,train,raw/desed/extracted/audio/train/soundbank/foreground/Speech/106436_1.wav,42747b702e55ad4c4d1a2256680a22f2c17a22e75291e22bd5252f6df2e72430,44100,1,0.489070295,http://creativecommons.org/licenses/by/3.0/,PER_RECORDING_METADATA,DESED_synth_soundbank.tar.gz; audio/train/soundbank/foreground/Speech/106436_1.wav ; official train license TSV,unknown,clsdoa_v1,PRESENT
desed:train:106436_2:clsdoa_v1_srcprep_v1,desed:train:106436,5,speech,transient,DESED isolated foreground,Speech,EXACT,106436,train,raw/desed/extracted/audio/train/soundbank/foreground/Speech/106436_2.wav,1809e68158373bd9c3a4500ca14cd378e90398bbcdea69ef508abd205fbf286f,44100,1,0.598412698,http://creativecommons.org/licenses/by/3.0/,PER_RECORDING_METADATA,DESED_synth_soundbank.tar.gz; audio/train/soundbank/foreground/Speech/106436_2.wav ; official train license TSV,unknown,clsdoa_v1,PRESENT
desed:train:106438:clsdoa_v1_srcprep_v1,desed:train:106438,5,speech,transient,DESED isolated foreground,Speech,EXACT,106438,train,raw/desed/extracted/audio/train/soundbank/foreground/Speech/106438.wav,890cba224f43bf6a8bef542f1dd39a848c6c2e1aee3f1ba736c27076c19a4f86,44100,1,0.980521542,http://creativecommons.org/licenses/by/3.0/,PER_RECORDING_METADATA,DESED_synth_soundbank.tar.gz; audio/train/soundbank/foreground/Speech/106438.wav ; official train license TSV,unknown,clsdoa_v1,PRESENT
desed:train:106441_0:clsdoa_v1_srcprep_v1,desed:train:106441,5,speech,transient,DESED isolated foreground,Speech,EXACT,106441,train,raw/desed/extracted/audio/train/soundbank/foreground/Speech/106441_0.wav,209b2b52969b3d7d1a163ef97f2b316c331124b6d20a132039a8fd12a278ae0b,44100,1,0.921156463,http://creativecommons.org/licenses/by/3.0/,PER_RECORDING_METADATA,DESED_synth_soundbank.tar.gz; audio/train/soundbank/foreground/Speech/106441_0.wav ; official train license TSV,unknown,clsdoa_v1,PRESENT
desed:train:106441_1:clsdoa_v1_srcprep_v1,desed:train:106441,5,speech,transient,DESED isolated foreground,Speech,EXACT,106441,train,raw/desed/extracted/audio/train/soundbank/foreground/Speech/106441_1.wav,682f883f9f9d0dadec4a1f26e4f2d12d989a7044cd48d103cf9977eb992ce84f,44100,1,0.706780045,http://creativecommons.org/licenses/by/3.0/,PER_RECORDING_METADATA,DESED_synth_soundbank.tar.gz; audio/train/soundbank/foreground/Speech/106441_1.wav ; official train license TSV,unknown,clsdoa_v1,PRESENT
desed:train:106454_0:clsdoa_v1_srcprep_v1,desed:train:106454,5,speech,transient,DESED isolated foreground,Speech,EXACT,106454,train,raw/desed/extracted/audio/train/soundbank/foreground/Speech/106454_0.wav,076368b95967ab0a387bf12b7e18924076311ec1e308a3740d401e873b95660d,44100,1,1.841405896,http://creativecommons.org/licenses/by/3.0/,PER_RECORDING_METADATA,DESED_synth_soundbank.tar.gz; audio/train/soundbank/foreground/Speech/106454_0.wav ; official train license TSV,unknown,clsdoa_v1,PRESENT
desed:train:106454_1:clsdoa_v1_srcprep_v1,desed:train:106454,5,speech,transient,DESED isolated foreground,Speech,EXACT,106454,train,raw/desed/extracted/audio/train/soundbank/foreground/Speech/106454_1.wav,2b8b49b08103d2305113b43a736fc834d06985036560cfa8978f0b6b72f8ebef,44100,1,0.729569161,http://creativecommons.org/licenses/by/3.0/,PER_RECORDING_METADATA,DESED_synth_soundbank.tar.gz; audio/train/soundbank/foreground/Speech/106454_1.wav ; official train license TSV,unknown,clsdoa_v1,PRESENT
desed:train:106454_2:clsdoa_v1_srcprep_v1,desed:train:106454,5,speech,transient,DESED isolated foreground,Speech,EXACT,106454,train,raw/desed/extracted/audio/train/soundbank/foreground/Speech/106454_2.wav,c3f22ab6d0eadf2551353701eca08d8d82ce6c35228f4a5cf2151e5f43429580,44100,1,0.560136054,http://creativecommons.org/licenses/by/3.0/,PER_RECORDING_METADATA,DESED_synth_soundbank.tar.gz; audio/train/soundbank/foreground/Speech/106454_2.wav ; official train license TSV,unknown,clsdoa_v1,PRESENT
desed:train:106468_0:clsdoa_v1_srcprep_v1,desed:train:106468,5,speech,transient,DESED isolated foreground,Speech,EXACT,106468,train,raw/desed/extracted/audio/train/soundbank/foreground/Speech/106468_0.wav,c9b6aa1d0e5e703c55f60116a70badb4c278a14708721f3d52581155a7cb90b4,44100,1,1.147346939,http://creativecommons.org/licenses/by/3.0/,PER_RECORDING_METADATA,DESED_synth_soundbank.tar.gz; audio/train/soundbank/foreground/Speech/106468_0.wav ; official train license TSV,unknown,clsdoa_v1,PRESENT
desed:train:106468_1:clsdoa_v1_srcprep_v1,desed:train:106468,5,speech,transient,DESED isolated foreground,Speech,EXACT,106468,train,raw/desed/extracted/audio/train/soundbank/foreground/Speech/106468_1.wav,369a432fd8af341e3c56fa62179defcdee7594765a61dbd43f9d5c67cf942fd4,44100,1,2.392721088,http://creativecommons.org/licenses/by/3.0/,PER_RECORDING_METADATA,DESED_synth_soundbank.tar.gz; audio/train/soundbank/foreground/Speech/106468_1.wav ; official train license TSV,unknown,clsdoa_v1,PRESENT
desed:train:106468_2:clsdoa_v1_srcprep_v1,desed:train:106468,5,speech,transient,DESED isolated foreground,Speech,EXACT,106468,train,raw/desed/extracted/audio/train/soundbank/foreground/Speech/106468_2.wav,b0383094f031da8e1e379da5fbf00d0038e4cc31a67c0bea5000cfc19c10895e,44100,1,2.518956916,http://creativecommons.org/licenses/by/3.0/,PER_RECORDING_METADATA,DESED_synth_soundbank.tar.gz; audio/train/soundbank/foreground/Speech/106468_2.wav ; official train license TSV,unknown,clsdoa_v1,PRESENT
desed:train:106468_3:clsdoa_v1_srcprep_v1,desed:train:106468,5,speech,transient,DESED isolated foreground,Speech,EXACT,106468,train,raw/desed/extracted/audio/train/soundbank/foreground/Speech/106468_3.wav,198040b18b35b0eb60f9c66c24356fc820a2eaaef28902e59b67ee4cfa4a33e1,44100,1,0.814943311,http://creativecommons.org/licenses/by/3.0/,PER_RECORDING_METADATA,DESED_synth_soundbank.tar.gz; audio/train/soundbank/foreground/Speech/106468_3.wav ; official train license TSV,unknown,clsdoa_v1,PRESENT
desed:train:107542:clsdoa_v1_srcprep_v1,desed:train:107542,5,speech,transient,DESED isolated foreground,Speech,EXACT,107542,train,raw/desed/extracted/audio/train/soundbank/foreground/Speech/107542.wav,0b73ef2fd5c53a86dd70da2ea82bf53e65595891ede2a200abb103030c57ecf4,44100,1,1.901950113,http://creativecommons.org/licenses/by/3.0/,PER_RECORDING_METADATA,DESED_synth_soundbank.tar.gz; audio/train/soundbank/foreground/Speech/107542.wav ; official train license TSV,unknown,clsdoa_v1,PRESENT
desed:train:107808_0:clsdoa_v1_srcprep_v1,desed:train:107808,5,speech,transient,DESED isolated foreground,Speech,EXACT,107808,train,raw/desed/extracted/audio/train/soundbank/foreground/Speech/107808_0.wav,b473f22ed0ae3ff90e61d185a1718fee25641a656a4694388a397811630bc3ec,44100,1,1.797981859,http://creativecommons.org/licenses/by/3.0/,PER_RECORDING_METADATA,DESED_synth_soundbank.tar.gz; audio/train/soundbank/foreground/Speech/107808_0.wav ; official train license TSV,unknown,clsdoa_v1,PRESENT
desed:train:107808_1:clsdoa_v1_srcprep_v1,desed:train:107808,5,speech,transient,DESED isolated foreground,Speech,EXACT,107808,train,raw/desed/extracted/audio/train/soundbank/foreground/Speech/107808_1.wav,b62d8943690cdbd60022ad68e1f350b5f65fb0a330de5e8126d18a3b69f203ff,44100,1,1.476326531,http://creativecommons.org/licenses/by/3.0/,PER_RECORDING_METADATA,DESED_synth_soundbank.tar.gz; audio/train/soundbank/foreground/Speech/107808_1.wav ; official train license TSV,unknown,clsdoa_v1,PRESENT
desed:train:108875:clsdoa_v1_srcprep_v1,desed:train:108875,5,speech,transient,DESED isolated foreground,Speech,EXACT,108875,train,raw/desed/extracted/audio/train/soundbank/foreground/Speech/108875.wav,342f0bfab2be9f9aeafe0cfdbc8d86c920459ddfdfe3379e90dd21407dac1b17,44100,1,1.430408163,http://creativecommons.org/licenses/by/3.0/,PER_RECORDING_METADATA,DESED_synth_soundbank.tar.gz; audio/train/soundbank/foreground/Speech/108875.wav ; official train license TSV,unknown,clsdoa_v1,PRESENT
desed:train:108885_0:clsdoa_v1_srcprep_v1,desed:train:108885,5,speech,transient,DESED isolated foreground,Speech,EXACT,108885,train,raw/desed/extracted/audio/train/soundbank/foreground/Speech/108885_0.wav,40b85273ea3904720d4c9cebdca18e6a3f194d2976866c0ad68f61b8909c4738,44100,1,1.066281179,http://creativecommons.org/licenses/by/3.0/,PER_RECORDING_METADATA,DESED_synth_soundbank.tar.gz; audio/train/soundbank/foreground/Speech/108885_0.wav ; official train license TSV,unknown,clsdoa_v1,PRESENT
desed:train:108885_1:clsdoa_v1_srcprep_v1,desed:train:108885,5,speech,transient,DESED isolated foreground,Speech,EXACT,108885,train,raw/desed/extracted/audio/train/soundbank/foreground/Speech/108885_1.wav,06907bd2db29a3771a7ec0655254d1a6239fc5f43630b44ae3b4c2089802ba0a,44100,1,0.343809524,http://creativecommons.org/licenses/by/3.0/,PER_RECORDING_METADATA,DESED_synth_soundbank.tar.gz; audio/train/soundbank/foreground/Speech/108885_1.wav ; official train license TSV,unknown,clsdoa_v1,PRESENT
desed:train:109859_0:clsdoa_v1_srcprep_v1,desed:train:109859,5,speech,transient,DESED isolated foreground,Speech,EXACT,109859,train,raw/desed/extracted/audio/train/soundbank/foreground/Speech/109859_0.wav,fefd991f72bab803d308b98bdac0333e06ab1ad7fef468d8980e09e14075d68c,44100,1,0.792970522,http://creativecommons.org/licenses/by/3.0/,PER_RECORDING_METADATA,DESED_synth_soundbank.tar.gz; audio/train/soundbank/foreground/Speech/109859_0.wav ; official train license TSV,unknown,clsdoa_v1,PRESENT
desed:train:109859_1:clsdoa_v1_srcprep_v1,desed:train:109859,5,speech,transient,DESED isolated foreground,Speech,EXACT,109859,train,raw/desed/extracted/audio/train/soundbank/foreground/Speech/109859_1.wav,29890c4f7983e48c4c51d85d43bc2d665fb30cd3d6c01f7b84372d0c075b5a70,44100,1,2.432517007,http://creativecommons.org/licenses/by/3.0/,PER_RECORDING_METADATA,DESED_synth_soundbank.tar.gz; audio/train/soundbank/foreground/Speech/109859_1.wav ; official train license TSV,unknown,clsdoa_v1,PRESENT
desed:train:109911_0:clsdoa_v1_srcprep_v1,desed:train:109911,5,speech,transient,DESED isolated foreground,Speech,EXACT,109911,train,raw/desed/extracted/audio/train/soundbank/foreground/Speech/109911_0.wav,2aff10f7bdeee95afd27c719018ee72c384beb14843e2c972d90d6abff2abf51,44100,1,0.477596372,http://creativecommons.org/licenses/by/3.0/,PER_RECORDING_METADATA,DESED_synth_soundbank.tar.gz; audio/train/soundbank/foreground/Speech/109911_0.wav ; official train license TSV,unknown,clsdoa_v1,PRESENT
desed:train:109911_1:clsdoa_v1_srcprep_v1,desed:train:109911,5,speech,transient,DESED isolated foreground,Speech,EXACT,109911,train,raw/desed/extracted/audio/train/soundbank/foreground/Speech/109911_1.wav,48fd105ca815a9e4a0bfa57c5133b8f8c5033cddb5b7aa7949691f6ec7ec2a06,44100,1,0.344648526,http://creativecommons.org/licenses/by/3.0/,PER_RECORDING_METADATA,DESED_synth_soundbank.tar.gz; audio/train/soundbank/foreground/Speech/109911_1.wav ; official train license TSV,unknown,clsdoa_v1,PRESENT
desed:train:124810_0:clsdoa_v1_srcprep_v1,desed:train:124810,5,speech,transient,DESED isolated foreground,Speech,EXACT,124810,train,raw/desed/extracted/audio/train/soundbank/foreground/Speech/124810_0.wav,109aa4ef33f6617d06792766a6650d0f29fbcf13237586b0ce4202aa8b11e242,44100,1,1.155578231,http://creativecommons.org/licenses/by/3.0/,PER_RECORDING_METADATA,DESED_synth_soundbank.tar.gz; audio/train/soundbank/foreground/Speech/124810_0.wav ; official train license TSV,unknown,clsdoa_v1,PRESENT
desed:train:124810_1:clsdoa_v1_srcprep_v1,desed:train:124810,5,speech,transient,DESED isolated foreground,Speech,EXACT,124810,train,raw/desed/extracted/audio/train/soundbank/foreground/Speech/124810_1.wav,d08dfe10356016c9431e804ebc61add9c34e74264f726f6d22f46ad2e51502bd,44100,1,1.240680272,http://creativecommons.org/licenses/by/3.0/,PER_RECORDING_METADATA,DESED_synth_soundbank.tar.gz; audio/train/soundbank/foreground/Speech/124810_1.wav ; official train license TSV,unknown,clsdoa_v1,PRESENT
desed:train:124810_2:clsdoa_v1_srcprep_v1,desed:train:124810,5,speech,transient,DESED isolated foreground,Speech,EXACT,124810,train,raw/desed/extracted/audio/train/soundbank/foreground/Speech/124810_2.wav,524480b9cbe7f36109dc1e83faeb21c097057844e92e80377d069b4f35d22f80,44100,1,1.472562358,http://creativecommons.org/licenses/by/3.0/,PER_RECORDING_METADATA,DESED_synth_soundbank.tar.gz; audio/train/soundbank/foreground/Speech/124810_2.wav ; official train license TSV,unknown,clsdoa_v1,PRESENT
desed:train:124818:clsdoa_v1_srcprep_v1,desed:train:124818,5,speech,transient,DESED isolated foreground,Speech,EXACT,124818,train,raw/desed/extracted/audio/train/soundbank/foreground/Speech/124818.wav,d546dddc761a22e3f6bfeb6a23e74bce86283631418d6dee054659524a6e5453,44100,1,1.370000000,http://creativecommons.org/licenses/by/3.0/,PER_RECORDING_METADATA,DESED_synth_soundbank.tar.gz; audio/train/soundbank/foreground/Speech/124818.wav ; official train license TSV,unknown,clsdoa_v1,PRESENT
desed:train:147985_0:clsdoa_v1_srcprep_v1,desed:train:147985,5,speech,transient,DESED isolated foreground,Speech,EXACT,147985,train,raw/desed/extracted/audio/train/soundbank/foreground/Speech/147985_0.wav,be5e9c07130d405dd96f1f4e1f5e30ebcecc69328b8fd5805dcd9bc7e7603c7b,44100,1,0.580113379,http://creativecommons.org/publicdomain/zero/1.0/,PER_RECORDING_METADATA,DESED_synth_soundbank.tar.gz; audio/train/soundbank/foreground/Speech/147985_0.wav ; official train license TSV,unknown,clsdoa_v1,PRESENT
desed:train:147985_1:clsdoa_v1_srcprep_v1,desed:train:147985,5,speech,transient,DESED isolated foreground,Speech,EXACT,147985,train,raw/desed/extracted/audio/train/soundbank/foreground/Speech/147985_1.wav,fdb2c7c0169ac235ef3605da2c062cb629466a6dbc5bb33e8f1c6b16ddbfbc13,44100,1,1.026235828,http://creativecommons.org/publicdomain/zero/1.0/,PER_RECORDING_METADATA,DESED_synth_soundbank.tar.gz; audio/train/soundbank/foreground/Speech/147985_1.wav ; official train license TSV,unknown,clsdoa_v1,PRESENT
desed:train:147985_10:clsdoa_v1_srcprep_v1,desed:train:147985,5,speech,transient,DESED isolated foreground,Speech,EXACT,147985,train,raw/desed/extracted/audio/train/soundbank/foreground/Speech/147985_10.wav,e7ca37f561b4b79e9fcb897857074dbcee0d8754c81c43c29dfa8e0c56384092,44100,1,2.278163265,http://creativecommons.org/publicdomain/zero/1.0/,PER_RECORDING_METADATA,DESED_synth_soundbank.tar.gz; audio/train/soundbank/foreground/Speech/147985_10.wav ; official train license TSV,unknown,clsdoa_v1,PRESENT
desed:train:147985_11:clsdoa_v1_srcprep_v1,desed:train:147985,5,speech,transient,DESED isolated foreground,Speech,EXACT,147985,train,raw/desed/extracted/audio/train/soundbank/foreground/Speech/147985_11.wav,874b29754f08027b8c5d2fce3daf9ee936943ab73f357adda2552f2c38e76b04,44100,1,1.859750567,http://creativecommons.org/publicdomain/zero/1.0/,PER_RECORDING_METADATA,DESED_synth_soundbank.tar.gz; audio/train/soundbank/foreground/Speech/147985_11.wav ; official train license TSV,unknown,clsdoa_v1,PRESENT
desed:train:147985_12:clsdoa_v1_srcprep_v1,desed:train:147985,5,speech,transient,DESED isolated foreground,Speech,EXACT,147985,train,raw/desed/extracted/audio/train/soundbank/foreground/Speech/147985_12.wav,75a4780a56985a75703736e596b1fc9f5bb663ff5f1f5a383d7b33bda9618ab1,44100,1,0.527913832,http://creativecommons.org/publicdomain/zero/1.0/,PER_RECORDING_METADATA,DESED_synth_soundbank.tar.gz; audio/train/soundbank/foreground/Speech/147985_12.wav ; official train license TSV,unknown,clsdoa_v1,PRESENT
desed:train:147985_13:clsdoa_v1_srcprep_v1,desed:train:147985,5,speech,transient,DESED isolated foreground,Speech,EXACT,147985,train,raw/desed/extracted/audio/train/soundbank/foreground/Speech/147985_13.wav,cf74d9252e1ed3d42246fde240799d2f4824817475d49af4ad4ff0baef4cda61,44100,1,1.732653061,http://creativecommons.org/publicdomain/zero/1.0/,PER_RECORDING_METADATA,DESED_synth_soundbank.tar.gz; audio/train/soundbank/foreground/Speech/147985_13.wav ; official train license TSV,unknown,clsdoa_v1,PRESENT
desed:train:147985_14:clsdoa_v1_srcprep_v1,desed:train:147985,5,speech,transient,DESED isolated foreground,Speech,EXACT,147985,train,raw/desed/extracted/audio/train/soundbank/foreground/Speech/147985_14.wav,f4317d54646103dc75f11d19515b3072e73ae06a9866c388d423cbfb1938306b,44100,1,1.924988662,http://creativecommons.org/publicdomain/zero/1.0/,PER_RECORDING_METADATA,DESED_synth_soundbank.tar.gz; audio/train/soundbank/foreground/Speech/147985_14.wav ; official train license TSV,unknown,clsdoa_v1,PRESENT
desed:train:147985_15:clsdoa_v1_srcprep_v1,desed:train:147985,5,speech,transient,DESED isolated foreground,Speech,EXACT,147985,train,raw/desed/extracted/audio/train/soundbank/foreground/Speech/147985_15.wav,ed9eea2c5b7e46d0f02e6dee635b916ad3a6ba02757eab0fd4f05da63b4b1b7a,44100,1,1.675804989,http://creativecommons.org/publicdomain/zero/1.0/,PER_RECORDING_METADATA,DESED_synth_soundbank.tar.gz; audio/train/soundbank/foreground/Speech/147985_15.wav ; official train license TSV,unknown,clsdoa_v1,PRESENT
desed:train:147985_16:clsdoa_v1_srcprep_v1,desed:train:147985,5,speech,transient,DESED isolated foreground,Speech,EXACT,147985,train,raw/desed/extracted/audio/train/soundbank/foreground/Speech/147985_16.wav,6650d00e29ce88032fa21ec344401fc6ea17777ecfb80c0d4e04235526ea91b8,44100,1,1.648390023,http://creativecommons.org/publicdomain/zero/1.0/,PER_RECORDING_METADATA,DESED_synth_soundbank.tar.gz; audio/train/soundbank/foreground/Speech/147985_16.wav ; official train license TSV,unknown,clsdoa_v1,PRESENT
desed:train:147985_17:clsdoa_v1_srcprep_v1,desed:train:147985,5,speech,transient,DESED isolated foreground,Speech,EXACT,147985,train,raw/desed/extracted/audio/train/soundbank/foreground/Speech/147985_17.wav,3617c85dca8ba7ab31259ba3b6d7a57589f81073436cb613ff013bfc0092ddbb,44100,1,1.973877551,http://creativecommons.org/publicdomain/zero/1.0/,PER_RECORDING_METADATA,DESED_synth_soundbank.tar.gz; audio/train/soundbank/foreground/Speech/147985_17.wav ; official train license TSV,unknown,clsdoa_v1,PRESENT
desed:train:147985_18:clsdoa_v1_srcprep_v1,desed:train:147985,5,speech,transient,DESED isolated foreground,Speech,EXACT,147985,train,raw/desed/extracted/audio/train/soundbank/foreground/Speech/147985_18.wav,f693ae6b382bcda2bd3de98c2948837950f2aa7e9ea34470fe69990e801743fd,44100,1,0.401859410,http://creativecommons.org/publicdomain/zero/1.0/,PER_RECORDING_METADATA,DESED_synth_soundbank.tar.gz; audio/train/soundbank/foreground/Speech/147985_18.wav ; official train license TSV,unknown,clsdoa_v1,PRESENT
desed:train:147985_19:clsdoa_v1_srcprep_v1,desed:train:147985,5,speech,transient,DESED isolated foreground,Speech,EXACT,147985,train,raw/desed/extracted/audio/train/soundbank/foreground/Speech/147985_19.wav,d57cdbd7fe2304542cecefd9ff7428a7729d044e3330d7ed2b0e61939cac106a,44100,1,1.419863946,http://creativecommons.org/publicdomain/zero/1.0/,PER_RECORDING_METADATA,DESED_synth_soundbank.tar.gz; audio/train/soundbank/foreground/Speech/147985_19.wav ; official train license TSV,unknown,clsdoa_v1,PRESENT
desed:train:147985_2:clsdoa_v1_srcprep_v1,desed:train:147985,5,speech,transient,DESED isolated foreground,Speech,EXACT,147985,train,raw/desed/extracted/audio/train/soundbank/foreground/Speech/147985_2.wav,cef647d50724bd0d740b2a559976fb1d0eba7291aea73963dddc982913b7a016,44100,1,1.280657596,http://creativecommons.org/publicdomain/zero/1.0/,PER_RECORDING_METADATA,DESED_synth_soundbank.tar.gz; audio/train/soundbank/foreground/Speech/147985_2.wav ; official train license TSV,unknown,clsdoa_v1,PRESENT
desed:train:147985_20:clsdoa_v1_srcprep_v1,desed:train:147985,5,speech,transient,DESED isolated foreground,Speech,EXACT,147985,train,raw/desed/extracted/audio/train/soundbank/foreground/Speech/147985_20.wav,e46d94dec5e78d8920a313a76d7f90ded196b4e773ec7ffc3771a689895cf8a6,44100,1,2.214285714,http://creativecommons.org/publicdomain/zero/1.0/,PER_RECORDING_METADATA,DESED_synth_soundbank.tar.gz; audio/train/soundbank/foreground/Speech/147985_20.wav ; official train license TSV,unknown,clsdoa_v1,PRESENT
desed:train:147985_21:clsdoa_v1_srcprep_v1,desed:train:147985,5,speech,transient,DESED isolated foreground,Speech,EXACT,147985,train,raw/desed/extracted/audio/train/soundbank/foreground/Speech/147985_21.wav,6f86d49b5d5acfc5cbc77b91cd115bc76b1e8ac78b1e3392709bf377c6eb03da,44100,1,1.260657596,http://creativecommons.org/publicdomain/zero/1.0/,PER_RECORDING_METADATA,DESED_synth_soundbank.tar.gz; audio/train/soundbank/foreground/Speech/147985_21.wav ; official train license TSV,unknown,clsdoa_v1,PRESENT
desed:train:147985_3:clsdoa_v1_srcprep_v1,desed:train:147985,5,speech,transient,DESED isolated foreground,Speech,EXACT,147985,train,raw/desed/extracted/audio/train/soundbank/foreground/Speech/147985_3.wav,a290b0e4b38651859e34e9d38ae8971b1163c93bd348180dae95d51dfa38a268,44100,1,1.322154195,http://creativecommons.org/publicdomain/zero/1.0/,PER_RECORDING_METADATA,DESED_synth_soundbank.tar.gz; audio/train/soundbank/foreground/Speech/147985_3.wav ; official train license TSV,unknown,clsdoa_v1,PRESENT
desed:train:147985_4:clsdoa_v1_srcprep_v1,desed:train:147985,5,speech,transient,DESED isolated foreground,Speech,EXACT,147985,train,raw/desed/extracted/audio/train/soundbank/foreground/Speech/147985_4.wav,08de59b2bce51961d6d2c44709accba06f0a02a2121e6903deefbd337c2abb2b,44100,1,1.887052154,http://creativecommons.org/publicdomain/zero/1.0/,PER_RECORDING_METADATA,DESED_synth_soundbank.tar.gz; audio/train/soundbank/foreground/Speech/147985_4.wav ; official train license TSV,unknown,clsdoa_v1,PRESENT
desed:train:147985_5:clsdoa_v1_srcprep_v1,desed:train:147985,5,speech,transient,DESED isolated foreground,Speech,EXACT,147985,train,raw/desed/extracted/audio/train/soundbank/foreground/Speech/147985_5.wav,03782c563b02255d7fc2846cdc4f61ad3a2fa69da9795d3f75cf706b8b12ad59,44100,1,1.962562358,http://creativecommons.org/publicdomain/zero/1.0/,PER_RECORDING_METADATA,DESED_synth_soundbank.tar.gz; audio/train/soundbank/foreground/Speech/147985_5.wav ; official train license TSV,unknown,clsdoa_v1,PRESENT
desed:train:147985_6:clsdoa_v1_srcprep_v1,desed:train:147985,5,speech,transient,DESED isolated foreground,Speech,EXACT,147985,train,raw/desed/extracted/audio/train/soundbank/foreground/Speech/147985_6.wav,d1889c94c84dea84ca5e517f3a91070719a0512700c249833dc5220d573472ef,44100,1,1.156870748,http://creativecommons.org/publicdomain/zero/1.0/,PER_RECORDING_METADATA,DESED_synth_soundbank.tar.gz; audio/train/soundbank/foreground/Speech/147985_6.wav ; official train license TSV,unknown,clsdoa_v1,PRESENT
desed:train:147985_7:clsdoa_v1_srcprep_v1,desed:train:147985,5,speech,transient,DESED isolated foreground,Speech,EXACT,147985,train,raw/desed/extracted/audio/train/soundbank/foreground/Speech/147985_7.wav,7451097a7a6b8fedd4a18a94eebf21869a1638363cdeb05c7671217793dc318c,44100,1,0.962312925,http://creativecommons.org/publicdomain/zero/1.0/,PER_RECORDING_METADATA,DESED_synth_soundbank.tar.gz; audio/train/soundbank/foreground/Speech/147985_7.wav ; official train license TSV,unknown,clsdoa_v1,PRESENT
desed:train:147985_8:clsdoa_v1_srcprep_v1,desed:train:147985,5,speech,transient,DESED isolated foreground,Speech,EXACT,147985,train,raw/desed/extracted/audio/train/soundbank/foreground/Speech/147985_8.wav,f9744285c06cfc939228907fc9360ecda437170596ddfa2354979c0f4db03e3e,44100,1,0.786802721,http://creativecommons.org/publicdomain/zero/1.0/,PER_RECORDING_METADATA,DESED_synth_soundbank.tar.gz; audio/train/soundbank/foreground/Speech/147985_8.wav ; official train license TSV,unknown,clsdoa_v1,PRESENT
desed:train:147985_9:clsdoa_v1_srcprep_v1,desed:train:147985,5,speech,transient,DESED isolated foreground,Speech,EXACT,147985,train,raw/desed/extracted/audio/train/soundbank/foreground/Speech/147985_9.wav,daabe9bc38e2d80558aa7fb1216ffd737fbad24bc07403f15021ddd6a67f2819,44100,1,1.454399093,http://creativecommons.org/publicdomain/zero/1.0/,PER_RECORDING_METADATA,DESED_synth_soundbank.tar.gz; audio/train/soundbank/foreground/Speech/147985_9.wav ; official train license TSV,unknown,clsdoa_v1,PRESENT
desed:train:215682_0:clsdoa_v1_srcprep_v1,desed:train:215682,5,speech,transient,DESED isolated foreground,Speech,EXACT,215682,train,raw/desed/extracted/audio/train/soundbank/foreground/Speech/215682_0.wav,cf2925f979a2e8c997e621c57b08834ee4452382ef9cde74b25b9ccec85e2b23,44100,1,1.028934240,http://creativecommons.org/licenses/by/3.0/,PER_RECORDING_METADATA,DESED_synth_soundbank.tar.gz; audio/train/soundbank/foreground/Speech/215682_0.wav ; official train license TSV,unknown,clsdoa_v1,PRESENT
desed:train:215682_1:clsdoa_v1_srcprep_v1,desed:train:215682,5,speech,transient,DESED isolated foreground,Speech,EXACT,215682,train,raw/desed/extracted/audio/train/soundbank/foreground/Speech/215682_1.wav,45636e89de7e375965380d096b088866eae077ad63ec2a5317680c66ed249f43,44100,1,1.802380952,http://creativecommons.org/licenses/by/3.0/,PER_RECORDING_METADATA,DESED_synth_soundbank.tar.gz; audio/train/soundbank/foreground/Speech/215682_1.wav ; official train license TSV,unknown,clsdoa_v1,PRESENT
desed:train:215682_2:clsdoa_v1_srcprep_v1,desed:train:215682,5,speech,transient,DESED isolated foreground,Speech,EXACT,215682,train,raw/desed/extracted/audio/train/soundbank/foreground/Speech/215682_2.wav,9cba5b99603486afa222104a7ac763b074f6380cce529c515dfe4545f4627679,44100,1,0.896394558,http://creativecommons.org/licenses/by/3.0/,PER_RECORDING_METADATA,DESED_synth_soundbank.tar.gz; audio/train/soundbank/foreground/Speech/215682_2.wav ; official train license TSV,unknown,clsdoa_v1,PRESENT
desed:train:234996:clsdoa_v1_srcprep_v1,desed:train:234996,5,speech,transient,DESED isolated foreground,Speech,EXACT,234996,train,raw/desed/extracted/audio/train/soundbank/foreground/Speech/234996.wav,3cbea9a2ba8cce3c52bcb4be8cf994c1d583d6792a57fdd88c8ab34868477db4,44100,1,0.564081633,http://creativecommons.org/publicdomain/zero/1.0/,PER_RECORDING_METADATA,DESED_synth_soundbank.tar.gz; audio/train/soundbank/foreground/Speech/234996.wav ; official train license TSV,unknown,clsdoa_v1,PRESENT
desed:train:235016:clsdoa_v1_srcprep_v1,desed:train:235016,5,speech,transient,DESED isolated foreground,Speech,EXACT,235016,train,raw/desed/extracted/audio/train/soundbank/foreground/Speech/235016.wav,a88f84820516ff6d4d394a22c3fa4c1c5a5a0c168ca0f2af7946cdffdf328d35,44100,1,1.079841270,http://creativecommons.org/publicdomain/zero/1.0/,PER_RECORDING_METADATA,DESED_synth_soundbank.tar.gz; audio/train/soundbank/foreground/Speech/235016.wav ; official train license TSV,unknown,clsdoa_v1,PRESENT
desed:train:235149_0:clsdoa_v1_srcprep_v1,desed:train:235149,5,speech,transient,DESED isolated foreground,Speech,EXACT,235149,train,raw/desed/extracted/audio/train/soundbank/foreground/Speech/235149_0.wav,6125018ee90af4091760f23821d81b92b3c254099bd7d4a657c848eb124a7dd2,44100,1,0.316598639,http://creativecommons.org/publicdomain/zero/1.0/,PER_RECORDING_METADATA,DESED_synth_soundbank.tar.gz; audio/train/soundbank/foreground/Speech/235149_0.wav ; official train license TSV,unknown,clsdoa_v1,PRESENT
desed:train:235149_1:clsdoa_v1_srcprep_v1,desed:train:235149,5,speech,transient,DESED isolated foreground,Speech,EXACT,235149,train,raw/desed/extracted/audio/train/soundbank/foreground/Speech/235149_1.wav,6195919094879d31ffaaa89c49371849de665fd146d644061f23297173dccac9,44100,1,0.301269841,http://creativecommons.org/publicdomain/zero/1.0/,PER_RECORDING_METADATA,DESED_synth_soundbank.tar.gz; audio/train/soundbank/foreground/Speech/235149_1.wav ; official train license TSV,unknown,clsdoa_v1,PRESENT
desed:train:241578:clsdoa_v1_srcprep_v1,desed:train:241578,5,speech,transient,DESED isolated foreground,Speech,EXACT,241578,train,raw/desed/extracted/audio/train/soundbank/foreground/Speech/241578.wav,9f4eeeb5f9242db5422d766d6a2c63084450033341bc3c2c51f7753401bf75b5,44100,1,0.801179138,http://creativecommons.org/publicdomain/zero/1.0/,PER_RECORDING_METADATA,DESED_synth_soundbank.tar.gz; audio/train/soundbank/foreground/Speech/241578.wav ; official train license TSV,unknown,clsdoa_v1,PRESENT
desed:train:241581:clsdoa_v1_srcprep_v1,desed:train:241581,5,speech,transient,DESED isolated foreground,Speech,EXACT,241581,train,raw/desed/extracted/audio/train/soundbank/foreground/Speech/241581.wav,7e65650fcb5815e3b06b144007306ca3bdac62edaa9042e03762156ad99af27f,44100,1,0.412811791,http://creativecommons.org/publicdomain/zero/1.0/,PER_RECORDING_METADATA,DESED_synth_soundbank.tar.gz; audio/train/soundbank/foreground/Speech/241581.wav ; official train license TSV,unknown,clsdoa_v1,PRESENT
desed:train:242663:clsdoa_v1_srcprep_v1,desed:train:242663,5,speech,transient,DESED isolated foreground,Speech,EXACT,242663,train,raw/desed/extracted/audio/train/soundbank/foreground/Speech/242663.wav,69b8dc1e5af912150b243850a17b5311aa8f0f5d1f41909372dab129fcb7dd8d,44100,1,0.280181406,http://creativecommons.org/publicdomain/zero/1.0/,PER_RECORDING_METADATA,DESED_synth_soundbank.tar.gz; audio/train/soundbank/foreground/Speech/242663.wav ; official train license TSV,unknown,clsdoa_v1,PRESENT
desed:train:254034:clsdoa_v1_srcprep_v1,desed:train:254034,5,speech,transient,DESED isolated foreground,Speech,EXACT,254034,train,raw/desed/extracted/audio/train/soundbank/foreground/Speech/254034.wav,f4175987d4304a34535f5d18235ebd0c351b1acaed13153295022f5880cfd950,44100,1,1.375260771,http://creativecommons.org/licenses/by-nc/3.0/,PER_RECORDING_METADATA,DESED_synth_soundbank.tar.gz; audio/train/soundbank/foreground/Speech/254034.wav ; official train license TSV,unknown,clsdoa_v1,PRESENT
desed:train:254393:clsdoa_v1_srcprep_v1,desed:train:254393,5,speech,transient,DESED isolated foreground,Speech,EXACT,254393,train,raw/desed/extracted/audio/train/soundbank/foreground/Speech/254393.wav,fd4a80a8f3f8ab540bc25dfd621c25ce867b62c8d41394a633db5a68f1bba037,44100,1,0.557732426,http://creativecommons.org/licenses/by-nc/3.0/,PER_RECORDING_METADATA,DESED_synth_soundbank.tar.gz; audio/train/soundbank/foreground/Speech/254393.wav ; official train license TSV,unknown,clsdoa_v1,PRESENT
desed:train:260992:clsdoa_v1_srcprep_v1,desed:train:260992,5,speech,transient,DESED isolated foreground,Speech,EXACT,260992,train,raw/desed/extracted/audio/train/soundbank/foreground/Speech/260992.wav,622b42d4d63bb6fd190f77fbae855491f80ffcbefde6ef23911eec9fa6e48c08,44100,1,0.814625850,http://creativecommons.org/licenses/by/3.0/,PER_RECORDING_METADATA,DESED_synth_soundbank.tar.gz; audio/train/soundbank/foreground/Speech/260992.wav ; official train license TSV,unknown,clsdoa_v1,PRESENT
desed:train:262233_0:clsdoa_v1_srcprep_v1,desed:train:262233,5,speech,transient,DESED isolated foreground,Speech,EXACT,262233,train,raw/desed/extracted/audio/train/soundbank/foreground/Speech/262233_0.wav,affefe80618c5c36870f95b5738d2718c1467347254d0b1a0fdd56e368cae416,44100,1,1.834671202,http://creativecommons.org/licenses/by/3.0/,PER_RECORDING_METADATA,DESED_synth_soundbank.tar.gz; audio/train/soundbank/foreground/Speech/262233_0.wav ; official train license TSV,unknown,clsdoa_v1,PRESENT
desed:train:262233_1:clsdoa_v1_srcprep_v1,desed:train:262233,5,speech,transient,DESED isolated foreground,Speech,EXACT,262233,train,raw/desed/extracted/audio/train/soundbank/foreground/Speech/262233_1.wav,59f5694441616ce6656f7a7acc01f8f2a811b8d1c266d107c408c17e1c1bc965,44100,1,1.595260771,http://creativecommons.org/licenses/by/3.0/,PER_RECORDING_METADATA,DESED_synth_soundbank.tar.gz; audio/train/soundbank/foreground/Speech/262233_1.wav ; official train license TSV,unknown,clsdoa_v1,PRESENT
desed:train:275791:clsdoa_v1_srcprep_v1,desed:train:275791,5,speech,transient,DESED isolated foreground,Speech,EXACT,275791,train,raw/desed/extracted/audio/train/soundbank/foreground/Speech/275791.wav,329d6a248da0a29a5959eb8d5362d2aafc2e7d308085fe3b957cd8af6932e8f9,44100,1,1.221405896,http://creativecommons.org/publicdomain/zero/1.0/,PER_RECORDING_METADATA,DESED_synth_soundbank.tar.gz; audio/train/soundbank/foreground/Speech/275791.wav ; official train license TSV,unknown,clsdoa_v1,PRESENT
desed:train:320658:clsdoa_v1_srcprep_v1,desed:train:320658,5,speech,transient,DESED isolated foreground,Speech,EXACT,320658,train,raw/desed/extracted/audio/train/soundbank/foreground/Speech/320658.wav,d0f8db023ce5f9091f47c58dec72a71cd53e43db618200f4ead6755ce8fec362,44100,1,0.722358277,http://creativecommons.org/licenses/by/3.0/,PER_RECORDING_METADATA,DESED_synth_soundbank.tar.gz; audio/train/soundbank/foreground/Speech/320658.wav ; official train license TSV,unknown,clsdoa_v1,PRESENT
desed:train:328711_0:clsdoa_v1_srcprep_v1,desed:train:328711,5,speech,transient,DESED isolated foreground,Speech,EXACT,328711,train,raw/desed/extracted/audio/train/soundbank/foreground/Speech/328711_0.wav,d27f58e28a45a5d948949334c23a2aa007e4675f1ddee5b2b2535df8c28d6064,44100,1,0.731904762,http://creativecommons.org/licenses/by/3.0/,PER_RECORDING_METADATA,DESED_synth_soundbank.tar.gz; audio/train/soundbank/foreground/Speech/328711_0.wav ; official train license TSV,unknown,clsdoa_v1,PRESENT
desed:train:328711_1:clsdoa_v1_srcprep_v1,desed:train:328711,5,speech,transient,DESED isolated foreground,Speech,EXACT,328711,train,raw/desed/extracted/audio/train/soundbank/foreground/Speech/328711_1.wav,8032a0c42d85e63a6f5baac279bf76686e9f8b8b64fc0a926af1a3a0758a597b,44100,1,1.173287982,http://creativecommons.org/licenses/by/3.0/,PER_RECORDING_METADATA,DESED_synth_soundbank.tar.gz; audio/train/soundbank/foreground/Speech/328711_1.wav ; official train license TSV,unknown,clsdoa_v1,PRESENT
desed:train:328711_2:clsdoa_v1_srcprep_v1,desed:train:328711,5,speech,transient,DESED isolated foreground,Speech,EXACT,328711,train,raw/desed/extracted/audio/train/soundbank/foreground/Speech/328711_2.wav,b2aec2a9973063bff4cee0a651e4ad3f456dfe29c166f6a8e8b9104b3ed05752,44100,1,0.663265306,http://creativecommons.org/licenses/by/3.0/,PER_RECORDING_METADATA,DESED_synth_soundbank.tar.gz; audio/train/soundbank/foreground/Speech/328711_2.wav ; official train license TSV,unknown,clsdoa_v1,PRESENT
desed:train:328711_3:clsdoa_v1_srcprep_v1,desed:train:328711,5,speech,transient,DESED isolated foreground,Speech,EXACT,328711,train,raw/desed/extracted/audio/train/soundbank/foreground/Speech/328711_3.wav,59038036654b2b557a9ed10ee75f27a1dc976c1e5f9667e149f9b1e9254cf4ff,44100,1,0.612653061,http://creativecommons.org/licenses/by/3.0/,PER_RECORDING_METADATA,DESED_synth_soundbank.tar.gz; audio/train/soundbank/foreground/Speech/328711_3.wav ; official train license TSV,unknown,clsdoa_v1,PRESENT
desed:train:33687_0:clsdoa_v1_srcprep_v1,desed:train:33687,5,speech,transient,DESED isolated foreground,Speech,EXACT,33687,train,raw/desed/extracted/audio/train/soundbank/foreground/Speech/33687_0.wav,8622af0bf69f13319425b7a9c0ed2167e4d312c4685c3c432d008cf318c118bc,44100,1,2.064625850,http://creativecommons.org/licenses/by/3.0/,PER_RECORDING_METADATA,DESED_synth_soundbank.tar.gz; audio/train/soundbank/foreground/Speech/33687_0.wav ; official train license TSV,unknown,clsdoa_v1,PRESENT
desed:train:33687_1:clsdoa_v1_srcprep_v1,desed:train:33687,5,speech,transient,DESED isolated foreground,Speech,EXACT,33687,train,raw/desed/extracted/audio/train/soundbank/foreground/Speech/33687_1.wav,41e6a02fbcff1e2843a54628960d475c7991d368cbe8b5d5a7f611e429874f8f,44100,1,2.644988662,http://creativecommons.org/licenses/by/3.0/,PER_RECORDING_METADATA,DESED_synth_soundbank.tar.gz; audio/train/soundbank/foreground/Speech/33687_1.wav ; official train license TSV,unknown,clsdoa_v1,PRESENT
desed:train:33689_0:clsdoa_v1_srcprep_v1,desed:train:33689,5,speech,transient,DESED isolated foreground,Speech,EXACT,33689,train,raw/desed/extracted/audio/train/soundbank/foreground/Speech/33689_0.wav,59b83ca43768a77eea1cb316e0ac7bc5e89c24ca613c5e073748f0de54be79f0,44100,1,1.642086168,http://creativecommons.org/licenses/by/3.0/,PER_RECORDING_METADATA,DESED_synth_soundbank.tar.gz; audio/train/soundbank/foreground/Speech/33689_0.wav ; official train license TSV,unknown,clsdoa_v1,PRESENT
desed:train:33689_1:clsdoa_v1_srcprep_v1,desed:train:33689,5,speech,transient,DESED isolated foreground,Speech,EXACT,33689,train,raw/desed/extracted/audio/train/soundbank/foreground/Speech/33689_1.wav,e86c3ca724660bc6f0c4ad6a16508a17ec7240c100433bef2a6177ff43754af1,44100,1,2.750657596,http://creativecommons.org/licenses/by/3.0/,PER_RECORDING_METADATA,DESED_synth_soundbank.tar.gz; audio/train/soundbank/foreground/Speech/33689_1.wav ; official train license TSV,unknown,clsdoa_v1,PRESENT
desed:train:402021:clsdoa_v1_srcprep_v1,desed:train:402021,5,speech,transient,DESED isolated foreground,Speech,EXACT,402021,train,raw/desed/extracted/audio/train/soundbank/foreground/Speech/402021.wav,3669532693a5c27297aa2d51d31137b0f23e02e4fef2675c0363a91fb0ab2ff7,44100,1,0.527891156,http://creativecommons.org/licenses/by/3.0/,PER_RECORDING_METADATA,DESED_synth_soundbank.tar.gz; audio/train/soundbank/foreground/Speech/402021.wav ; official train license TSV,unknown,clsdoa_v1,PRESENT
desed:train:422724:clsdoa_v1_srcprep_v1,desed:train:422724,5,speech,transient,DESED isolated foreground,Speech,EXACT,422724,train,raw/desed/extracted/audio/train/soundbank/foreground/Speech/422724.wav,031bcffdcb787e535128d36457c69d1cb536d13be9752ae0874758a9858751c1,44100,1,0.380907029,http://creativecommons.org/publicdomain/zero/1.0/,PER_RECORDING_METADATA,DESED_synth_soundbank.tar.gz; audio/train/soundbank/foreground/Speech/422724.wav ; official train license TSV,unknown,clsdoa_v1,PRESENT
desed:train:429038:clsdoa_v1_srcprep_v1,desed:train:429038,5,speech,transient,DESED isolated foreground,Speech,EXACT,429038,train,raw/desed/extracted/audio/train/soundbank/foreground/Speech/429038.wav,ef6fe7c9ed367d967b5122379b3bb738dc92fc2e9fafd6f4668cf75d264ab024,44100,1,0.640975057,http://creativecommons.org/publicdomain/zero/1.0/,PER_RECORDING_METADATA,DESED_synth_soundbank.tar.gz; audio/train/soundbank/foreground/Speech/429038.wav ; official train license TSV,unknown,clsdoa_v1,PRESENT
desed:train:59041:clsdoa_v1_srcprep_v1,desed:train:59041,5,speech,transient,DESED isolated foreground,Speech,EXACT,59041,train,raw/desed/extracted/audio/train/soundbank/foreground/Speech/59041.wav,296a035ee6c70edb267071548cecdf8626cf3d8940d67f161b6e481e4249686f,44100,1,9.647687075,http://creativecommons.org/licenses/by-nc/3.0/,PER_RECORDING_METADATA,DESED_synth_soundbank.tar.gz; audio/train/soundbank/foreground/Speech/59041.wav ; official train license TSV,unknown,clsdoa_v1,PRESENT
desed:train:63331:clsdoa_v1_srcprep_v1,desed:train:63331,5,speech,transient,DESED isolated foreground,Speech,EXACT,63331,train,raw/desed/extracted/audio/train/soundbank/foreground/Speech/63331.wav,eda05696da26712bea9cddfcb36f24214c5c50265ba02c09635dc59274575845,44100,1,0.886417234,http://creativecommons.org/licenses/by/3.0/,PER_RECORDING_METADATA,DESED_synth_soundbank.tar.gz; audio/train/soundbank/foreground/Speech/63331.wav ; official train license TSV,unknown,clsdoa_v1,PRESENT
desed:train:67744_0:clsdoa_v1_srcprep_v1,desed:train:67744,5,speech,transient,DESED isolated foreground,Speech,EXACT,67744,train,raw/desed/extracted/audio/train/soundbank/foreground/Speech/67744_0.wav,2e7d9d437278de60152ba25ced77c32e8013cfb6eb9740f143442b3b7af0b9a2,44100,1,0.406303855,http://creativecommons.org/licenses/by/3.0/,PER_RECORDING_METADATA,DESED_synth_soundbank.tar.gz; audio/train/soundbank/foreground/Speech/67744_0.wav ; official train license TSV,unknown,clsdoa_v1,PRESENT
desed:train:67744_1:clsdoa_v1_srcprep_v1,desed:train:67744,5,speech,transient,DESED isolated foreground,Speech,EXACT,67744,train,raw/desed/extracted/audio/train/soundbank/foreground/Speech/67744_1.wav,41998869ceda6e1d4c9927637b138dc25b4e787dd1d952dbf29edb156c7df9e8,44100,1,0.426258503,http://creativecommons.org/licenses/by/3.0/,PER_RECORDING_METADATA,DESED_synth_soundbank.tar.gz; audio/train/soundbank/foreground/Speech/67744_1.wav ; official train license TSV,unknown,clsdoa_v1,PRESENT
desed:train:71558:clsdoa_v1_srcprep_v1,desed:train:71558,5,speech,transient,DESED isolated foreground,Speech,EXACT,71558,train,raw/desed/extracted/audio/train/soundbank/foreground/Speech/71558.wav,00d1ebe84f1e7d8428547db758612a36b384b48c89a3a59fc6ccbd1ca3be06f8,44100,1,0.538707483,http://creativecommons.org/publicdomain/zero/1.0/,PER_RECORDING_METADATA,DESED_synth_soundbank.tar.gz; audio/train/soundbank/foreground/Speech/71558.wav ; official train license TSV,unknown,clsdoa_v1,PRESENT
desed:train:77409:clsdoa_v1_srcprep_v1,desed:train:77409,5,speech,transient,DESED isolated foreground,Speech,EXACT,77409,train,raw/desed/extracted/audio/train/soundbank/foreground/Speech/77409.wav,52d7e5a32a4be0c1cbf6362a2c23c2ad610770f5fb976f3b51c72a396dd09ad8,44100,1,0.681814059,http://creativecommons.org/licenses/by-nc/3.0/,PER_RECORDING_METADATA,DESED_synth_soundbank.tar.gz; audio/train/soundbank/foreground/Speech/77409.wav ; official train license TSV,unknown,clsdoa_v1,PRESENT
desed:train:77415:clsdoa_v1_srcprep_v1,desed:train:77415,5,speech,transient,DESED isolated foreground,Speech,EXACT,77415,train,raw/desed/extracted/audio/train/soundbank/foreground/Speech/77415.wav,65cfa75f62e1909a2124b09c2443ee23049abf8462fb2e2a85026597c6056b73,44100,1,1.631043084,http://creativecommons.org/licenses/by-nc/3.0/,PER_RECORDING_METADATA,DESED_synth_soundbank.tar.gz; audio/train/soundbank/foreground/Speech/77415.wav ; official train license TSV,unknown,clsdoa_v1,PRESENT
desed:train:77420:clsdoa_v1_srcprep_v1,desed:train:77420,5,speech,transient,DESED isolated foreground,Speech,EXACT,77420,train,raw/desed/extracted/audio/train/soundbank/foreground/Speech/77420.wav,3d4ddb4035ecab10e622b141ec1d06617520c6a2e2fe80125401d9014675397f,44100,1,1.311496599,http://creativecommons.org/licenses/by-nc/3.0/,PER_RECORDING_METADATA,DESED_synth_soundbank.tar.gz; audio/train/soundbank/foreground/Speech/77420.wav ; official train license TSV,unknown,clsdoa_v1,PRESENT
desed:train:77422_0:clsdoa_v1_srcprep_v1,desed:train:77422,5,speech,transient,DESED isolated foreground,Speech,EXACT,77422,train,raw/desed/extracted/audio/train/soundbank/foreground/Speech/77422_0.wav,2214edca88937d4502ca4f4e519e16980cd54e8fd7b35727e4157ba3bf0e4e0a,44100,1,0.506530612,http://creativecommons.org/licenses/by-nc/3.0/,PER_RECORDING_METADATA,DESED_synth_soundbank.tar.gz; audio/train/soundbank/foreground/Speech/77422_0.wav ; official train license TSV,unknown,clsdoa_v1,PRESENT
desed:train:77422_1:clsdoa_v1_srcprep_v1,desed:train:77422,5,speech,transient,DESED isolated foreground,Speech,EXACT,77422,train,raw/desed/extracted/audio/train/soundbank/foreground/Speech/77422_1.wav,c1c10f8b742c83e89d88663973c70e74edce7d3fe1b8cad7efe9f2e564dcca55,44100,1,2.431383220,http://creativecommons.org/licenses/by-nc/3.0/,PER_RECORDING_METADATA,DESED_synth_soundbank.tar.gz; audio/train/soundbank/foreground/Speech/77422_1.wav ; official train license TSV,unknown,clsdoa_v1,PRESENT
desed:train:77423_0:clsdoa_v1_srcprep_v1,desed:train:77423,5,speech,transient,DESED isolated foreground,Speech,EXACT,77423,train,raw/desed/extracted/audio/train/soundbank/foreground/Speech/77423_0.wav,cf67cba161800222d55ebaf00971e90a16cc680aa500e7d47aebb8c5ff2bf41c,44100,1,0.765419501,http://creativecommons.org/licenses/by-nc/3.0/,PER_RECORDING_METADATA,DESED_synth_soundbank.tar.gz; audio/train/soundbank/foreground/Speech/77423_0.wav ; official train license TSV,unknown,clsdoa_v1,PRESENT
desed:train:77423_1:clsdoa_v1_srcprep_v1,desed:train:77423,5,speech,transient,DESED isolated foreground,Speech,EXACT,77423,train,raw/desed/extracted/audio/train/soundbank/foreground/Speech/77423_1.wav,f221943d893bcbd94e2c7d0833a02b80948ffa89499a3338c833dfe5e8263e62,44100,1,1.379229025,http://creativecommons.org/licenses/by-nc/3.0/,PER_RECORDING_METADATA,DESED_synth_soundbank.tar.gz; audio/train/soundbank/foreground/Speech/77423_1.wav ; official train license TSV,unknown,clsdoa_v1,PRESENT
desed:train:80190:clsdoa_v1_srcprep_v1,desed:train:80190,5,speech,transient,DESED isolated foreground,Speech,EXACT,80190,train,raw/desed/extracted/audio/train/soundbank/foreground/Speech/80190.wav,e66e9bff081419b1d7eaad48db0f2db2250a0cd054fced37a8ae9aa8062a33f4,44100,1,0.885034014,http://creativecommons.org/licenses/by/3.0/,PER_RECORDING_METADATA,DESED_synth_soundbank.tar.gz; audio/train/soundbank/foreground/Speech/80190.wav ; official train license TSV,unknown,clsdoa_v1,PRESENT
desed:train:80613:clsdoa_v1_srcprep_v1,desed:train:80613,5,speech,transient,DESED isolated foreground,Speech,EXACT,80613,train,raw/desed/extracted/audio/train/soundbank/foreground/Speech/80613.wav,9b0004ef64d7fc9b9c454c0ffa5db4449f5dc33a231cb08d348946e3e4816ea4,44100,1,1.890839002,http://creativecommons.org/licenses/by/3.0/,PER_RECORDING_METADATA,DESED_synth_soundbank.tar.gz; audio/train/soundbank/foreground/Speech/80613.wav ; official train license TSV,unknown,clsdoa_v1,PRESENT
desed:train:81936:clsdoa_v1_srcprep_v1,desed:train:81936,5,speech,transient,DESED isolated foreground,Speech,EXACT,81936,train,raw/desed/extracted/audio/train/soundbank/foreground/Speech/81936.wav,14fdf11d0e99e8f3ec102f98fc1d1a5c8d308470345a4a4e07a222fed9834979,44100,1,1.251451247,http://creativecommons.org/licenses/by/3.0/,PER_RECORDING_METADATA,DESED_synth_soundbank.tar.gz; audio/train/soundbank/foreground/Speech/81936.wav ; official train license TSV,unknown,clsdoa_v1,PRESENT
desed:train:82788_0:clsdoa_v1_srcprep_v1,desed:train:82788,5,speech,transient,DESED isolated foreground,Speech,EXACT,82788,train,raw/desed/extracted/audio/train/soundbank/foreground/Speech/82788_0.wav,f6a679064cdf856a64a9cf2c62357e8cdd0c13f8a30abd726d9202a63ef90dca,44100,1,3.553378685,http://creativecommons.org/licenses/by/3.0/,PER_RECORDING_METADATA,DESED_synth_soundbank.tar.gz; audio/train/soundbank/foreground/Speech/82788_0.wav ; official train license TSV,unknown,clsdoa_v1,PRESENT
desed:train:82788_1:clsdoa_v1_srcprep_v1,desed:train:82788,5,speech,transient,DESED isolated foreground,Speech,EXACT,82788,train,raw/desed/extracted/audio/train/soundbank/foreground/Speech/82788_1.wav,f107fb0d9d13e300d7fd1fad3270cd39eacf195d4ba99b07501925d884056fc1,44100,1,2.769160998,http://creativecommons.org/licenses/by/3.0/,PER_RECORDING_METADATA,DESED_synth_soundbank.tar.gz; audio/train/soundbank/foreground/Speech/82788_1.wav ; official train license TSV,unknown,clsdoa_v1,PRESENT
desed:train:87687_0:clsdoa_v1_srcprep_v1,desed:train:87687,5,speech,transient,DESED isolated foreground,Speech,EXACT,87687,train,raw/desed/extracted/audio/train/soundbank/foreground/Speech/87687_0.wav,80555e8720f21838525ccc6d26ce7b9fc6df32218df8a24bc196aeaee2349a77,44100,1,1.111972789,http://creativecommons.org/licenses/sampling+/1.0/,PER_RECORDING_METADATA,DESED_synth_soundbank.tar.gz; audio/train/soundbank/foreground/Speech/87687_0.wav ; official train license TSV,unknown,clsdoa_v1,PRESENT
desed:train:87687_1:clsdoa_v1_srcprep_v1,desed:train:87687,5,speech,transient,DESED isolated foreground,Speech,EXACT,87687,train,raw/desed/extracted/audio/train/soundbank/foreground/Speech/87687_1.wav,2b1c9c7737ad08db6b31c2de04510cf93207da1118276480becc3f3b19e9dcb5,44100,1,0.458276644,http://creativecommons.org/licenses/sampling+/1.0/,PER_RECORDING_METADATA,DESED_synth_soundbank.tar.gz; audio/train/soundbank/foreground/Speech/87687_1.wav ; official train license TSV,unknown,clsdoa_v1,PRESENT
desed:train:87687_2:clsdoa_v1_srcprep_v1,desed:train:87687,5,speech,transient,DESED isolated foreground,Speech,EXACT,87687,train,raw/desed/extracted/audio/train/soundbank/foreground/Speech/87687_2.wav,36f52825b9e470effff1f9df25198b38bbceed0f76a48a6678b4f55d3bf2304e,44100,1,0.338956916,http://creativecommons.org/licenses/sampling+/1.0/,PER_RECORDING_METADATA,DESED_synth_soundbank.tar.gz; audio/train/soundbank/foreground/Speech/87687_2.wav ; official train license TSV,unknown,clsdoa_v1,PRESENT
desed:train:87687_3:clsdoa_v1_srcprep_v1,desed:train:87687,5,speech,transient,DESED isolated foreground,Speech,EXACT,87687,train,raw/desed/extracted/audio/train/soundbank/foreground/Speech/87687_3.wav,94895b728bebcf108741c525c8341f9a96b48547255d6f02ceec12e0a3b1871f,44100,1,0.620226757,http://creativecommons.org/licenses/sampling+/1.0/,PER_RECORDING_METADATA,DESED_synth_soundbank.tar.gz; audio/train/soundbank/foreground/Speech/87687_3.wav ; official train license TSV,unknown,clsdoa_v1,PRESENT
desed:train:87687_4:clsdoa_v1_srcprep_v1,desed:train:87687,5,speech,transient,DESED isolated foreground,Speech,EXACT,87687,train,raw/desed/extracted/audio/train/soundbank/foreground/Speech/87687_4.wav,c74373441790d98143efadff765254c0cf296a5c951fa94fdaf1cf9ccbe1b486,44100,1,0.831746032,http://creativecommons.org/licenses/sampling+/1.0/,PER_RECORDING_METADATA,DESED_synth_soundbank.tar.gz; audio/train/soundbank/foreground/Speech/87687_4.wav ; official train license TSV,unknown,clsdoa_v1,PRESENT
desed:train:87687_5:clsdoa_v1_srcprep_v1,desed:train:87687,5,speech,transient,DESED isolated foreground,Speech,EXACT,87687,train,raw/desed/extracted/audio/train/soundbank/foreground/Speech/87687_5.wav,817d036e048f17d9c2a9e513c9e389df51cd49ff30b056fc2181ca620d80c1ea,44100,1,0.650362812,http://creativecommons.org/licenses/sampling+/1.0/,PER_RECORDING_METADATA,DESED_synth_soundbank.tar.gz; audio/train/soundbank/foreground/Speech/87687_5.wav ; official train license TSV,unknown,clsdoa_v1,PRESENT
desed:train:87687_6:clsdoa_v1_srcprep_v1,desed:train:87687,5,speech,transient,DESED isolated foreground,Speech,EXACT,87687,train,raw/desed/extracted/audio/train/soundbank/foreground/Speech/87687_6.wav,72847a844f632f3d988489b827446ef1ee2ee1b20615e5a68c8f138ebb2b15ec,44100,1,0.625782313,http://creativecommons.org/licenses/sampling+/1.0/,PER_RECORDING_METADATA,DESED_synth_soundbank.tar.gz; audio/train/soundbank/foreground/Speech/87687_6.wav ; official train license TSV,unknown,clsdoa_v1,PRESENT
desed:train:87687_7:clsdoa_v1_srcprep_v1,desed:train:87687,5,speech,transient,DESED isolated foreground,Speech,EXACT,87687,train,raw/desed/extracted/audio/train/soundbank/foreground/Speech/87687_7.wav,0badeae484b17eef2c42e5aaa1e923b6e9a9cbbef8646a76ca3941c7660d02bd,44100,1,0.424716553,http://creativecommons.org/licenses/sampling+/1.0/,PER_RECORDING_METADATA,DESED_synth_soundbank.tar.gz; audio/train/soundbank/foreground/Speech/87687_7.wav ; official train license TSV,unknown,clsdoa_v1,PRESENT
desed:train:89312_0:clsdoa_v1_srcprep_v1,desed:train:89312,5,speech,transient,DESED isolated foreground,Speech,EXACT,89312,train,raw/desed/extracted/audio/train/soundbank/foreground/Speech/89312_0.wav,77d75b0f42f5ef11c533d7f84f50c13c5a5501299a35a87a91cf27c8a45280ad,44100,1,0.477052154,http://creativecommons.org/licenses/by/3.0/,PER_RECORDING_METADATA,DESED_synth_soundbank.tar.gz; audio/train/soundbank/foreground/Speech/89312_0.wav ; official train license TSV,unknown,clsdoa_v1,PRESENT
desed:train:89312_1:clsdoa_v1_srcprep_v1,desed:train:89312,5,speech,transient,DESED isolated foreground,Speech,EXACT,89312,train,raw/desed/extracted/audio/train/soundbank/foreground/Speech/89312_1.wav,566ab8041962471dbdfca3f9d3a098026180ca8ab493cf6d170821c439951eaf,44100,1,0.434399093,http://creativecommons.org/licenses/by/3.0/,PER_RECORDING_METADATA,DESED_synth_soundbank.tar.gz; audio/train/soundbank/foreground/Speech/89312_1.wav ; official train license TSV,unknown,clsdoa_v1,PRESENT
desed:train:91028:clsdoa_v1_srcprep_v1,desed:train:91028,5,speech,transient,DESED isolated foreground,Speech,EXACT,91028,train,raw/desed/extracted/audio/train/soundbank/foreground/Speech/91028.wav,0a9b45bf16adaa1ea3fe37a9dcd975ddab20c23559fad6132c024d1858dddc66,44100,1,2.924512472,http://creativecommons.org/licenses/by/3.0/,PER_RECORDING_METADATA,DESED_synth_soundbank.tar.gz; audio/train/soundbank/foreground/Speech/91028.wav ; official train license TSV,unknown,clsdoa_v1,PRESENT
desed:train:93363_0:clsdoa_v1_srcprep_v1,desed:train:93363,5,speech,transient,DESED isolated foreground,Speech,EXACT,93363,train,raw/desed/extracted/audio/train/soundbank/foreground/Speech/93363_0.wav,66ab17f93ba6d41d78fa7b035c9fb24436475530cb57eeb23b13bff061503dda,44100,1,0.634240363,http://creativecommons.org/licenses/by/3.0/,PER_RECORDING_METADATA,DESED_synth_soundbank.tar.gz; audio/train/soundbank/foreground/Speech/93363_0.wav ; official train license TSV,unknown,clsdoa_v1,PRESENT
desed:train:93363_1:clsdoa_v1_srcprep_v1,desed:train:93363,5,speech,transient,DESED isolated foreground,Speech,EXACT,93363,train,raw/desed/extracted/audio/train/soundbank/foreground/Speech/93363_1.wav,d2f2f46aed3a1f9937853848efab2eb3617f6ff87d3d6db099bf4ec09f6cb65f,44100,1,0.169365079,http://creativecommons.org/licenses/by/3.0/,PER_RECORDING_METADATA,DESED_synth_soundbank.tar.gz; audio/train/soundbank/foreground/Speech/93363_1.wav ; official train license TSV,unknown,clsdoa_v1,PRESENT
desed:train:93368_0:clsdoa_v1_srcprep_v1,desed:train:93368,5,speech,transient,DESED isolated foreground,Speech,EXACT,93368,train,raw/desed/extracted/audio/train/soundbank/foreground/Speech/93368_0.wav,ba31b660f646789ab3eb42704879fe2ce6d76c3b7349cb811a0199247e16a34a,44100,1,0.259002268,http://creativecommons.org/licenses/by/3.0/,PER_RECORDING_METADATA,DESED_synth_soundbank.tar.gz; audio/train/soundbank/foreground/Speech/93368_0.wav ; official train license TSV,unknown,clsdoa_v1,PRESENT
desed:train:93368_1:clsdoa_v1_srcprep_v1,desed:train:93368,5,speech,transient,DESED isolated foreground,Speech,EXACT,93368,train,raw/desed/extracted/audio/train/soundbank/foreground/Speech/93368_1.wav,8856258616d8221d9eda8356cdeacb1d5302c10237a8ed926ef1229752326309,44100,1,0.520544218,http://creativecommons.org/licenses/by/3.0/,PER_RECORDING_METADATA,DESED_synth_soundbank.tar.gz; audio/train/soundbank/foreground/Speech/93368_1.wav ; official train license TSV,unknown,clsdoa_v1,PRESENT
desed:train:93368_2:clsdoa_v1_srcprep_v1,desed:train:93368,5,speech,transient,DESED isolated foreground,Speech,EXACT,93368,train,raw/desed/extracted/audio/train/soundbank/foreground/Speech/93368_2.wav,eb574e22a57b58ba7ccee03916e2c4b1b59158e65a55e28a13b3544e025a50f9,44100,1,0.130453515,http://creativecommons.org/licenses/by/3.0/,PER_RECORDING_METADATA,DESED_synth_soundbank.tar.gz; audio/train/soundbank/foreground/Speech/93368_2.wav ; official train license TSV,unknown,clsdoa_v1,PRESENT
desed:train:93375_0:clsdoa_v1_srcprep_v1,desed:train:93375,5,speech,transient,DESED isolated foreground,Speech,EXACT,93375,train,raw/desed/extracted/audio/train/soundbank/foreground/Speech/93375_0.wav,f950cd86e5e4243945e30ebd2d463b04f21fe900b52459f367015779bb399b32,44100,1,1.534761905,http://creativecommons.org/licenses/by/3.0/,PER_RECORDING_METADATA,DESED_synth_soundbank.tar.gz; audio/train/soundbank/foreground/Speech/93375_0.wav ; official train license TSV,unknown,clsdoa_v1,PRESENT
desed:train:93375_1:clsdoa_v1_srcprep_v1,desed:train:93375,5,speech,transient,DESED isolated foreground,Speech,EXACT,93375,train,raw/desed/extracted/audio/train/soundbank/foreground/Speech/93375_1.wav,fef39363870ea89732e8983e1208afc9740518d5898a239f87d09276507bc649,44100,1,0.692312925,http://creativecommons.org/licenses/by/3.0/,PER_RECORDING_METADATA,DESED_synth_soundbank.tar.gz; audio/train/soundbank/foreground/Speech/93375_1.wav ; official train license TSV,unknown,clsdoa_v1,PRESENT
desed:train:93379_0:clsdoa_v1_srcprep_v1,desed:train:93379,5,speech,transient,DESED isolated foreground,Speech,EXACT,93379,train,raw/desed/extracted/audio/train/soundbank/foreground/Speech/93379_0.wav,3ef6bd4fb2896b6f23d53c693e31d578aa98af75dab7be1789e5ef0b2a750300,44100,1,0.712721088,http://creativecommons.org/licenses/by/3.0/,PER_RECORDING_METADATA,DESED_synth_soundbank.tar.gz; audio/train/soundbank/foreground/Speech/93379_0.wav ; official train license TSV,unknown,clsdoa_v1,PRESENT
desed:train:93379_1:clsdoa_v1_srcprep_v1,desed:train:93379,5,speech,transient,DESED isolated foreground,Speech,EXACT,93379,train,raw/desed/extracted/audio/train/soundbank/foreground/Speech/93379_1.wav,9f1f49488a7baa25ebe54cc0812405ce10c4d30a40cdb4bd477e0732dc4fe329,44100,1,0.137482993,http://creativecommons.org/licenses/by/3.0/,PER_RECORDING_METADATA,DESED_synth_soundbank.tar.gz; audio/train/soundbank/foreground/Speech/93379_1.wav ; official train license TSV,unknown,clsdoa_v1,PRESENT
desed:train:94393_0:clsdoa_v1_srcprep_v1,desed:train:94393,5,speech,transient,DESED isolated foreground,Speech,EXACT,94393,train,raw/desed/extracted/audio/train/soundbank/foreground/Speech/94393_0.wav,ab6d6b750b583c70e077aeb765e6d763d194e99dbffa5d96e4b1f83a1893986b,44100,1,1.393061224,http://creativecommons.org/licenses/by/3.0/,PER_RECORDING_METADATA,DESED_synth_soundbank.tar.gz; audio/train/soundbank/foreground/Speech/94393_0.wav ; official train license TSV,unknown,clsdoa_v1,PRESENT
desed:train:94393_1:clsdoa_v1_srcprep_v1,desed:train:94393,5,speech,transient,DESED isolated foreground,Speech,EXACT,94393,train,raw/desed/extracted/audio/train/soundbank/foreground/Speech/94393_1.wav,2bd14776fa2f30a7c7d587ea541dfb744ea15af8eea7e6c393a31671ec4611ba,44100,1,1.392267574,http://creativecommons.org/licenses/by/3.0/,PER_RECORDING_METADATA,DESED_synth_soundbank.tar.gz; audio/train/soundbank/foreground/Speech/94393_1.wav ; official train license TSV,unknown,clsdoa_v1,PRESENT
desed:train:95286:clsdoa_v1_srcprep_v1,desed:train:95286,5,speech,transient,DESED isolated foreground,Speech,EXACT,95286,train,raw/desed/extracted/audio/train/soundbank/foreground/Speech/95286.wav,76e172ccfc2150bb04f9e28acd154745dc4aa6992151fa8b67f31d5cc978faa8,44100,1,1.570181406,http://creativecommons.org/licenses/by/3.0/,PER_RECORDING_METADATA,DESED_synth_soundbank.tar.gz; audio/train/soundbank/foreground/Speech/95286.wav ; official train license TSV,unknown,clsdoa_v1,PRESENT
desed:train:95786_0:clsdoa_v1_srcprep_v1,desed:train:95786,5,speech,transient,DESED isolated foreground,Speech,EXACT,95786,train,raw/desed/extracted/audio/train/soundbank/foreground/Speech/95786_0.wav,280592cb3848f2fb80ba2d402507e882e6c51606fdb3f062b12d47b65e9f6478,44100,1,0.722789116,http://creativecommons.org/licenses/by/3.0/,PER_RECORDING_METADATA,DESED_synth_soundbank.tar.gz; audio/train/soundbank/foreground/Speech/95786_0.wav ; official train license TSV,unknown,clsdoa_v1,PRESENT
desed:train:95786_1:clsdoa_v1_srcprep_v1,desed:train:95786,5,speech,transient,DESED isolated foreground,Speech,EXACT,95786,train,raw/desed/extracted/audio/train/soundbank/foreground/Speech/95786_1.wav,925d22196e87b7d695f06ccc188d2798156c99b53e05fce6a4e7bdd6e2f408ba,44100,1,0.632222222,http://creativecommons.org/licenses/by/3.0/,PER_RECORDING_METADATA,DESED_synth_soundbank.tar.gz; audio/train/soundbank/foreground/Speech/95786_1.wav ; official train license TSV,unknown,clsdoa_v1,PRESENT
desed:train:95786_2:clsdoa_v1_srcprep_v1,desed:train:95786,5,speech,transient,DESED isolated foreground,Speech,EXACT,95786,train,raw/desed/extracted/audio/train/soundbank/foreground/Speech/95786_2.wav,a1d5f44d887cd6ed1424d2d43a9a58d48a0e09deda9f315f73ab1b8e90018562,44100,1,1.183922902,http://creativecommons.org/licenses/by/3.0/,PER_RECORDING_METADATA,DESED_synth_soundbank.tar.gz; audio/train/soundbank/foreground/Speech/95786_2.wav ; official train license TSV,unknown,clsdoa_v1,PRESENT
desed:train:95800:clsdoa_v1_srcprep_v1,desed:train:95800,5,speech,transient,DESED isolated foreground,Speech,EXACT,95800,train,raw/desed/extracted/audio/train/soundbank/foreground/Speech/95800.wav,02efdffa362b18668ca54f15fbd0f4e33002041148fd04dec9fec6c8fdccf8c6,44100,1,1.523424036,http://creativecommons.org/licenses/by/3.0/,PER_RECORDING_METADATA,DESED_synth_soundbank.tar.gz; audio/train/soundbank/foreground/Speech/95800.wav ; official train license TSV,unknown,clsdoa_v1,PRESENT
desed:train:96543_0:clsdoa_v1_srcprep_v1,desed:train:96543,5,speech,transient,DESED isolated foreground,Speech,EXACT,96543,train,raw/desed/extracted/audio/train/soundbank/foreground/Speech/96543_0.wav,054bedbd0147afed0e2e885812771ed4a6e923ddd03303a12e25016495e2e906,44100,1,1.181020408,http://creativecommons.org/licenses/by/3.0/,PER_RECORDING_METADATA,DESED_synth_soundbank.tar.gz; audio/train/soundbank/foreground/Speech/96543_0.wav ; official train license TSV,unknown,clsdoa_v1,PRESENT
desed:train:96543_1:clsdoa_v1_srcprep_v1,desed:train:96543,5,speech,transient,DESED isolated foreground,Speech,EXACT,96543,train,raw/desed/extracted/audio/train/soundbank/foreground/Speech/96543_1.wav,5ab3a069f3f9dc93cf024ca800fa2e445bb9cfd3e70f6e04f0c0fe2879c03327,44100,1,0.335759637,http://creativecommons.org/licenses/by/3.0/,PER_RECORDING_METADATA,DESED_synth_soundbank.tar.gz; audio/train/soundbank/foreground/Speech/96543_1.wav ; official train license TSV,unknown,clsdoa_v1,PRESENT
desed:train:96543_2:clsdoa_v1_srcprep_v1,desed:train:96543,5,speech,transient,DESED isolated foreground,Speech,EXACT,96543,train,raw/desed/extracted/audio/train/soundbank/foreground/Speech/96543_2.wav,cb5fc912fe5a3c642a185b12a8c0be6ca3ee6b8974d35a2781c09270eb6c1401,44100,1,0.169319728,http://creativecommons.org/licenses/by/3.0/,PER_RECORDING_METADATA,DESED_synth_soundbank.tar.gz; audio/train/soundbank/foreground/Speech/96543_2.wav ; official train license TSV,unknown,clsdoa_v1,PRESENT
desed:train:99464_0:clsdoa_v1_srcprep_v1,desed:train:99464,5,speech,transient,DESED isolated foreground,Speech,EXACT,99464,train,raw/desed/extracted/audio/train/soundbank/foreground/Speech/99464_0.wav,c177fd1746f065fa3e5b9c5908dc9af558f4b561b3a09fa8611be8dc33abfc4e,44100,1,2.131564626,http://creativecommons.org/licenses/by/3.0/,PER_RECORDING_METADATA,DESED_synth_soundbank.tar.gz; audio/train/soundbank/foreground/Speech/99464_0.wav ; official train license TSV,unknown,clsdoa_v1,PRESENT
desed:train:99464_1:clsdoa_v1_srcprep_v1,desed:train:99464,5,speech,transient,DESED isolated foreground,Speech,EXACT,99464,train,raw/desed/extracted/audio/train/soundbank/foreground/Speech/99464_1.wav,88045f001e690e9bfa4598fe201c688b18c4d95d90385d3658bb4943a8af7b2b,44100,1,4.640430839,http://creativecommons.org/licenses/by/3.0/,PER_RECORDING_METADATA,DESED_synth_soundbank.tar.gz; audio/train/soundbank/foreground/Speech/99464_1.wav ; official train license TSV,unknown,clsdoa_v1,PRESENT
desed:train:99464_2:clsdoa_v1_srcprep_v1,desed:train:99464,5,speech,transient,DESED isolated foreground,Speech,EXACT,99464,train,raw/desed/extracted/audio/train/soundbank/foreground/Speech/99464_2.wav,6d59eacf15aa0087c8268ad7da04efc3c7d2971d0e312d126749e6c3f632b649,44100,1,1.376303855,http://creativecommons.org/licenses/by/3.0/,PER_RECORDING_METADATA,DESED_synth_soundbank.tar.gz; audio/train/soundbank/foreground/Speech/99464_2.wav ; official train license TSV,unknown,clsdoa_v1,PRESENT
desed:train:100210:clsdoa_v1_srcprep_v1,desed:train:100210,3,vacuum_cleaner,persistent,DESED isolated foreground,Vacuum_cleaner,EXACT,100210,train,raw/desed/extracted/audio/train/soundbank/foreground/Vacuum_cleaner/100210.wav,d7860b8c9bd6df9f75df07821ce87605d739731d9c3f40d2cfd21d8da37107d6,44100,1,29.013900227,http://creativecommons.org/licenses/by-nc/3.0/,PER_RECORDING_METADATA,DESED_synth_soundbank.tar.gz; audio/train/soundbank/foreground/Vacuum_cleaner/100210.wav ; official train license TSV,unknown,clsdoa_v1,PRESENT
desed:train:117669:clsdoa_v1_srcprep_v1,desed:train:117669,3,vacuum_cleaner,persistent,DESED isolated foreground,Vacuum_cleaner,EXACT,117669,train,raw/desed/extracted/audio/train/soundbank/foreground/Vacuum_cleaner/117669.wav,120f08e1ed1788b7853fa75fecda4de96b6f599f5de4eb5b379d4471c4cbb919,44100,1,19.563514739,http://creativecommons.org/publicdomain/zero/1.0/,PER_RECORDING_METADATA,DESED_synth_soundbank.tar.gz; audio/train/soundbank/foreground/Vacuum_cleaner/117669.wav ; official train license TSV,unknown,clsdoa_v1,PRESENT
desed:train:141681:clsdoa_v1_srcprep_v1,desed:train:141681,3,vacuum_cleaner,persistent,DESED isolated foreground,Vacuum_cleaner,EXACT,141681,train,raw/desed/extracted/audio/train/soundbank/foreground/Vacuum_cleaner/141681.wav,bf2fe2497dd91c91c46afd6add5f183615b0d85b1aa87c1c9a1a87ae911b1d35,44100,1,38.993265306,http://creativecommons.org/publicdomain/zero/1.0/,PER_RECORDING_METADATA,DESED_synth_soundbank.tar.gz; audio/train/soundbank/foreground/Vacuum_cleaner/141681.wav ; official train license TSV,unknown,clsdoa_v1,PRESENT
desed:train:141681_0:clsdoa_v1_srcprep_v1,desed:train:141681,3,vacuum_cleaner,persistent,DESED isolated foreground,Vacuum_cleaner,EXACT,141681,train,raw/desed/extracted/audio/train/soundbank/foreground/Vacuum_cleaner/141681_0.wav,0182142fe2b63cc5cb438d631f76dd68b0f8bbfd16c85c034bbcf71ce9f6d00c,44100,1,0.389206349,http://creativecommons.org/publicdomain/zero/1.0/,PER_RECORDING_METADATA,DESED_synth_soundbank.tar.gz; audio/train/soundbank/foreground/Vacuum_cleaner/141681_0.wav ; official train license TSV,unknown,clsdoa_v1,PRESENT
desed:train:141681_1:clsdoa_v1_srcprep_v1,desed:train:141681,3,vacuum_cleaner,persistent,DESED isolated foreground,Vacuum_cleaner,EXACT,141681,train,raw/desed/extracted/audio/train/soundbank/foreground/Vacuum_cleaner/141681_1.wav,9f3edc0e6a27a5d78d40639d3f6bba4150ed04bad7b0249d999ab6a77becc66f,44100,1,39.171678005,http://creativecommons.org/publicdomain/zero/1.0/,PER_RECORDING_METADATA,DESED_synth_soundbank.tar.gz; audio/train/soundbank/foreground/Vacuum_cleaner/141681_1.wav ; official train license TSV,unknown,clsdoa_v1,PRESENT
desed:train:141682:clsdoa_v1_srcprep_v1,desed:train:141682,3,vacuum_cleaner,persistent,DESED isolated foreground,Vacuum_cleaner,EXACT,141682,train,raw/desed/extracted/audio/train/soundbank/foreground/Vacuum_cleaner/141682.wav,208f936641231d64919f20da1dd14caa8e4edad4163b28c221c1b0697e7ab51a,44100,1,31.493605442,http://creativecommons.org/publicdomain/zero/1.0/,PER_RECORDING_METADATA,DESED_synth_soundbank.tar.gz; audio/train/soundbank/foreground/Vacuum_cleaner/141682.wav ; official train license TSV,unknown,clsdoa_v1,PRESENT
desed:train:144873:clsdoa_v1_srcprep_v1,desed:train:144873,3,vacuum_cleaner,persistent,DESED isolated foreground,Vacuum_cleaner,EXACT,144873,train,raw/desed/extracted/audio/train/soundbank/foreground/Vacuum_cleaner/144873.wav,14479aab6268f0dbd6d10c114983da3781036799da6b088bdaf0a8ac18f32c41,44100,1,13.428571429,http://creativecommons.org/publicdomain/zero/1.0/,PER_RECORDING_METADATA,DESED_synth_soundbank.tar.gz; audio/train/soundbank/foreground/Vacuum_cleaner/144873.wav ; official train license TSV,unknown,clsdoa_v1,PRESENT
desed:train:152020_0:clsdoa_v1_srcprep_v1,desed:train:152020,3,vacuum_cleaner,persistent,DESED isolated foreground,Vacuum_cleaner,EXACT,152020,train,raw/desed/extracted/audio/train/soundbank/foreground/Vacuum_cleaner/152020_0.wav,3a37a4f4e23bc8570759b3490908bb0ab5764d52624385db84cbdfa19d19fa36,44100,1,4.297845805,http://creativecommons.org/publicdomain/zero/1.0/,PER_RECORDING_METADATA,DESED_synth_soundbank.tar.gz; audio/train/soundbank/foreground/Vacuum_cleaner/152020_0.wav ; official train license TSV,unknown,clsdoa_v1,PRESENT
desed:train:152020_1:clsdoa_v1_srcprep_v1,desed:train:152020,3,vacuum_cleaner,persistent,DESED isolated foreground,Vacuum_cleaner,EXACT,152020,train,raw/desed/extracted/audio/train/soundbank/foreground/Vacuum_cleaner/152020_1.wav,fd1312f6ad3c4533a957487df8aed3839aeddab65ab332125ae134c95b1dbf87,44100,1,19.207777778,http://creativecommons.org/publicdomain/zero/1.0/,PER_RECORDING_METADATA,DESED_synth_soundbank.tar.gz; audio/train/soundbank/foreground/Vacuum_cleaner/152020_1.wav ; official train license TSV,unknown,clsdoa_v1,PRESENT
desed:train:152020_2:clsdoa_v1_srcprep_v1,desed:train:152020,3,vacuum_cleaner,persistent,DESED isolated foreground,Vacuum_cleaner,EXACT,152020,train,raw/desed/extracted/audio/train/soundbank/foreground/Vacuum_cleaner/152020_2.wav,086148639bbf7bf22ee20f22acbabbd504cf9c47058d38d18c5498916c03d9cd,44100,1,4.108185941,http://creativecommons.org/publicdomain/zero/1.0/,PER_RECORDING_METADATA,DESED_synth_soundbank.tar.gz; audio/train/soundbank/foreground/Vacuum_cleaner/152020_2.wav ; official train license TSV,unknown,clsdoa_v1,PRESENT
desed:train:152020_3:clsdoa_v1_srcprep_v1,desed:train:152020,3,vacuum_cleaner,persistent,DESED isolated foreground,Vacuum_cleaner,EXACT,152020,train,raw/desed/extracted/audio/train/soundbank/foreground/Vacuum_cleaner/152020_3.wav,4ee6cfabbb65b55af6e2855674d80dc27d220ebca9a7ffd51170a952ae57cb09,44100,1,19.091111111,http://creativecommons.org/publicdomain/zero/1.0/,PER_RECORDING_METADATA,DESED_synth_soundbank.tar.gz; audio/train/soundbank/foreground/Vacuum_cleaner/152020_3.wav ; official train license TSV,unknown,clsdoa_v1,PRESENT
desed:train:159346:clsdoa_v1_srcprep_v1,desed:train:159346,3,vacuum_cleaner,persistent,DESED isolated foreground,Vacuum_cleaner,EXACT,159346,train,raw/desed/extracted/audio/train/soundbank/foreground/Vacuum_cleaner/159346.wav,85011aa03ce62701edef2f8ddb3d4b8bd862a50fc094915b3fdb9abab20d17ef,44100,1,29.380907029,http://creativecommons.org/publicdomain/zero/1.0/,PER_RECORDING_METADATA,DESED_synth_soundbank.tar.gz; audio/train/soundbank/foreground/Vacuum_cleaner/159346.wav ; official train license TSV,unknown,clsdoa_v1,PRESENT
desed:train:159347:clsdoa_v1_srcprep_v1,desed:train:159347,3,vacuum_cleaner,persistent,DESED isolated foreground,Vacuum_cleaner,EXACT,159347,train,raw/desed/extracted/audio/train/soundbank/foreground/Vacuum_cleaner/159347.wav,2ff2b3900a35635afac914e1787b3f88cb29626686cd8d8405be6522638e68bd,44100,1,32.288321995,http://creativecommons.org/publicdomain/zero/1.0/,PER_RECORDING_METADATA,DESED_synth_soundbank.tar.gz; audio/train/soundbank/foreground/Vacuum_cleaner/159347.wav ; official train license TSV,unknown,clsdoa_v1,PRESENT
desed:train:159348:clsdoa_v1_srcprep_v1,desed:train:159348,3,vacuum_cleaner,persistent,DESED isolated foreground,Vacuum_cleaner,EXACT,159348,train,raw/desed/extracted/audio/train/soundbank/foreground/Vacuum_cleaner/159348.wav,8af8978502e3b34aa47942d75970ba0dda043749f1241d4778ac9dfd78555375,44100,1,57.606938776,http://creativecommons.org/publicdomain/zero/1.0/,PER_RECORDING_METADATA,DESED_synth_soundbank.tar.gz; audio/train/soundbank/foreground/Vacuum_cleaner/159348.wav ; official train license TSV,unknown,clsdoa_v1,PRESENT
desed:train:172732:clsdoa_v1_srcprep_v1,desed:train:172732,3,vacuum_cleaner,persistent,DESED isolated foreground,Vacuum_cleaner,EXACT,172732,train,raw/desed/extracted/audio/train/soundbank/foreground/Vacuum_cleaner/172732.wav,28f403be96d614b87d4a239b5e4a5596451da8d7e65afb7501e5c5719572667a,44100,1,11.181179138,http://creativecommons.org/licenses/by/3.0/,PER_RECORDING_METADATA,DESED_synth_soundbank.tar.gz; audio/train/soundbank/foreground/Vacuum_cleaner/172732.wav ; official train license TSV,unknown,clsdoa_v1,PRESENT
desed:train:172733:clsdoa_v1_srcprep_v1,desed:train:172733,3,vacuum_cleaner,persistent,DESED isolated foreground,Vacuum_cleaner,EXACT,172733,train,raw/desed/extracted/audio/train/soundbank/foreground/Vacuum_cleaner/172733.wav,7e5978425f95f161113cfdb9c555ed10b516ba47acef0f20ec58295d0d108952,44100,1,10.042879819,http://creativecommons.org/licenses/by/3.0/,PER_RECORDING_METADATA,DESED_synth_soundbank.tar.gz; audio/train/soundbank/foreground/Vacuum_cleaner/172733.wav ; official train license TSV,unknown,clsdoa_v1,PRESENT
desed:train:178255:clsdoa_v1_srcprep_v1,desed:train:178255,3,vacuum_cleaner,persistent,DESED isolated foreground,Vacuum_cleaner,EXACT,178255,train,raw/desed/extracted/audio/train/soundbank/foreground/Vacuum_cleaner/178255.wav,f43cf51606ca176d2fb82c57f1ecadb960a7831bd3d953c44d8aeb48a0d4fc22,44100,1,38.344716553,http://creativecommons.org/publicdomain/zero/1.0/,PER_RECORDING_METADATA,DESED_synth_soundbank.tar.gz; audio/train/soundbank/foreground/Vacuum_cleaner/178255.wav ; official train license TSV,unknown,clsdoa_v1,PRESENT
desed:train:178256:clsdoa_v1_srcprep_v1,desed:train:178256,3,vacuum_cleaner,persistent,DESED isolated foreground,Vacuum_cleaner,EXACT,178256,train,raw/desed/extracted/audio/train/soundbank/foreground/Vacuum_cleaner/178256.wav,f488e16f69a900e99e7dc2c7d85dc27ce0bbb989871a542804670e97c65326ae,44100,1,46.083877551,http://creativecommons.org/publicdomain/zero/1.0/,PER_RECORDING_METADATA,DESED_synth_soundbank.tar.gz; audio/train/soundbank/foreground/Vacuum_cleaner/178256.wav ; official train license TSV,unknown,clsdoa_v1,PRESENT
desed:train:181999:clsdoa_v1_srcprep_v1,desed:train:181999,3,vacuum_cleaner,persistent,DESED isolated foreground,Vacuum_cleaner,EXACT,181999,train,raw/desed/extracted/audio/train/soundbank/foreground/Vacuum_cleaner/181999.wav,66fb7c3dd454e3e251a45b1f733c7953c6dc06240fc18968cac9bcdb7ad78a92,44100,1,37.312154195,http://creativecommons.org/publicdomain/zero/1.0/,PER_RECORDING_METADATA,DESED_synth_soundbank.tar.gz; audio/train/soundbank/foreground/Vacuum_cleaner/181999.wav ; official train license TSV,unknown,clsdoa_v1,PRESENT
desed:train:182007:clsdoa_v1_srcprep_v1,desed:train:182007,3,vacuum_cleaner,persistent,DESED isolated foreground,Vacuum_cleaner,EXACT,182007,train,raw/desed/extracted/audio/train/soundbank/foreground/Vacuum_cleaner/182007.wav,e2429afa53e72c97d6aacbdefb5c56b2499aa38742bef56e687f929cc9fdaaa0,44100,1,43.308344671,http://creativecommons.org/publicdomain/zero/1.0/,PER_RECORDING_METADATA,DESED_synth_soundbank.tar.gz; audio/train/soundbank/foreground/Vacuum_cleaner/182007.wav ; official train license TSV,unknown,clsdoa_v1,PRESENT
desed:train:182009:clsdoa_v1_srcprep_v1,desed:train:182009,3,vacuum_cleaner,persistent,DESED isolated foreground,Vacuum_cleaner,EXACT,182009,train,raw/desed/extracted/audio/train/soundbank/foreground/Vacuum_cleaner/182009.wav,07dd79a60f12adb9616763939026a54e4213efc57af299f736d344540310a155,44100,1,35.711587302,http://creativecommons.org/publicdomain/zero/1.0/,PER_RECORDING_METADATA,DESED_synth_soundbank.tar.gz; audio/train/soundbank/foreground/Vacuum_cleaner/182009.wav ; official train license TSV,unknown,clsdoa_v1,PRESENT
desed:train:182010:clsdoa_v1_srcprep_v1,desed:train:182010,3,vacuum_cleaner,persistent,DESED isolated foreground,Vacuum_cleaner,EXACT,182010,train,raw/desed/extracted/audio/train/soundbank/foreground/Vacuum_cleaner/182010.wav,523b67b76d153fb8d563550a752f1786cf14d0f6b945209b8d1d44b2186a4136,44100,1,42.074512472,http://creativecommons.org/publicdomain/zero/1.0/,PER_RECORDING_METADATA,DESED_synth_soundbank.tar.gz; audio/train/soundbank/foreground/Vacuum_cleaner/182010.wav ; official train license TSV,unknown,clsdoa_v1,PRESENT
desed:train:182012:clsdoa_v1_srcprep_v1,desed:train:182012,3,vacuum_cleaner,persistent,DESED isolated foreground,Vacuum_cleaner,EXACT,182012,train,raw/desed/extracted/audio/train/soundbank/foreground/Vacuum_cleaner/182012.wav,d20e8f047a2972a6b0a8604dd638e491358bee0dbee253887f9c2eb0c410bdc4,44100,1,60.975850340,http://creativecommons.org/publicdomain/zero/1.0/,PER_RECORDING_METADATA,DESED_synth_soundbank.tar.gz; audio/train/soundbank/foreground/Vacuum_cleaner/182012.wav ; official train license TSV,unknown,clsdoa_v1,PRESENT
desed:train:188365:clsdoa_v1_srcprep_v1,desed:train:188365,3,vacuum_cleaner,persistent,DESED isolated foreground,Vacuum_cleaner,EXACT,188365,train,raw/desed/extracted/audio/train/soundbank/foreground/Vacuum_cleaner/188365.wav,c92294898c4711e1f00de3e1d44cdcbe7413ffe741712ed2f8609772c06ca9e7,44100,1,45.114489796,http://creativecommons.org/licenses/by-nc/3.0/,PER_RECORDING_METADATA,DESED_synth_soundbank.tar.gz; audio/train/soundbank/foreground/Vacuum_cleaner/188365.wav ; official train license TSV,unknown,clsdoa_v1,PRESENT
desed:train:194680:clsdoa_v1_srcprep_v1,desed:train:194680,3,vacuum_cleaner,persistent,DESED isolated foreground,Vacuum_cleaner,EXACT,194680,train,raw/desed/extracted/audio/train/soundbank/foreground/Vacuum_cleaner/194680.wav,437c049cf2e2ecc7563311de4834b24828ad68a64cb25f3a9e283d808f03a948,44100,1,40.911111111,http://creativecommons.org/publicdomain/zero/1.0/,PER_RECORDING_METADATA,DESED_synth_soundbank.tar.gz; audio/train/soundbank/foreground/Vacuum_cleaner/194680.wav ; official train license TSV,unknown,clsdoa_v1,PRESENT
desed:train:195835:clsdoa_v1_srcprep_v1,desed:train:195835,3,vacuum_cleaner,persistent,DESED isolated foreground,Vacuum_cleaner,EXACT,195835,train,raw/desed/extracted/audio/train/soundbank/foreground/Vacuum_cleaner/195835.wav,56480e49caa90f0c1d21fd05d93024d84e7097a731314dae5e99b81fe5802bc9,44100,1,39.705464853,http://creativecommons.org/publicdomain/zero/1.0/,PER_RECORDING_METADATA,DESED_synth_soundbank.tar.gz; audio/train/soundbank/foreground/Vacuum_cleaner/195835.wav ; official train license TSV,unknown,clsdoa_v1,PRESENT
desed:train:19840:clsdoa_v1_srcprep_v1,desed:train:19840,3,vacuum_cleaner,persistent,DESED isolated foreground,Vacuum_cleaner,EXACT,19840,train,raw/desed/extracted/audio/train/soundbank/foreground/Vacuum_cleaner/19840.wav,3090cfd9354fca758ac8f7e4fa5b91a2cda0ddc69d2c25148ad0e13a289a0319,44100,1,47.026507937,http://creativecommons.org/licenses/by/3.0/,PER_RECORDING_METADATA,DESED_synth_soundbank.tar.gz; audio/train/soundbank/foreground/Vacuum_cleaner/19840.wav ; official train license TSV,unknown,clsdoa_v1,PRESENT
desed:train:19872:clsdoa_v1_srcprep_v1,desed:train:19872,3,vacuum_cleaner,persistent,DESED isolated foreground,Vacuum_cleaner,EXACT,19872,train,raw/desed/extracted/audio/train/soundbank/foreground/Vacuum_cleaner/19872.wav,d437b6cc2da5e46fc9ceef7e4db3488120e3e14d07c923026e32613d48e84752,44100,1,80.808707483,http://creativecommons.org/licenses/by/3.0/,PER_RECORDING_METADATA,DESED_synth_soundbank.tar.gz; audio/train/soundbank/foreground/Vacuum_cleaner/19872.wav ; official train license TSV,unknown,clsdoa_v1,PRESENT
desed:train:205693_0:clsdoa_v1_srcprep_v1,desed:train:205693,3,vacuum_cleaner,persistent,DESED isolated foreground,Vacuum_cleaner,EXACT,205693,train,raw/desed/extracted/audio/train/soundbank/foreground/Vacuum_cleaner/205693_0.wav,5b5a09cfa171fc980d7fe31c5b6ddeb4acc93483ef3ed7b47e9b31a9e3cb3b9f,44100,1,31.249795918,http://creativecommons.org/publicdomain/zero/1.0/,PER_RECORDING_METADATA,DESED_synth_soundbank.tar.gz; audio/train/soundbank/foreground/Vacuum_cleaner/205693_0.wav ; official train license TSV,unknown,clsdoa_v1,PRESENT
desed:train:205693_1:clsdoa_v1_srcprep_v1,desed:train:205693,3,vacuum_cleaner,persistent,DESED isolated foreground,Vacuum_cleaner,EXACT,205693,train,raw/desed/extracted/audio/train/soundbank/foreground/Vacuum_cleaner/205693_1.wav,3eb76c6b3f5f6b10426fa9d6c7466f123039b144f6a71ca300c29e96ec79110b,44100,1,14.694829932,http://creativecommons.org/publicdomain/zero/1.0/,PER_RECORDING_METADATA,DESED_synth_soundbank.tar.gz; audio/train/soundbank/foreground/Vacuum_cleaner/205693_1.wav ; official train license TSV,unknown,clsdoa_v1,PRESENT
desed:train:212054:clsdoa_v1_srcprep_v1,desed:train:212054,3,vacuum_cleaner,persistent,DESED isolated foreground,Vacuum_cleaner,EXACT,212054,train,raw/desed/extracted/audio/train/soundbank/foreground/Vacuum_cleaner/212054.wav,1ab8ac3e6647d198ea1712df291b5ef970652f61a91ad75e3a5e2f6538341d41,44100,1,12.207052154,http://creativecommons.org/licenses/by/3.0/,PER_RECORDING_METADATA,DESED_synth_soundbank.tar.gz; audio/train/soundbank/foreground/Vacuum_cleaner/212054.wav ; official train license TSV,unknown,clsdoa_v1,PRESENT
desed:train:212059:clsdoa_v1_srcprep_v1,desed:train:212059,3,vacuum_cleaner,persistent,DESED isolated foreground,Vacuum_cleaner,EXACT,212059,train,raw/desed/extracted/audio/train/soundbank/foreground/Vacuum_cleaner/212059.wav,9ae33f636d3f569db35fdc37ed444ed6478fd2d8d4d10d7fd7e8af32f304bf07,44100,1,12.211791383,http://creativecommons.org/licenses/by/3.0/,PER_RECORDING_METADATA,DESED_synth_soundbank.tar.gz; audio/train/soundbank/foreground/Vacuum_cleaner/212059.wav ; official train license TSV,unknown,clsdoa_v1,PRESENT
desed:train:213567:clsdoa_v1_srcprep_v1,desed:train:213567,3,vacuum_cleaner,persistent,DESED isolated foreground,Vacuum_cleaner,EXACT,213567,train,raw/desed/extracted/audio/train/soundbank/foreground/Vacuum_cleaner/213567.wav,a1ce4a2729f933eb45c344c62af43b39ece40bfde8762b6c60e873ce31bf6fa0,44100,1,5.573560091,http://creativecommons.org/publicdomain/zero/1.0/,PER_RECORDING_METADATA,DESED_synth_soundbank.tar.gz; audio/train/soundbank/foreground/Vacuum_cleaner/213567.wav ; official train license TSV,unknown,clsdoa_v1,PRESENT
desed:train:231551:clsdoa_v1_srcprep_v1,desed:train:231551,3,vacuum_cleaner,persistent,DESED isolated foreground,Vacuum_cleaner,EXACT,231551,train,raw/desed/extracted/audio/train/soundbank/foreground/Vacuum_cleaner/231551.wav,2a03b698a6ddcc8ed5d5df993b30e6e327cc44622e28c85e8ca9701264fe0aed,44100,1,17.838163265,http://creativecommons.org/licenses/by/3.0/,PER_RECORDING_METADATA,DESED_synth_soundbank.tar.gz; audio/train/soundbank/foreground/Vacuum_cleaner/231551.wav ; official train license TSV,unknown,clsdoa_v1,PRESENT
desed:train:241265:clsdoa_v1_srcprep_v1,desed:train:241265,3,vacuum_cleaner,persistent,DESED isolated foreground,Vacuum_cleaner,EXACT,241265,train,raw/desed/extracted/audio/train/soundbank/foreground/Vacuum_cleaner/241265.wav,92147eb6df27666b7a9dc370c72482253d0d7716b90c22b2475e8c3090085604,44100,1,18.998616780,http://creativecommons.org/licenses/by/3.0/,PER_RECORDING_METADATA,DESED_synth_soundbank.tar.gz; audio/train/soundbank/foreground/Vacuum_cleaner/241265.wav ; official train license TSV,unknown,clsdoa_v1,PRESENT
desed:train:249575:clsdoa_v1_srcprep_v1,desed:train:249575,3,vacuum_cleaner,persistent,DESED isolated foreground,Vacuum_cleaner,EXACT,249575,train,raw/desed/extracted/audio/train/soundbank/foreground/Vacuum_cleaner/249575.wav,b8fc56e95ec37306fed4e1bbbd3393342e38d64344273dfcc6d9333aaf3a5403,44100,1,19.384625850,http://creativecommons.org/publicdomain/zero/1.0/,PER_RECORDING_METADATA,DESED_synth_soundbank.tar.gz; audio/train/soundbank/foreground/Vacuum_cleaner/249575.wav ; official train license TSV,unknown,clsdoa_v1,PRESENT
desed:train:30215:clsdoa_v1_srcprep_v1,desed:train:30215,3,vacuum_cleaner,persistent,DESED isolated foreground,Vacuum_cleaner,EXACT,30215,train,raw/desed/extracted/audio/train/soundbank/foreground/Vacuum_cleaner/30215.wav,05b9baedb8abcacfb7541d59803371b84171079f0413e3ff55148e1d7977381e,44100,1,32.080952381,http://creativecommons.org/licenses/by/3.0/,PER_RECORDING_METADATA,DESED_synth_soundbank.tar.gz; audio/train/soundbank/foreground/Vacuum_cleaner/30215.wav ; official train license TSV,unknown,clsdoa_v1,PRESENT
desed:train:328908:clsdoa_v1_srcprep_v1,desed:train:328908,3,vacuum_cleaner,persistent,DESED isolated foreground,Vacuum_cleaner,EXACT,328908,train,raw/desed/extracted/audio/train/soundbank/foreground/Vacuum_cleaner/328908.wav,b082f32cac50e72035b5518da4c0d64bb8ca0749903b0a8a10dc04890bf15608,44100,1,17.724535147,http://creativecommons.org/licenses/by-nc/3.0/,PER_RECORDING_METADATA,DESED_synth_soundbank.tar.gz; audio/train/soundbank/foreground/Vacuum_cleaner/328908.wav ; official train license TSV,unknown,clsdoa_v1,PRESENT
desed:train:339673:clsdoa_v1_srcprep_v1,desed:train:339673,3,vacuum_cleaner,persistent,DESED isolated foreground,Vacuum_cleaner,EXACT,339673,train,raw/desed/extracted/audio/train/soundbank/foreground/Vacuum_cleaner/339673.wav,fbe6ccefde58952dd7b0ce53412eed194a5c3bd7c61130804d33fb5b9c87fdc6,44100,1,41.039954649,http://creativecommons.org/licenses/by/3.0/,PER_RECORDING_METADATA,DESED_synth_soundbank.tar.gz; audio/train/soundbank/foreground/Vacuum_cleaner/339673.wav ; official train license TSV,unknown,clsdoa_v1,PRESENT
desed:train:349694:clsdoa_v1_srcprep_v1,desed:train:349694,3,vacuum_cleaner,persistent,DESED isolated foreground,Vacuum_cleaner,EXACT,349694,train,raw/desed/extracted/audio/train/soundbank/foreground/Vacuum_cleaner/349694.wav,46ee05ff8f44fa04ae359b12c9aa9598e20aeac8270aa9c0011d568075ae6628,44100,1,12.127006803,http://creativecommons.org/publicdomain/zero/1.0/,PER_RECORDING_METADATA,DESED_synth_soundbank.tar.gz; audio/train/soundbank/foreground/Vacuum_cleaner/349694.wav ; official train license TSV,unknown,clsdoa_v1,PRESENT
desed:train:386774:clsdoa_v1_srcprep_v1,desed:train:386774,3,vacuum_cleaner,persistent,DESED isolated foreground,Vacuum_cleaner,EXACT,386774,train,raw/desed/extracted/audio/train/soundbank/foreground/Vacuum_cleaner/386774.wav,2b4634783a8703a3b295228f006bbb3ceb34e1649f8deda2b4d0d33eb862ff27,44100,1,6.556780045,http://creativecommons.org/publicdomain/zero/1.0/,PER_RECORDING_METADATA,DESED_synth_soundbank.tar.gz; audio/train/soundbank/foreground/Vacuum_cleaner/386774.wav ; official train license TSV,unknown,clsdoa_v1,PRESENT
desed:train:424677:clsdoa_v1_srcprep_v1,desed:train:424677,3,vacuum_cleaner,persistent,DESED isolated foreground,Vacuum_cleaner,EXACT,424677,train,raw/desed/extracted/audio/train/soundbank/foreground/Vacuum_cleaner/424677.wav,1c830d6ecfe76355e3e071fcdf577e60408fd2a0ac70dc051e24f463a1a864e2,44100,1,18.103061224,http://creativecommons.org/publicdomain/zero/1.0/,PER_RECORDING_METADATA,DESED_synth_soundbank.tar.gz; audio/train/soundbank/foreground/Vacuum_cleaner/424677.wav ; official train license TSV,unknown,clsdoa_v1,PRESENT
desed:train:430632:clsdoa_v1_srcprep_v1,desed:train:430632,3,vacuum_cleaner,persistent,DESED isolated foreground,Vacuum_cleaner,EXACT,430632,train,raw/desed/extracted/audio/train/soundbank/foreground/Vacuum_cleaner/430632.wav,696560b383583cc63b0a09e8523501ca8763f8d059d83140d27b300408d1c2cc,44100,1,16.344467120,http://creativecommons.org/licenses/by/3.0/,PER_RECORDING_METADATA,DESED_synth_soundbank.tar.gz; audio/train/soundbank/foreground/Vacuum_cleaner/430632.wav ; official train license TSV,unknown,clsdoa_v1,PRESENT
desed:train:46744:clsdoa_v1_srcprep_v1,desed:train:46744,3,vacuum_cleaner,persistent,DESED isolated foreground,Vacuum_cleaner,EXACT,46744,train,raw/desed/extracted/audio/train/soundbank/foreground/Vacuum_cleaner/46744.wav,89b82447942f0579f007356801dcb188bca12c7cb12666b138c1214b1b8fae4e,44100,1,22.420408163,http://creativecommons.org/licenses/sampling+/1.0/,PER_RECORDING_METADATA,DESED_synth_soundbank.tar.gz; audio/train/soundbank/foreground/Vacuum_cleaner/46744.wav ; official train license TSV,unknown,clsdoa_v1,PRESENT
desed:train:48228:clsdoa_v1_srcprep_v1,desed:train:48228,3,vacuum_cleaner,persistent,DESED isolated foreground,Vacuum_cleaner,EXACT,48228,train,raw/desed/extracted/audio/train/soundbank/foreground/Vacuum_cleaner/48228.wav,6a4d8df4cddc881f5abde99b254787d078435e8c646640ad2987efb404565a5a,44100,1,7.035646259,http://creativecommons.org/licenses/by-nc/3.0/,PER_RECORDING_METADATA,DESED_synth_soundbank.tar.gz; audio/train/soundbank/foreground/Vacuum_cleaner/48228.wav ; official train license TSV,unknown,clsdoa_v1,PRESENT
desed:train:50763:clsdoa_v1_srcprep_v1,desed:train:50763,3,vacuum_cleaner,persistent,DESED isolated foreground,Vacuum_cleaner,EXACT,50763,train,raw/desed/extracted/audio/train/soundbank/foreground/Vacuum_cleaner/50763.wav,73b3739c2da1fafd2792a1dbbd62a293eb985a55253f96538572eabf39d22b02,44100,1,15.026371882,http://creativecommons.org/publicdomain/zero/1.0/,PER_RECORDING_METADATA,DESED_synth_soundbank.tar.gz; audio/train/soundbank/foreground/Vacuum_cleaner/50763.wav ; official train license TSV,unknown,clsdoa_v1,PRESENT
desed:train:50764:clsdoa_v1_srcprep_v1,desed:train:50764,3,vacuum_cleaner,persistent,DESED isolated foreground,Vacuum_cleaner,EXACT,50764,train,raw/desed/extracted/audio/train/soundbank/foreground/Vacuum_cleaner/50764.wav,43dee5bba89fe3de3c45f403ef99af3df20d98e6a49f8f8f5e1faf787351c867,44100,1,13.898820862,http://creativecommons.org/publicdomain/zero/1.0/,PER_RECORDING_METADATA,DESED_synth_soundbank.tar.gz; audio/train/soundbank/foreground/Vacuum_cleaner/50764.wav ; official train license TSV,unknown,clsdoa_v1,PRESENT
desed:train:79236:clsdoa_v1_srcprep_v1,desed:train:79236,3,vacuum_cleaner,persistent,DESED isolated foreground,Vacuum_cleaner,EXACT,79236,train,raw/desed/extracted/audio/train/soundbank/foreground/Vacuum_cleaner/79236.wav,7232439661de7feefd5ddfe35b5ff875c78dd981c53462bcd20a3040c2e84bbf,44100,1,21.013537415,http://creativecommons.org/licenses/by/3.0/,PER_RECORDING_METADATA,DESED_synth_soundbank.tar.gz; audio/train/soundbank/foreground/Vacuum_cleaner/79236.wav ; official train license TSV,unknown,clsdoa_v1,PRESENT
desed:train:82416:clsdoa_v1_srcprep_v1,desed:train:82416,3,vacuum_cleaner,persistent,DESED isolated foreground,Vacuum_cleaner,EXACT,82416,train,raw/desed/extracted/audio/train/soundbank/foreground/Vacuum_cleaner/82416.wav,0b21dd811ba281277ee5ee82f67c1c1c0288aaac650bb6668d829107658046f4,44100,1,8.837165533,http://creativecommons.org/publicdomain/zero/1.0/,PER_RECORDING_METADATA,DESED_synth_soundbank.tar.gz; audio/train/soundbank/foreground/Vacuum_cleaner/82416.wav ; official train license TSV,unknown,clsdoa_v1,PRESENT
desed:train:82417:clsdoa_v1_srcprep_v1,desed:train:82417,3,vacuum_cleaner,persistent,DESED isolated foreground,Vacuum_cleaner,EXACT,82417,train,raw/desed/extracted/audio/train/soundbank/foreground/Vacuum_cleaner/82417.wav,b62ee550b9abb8e44c46d02133a3c24d5523e65cdb7e6503888647705a78bfc7,44100,1,27.216802721,http://creativecommons.org/publicdomain/zero/1.0/,PER_RECORDING_METADATA,DESED_synth_soundbank.tar.gz; audio/train/soundbank/foreground/Vacuum_cleaner/82417.wav ; official train license TSV,unknown,clsdoa_v1,PRESENT
desed:train:94743:clsdoa_v1_srcprep_v1,desed:train:94743,3,vacuum_cleaner,persistent,DESED isolated foreground,Vacuum_cleaner,EXACT,94743,train,raw/desed/extracted/audio/train/soundbank/foreground/Vacuum_cleaner/94743.wav,5f35a9f468fdeb357f6132e5f41bf96cd33bef7a14523e14e6d910b144d889ba,44100,1,17.965600907,http://creativecommons.org/licenses/sampling+/1.0/,PER_RECORDING_METADATA,DESED_synth_soundbank.tar.gz; audio/train/soundbank/foreground/Vacuum_cleaner/94743.wav ; official train license TSV,unknown,clsdoa_v1,PRESENT
