source_clip_id,canonical_class,provider,subset,speaker_id,chapter_id,utterance_id,base_clip_id,split,original_path,original_duration_sec,crop_start_sec,crop_end_sec,prepared_path,prepared_sha256,sample_rate_hz,channels,samples,dtype,window_rms,window_peak,active_fraction,active_span_sec,longest_active_gap_sec,technical_qc_status,semantic_qc_status
libritts:1363:139304:1363_139304_000009_000003,speech,LibriTTS,train-clean-100,1363,139304,1363_139304_000009_000003,libritts:1363:139304:1363_139304_000009_000003,train,/home/leiyuxin/soundspaces/source_assets/libritts/LibriTTS/train-clean-100/1363/139304/1363_139304_000009_000003.wav,9.93,0.0,5.0,/home/leiyuxin/soundspaces/source_assets/clsdoa_v1/prepared/speech_libritts_train_clean_100_v1/audio/train/1363_139304_1363_139304_000009_000003.wav,cc77711714e4048182e4603ceac98cb6582fb1b7dbff095b9d196d120e2aca35,24000,1,120000,float32,0.06614439270463038,0.44415283203125,1.0,5.0,0.0,PASS,CORPUS_STRONG_LABEL
libritts:1926:147979:1926_147979_000012_000009,speech,LibriTTS,train-clean-100,1926,147979,1926_147979_000012_000009,libritts:1926:147979:1926_147979_000012_000009,train,/home/leiyuxin/soundspaces/source_assets/libritts/LibriTTS/train-clean-100/1926/147979/1926_147979_000012_000009.wav,14.05,2.6,7.6,/home/leiyuxin/soundspaces/source_assets/clsdoa_v1/prepared/speech_libritts_train_clean_100_v1/audio/train/1926_147979_1926_147979_000012_000009.wav,24cc0f95dc285cdc562dd7d222521422ce8bfe08890232d2a4dd536c8bdc2f49,24000,1,120000,float32,0.05389749618813323,0.489471435546875,1.0,5.0,0.0,PASS,CORPUS_STRONG_LABEL
libritts:4859:26870:4859_26870_000025_000002,speech,LibriTTS,train-clean-100,4859,26870,4859_26870_000025_000002,libritts:4859:26870:4859_26870_000025_000002,train,/home/leiyuxin/soundspaces/source_assets/libritts/LibriTTS/train-clean-100/4859/26870/4859_26870_000025_000002.wav,8.71,0.1,5.1,/home/leiyuxin/soundspaces/source_assets/clsdoa_v1/prepared/speech_libritts_train_clean_100_v1/audio/train/4859_26870_4859_26870_000025_000002.wav,f0d80e968d1d83f0ae9d21ca701bada524bbcd469402908b69f5ac88ed61b926,24000,1,120000,float32,0.06195607628701268,0.91534423828125,1.0,5.0,0.0,PASS,CORPUS_STRONG_LABEL
libritts:1069:133699:1069_133699_000003_000002,speech,LibriTTS,train-clean-100,1069,133699,1069_133699_000003_000002,libritts:1069:133699:1069_133699_000003_000002,train,/home/leiyuxin/soundspaces/source_assets/libritts/LibriTTS/train-clean-100/1069/133699/1069_133699_000003_000002.wav,11.99,5.4,10.4,/home/leiyuxin/soundspaces/source_assets/clsdoa_v1/prepared/speech_libritts_train_clean_100_v1/audio/train/1069_133699_1069_133699_000003_000002.wav,938929e149a54c52e2a8a60a961ee5b1a6ca2b55249d6cc9b007b0057f9fcb65,24000,1,120000,float32,0.12876848812398953,1.0,1.0,5.0,0.0,PASS,CORPUS_STRONG_LABEL
libritts:2384:152900:2384_152900_000010_000018,speech,LibriTTS,train-clean-100,2384,152900,2384_152900_000010_000018,libritts:2384:152900:2384_152900_000010_000018,train,/home/leiyuxin/soundspaces/source_assets/libritts/LibriTTS/train-clean-100/2384/152900/2384_152900_000010_000018.wav,7.899958333333333,0.0,5.0,/home/leiyuxin/soundspaces/source_assets/clsdoa_v1/prepared/speech_libritts_train_clean_100_v1/audio/train/2384_152900_2384_152900_000010_000018.wav,e88222b7038157b7812ffab8e7c1e50c71e8954599d383bd5d84df36a7152249,24000,1,120000,float32,0.06440781915603211,0.800933837890625,0.9,4.4,0.5999999999999996,PASS,CORPUS_STRONG_LABEL
libritts:730:359:730_359_000014_000001,speech,LibriTTS,train-clean-100,730,359,730_359_000014_000001,libritts:730:359:730_359_000014_000001,train,/home/leiyuxin/soundspaces/source_assets/libritts/LibriTTS/train-clean-100/730/359/730_359_000014_000001.wav,14.260041666666666,9.2,14.2,/home/leiyuxin/soundspaces/source_assets/clsdoa_v1/prepared/speech_libritts_train_clean_100_v1/audio/train/730_359_730_359_000014_000001.wav,d44fa08f436cad75a05725f93a41bf8e71ae33fe2f0ed5ce60b3c6905c5d2456,24000,1,120000,float32,0.0782330193201844,0.43011474609375,0.98,4.9,0.09999999999999964,PASS,CORPUS_STRONG_LABEL
libritts:7067:76047:7067_76047_000029_000000,speech,LibriTTS,train-clean-100,7067,76047,7067_76047_000029_000000,libritts:7067:76047:7067_76047_000029_000000,train,/home/leiyuxin/soundspaces/source_assets/libritts/LibriTTS/train-clean-100/7067/76047/7067_76047_000029_000000.wav,6.2,0.1,5.1,/home/leiyuxin/soundspaces/source_assets/clsdoa_v1/prepared/speech_libritts_train_clean_100_v1/audio/train/7067_76047_7067_76047_000029_000000.wav,54edee6642f31f787668d926874ad985c26abb1a77d7587c440727463a155d38,24000,1,120000,float32,0.08767338725945258,0.668060302734375,1.0,5.0,0.0,PASS,CORPUS_STRONG_LABEL
libritts:5514:19193:5514_19193_000031_000000,speech,LibriTTS,train-clean-100,5514,19193,5514_19193_000031_000000,libritts:5514:19193:5514_19193_000031_000000,train,/home/leiyuxin/soundspaces/source_assets/libritts/LibriTTS/train-clean-100/5514/19193/5514_19193_000031_000000.wav,5.81,0.5,5.5,/home/leiyuxin/soundspaces/source_assets/clsdoa_v1/prepared/speech_libritts_train_clean_100_v1/audio/train/5514_19193_5514_19193_000031_000000.wav,864430df469c5c8f313f5aaa845feb79cec210617d40272e1b97418ccf768cb7,24000,1,120000,float32,0.05712482469431639,0.439910888671875,0.98,4.3,0.7000000000000002,PASS,CORPUS_STRONG_LABEL
libritts:125:121342:125_121342_000056_000003,speech,LibriTTS,train-clean-100,125,121342,125_121342_000056_000003,libritts:125:121342:125_121342_000056_000003,train,/home/leiyuxin/soundspaces/source_assets/libritts/LibriTTS/train-clean-100/125/121342/125_121342_000056_000003.wav,14.729958333333334,0.1,5.1,/home/leiyuxin/soundspaces/source_assets/clsdoa_v1/prepared/speech_libritts_train_clean_100_v1/audio/train/125_121342_125_121342_000056_000003.wav,0a686b931e933f73754245472d208017a3c528561bec5dbf0020192218930c24,24000,1,120000,float32,0.0305811570487019,0.336273193359375,1.0,5.0,0.0,PASS,CORPUS_STRONG_LABEL
libritts:1098:133695:1098_133695_000003_000006,speech,LibriTTS,train-clean-100,1098,133695,1098_133695_000003_000006,libritts:1098:133695:1098_133695_000003_000006,train,/home/leiyuxin/soundspaces/source_assets/libritts/LibriTTS/train-clean-100/1098/133695/1098_133695_000003_000006.wav,15.21,0.0,5.0,/home/leiyuxin/soundspaces/source_assets/clsdoa_v1/prepared/speech_libritts_train_clean_100_v1/audio/train/1098_133695_1098_133695_000003_000006.wav,39ede9147494e30f3c683ff03d3081c683b269069129eafda242a5ca6b9dcecf,24000,1,120000,float32,0.08730052088558159,0.524627685546875,1.0,5.0,0.0,PASS,CORPUS_STRONG_LABEL
libritts:8629:261139:8629_261139_000008_000002,speech,LibriTTS,train-clean-100,8629,261139,8629_261139_000008_000002,libritts:8629:261139:8629_261139_000008_000002,train,/home/leiyuxin/soundspaces/source_assets/libritts/LibriTTS/train-clean-100/8629/261139/8629_261139_000008_000002.wav,20.8,10.4,15.4,/home/leiyuxin/soundspaces/source_assets/clsdoa_v1/prepared/speech_libritts_train_clean_100_v1/audio/train/8629_261139_8629_261139_000008_000002.wav,d4563ef64de58492115d026593c906bd3f6529cf81afba9968cca04df92b6b01,24000,1,120000,float32,0.03057698777637832,0.286865234375,1.0,5.0,0.0,PASS,CORPUS_STRONG_LABEL
libritts:8630:305213:8630_305213_000004_000006,speech,LibriTTS,train-clean-100,8630,305213,8630_305213_000004_000006,libritts:8630:305213:8630_305213_000004_000006,train,/home/leiyuxin/soundspaces/source_assets/libritts/LibriTTS/train-clean-100/8630/305213/8630_305213_000004_000006.wav,7.24,0.0,5.0,/home/leiyuxin/soundspaces/source_assets/clsdoa_v1/prepared/speech_libritts_train_clean_100_v1/audio/train/8630_305213_8630_305213_000004_000006.wav,a747ff8dd664b4da632a0a7103fad183b61845cd4398a6e31b832a189e933a95,24000,1,120000,float32,0.0912925833545596,0.68927001953125,0.98,4.7,0.2999999999999998,PASS,CORPUS_STRONG_LABEL
libritts:8419:286676:8419_286676_000019_000000,speech,LibriTTS,train-clean-100,8419,286676,8419_286676_000019_000000,libritts:8419:286676:8419_286676_000019_000000,train,/home/leiyuxin/soundspaces/source_assets/libritts/LibriTTS/train-clean-100/8419/286676/8419_286676_000019_000000.wav,9.32,4.0,9.0,/home/leiyuxin/soundspaces/source_assets/clsdoa_v1/prepared/speech_libritts_train_clean_100_v1/audio/train/8419_286676_8419_286676_000019_000000.wav,530b7023506c3dff9ad43ddc7ffe440cb2e18b26bef29a248df390cb1a14e3d6,24000,1,120000,float32,0.055867298152989193,0.48675537109375,1.0,5.0,0.0,PASS,CORPUS_STRONG_LABEL
libritts:6019:3185:6019_3185_000030_000008,speech,LibriTTS,train-clean-100,6019,3185,6019_3185_000030_000008,libritts:6019:3185:6019_3185_000030_000008,train,/home/leiyuxin/soundspaces/source_assets/libritts/LibriTTS/train-clean-100/6019/3185/6019_3185_000030_000008.wav,14.76,6.0,11.0,/home/leiyuxin/soundspaces/source_assets/clsdoa_v1/prepared/speech_libritts_train_clean_100_v1/audio/train/6019_3185_6019_3185_000030_000008.wav,dab9bf1171fd8bc6e50177a96882ebc2b1fc44a788f16b7ef7e5e39fa9405228,24000,1,120000,float32,0.08569858087732804,0.626434326171875,1.0,5.0,0.0,PASS,CORPUS_STRONG_LABEL
libritts:5778:54535:5778_54535_000017_000005,speech,LibriTTS,train-clean-100,5778,54535,5778_54535_000017_000005,libritts:5778:54535:5778_54535_000017_000005,train,/home/leiyuxin/soundspaces/source_assets/libritts/LibriTTS/train-clean-100/5778/54535/5778_54535_000017_000005.wav,18.230041666666665,0.2,5.2,/home/leiyuxin/soundspaces/source_assets/clsdoa_v1/prepared/speech_libritts_train_clean_100_v1/audio/train/5778_54535_5778_54535_000017_000005.wav,06cf82cad515786db2fccd8dbdb060a7b6a2ebaeaaa9180fdd8489471e8e0d86,24000,1,120000,float32,0.10783466215040799,0.54608154296875,1.0,5.0,0.0,PASS,CORPUS_STRONG_LABEL
libritts:669:129074:669_129074_000013_000002,speech,LibriTTS,train-clean-100,669,129074,669_129074_000013_000002,libritts:669:129074:669_129074_000013_000002,train,/home/leiyuxin/soundspaces/source_assets/libritts/LibriTTS/train-clean-100/669/129074/669_129074_000013_000002.wav,12.469958333333333,0.0,5.0,/home/leiyuxin/soundspaces/source_assets/clsdoa_v1/prepared/speech_libritts_train_clean_100_v1/audio/train/669_129074_669_129074_000013_000002.wav,a1cd3128bfcba68b54a8dee3b638fef2140638e536fb92c0ab761e4dc87fdd7d,24000,1,120000,float32,0.10999059159589246,0.669189453125,1.0,5.0,0.0,PASS,CORPUS_STRONG_LABEL
libritts:3664:11714:3664_11714_000018_000002,speech,LibriTTS,train-clean-100,3664,11714,3664_11714_000018_000002,libritts:3664:11714:3664_11714_000018_000002,train,/home/leiyuxin/soundspaces/source_assets/libritts/LibriTTS/train-clean-100/3664/11714/3664_11714_000018_000002.wav,17.95,4.4,9.4,/home/leiyuxin/soundspaces/source_assets/clsdoa_v1/prepared/speech_libritts_train_clean_100_v1/audio/train/3664_11714_3664_11714_000018_000002.wav,10daf17287dbcbb8753c80e9dc13a704b6ed7badb4c79f2b0ab33db76d332ec8,24000,1,120000,float32,0.05268537878072142,0.41131591796875,0.96,4.2,0.7999999999999998,PASS,CORPUS_STRONG_LABEL
libritts:229:130880:229_130880_000062_000001,speech,LibriTTS,train-clean-100,229,130880,229_130880_000062_000001,libritts:229:130880:229_130880_000062_000001,train,/home/leiyuxin/soundspaces/source_assets/libritts/LibriTTS/train-clean-100/229/130880/229_130880_000062_000001.wav,10.81,0.0,5.0,/home/leiyuxin/soundspaces/source_assets/clsdoa_v1/prepared/speech_libritts_train_clean_100_v1/audio/train/229_130880_229_130880_000062_000001.wav,29841c6a2acedc0677ebcfb064845fe2e9a14f529348719ca3b1d18b4abba74a,24000,1,120000,float32,0.05880695191387474,0.4119873046875,0.9,4.5,0.5,PASS,CORPUS_STRONG_LABEL
libritts:5652:39938:5652_39938_000014_000005,speech,LibriTTS,train-clean-100,5652,39938,5652_39938_000014_000005,libritts:5652:39938:5652_39938_000014_000005,train,/home/leiyuxin/soundspaces/source_assets/libritts/LibriTTS/train-clean-100/5652/39938/5652_39938_000014_000005.wav,5.540041666666666,0.1,5.1,/home/leiyuxin/soundspaces/source_assets/clsdoa_v1/prepared/speech_libritts_train_clean_100_v1/audio/train/5652_39938_5652_39938_000014_000005.wav,effb8f526926d618f48303b1454bf41544b860bf56f7c8980df908627735fe75,24000,1,120000,float32,0.10098423334955303,0.660919189453125,1.0,5.0,0.0,PASS,CORPUS_STRONG_LABEL
libritts:6476:57446:6476_57446_000045_000000,speech,LibriTTS,train-clean-100,6476,57446,6476_57446_000045_000000,libritts:6476:57446:6476_57446_000045_000000,train,/home/leiyuxin/soundspaces/source_assets/libritts/LibriTTS/train-clean-100/6476/57446/6476_57446_000045_000000.wav,11.070041666666667,0.1,5.1,/home/leiyuxin/soundspaces/source_assets/clsdoa_v1/prepared/speech_libritts_train_clean_100_v1/audio/train/6476_57446_6476_57446_000045_000000.wav,cb9e60ff887ad2262319017ad456a28dd4a582b02c30381111467d9b95c81d17,24000,1,120000,float32,0.06965148300778858,0.39935302734375,1.0,5.0,0.0,PASS,CORPUS_STRONG_LABEL
libritts:5750:100289:5750_100289_000037_000002,speech,LibriTTS,train-clean-100,5750,100289,5750_100289_000037_000002,libritts:5750:100289:5750_100289_000037_000002,train,/home/leiyuxin/soundspaces/source_assets/libritts/LibriTTS/train-clean-100/5750/100289/5750_100289_000037_000002.wav,9.419958333333334,3.8,8.8,/home/leiyuxin/soundspaces/source_assets/clsdoa_v1/prepared/speech_libritts_train_clean_100_v1/audio/train/5750_100289_5750_100289_000037_000002.wav,8a5c3b805ef1c28b4b6f11ce15e9f9f12de75ff9a83782abdc8e3c34eb19d666,24000,1,120000,float32,0.10554283236810334,0.597137451171875,1.0,5.0,0.0,PASS,CORPUS_STRONG_LABEL
libritts:7635:105409:7635_105409_000109_000000,speech,LibriTTS,train-clean-100,7635,105409,7635_105409_000109_000000,libritts:7635:105409:7635_105409_000109_000000,train,/home/leiyuxin/soundspaces/source_assets/libritts/LibriTTS/train-clean-100/7635/105409/7635_105409_000109_000000.wav,16.090083333333332,0.0,5.0,/home/leiyuxin/soundspaces/source_assets/clsdoa_v1/prepared/speech_libritts_train_clean_100_v1/audio/train/7635_105409_7635_105409_000109_000000.wav,1a60ab8ba8d6c70efab9ddedbb71e03649bd010dc069047c90c26dec08287a77,24000,1,120000,float32,0.062161288955946074,0.6329345703125,1.0,5.0,0.0,PASS,CORPUS_STRONG_LABEL
libritts:7302:86814:7302_86814_000002_000005,speech,LibriTTS,train-clean-100,7302,86814,7302_86814_000002_000005,libritts:7302:86814:7302_86814_000002_000005,train,/home/leiyuxin/soundspaces/source_assets/libritts/LibriTTS/train-clean-100/7302/86814/7302_86814_000002_000005.wav,13.38,0.1,5.1,/home/leiyuxin/soundspaces/source_assets/clsdoa_v1/prepared/speech_libritts_train_clean_100_v1/audio/train/7302_86814_7302_86814_000002_000005.wav,e1c115e30afa4ee404ec78683e868c9b13f6051710339960f2173f992da94394,24000,1,120000,float32,0.09887030598306346,0.431640625,0.96,4.800000000000001,0.1999999999999993,PASS,CORPUS_STRONG_LABEL
libritts:1624:142933:1624_142933_000034_000004,speech,LibriTTS,train-clean-100,1624,142933,1624_142933_000034_000004,libritts:1624:142933:1624_142933_000034_000004,train,/home/leiyuxin/soundspaces/source_assets/libritts/LibriTTS/train-clean-100/1624/142933/1624_142933_000034_000004.wav,7.58,1.6,6.6,/home/leiyuxin/soundspaces/source_assets/clsdoa_v1/prepared/speech_libritts_train_clean_100_v1/audio/train/1624_142933_1624_142933_000034_000004.wav,ed1ed4ca5815fce231bccce6fa8777c2e32f4af1ac38bebe2cfc62c805d3da56,24000,1,120000,float32,0.10024235458342198,0.76385498046875,1.0,5.0,0.0,PASS,CORPUS_STRONG_LABEL
libritts:460:172357:460_172357_000011_000000,speech,LibriTTS,train-clean-100,460,172357,460_172357_000011_000000,libritts:460:172357:460_172357_000011_000000,train,/home/leiyuxin/soundspaces/source_assets/libritts/LibriTTS/train-clean-100/460/172357/460_172357_000011_000000.wav,7.62,0.0,5.0,/home/leiyuxin/soundspaces/source_assets/clsdoa_v1/prepared/speech_libritts_train_clean_100_v1/audio/train/460_172357_460_172357_000011_000000.wav,a5fda29f4360d93952fc82ea47feef85c9b5de1f8ea319584adb67955273c01d,24000,1,120000,float32,0.07100847956624137,0.876220703125,1.0,5.0,0.0,PASS,CORPUS_STRONG_LABEL
libritts:831:130746:831_130746_000002_000001,speech,LibriTTS,train-clean-100,831,130746,831_130746_000002_000001,libritts:831:130746:831_130746_000002_000001,train,/home/leiyuxin/soundspaces/source_assets/libritts/LibriTTS/train-clean-100/831/130746/831_130746_000002_000001.wav,9.9,0.0,5.0,/home/leiyuxin/soundspaces/source_assets/clsdoa_v1/prepared/speech_libritts_train_clean_100_v1/audio/train/831_130746_831_130746_000002_000001.wav,0bb4d72405222f561f888400d913bbd9460ce96a54cd297bd9ad1c804216852f,24000,1,120000,float32,0.08184545582971307,0.65576171875,0.98,4.9,0.09999999999999964,PASS,CORPUS_STRONG_LABEL
libritts:3240:131231:3240_131231_000014_000000,speech,LibriTTS,train-clean-100,3240,131231,3240_131231_000014_000000,libritts:3240:131231:3240_131231_000014_000000,train,/home/leiyuxin/soundspaces/source_assets/libritts/LibriTTS/train-clean-100/3240/131231/3240_131231_000014_000000.wav,7.92,0.1,5.1,/home/leiyuxin/soundspaces/source_assets/clsdoa_v1/prepared/speech_libritts_train_clean_100_v1/audio/train/3240_131231_3240_131231_000014_000000.wav,1acbde36c630455dce0bd57f1f662daf31e7860db83b4aa1dff31c87bd93ee97,24000,1,120000,float32,0.0799747321180039,0.44677734375,1.0,5.0,0.0,PASS,CORPUS_STRONG_LABEL
libritts:7059:88364:7059_88364_000012_000006,speech,LibriTTS,train-clean-100,7059,88364,7059_88364_000012_000006,libritts:7059:88364:7059_88364_000012_000006,train,/home/leiyuxin/soundspaces/source_assets/libritts/LibriTTS/train-clean-100/7059/88364/7059_88364_000012_000006.wav,9.73,0.0,5.0,/home/leiyuxin/soundspaces/source_assets/clsdoa_v1/prepared/speech_libritts_train_clean_100_v1/audio/train/7059_88364_7059_88364_000012_000006.wav,deed082be0e36d8a23dd5425a9135870238f5ec1e25877f6d580d3f4ff9c1d12,24000,1,120000,float32,0.06035687864132502,0.47357177734375,0.96,4.800000000000001,0.1999999999999993,PASS,CORPUS_STRONG_LABEL
libritts:3699:47246:3699_47246_000010_000001,speech,LibriTTS,train-clean-100,3699,47246,3699_47246_000010_000001,libritts:3699:47246:3699_47246_000010_000001,train,/home/leiyuxin/soundspaces/source_assets/libritts/LibriTTS/train-clean-100/3699/47246/3699_47246_000010_000001.wav,14.08,7.9,12.9,/home/leiyuxin/soundspaces/source_assets/clsdoa_v1/prepared/speech_libritts_train_clean_100_v1/audio/train/3699_47246_3699_47246_000010_000001.wav,9f135ccc409ee45f0d0c180a315d5fa0165246c547e68f49288755f523fb4152,24000,1,120000,float32,0.13449389061095043,0.6905517578125,1.0,5.0,0.0,PASS,CORPUS_STRONG_LABEL
libritts:8975:270782:8975_270782_000019_000008,speech,LibriTTS,train-clean-100,8975,270782,8975_270782_000019_000008,libritts:8975:270782:8975_270782_000019_000008,train,/home/leiyuxin/soundspaces/source_assets/libritts/LibriTTS/train-clean-100/8975/270782/8975_270782_000019_000008.wav,20.090083333333332,14.4,19.4,/home/leiyuxin/soundspaces/source_assets/clsdoa_v1/prepared/speech_libritts_train_clean_100_v1/audio/train/8975_270782_8975_270782_000019_000008.wav,d63c35261901353cacdfe38a85ed70cf827461fb84b55d3a715acf13a60986b8,24000,1,120000,float32,0.0705048662515196,0.708953857421875,1.0,5.0,0.0,PASS,CORPUS_STRONG_LABEL
libritts:8014:112586:8014_112586_000010_000001,speech,LibriTTS,train-clean-100,8014,112586,8014_112586_000010_000001,libritts:8014:112586:8014_112586_000010_000001,train,/home/leiyuxin/soundspaces/source_assets/libritts/LibriTTS/train-clean-100/8014/112586/8014_112586_000010_000001.wav,10.27,4.8,9.8,/home/leiyuxin/soundspaces/source_assets/clsdoa_v1/prepared/speech_libritts_train_clean_100_v1/audio/train/8014_112586_8014_112586_000010_000001.wav,a551c2cda35628b080dafdd1bc9e190bbda85d94c704de5a90b3c6b61e1a6264,24000,1,120000,float32,0.06615677547596675,0.552642822265625,1.0,5.0,0.0,PASS,CORPUS_STRONG_LABEL
libritts:7800:283492:7800_283492_000005_000000,speech,LibriTTS,train-clean-100,7800,283492,7800_283492_000005_000000,libritts:7800:283492:7800_283492_000005_000000,train,/home/leiyuxin/soundspaces/source_assets/libritts/LibriTTS/train-clean-100/7800/283492/7800_283492_000005_000000.wav,6.87,0.0,5.0,/home/leiyuxin/soundspaces/source_assets/clsdoa_v1/prepared/speech_libritts_train_clean_100_v1/audio/train/7800_283492_7800_283492_000005_000000.wav,e240485e30aa2f198122be61d0692677e49bd383b5de39c8190d5a977896e580,24000,1,120000,float32,0.09716167829042542,0.53790283203125,1.0,5.0,0.0,PASS,CORPUS_STRONG_LABEL
libritts:8468:295198:8468_295198_000023_000000,speech,LibriTTS,train-clean-100,8468,295198,8468_295198_000023_000000,libritts:8468:295198:8468_295198_000023_000000,train,/home/leiyuxin/soundspaces/source_assets/libritts/LibriTTS/train-clean-100/8468/295198/8468_295198_000023_000000.wav,20.42,5.3,10.3,/home/leiyuxin/soundspaces/source_assets/clsdoa_v1/prepared/speech_libritts_train_clean_100_v1/audio/train/8468_295198_8468_295198_000023_000000.wav,9d0bd714a1812c6ce47a00bad0b2aee0600b03c85fec213c2f03def004e56368,24000,1,120000,float32,0.0776176389605251,0.49969482421875,1.0,5.0,0.0,PASS,CORPUS_STRONG_LABEL
libritts:7113:86041:7113_86041_000028_000000,speech,LibriTTS,train-clean-100,7113,86041,7113_86041_000028_000000,libritts:7113:86041:7113_86041_000028_000000,train,/home/leiyuxin/soundspaces/source_assets/libritts/LibriTTS/train-clean-100/7113/86041/7113_86041_000028_000000.wav,16.850083333333334,0.0,5.0,/home/leiyuxin/soundspaces/source_assets/clsdoa_v1/prepared/speech_libritts_train_clean_100_v1/audio/train/7113_86041_7113_86041_000028_000000.wav,dcd50337934799830db7386a7ccb518ec36392a58168c5a17ed02e9fa96bf46a,24000,1,120000,float32,0.06309846879653526,0.398834228515625,0.98,4.9,0.09999999999999964,PASS,CORPUS_STRONG_LABEL
libritts:839:130898:839_130898_000038_000002,speech,LibriTTS,train-clean-100,839,130898,839_130898_000038_000002,libritts:839:130898:839_130898_000038_000002,train,/home/leiyuxin/soundspaces/source_assets/libritts/LibriTTS/train-clean-100/839/130898/839_130898_000038_000002.wav,17.68,6.2,11.2,/home/leiyuxin/soundspaces/source_assets/clsdoa_v1/prepared/speech_libritts_train_clean_100_v1/audio/train/839_130898_839_130898_000038_000002.wav,74d4cfe0defc22d74613102acae08cd5f53ae1ca033a0278c0fe7161e7da4b27,24000,1,120000,float32,0.08217145165681229,0.604766845703125,1.0,5.0,0.0,PASS,CORPUS_STRONG_LABEL
libritts:6454:93938:6454_93938_000029_000001,speech,LibriTTS,train-clean-100,6454,93938,6454_93938_000029_000001,libritts:6454:93938:6454_93938_000029_000001,train,/home/leiyuxin/soundspaces/source_assets/libritts/LibriTTS/train-clean-100/6454/93938/6454_93938_000029_000001.wav,9.92,0.1,5.1,/home/leiyuxin/soundspaces/source_assets/clsdoa_v1/prepared/speech_libritts_train_clean_100_v1/audio/train/6454_93938_6454_93938_000029_000001.wav,77e045acaca5c3ba5623034dd9c18ea9e95d88b249910be2230b522988c5be40,24000,1,120000,float32,0.09467720182545952,0.70196533203125,1.0,5.0,0.0,PASS,CORPUS_STRONG_LABEL
libritts:226:122538:226_122538_000028_000000,speech,LibriTTS,train-clean-100,226,122538,226_122538_000028_000000,libritts:226:122538:226_122538_000028_000000,train,/home/leiyuxin/soundspaces/source_assets/libritts/LibriTTS/train-clean-100/226/122538/226_122538_000028_000000.wav,13.59,5.4,10.4,/home/leiyuxin/soundspaces/source_assets/clsdoa_v1/prepared/speech_libritts_train_clean_100_v1/audio/train/226_122538_226_122538_000028_000000.wav,a209a0487c8ef5c4c468cfb9056ed842d4b73cce37041ed912f5efe7c2660c99,24000,1,120000,float32,0.04204064424013273,0.49786376953125,1.0,5.0,0.0,PASS,CORPUS_STRONG_LABEL
libritts:8095:274345:8095_274345_000023_000005,speech,LibriTTS,train-clean-100,8095,274345,8095_274345_000023_000005,libritts:8095:274345:8095_274345_000023_000005,train,/home/leiyuxin/soundspaces/source_assets/libritts/LibriTTS/train-clean-100/8095/274345/8095_274345_000023_000005.wav,23.57,6.8,11.8,/home/leiyuxin/soundspaces/source_assets/clsdoa_v1/prepared/speech_libritts_train_clean_100_v1/audio/train/8095_274345_8095_274345_000023_000005.wav,e3a2a4e53cdc3d1e85400f4340fa8a9b0606ae56c4172919cc5c997dc30bbebe,24000,1,120000,float32,0.06614992768835724,0.477630615234375,1.0,5.0,0.0,PASS,CORPUS_STRONG_LABEL
libritts:5163:39921:5163_39921_000017_000003,speech,LibriTTS,train-clean-100,5163,39921,5163_39921_000017_000003,libritts:5163:39921:5163_39921_000017_000003,train,/home/leiyuxin/soundspaces/source_assets/libritts/LibriTTS/train-clean-100/5163/39921/5163_39921_000017_000003.wav,5.82,0.0,5.0,/home/leiyuxin/soundspaces/source_assets/clsdoa_v1/prepared/speech_libritts_train_clean_100_v1/audio/train/5163_39921_5163_39921_000017_000003.wav,80198421f8e06a6df8e15f2953b728ba0101ea37c3bd72ec3977a8f7c82ec18d,24000,1,120000,float32,0.06988911620848934,0.818328857421875,1.0,5.0,0.0,PASS,CORPUS_STRONG_LABEL
libritts:4340:15220:4340_15220_000076_000001,speech,LibriTTS,train-clean-100,4340,15220,4340_15220_000076_000001,libritts:4340:15220:4340_15220_000076_000001,train,/home/leiyuxin/soundspaces/source_assets/libritts/LibriTTS/train-clean-100/4340/15220/4340_15220_000076_000001.wav,13.150041666666667,6.3,11.3,/home/leiyuxin/soundspaces/source_assets/clsdoa_v1/prepared/speech_libritts_train_clean_100_v1/audio/train/4340_15220_4340_15220_000076_000001.wav,d5ceae035aa1e01da58b084c05238ed54642310bc5b7fbe7a4d3966e6325abb7,24000,1,120000,float32,0.05294205918109456,0.461517333984375,1.0,5.0,0.0,PASS,CORPUS_STRONG_LABEL
libritts:302:123504:302_123504_000007_000001,speech,LibriTTS,train-clean-100,302,123504,302_123504_000007_000001,libritts:302:123504:302_123504_000007_000001,train,/home/leiyuxin/soundspaces/source_assets/libritts/LibriTTS/train-clean-100/302/123504/302_123504_000007_000001.wav,16.16,0.0,5.0,/home/leiyuxin/soundspaces/source_assets/clsdoa_v1/prepared/speech_libritts_train_clean_100_v1/audio/train/302_123504_302_123504_000007_000001.wav,2183e5eba6877bf546562d8b6735973bb0018772dd16ec71b1b1cd43328e0c3d,24000,1,120000,float32,0.0770860501212298,0.643341064453125,1.0,5.0,0.0,PASS,CORPUS_STRONG_LABEL
libritts:6078:54013:6078_54013_000060_000002,speech,LibriTTS,train-clean-100,6078,54013,6078_54013_000060_000002,libritts:6078:54013:6078_54013_000060_000002,train,/home/leiyuxin/soundspaces/source_assets/libritts/LibriTTS/train-clean-100/6078/54013/6078_54013_000060_000002.wav,14.4,8.9,13.9,/home/leiyuxin/soundspaces/source_assets/clsdoa_v1/prepared/speech_libritts_train_clean_100_v1/audio/train/6078_54013_6078_54013_000060_000002.wav,fc385e179c0c326621ff67d1049e074575a87def338e103306702141a88139e2,24000,1,120000,float32,0.06203521752454792,0.588409423828125,0.98,4.800000000000001,0.1999999999999993,PASS,CORPUS_STRONG_LABEL
libritts:587:54108:587_54108_000035_000006,speech,LibriTTS,train-clean-100,587,54108,587_54108_000035_000006,libritts:587:54108:587_54108_000035_000006,train,/home/leiyuxin/soundspaces/source_assets/libritts/LibriTTS/train-clean-100/587/54108/587_54108_000035_000006.wav,9.68,2.7,7.7,/home/leiyuxin/soundspaces/source_assets/clsdoa_v1/prepared/speech_libritts_train_clean_100_v1/audio/train/587_54108_587_54108_000035_000006.wav,006f5fdc25768061520f138c9c0386471b93c35a883b299708073055ab540803,24000,1,120000,float32,0.04598639631786112,0.608123779296875,1.0,5.0,0.0,PASS,CORPUS_STRONG_LABEL
libritts:3607:29116:3607_29116_000055_000002,speech,LibriTTS,train-clean-100,3607,29116,3607_29116_000055_000002,libritts:3607:29116:3607_29116_000055_000002,train,/home/leiyuxin/soundspaces/source_assets/libritts/LibriTTS/train-clean-100/3607/29116/3607_29116_000055_000002.wav,11.86,0.1,5.1,/home/leiyuxin/soundspaces/source_assets/clsdoa_v1/prepared/speech_libritts_train_clean_100_v1/audio/train/3607_29116_3607_29116_000055_000002.wav,638d80ae776698213a184e493838a6c862f7af0a84929641a389f9509645f058,24000,1,120000,float32,0.04121414160739724,0.4482421875,1.0,5.0,0.0,PASS,CORPUS_STRONG_LABEL
libritts:8088:284756:8088_284756_000125_000004,speech,LibriTTS,train-clean-100,8088,284756,8088_284756_000125_000004,libritts:8088:284756:8088_284756_000125_000004,train,/home/leiyuxin/soundspaces/source_assets/libritts/LibriTTS/train-clean-100/8088/284756/8088_284756_000125_000004.wav,6.570083333333334,0.1,5.1,/home/leiyuxin/soundspaces/source_assets/clsdoa_v1/prepared/speech_libritts_train_clean_100_v1/audio/train/8088_284756_8088_284756_000125_000004.wav,f598d426e94321e5a7c5fdff828d7ce6af581e0ccf3775e19a91ab32285bd9d5,24000,1,120000,float32,0.0534559765193266,0.374481201171875,1.0,5.0,0.0,PASS,CORPUS_STRONG_LABEL
libritts:1246:124550:1246_124550_000012_000002,speech,LibriTTS,train-clean-100,1246,124550,1246_124550_000012_000002,libritts:1246:124550:1246_124550_000012_000002,train,/home/leiyuxin/soundspaces/source_assets/libritts/LibriTTS/train-clean-100/1246/124550/1246_124550_000012_000002.wav,6.2,0.1,5.1,/home/leiyuxin/soundspaces/source_assets/clsdoa_v1/prepared/speech_libritts_train_clean_100_v1/audio/train/1246_124550_1246_124550_000012_000002.wav,b04ea22ef39e3da7b51aa17c4b5bd89594c93a2302193cfbb9207f833629fa11,24000,1,120000,float32,0.12393750829583985,0.670562744140625,1.0,5.0,0.0,PASS,CORPUS_STRONG_LABEL
libritts:6415:111615:6415_111615_000021_000003,speech,LibriTTS,train-clean-100,6415,111615,6415_111615_000021_000003,libritts:6415:111615:6415_111615_000021_000003,train,/home/leiyuxin/soundspaces/source_assets/libritts/LibriTTS/train-clean-100/6415/111615/6415_111615_000021_000003.wav,17.780041666666666,6.8,11.8,/home/leiyuxin/soundspaces/source_assets/clsdoa_v1/prepared/speech_libritts_train_clean_100_v1/audio/train/6415_111615_6415_111615_000021_000003.wav,0295664c87747d410907bb7750fd579f7ef90d05c414eac2cccd00dc7178c441,24000,1,120000,float32,0.10699275062143321,0.839385986328125,1.0,5.0,0.0,PASS,CORPUS_STRONG_LABEL
libritts:2893:139322:2893_139322_000007_000000,speech,LibriTTS,train-clean-100,2893,139322,2893_139322_000007_000000,libritts:2893:139322:2893_139322_000007_000000,train,/home/leiyuxin/soundspaces/source_assets/libritts/LibriTTS/train-clean-100/2893/139322/2893_139322_000007_000000.wav,14.4,4.6,9.6,/home/leiyuxin/soundspaces/source_assets/clsdoa_v1/prepared/speech_libritts_train_clean_100_v1/audio/train/2893_139322_2893_139322_000007_000000.wav,a3304bc76b4268bffe1a08a9cf899ebc9c52cb400c33250cccfdbe0f0f652f11,24000,1,120000,float32,0.05849010890246859,0.5516357421875,1.0,5.0,0.0,PASS,CORPUS_STRONG_LABEL
libritts:40:222:40_222_000009_000000,speech,LibriTTS,train-clean-100,40,222,40_222_000009_000000,libritts:40:222:40_222_000009_000000,train,/home/leiyuxin/soundspaces/source_assets/libritts/LibriTTS/train-clean-100/40/222/40_222_000009_000000.wav,8.98,3.6,8.6,/home/leiyuxin/soundspaces/source_assets/clsdoa_v1/prepared/speech_libritts_train_clean_100_v1/audio/train/40_222_40_222_000009_000000.wav,04717ccf16abaca3f21d313944401a02630429d54e985a137d44d60760f63537,24000,1,120000,float32,0.0675853436096494,0.750030517578125,1.0,5.0,0.0,PASS,CORPUS_STRONG_LABEL
libritts:5322:7678:5322_7678_000006_000013,speech,LibriTTS,train-clean-100,5322,7678,5322_7678_000006_000013,libritts:5322:7678:5322_7678_000006_000013,train,/home/leiyuxin/soundspaces/source_assets/libritts/LibriTTS/train-clean-100/5322/7678/5322_7678_000006_000013.wav,19.45,7.8,12.8,/home/leiyuxin/soundspaces/source_assets/clsdoa_v1/prepared/speech_libritts_train_clean_100_v1/audio/train/5322_7678_5322_7678_000006_000013.wav,5948af2bc0b4c4729dd87aa96c99a736ff70048755649ceb8eacf98fa19c2ca1,24000,1,120000,float32,0.06365968069062392,0.873687744140625,1.0,5.0,0.0,PASS,CORPUS_STRONG_LABEL
libritts:1183:128659:1183_128659_000017_000000,speech,LibriTTS,train-clean-100,1183,128659,1183_128659_000017_000000,libritts:1183:128659:1183_128659_000017_000000,train,/home/leiyuxin/soundspaces/source_assets/libritts/LibriTTS/train-clean-100/1183/128659/1183_128659_000017_000000.wav,5.91,0.1,5.1,/home/leiyuxin/soundspaces/source_assets/clsdoa_v1/prepared/speech_libritts_train_clean_100_v1/audio/train/1183_128659_1183_128659_000017_000000.wav,fd270d2ee38c492b2b9dccf1959d57e94710674a0b4543c3e68fd7053f4c1133,24000,1,120000,float32,0.06260921436136409,0.9012451171875,1.0,5.0,0.0,PASS,CORPUS_STRONG_LABEL
libritts:7226:86965:7226_86965_000019_000004,speech,LibriTTS,train-clean-100,7226,86965,7226_86965_000019_000004,libritts:7226:86965:7226_86965_000019_000004,train,/home/leiyuxin/soundspaces/source_assets/libritts/LibriTTS/train-clean-100/7226/86965/7226_86965_000019_000004.wav,7.759916666666666,0.2,5.2,/home/leiyuxin/soundspaces/source_assets/clsdoa_v1/prepared/speech_libritts_train_clean_100_v1/audio/train/7226_86965_7226_86965_000019_000004.wav,9f219ef328ba155878c4ecbc792f6118db4aac6f6ebd91e1859bf19dcf9fe665,24000,1,120000,float32,0.054377799081112024,0.34173583984375,1.0,5.0,0.0,PASS,CORPUS_STRONG_LABEL
libritts:1334:135589:1334_135589_000015_000000,speech,LibriTTS,train-clean-100,1334,135589,1334_135589_000015_000000,libritts:1334:135589:1334_135589_000015_000000,train,/home/leiyuxin/soundspaces/source_assets/libritts/LibriTTS/train-clean-100/1334/135589/1334_135589_000015_000000.wav,11.73,0.0,5.0,/home/leiyuxin/soundspaces/source_assets/clsdoa_v1/prepared/speech_libritts_train_clean_100_v1/audio/train/1334_135589_1334_135589_000015_000000.wav,481f472543157a2fb2c56e5eee312f9c7f431cae7020a0d1743f2ce104cfed90,24000,1,120000,float32,0.0528579280543252,0.568359375,0.88,4.0,1.0,PASS,CORPUS_STRONG_LABEL
libritts:6064:56168:6064_56168_000016_000001,speech,LibriTTS,train-clean-100,6064,56168,6064_56168_000016_000001,libritts:6064:56168:6064_56168_000016_000001,train,/home/leiyuxin/soundspaces/source_assets/libritts/LibriTTS/train-clean-100/6064/56168/6064_56168_000016_000001.wav,9.51,0.0,5.0,/home/leiyuxin/soundspaces/source_assets/clsdoa_v1/prepared/speech_libritts_train_clean_100_v1/audio/train/6064_56168_6064_56168_000016_000001.wav,7ed55487e7514d4d1ac03f8779a27d95978a812130e4e6f05f5096e1ceea8d67,24000,1,120000,float32,0.053207196178298055,0.57757568359375,1.0,5.0,0.0,PASS,CORPUS_STRONG_LABEL
libritts:8226:274371:8226_274371_000017_000003,speech,LibriTTS,train-clean-100,8226,274371,8226_274371_000017_000003,libritts:8226:274371:8226_274371_000017_000003,train,/home/leiyuxin/soundspaces/source_assets/libritts/LibriTTS/train-clean-100/8226/274371/8226_274371_000017_000003.wav,16.06,0.0,5.0,/home/leiyuxin/soundspaces/source_assets/clsdoa_v1/prepared/speech_libritts_train_clean_100_v1/audio/train/8226_274371_8226_274371_000017_000003.wav,9cfcfc1e6b2b5cc38910f6d90ed92d909579a9cd154a1eca6d461e6d34478b6f,24000,1,120000,float32,0.07707748808142667,0.61968994140625,1.0,5.0,0.0,PASS,CORPUS_STRONG_LABEL
libritts:78:369:78_369_000017_000001,speech,LibriTTS,train-clean-100,78,369,78_369_000017_000001,libritts:78:369:78_369_000017_000001,train,/home/leiyuxin/soundspaces/source_assets/libritts/LibriTTS/train-clean-100/78/369/78_369_000017_000001.wav,18.100041666666666,0.0,5.0,/home/leiyuxin/soundspaces/source_assets/clsdoa_v1/prepared/speech_libritts_train_clean_100_v1/audio/train/78_369_78_369_000017_000001.wav,8624e38785a3f90894afe13ec0337d6e6aead019b7a394b58bfc11198ad274c4,24000,1,120000,float32,0.08561807659904752,0.70068359375,0.96,4.800000000000001,0.1999999999999993,PASS,CORPUS_STRONG_LABEL
libritts:5808:54425:5808_54425_000049_000000,speech,LibriTTS,train-clean-100,5808,54425,5808_54425_000049_000000,libritts:5808:54425:5808_54425_000049_000000,train,/home/leiyuxin/soundspaces/source_assets/libritts/LibriTTS/train-clean-100/5808/54425/5808_54425_000049_000000.wav,8.020041666666666,2.8,7.8,/home/leiyuxin/soundspaces/source_assets/clsdoa_v1/prepared/speech_libritts_train_clean_100_v1/audio/train/5808_54425_5808_54425_000049_000000.wav,488c97d268e37cae96dfb0ef221213251a07613633c601c50bf3bcf55c35e24f,24000,1,120000,float32,0.09980092737093282,0.704620361328125,1.0,5.0,0.0,PASS,CORPUS_STRONG_LABEL
libritts:8838:298545:8838_298545_000000_000007,speech,LibriTTS,train-clean-100,8838,298545,8838_298545_000000_000007,libritts:8838:298545:8838_298545_000000_000007,train,/home/leiyuxin/soundspaces/source_assets/libritts/LibriTTS/train-clean-100/8838/298545/8838_298545_000000_000007.wav,16.13,3.7,8.7,/home/leiyuxin/soundspaces/source_assets/clsdoa_v1/prepared/speech_libritts_train_clean_100_v1/audio/train/8838_298545_8838_298545_000000_000007.wav,8e29534652298979bc211ed85f586813607390b3cede4033f4313fb7dd9a645e,24000,1,120000,float32,0.06621547248482351,0.457244873046875,1.0,5.0,0.0,PASS,CORPUS_STRONG_LABEL
libritts:4788:294466:4788_294466_000002_000001,speech,LibriTTS,train-clean-100,4788,294466,4788_294466_000002_000001,libritts:4788:294466:4788_294466_000002_000001,train,/home/leiyuxin/soundspaces/source_assets/libritts/LibriTTS/train-clean-100/4788/294466/4788_294466_000002_000001.wav,6.58,0.0,5.0,/home/leiyuxin/soundspaces/source_assets/clsdoa_v1/prepared/speech_libritts_train_clean_100_v1/audio/train/4788_294466_4788_294466_000002_000001.wav,482f6602519486c73d55feb4a39a0eed377bb52b7542b28b24c809c7252dc18c,24000,1,120000,float32,0.11689598580239283,0.539581298828125,1.0,5.0,0.0,PASS,CORPUS_STRONG_LABEL
libritts:1743:142914:1743_142914_000001_000002,speech,LibriTTS,train-clean-100,1743,142914,1743_142914_000001_000002,libritts:1743:142914:1743_142914_000001_000002,train,/home/leiyuxin/soundspaces/source_assets/libritts/LibriTTS/train-clean-100/1743/142914/1743_142914_000001_000002.wav,5.67,0.2,5.2,/home/leiyuxin/soundspaces/source_assets/clsdoa_v1/prepared/speech_libritts_train_clean_100_v1/audio/train/1743_142914_1743_142914_000001_000002.wav,0d8ce131a0382ddb39e237490199abcdc13dc0c277d33d050cc0a8bd34c10c93,24000,1,120000,float32,0.04996403725881032,0.38031005859375,1.0,5.0,0.0,PASS,CORPUS_STRONG_LABEL
libritts:6367:65536:6367_65536_000003_000002,speech,LibriTTS,train-clean-100,6367,65536,6367_65536_000003_000002,libritts:6367:65536:6367_65536_000003_000002,train,/home/leiyuxin/soundspaces/source_assets/libritts/LibriTTS/train-clean-100/6367/65536/6367_65536_000003_000002.wav,12.67,1.8,6.8,/home/leiyuxin/soundspaces/source_assets/clsdoa_v1/prepared/speech_libritts_train_clean_100_v1/audio/train/6367_65536_6367_65536_000003_000002.wav,d0fdfe958673b040728cb2c863f5f26240cb54eba385792b4a2ec68f62fee90f,24000,1,120000,float32,0.14858534393076114,0.64373779296875,1.0,5.0,0.0,PASS,CORPUS_STRONG_LABEL
libritts:887:123291:887_123291_000015_000003,speech,LibriTTS,train-clean-100,887,123291,887_123291_000015_000003,libritts:887:123291:887_123291_000015_000003,train,/home/leiyuxin/soundspaces/source_assets/libritts/LibriTTS/train-clean-100/887/123291/887_123291_000015_000003.wav,18.98,13.7,18.7,/home/leiyuxin/soundspaces/source_assets/clsdoa_v1/prepared/speech_libritts_train_clean_100_v1/audio/train/887_123291_887_123291_000015_000003.wav,edb202fbdbb07e7f5f708edfab5025f32f72cc31a6d4fdec8d2ab1785f91ef96,24000,1,120000,float32,0.05459204899528255,0.51727294921875,1.0,5.0,0.0,PASS,CORPUS_STRONG_LABEL
libritts:83:3054:83_3054_000005_000000,speech,LibriTTS,train-clean-100,83,3054,83_3054_000005_000000,libritts:83:3054:83_3054_000005_000000,train,/home/leiyuxin/soundspaces/source_assets/libritts/LibriTTS/train-clean-100/83/3054/83_3054_000005_000000.wav,23.64,1.6,6.6,/home/leiyuxin/soundspaces/source_assets/clsdoa_v1/prepared/speech_libritts_train_clean_100_v1/audio/train/83_3054_83_3054_000005_000000.wav,bb16f2c7e25e19ecd29e85de81311700b89f8a9f66ac7ae6492d10e477487573,24000,1,120000,float32,0.06702005392318215,0.599822998046875,0.94,4.3,0.7000000000000002,PASS,CORPUS_STRONG_LABEL
libritts:5678:43302:5678_43302_000019_000000,speech,LibriTTS,train-clean-100,5678,43302,5678_43302_000019_000000,libritts:5678:43302:5678_43302_000019_000000,train,/home/leiyuxin/soundspaces/source_assets/libritts/LibriTTS/train-clean-100/5678/43302/5678_43302_000019_000000.wav,11.98,0.8,5.8,/home/leiyuxin/soundspaces/source_assets/clsdoa_v1/prepared/speech_libritts_train_clean_100_v1/audio/train/5678_43302_5678_43302_000019_000000.wav,1a13bf4707274b79a8e750bf331bfdff572aae1f37cd221ef8f60eaa64b24c93,24000,1,120000,float32,0.0836079809376732,0.701690673828125,1.0,5.0,0.0,PASS,CORPUS_STRONG_LABEL
libritts:1963:142393:1963_142393_000009_000002,speech,LibriTTS,train-clean-100,1963,142393,1963_142393_000009_000002,libritts:1963:142393:1963_142393_000009_000002,train,/home/leiyuxin/soundspaces/source_assets/libritts/LibriTTS/train-clean-100/1963/142393/1963_142393_000009_000002.wav,20.4,0.1,5.1,/home/leiyuxin/soundspaces/source_assets/clsdoa_v1/prepared/speech_libritts_train_clean_100_v1/audio/train/1963_142393_1963_142393_000009_000002.wav,bb3ad96aeb57bd9da04640acbb3582f68942869e80d14c84633b384972c0076d,24000,1,120000,float32,0.09636912197260479,0.576324462890625,0.9,4.2,0.7999999999999998,PASS,CORPUS_STRONG_LABEL
libritts:2416:152137:2416_152137_000020_000000,speech,LibriTTS,train-clean-100,2416,152137,2416_152137_000020_000000,libritts:2416:152137:2416_152137_000020_000000,train,/home/leiyuxin/soundspaces/source_assets/libritts/LibriTTS/train-clean-100/2416/152137/2416_152137_000020_000000.wav,6.38,0.0,5.0,/home/leiyuxin/soundspaces/source_assets/clsdoa_v1/prepared/speech_libritts_train_clean_100_v1/audio/train/2416_152137_2416_152137_000020_000000.wav,459fe9a2ff6741731475865b0a421c088389e75e554879960121f5f95ef3931b,24000,1,120000,float32,0.07740283808760698,0.495025634765625,1.0,5.0,0.0,PASS,CORPUS_STRONG_LABEL
libritts:7794:295948:7794_295948_000009_000001,speech,LibriTTS,train-clean-100,7794,295948,7794_295948_000009_000001,libritts:7794:295948:7794_295948_000009_000001,train,/home/leiyuxin/soundspaces/source_assets/libritts/LibriTTS/train-clean-100/7794/295948/7794_295948_000009_000001.wav,18.61,0.1,5.1,/home/leiyuxin/soundspaces/source_assets/clsdoa_v1/prepared/speech_libritts_train_clean_100_v1/audio/train/7794_295948_7794_295948_000009_000001.wav,b908a4e8778f61d933df6dc4f95fac5a55ff5dfaca198c9170919e4250784e84,24000,1,120000,float32,0.08604369408893937,0.338897705078125,1.0,5.0,0.0,PASS,CORPUS_STRONG_LABEL
libritts:4088:158077:4088_158077_000061_000000,speech,LibriTTS,train-clean-100,4088,158077,4088_158077_000061_000000,libritts:4088:158077:4088_158077_000061_000000,train,/home/leiyuxin/soundspaces/source_assets/libritts/LibriTTS/train-clean-100/4088/158077/4088_158077_000061_000000.wav,25.959958333333333,19.5,24.5,/home/leiyuxin/soundspaces/source_assets/clsdoa_v1/prepared/speech_libritts_train_clean_100_v1/audio/train/4088_158077_4088_158077_000061_000000.wav,0fd37dd187964422ce21e2116f660f8402f47dc532307b838aa81a53ac622818,24000,1,120000,float32,0.0636154593031985,0.31219482421875,1.0,5.0,0.0,PASS,CORPUS_STRONG_LABEL
libritts:1578:140049:1578_140049_000008_000000,speech,LibriTTS,train-clean-100,1578,140049,1578_140049_000008_000000,libritts:1578:140049:1578_140049_000008_000000,train,/home/leiyuxin/soundspaces/source_assets/libritts/LibriTTS/train-clean-100/1578/140049/1578_140049_000008_000000.wav,9.82,0.1,5.1,/home/leiyuxin/soundspaces/source_assets/clsdoa_v1/prepared/speech_libritts_train_clean_100_v1/audio/train/1578_140049_1578_140049_000008_000000.wav,b52c7cdd387d45a464e38a814e7e28240f318a33fae98904c0b384ac39248b51,24000,1,120000,float32,0.0784302479167463,0.612701416015625,1.0,5.0,0.0,PASS,CORPUS_STRONG_LABEL
libritts:3983:5371:3983_5371_000003_000002,speech,LibriTTS,train-clean-100,3983,5371,3983_5371_000003_000002,libritts:3983:5371:3983_5371_000003_000002,train,/home/leiyuxin/soundspaces/source_assets/libritts/LibriTTS/train-clean-100/3983/5371/3983_5371_000003_000002.wav,12.42,6.7,11.7,/home/leiyuxin/soundspaces/source_assets/clsdoa_v1/prepared/speech_libritts_train_clean_100_v1/audio/train/3983_5371_3983_5371_000003_000002.wav,25d5697b9a7eb119f120d4dda7beedda1596bb0d82349f9130e180aae494571d,24000,1,120000,float32,0.06083903646966803,0.508941650390625,0.94,4.2,0.7999999999999998,PASS,CORPUS_STRONG_LABEL
libritts:4014:186176:4014_186176_000007_000001,speech,LibriTTS,train-clean-100,4014,186176,4014_186176_000007_000001,libritts:4014:186176:4014_186176_000007_000001,train,/home/leiyuxin/soundspaces/source_assets/libritts/LibriTTS/train-clean-100/4014/186176/4014_186176_000007_000001.wav,15.21,7.3,12.3,/home/leiyuxin/soundspaces/source_assets/clsdoa_v1/prepared/speech_libritts_train_clean_100_v1/audio/train/4014_186176_4014_186176_000007_000001.wav,c2cc823da5ed7fb900ec4ca5a882d1bad33694ea2110cfdf7409636b7a545c80,24000,1,120000,float32,0.07069553870591118,0.542999267578125,0.96,4.6000000000000005,0.39999999999999947,PASS,CORPUS_STRONG_LABEL
libritts:6848:76049:6848_76049_000001_000003,speech,LibriTTS,train-clean-100,6848,76049,6848_76049_000001_000003,libritts:6848:76049:6848_76049_000001_000003,train,/home/leiyuxin/soundspaces/source_assets/libritts/LibriTTS/train-clean-100/6848/76049/6848_76049_000001_000003.wav,19.23,0.0,5.0,/home/leiyuxin/soundspaces/source_assets/clsdoa_v1/prepared/speech_libritts_train_clean_100_v1/audio/train/6848_76049_6848_76049_000001_000003.wav,fc0d435f3f22be1dca7f6e0857f5c59a703f0e5dbe0e1991f366db2b59035b0a,24000,1,120000,float32,0.08555131607733765,0.438812255859375,0.92,4.4,0.5999999999999996,PASS,CORPUS_STRONG_LABEL
libritts:5022:29405:5022_29405_000004_000001,speech,LibriTTS,train-clean-100,5022,29405,5022_29405_000004_000001,libritts:5022:29405:5022_29405_000004_000001,train,/home/leiyuxin/soundspaces/source_assets/libritts/LibriTTS/train-clean-100/5022/29405/5022_29405_000004_000001.wav,9.98,2.5,7.5,/home/leiyuxin/soundspaces/source_assets/clsdoa_v1/prepared/speech_libritts_train_clean_100_v1/audio/train/5022_29405_5022_29405_000004_000001.wav,8a4a1905577e6d5ac3dc29859cb5155d7ce557f136d6e4c4b112d21497558b80,24000,1,120000,float32,0.07735601726851893,0.527740478515625,0.94,4.7,0.2999999999999998,PASS,CORPUS_STRONG_LABEL
libritts:8465:246940:8465_246940_000032_000005,speech,LibriTTS,train-clean-100,8465,246940,8465_246940_000032_000005,libritts:8465:246940:8465_246940_000032_000005,train,/home/leiyuxin/soundspaces/source_assets/libritts/LibriTTS/train-clean-100/8465/246940/8465_246940_000032_000005.wav,20.06,1.9,6.9,/home/leiyuxin/soundspaces/source_assets/clsdoa_v1/prepared/speech_libritts_train_clean_100_v1/audio/train/8465_246940_8465_246940_000032_000005.wav,967737fab8fc7409e3567b0af6d0a8dd52fdad02e82ff91b84c3f623e80cd151,24000,1,120000,float32,0.10459702771210837,0.769500732421875,1.0,5.0,0.0,PASS,CORPUS_STRONG_LABEL
libritts:2843:152918:2843_152918_000008_000004,speech,LibriTTS,train-clean-100,2843,152918,2843_152918_000008_000004,libritts:2843:152918:2843_152918_000008_000004,train,/home/leiyuxin/soundspaces/source_assets/libritts/LibriTTS/train-clean-100/2843/152918/2843_152918_000008_000004.wav,8.86,0.0,5.0,/home/leiyuxin/soundspaces/source_assets/clsdoa_v1/prepared/speech_libritts_train_clean_100_v1/audio/train/2843_152918_2843_152918_000008_000004.wav,cf12fa24207dda6d19bf080aa052ddf8254b6276c5e5c472029067db6971c72b,24000,1,120000,float32,0.053667732926779996,0.633575439453125,0.96,4.800000000000001,0.1999999999999993,PASS,CORPUS_STRONG_LABEL
libritts:5456:24741:5456_24741_000005_000001,speech,LibriTTS,train-clean-100,5456,24741,5456_24741_000005_000001,libritts:5456:24741:5456_24741_000005_000001,train,/home/leiyuxin/soundspaces/source_assets/libritts/LibriTTS/train-clean-100/5456/24741/5456_24741_000005_000001.wav,8.67,0.0,5.0,/home/leiyuxin/soundspaces/source_assets/clsdoa_v1/prepared/speech_libritts_train_clean_100_v1/audio/train/5456_24741_5456_24741_000005_000001.wav,931f3c1829719d7d03de410fd21c6da86a45a7cfa01410ad6d53e7768a029a6d,24000,1,120000,float32,0.06302429775905115,0.414520263671875,0.96,4.1000000000000005,0.8999999999999995,PASS,CORPUS_STRONG_LABEL
libritts:4406:16883:4406_16883_000019_000013,speech,LibriTTS,train-clean-100,4406,16883,4406_16883_000019_000013,libritts:4406:16883:4406_16883_000019_000013,train,/home/leiyuxin/soundspaces/source_assets/libritts/LibriTTS/train-clean-100/4406/16883/4406_16883_000019_000013.wav,21.059958333333334,4.3,9.3,/home/leiyuxin/soundspaces/source_assets/clsdoa_v1/prepared/speech_libritts_train_clean_100_v1/audio/train/4406_16883_4406_16883_000019_000013.wav,35dde549bf844153e6dda93f6730e30757e933f541ca4aa5df0f09d430f9abd1,24000,1,120000,float32,0.06024812565388726,0.60760498046875,1.0,5.0,0.0,PASS,CORPUS_STRONG_LABEL
libritts:374:180298:374_180298_000025_000000,speech,LibriTTS,train-clean-100,374,180298,374_180298_000025_000000,libritts:374:180298:374_180298_000025_000000,train,/home/leiyuxin/soundspaces/source_assets/libritts/LibriTTS/train-clean-100/374/180298/374_180298_000025_000000.wav,11.279958333333333,0.1,5.1,/home/leiyuxin/soundspaces/source_assets/clsdoa_v1/prepared/speech_libritts_train_clean_100_v1/audio/train/374_180298_374_180298_000025_000000.wav,aab16c27df994a924fa78470748d20f0f94c1b3c54e0f21086c167f0532c552d,24000,1,120000,float32,0.05533027748468133,0.565673828125,1.0,5.0,0.0,PASS,CORPUS_STRONG_LABEL
libritts:3982:182255:3982_182255_000049_000006,speech,LibriTTS,train-clean-100,3982,182255,3982_182255_000049_000006,libritts:3982:182255:3982_182255_000049_000006,train,/home/leiyuxin/soundspaces/source_assets/libritts/LibriTTS/train-clean-100/3982/182255/3982_182255_000049_000006.wav,6.79,1.6,6.6,/home/leiyuxin/soundspaces/source_assets/clsdoa_v1/prepared/speech_libritts_train_clean_100_v1/audio/train/3982_182255_3982_182255_000049_000006.wav,c9528c9675dbcd028763b54ecfe5e01436be1080bb621b4ff475d1854c36a7bd,24000,1,120000,float32,0.05284350091769745,0.6341552734375,0.9,4.5,0.5,PASS,CORPUS_STRONG_LABEL
libritts:3440:171009:3440_171009_000106_000000,speech,LibriTTS,train-clean-100,3440,171009,3440_171009_000106_000000,libritts:3440:171009:3440_171009_000106_000000,train,/home/leiyuxin/soundspaces/source_assets/libritts/LibriTTS/train-clean-100/3440/171009/3440_171009_000106_000000.wav,12.150041666666667,1.6,6.6,/home/leiyuxin/soundspaces/source_assets/clsdoa_v1/prepared/speech_libritts_train_clean_100_v1/audio/train/3440_171009_3440_171009_000106_000000.wav,833873828b72c9d18e07026fe7937531cea708b2151bc4c69f05f0f911416f07,24000,1,120000,float32,0.06270945865408216,0.546600341796875,0.98,4.5,0.5,PASS,CORPUS_STRONG_LABEL
libritts:3374:298026:3374_298026_000011_000001,speech,LibriTTS,train-clean-100,3374,298026,3374_298026_000011_000001,libritts:3374:298026:3374_298026_000011_000001,train,/home/leiyuxin/soundspaces/source_assets/libritts/LibriTTS/train-clean-100/3374/298026/3374_298026_000011_000001.wav,17.0,4.0,9.0,/home/leiyuxin/soundspaces/source_assets/clsdoa_v1/prepared/speech_libritts_train_clean_100_v1/audio/train/3374_298026_3374_298026_000011_000001.wav,1e2c20bb93d6d01e1138f54c09ff7cf36435ba69d7f7c317844f754949bd5d45,24000,1,120000,float32,0.06446169175414508,1.0,0.96,4.6000000000000005,0.39999999999999947,PASS,CORPUS_STRONG_LABEL
libritts:8238:283452:8238_283452_000025_000000,speech,LibriTTS,train-clean-100,8238,283452,8238_283452_000025_000000,libritts:8238:283452:8238_283452_000025_000000,train,/home/leiyuxin/soundspaces/source_assets/libritts/LibriTTS/train-clean-100/8238/283452/8238_283452_000025_000000.wav,7.59,0.0,5.0,/home/leiyuxin/soundspaces/source_assets/clsdoa_v1/prepared/speech_libritts_train_clean_100_v1/audio/train/8238_283452_8238_283452_000025_000000.wav,98634653f23ad01902a8e10cca32b9d3d7bca1bf7bc97a7a6ac6e4520ca28445,24000,1,120000,float32,0.059309443667742975,0.562896728515625,1.0,5.0,0.0,PASS,CORPUS_STRONG_LABEL
libritts:911:128684:911_128684_000014_000001,speech,LibriTTS,train-clean-100,911,128684,911_128684_000014_000001,libritts:911:128684:911_128684_000014_000001,train,/home/leiyuxin/soundspaces/source_assets/libritts/LibriTTS/train-clean-100/911/128684/911_128684_000014_000001.wav,8.279958333333333,0.3,5.3,/home/leiyuxin/soundspaces/source_assets/clsdoa_v1/prepared/speech_libritts_train_clean_100_v1/audio/train/911_128684_911_128684_000014_000001.wav,a9a178cac17ef53212299d6d55593915862183f4de819b5be65ceb3049cb62db,24000,1,120000,float32,0.03750695962593562,0.4595947265625,1.0,5.0,0.0,PASS,CORPUS_STRONG_LABEL
libritts:7367:86737:7367_86737_000130_000002,speech,LibriTTS,train-clean-100,7367,86737,7367_86737_000130_000002,libritts:7367:86737:7367_86737_000130_000002,train,/home/leiyuxin/soundspaces/source_assets/libritts/LibriTTS/train-clean-100/7367/86737/7367_86737_000130_000002.wav,14.159916666666666,9.0,14.0,/home/leiyuxin/soundspaces/source_assets/clsdoa_v1/prepared/speech_libritts_train_clean_100_v1/audio/train/7367_86737_7367_86737_000130_000002.wav,9d71ae968cd397feac9ee884a8d3129d5af38278d27a05cbcfd08297f177ae8e,24000,1,120000,float32,0.045385859490229837,0.486328125,0.94,4.6000000000000005,0.39999999999999947,PASS,CORPUS_STRONG_LABEL
libritts:3486:166446:3486_166446_000059_000001,speech,LibriTTS,train-clean-100,3486,166446,3486_166446_000059_000001,libritts:3486:166446:3486_166446_000059_000001,train,/home/leiyuxin/soundspaces/source_assets/libritts/LibriTTS/train-clean-100/3486/166446/3486_166446_000059_000001.wav,11.099958333333333,1.8,6.8,/home/leiyuxin/soundspaces/source_assets/clsdoa_v1/prepared/speech_libritts_train_clean_100_v1/audio/train/3486_166446_3486_166446_000059_000001.wav,f6fe7d7e608f75e188d222b99ddfc42aa7b578eba35b8d43d2977d09642344d8,24000,1,120000,float32,0.1930491664592488,0.96893310546875,1.0,5.0,0.0,PASS,CORPUS_STRONG_LABEL
libritts:8123:275216:8123_275216_000050_000000,speech,LibriTTS,train-clean-100,8123,275216,8123_275216_000050_000000,libritts:8123:275216:8123_275216_000050_000000,train,/home/leiyuxin/soundspaces/source_assets/libritts/LibriTTS/train-clean-100/8123/275216/8123_275216_000050_000000.wav,5.89,0.0,5.0,/home/leiyuxin/soundspaces/source_assets/clsdoa_v1/prepared/speech_libritts_train_clean_100_v1/audio/train/8123_275216_8123_275216_000050_000000.wav,973df7090560957d78f7bc629ea23e0d7ba3dc7d658808079fbde9d5711f0358,24000,1,120000,float32,0.059259941192802125,0.370880126953125,0.96,4.800000000000001,0.1999999999999993,PASS,CORPUS_STRONG_LABEL
libritts:1235:135884:1235_135884_000006_000001,speech,LibriTTS,train-clean-100,1235,135884,1235_135884_000006_000001,libritts:1235:135884:1235_135884_000006_000001,train,/home/leiyuxin/soundspaces/source_assets/libritts/LibriTTS/train-clean-100/1235/135884/1235_135884_000006_000001.wav,22.73,17.7,22.7,/home/leiyuxin/soundspaces/source_assets/clsdoa_v1/prepared/speech_libritts_train_clean_100_v1/audio/train/1235_135884_1235_135884_000006_000001.wav,c87a97607485631998dce38d21ae7696ae39257969a56469e854eb28095a19e4,24000,1,120000,float32,0.07424708379833718,0.291290283203125,0.92,4.6000000000000005,0.39999999999999947,PASS,CORPUS_STRONG_LABEL
libritts:6272:70171:6272_70171_000011_000002,speech,LibriTTS,train-clean-100,6272,70171,6272_70171_000011_000002,libritts:6272:70171:6272_70171_000011_000002,train,/home/leiyuxin/soundspaces/source_assets/libritts/LibriTTS/train-clean-100/6272/70171/6272_70171_000011_000002.wav,12.76,7.2,12.2,/home/leiyuxin/soundspaces/source_assets/clsdoa_v1/prepared/speech_libritts_train_clean_100_v1/audio/train/6272_70171_6272_70171_000011_000002.wav,f4332d8fa4b8ccece66658c83010f90ede2edcade49d671e9c29ff5d4efab4ec,24000,1,120000,float32,0.042595059800468474,0.34039306640625,0.96,4.5,0.5,PASS,CORPUS_STRONG_LABEL
libritts:7780:274562:7780_274562_000005_000006,speech,LibriTTS,train-clean-100,7780,274562,7780_274562_000005_000006,libritts:7780:274562:7780_274562_000005_000006,train,/home/leiyuxin/soundspaces/source_assets/libritts/LibriTTS/train-clean-100/7780/274562/7780_274562_000005_000006.wav,30.42,3.6,8.6,/home/leiyuxin/soundspaces/source_assets/clsdoa_v1/prepared/speech_libritts_train_clean_100_v1/audio/train/7780_274562_7780_274562_000005_000006.wav,a614c6ee04a64b1671682d59125649fc6d9616370e0b59459e1cd53f19ac4966,24000,1,120000,float32,0.07679855251852973,0.4859619140625,1.0,5.0,0.0,PASS,CORPUS_STRONG_LABEL
libritts:4018:107338:4018_107338_000018_000004,speech,LibriTTS,train-clean-100,4018,107338,4018_107338_000018_000004,libritts:4018:107338:4018_107338_000018_000004,train,/home/leiyuxin/soundspaces/source_assets/libritts/LibriTTS/train-clean-100/4018/107338/4018_107338_000018_000004.wav,13.81,8.8,13.8,/home/leiyuxin/soundspaces/source_assets/clsdoa_v1/prepared/speech_libritts_train_clean_100_v1/audio/train/4018_107338_4018_107338_000018_000004.wav,d4fd2898fd5d0b904a7a1535225eda2a89e1e09f93f4d3e1291bfca125a4774e,24000,1,120000,float32,0.09543818676000336,0.5306396484375,0.92,4.5,0.5,PASS,CORPUS_STRONG_LABEL
libritts:696:93314:696_93314_000013_000005,speech,LibriTTS,train-clean-100,696,93314,696_93314_000013_000005,libritts:696:93314:696_93314_000013_000005,train,/home/leiyuxin/soundspaces/source_assets/libritts/LibriTTS/train-clean-100/696/93314/696_93314_000013_000005.wav,8.95,0.0,5.0,/home/leiyuxin/soundspaces/source_assets/clsdoa_v1/prepared/speech_libritts_train_clean_100_v1/audio/train/696_93314_696_93314_000013_000005.wav,f97573afceee321d56845cdae316e6b292eec214316db0875ccfe3d07b4f1758,24000,1,120000,float32,0.06487683511173462,0.4755859375,1.0,5.0,0.0,PASS,CORPUS_STRONG_LABEL
libritts:1263:139804:1263_139804_000021_000002,speech,LibriTTS,train-clean-100,1263,139804,1263_139804_000021_000002,libritts:1263:139804:1263_139804_000021_000002,train,/home/leiyuxin/soundspaces/source_assets/libritts/LibriTTS/train-clean-100/1263/139804/1263_139804_000021_000002.wav,10.0,4.9,9.9,/home/leiyuxin/soundspaces/source_assets/clsdoa_v1/prepared/speech_libritts_train_clean_100_v1/audio/train/1263_139804_1263_139804_000021_000002.wav,ba104e9080fd5ec198a1aaa80e8c444603d583d72565b0bd16008fe597a1477f,24000,1,120000,float32,0.07126987604240735,0.569305419921875,1.0,5.0,0.0,PASS,CORPUS_STRONG_LABEL
libritts:7517:100442:7517_100442_000002_000003,speech,LibriTTS,train-clean-100,7517,100442,7517_100442_000002_000003,libritts:7517:100442:7517_100442_000002_000003,train,/home/leiyuxin/soundspaces/source_assets/libritts/LibriTTS/train-clean-100/7517/100442/7517_100442_000002_000003.wav,8.85,3.8,8.8,/home/leiyuxin/soundspaces/source_assets/clsdoa_v1/prepared/speech_libritts_train_clean_100_v1/audio/train/7517_100442_7517_100442_000002_000003.wav,71c8f3b628d3d05f400dbbd9b51f349d2c5447d2c99fcef30caaf9a4cd26fa11,24000,1,120000,float32,0.08325360495689581,0.458770751953125,0.92,4.6000000000000005,0.39999999999999947,PASS,CORPUS_STRONG_LABEL
libritts:6209:34601:6209_34601_000086_000005,speech,LibriTTS,train-clean-100,6209,34601,6209_34601_000086_000005,libritts:6209:34601:6209_34601_000086_000005,train,/home/leiyuxin/soundspaces/source_assets/libritts/LibriTTS/train-clean-100/6209/34601/6209_34601_000086_000005.wav,10.139958333333333,0.1,5.1,/home/leiyuxin/soundspaces/source_assets/clsdoa_v1/prepared/speech_libritts_train_clean_100_v1/audio/train/6209_34601_6209_34601_000086_000005.wav,5d0aee883cd5a525fa329cecd43601fe32fe7c8139cad99c8cdb5548000da51a,24000,1,120000,float32,0.05741401584101524,0.30377197265625,1.0,5.0,0.0,PASS,CORPUS_STRONG_LABEL
libritts:7511:102420:7511_102420_000009_000004,speech,LibriTTS,train-clean-100,7511,102420,7511_102420_000009_000004,libritts:7511:102420:7511_102420_000009_000004,train,/home/leiyuxin/soundspaces/source_assets/libritts/LibriTTS/train-clean-100/7511/102420/7511_102420_000009_000004.wav,11.88,6.8,11.8,/home/leiyuxin/soundspaces/source_assets/clsdoa_v1/prepared/speech_libritts_train_clean_100_v1/audio/train/7511_102420_7511_102420_000009_000004.wav,9c5757e93765024642c38bec8e87b508473396b7b03f6c13791e0e7d9821a793,24000,1,120000,float32,0.07204459260648877,0.600372314453125,0.84,4.2,0.7999999999999998,PASS,CORPUS_STRONG_LABEL
libritts:118:47824:118_47824_000083_000009,speech,LibriTTS,train-clean-100,118,47824,118_47824_000083_000009,libritts:118:47824:118_47824_000083_000009,train,/home/leiyuxin/soundspaces/source_assets/libritts/LibriTTS/train-clean-100/118/47824/118_47824_000083_000009.wav,5.78,0.1,5.1,/home/leiyuxin/soundspaces/source_assets/clsdoa_v1/prepared/speech_libritts_train_clean_100_v1/audio/train/118_47824_118_47824_000083_000009.wav,922f2eaa560b80a838d3b319917cfa6a5b65c60e7bfab4194228bcb2fff9ee22,24000,1,120000,float32,0.06652023567656162,0.499176025390625,0.98,4.2,0.7999999999999998,PASS,CORPUS_STRONG_LABEL
libritts:1898:145724:1898_145724_000021_000000,speech,LibriTTS,train-clean-100,1898,145724,1898_145724_000021_000000,libritts:1898:145724:1898_145724_000021_000000,train,/home/leiyuxin/soundspaces/source_assets/libritts/LibriTTS/train-clean-100/1898/145724/1898_145724_000021_000000.wav,7.97,2.3,7.3,/home/leiyuxin/soundspaces/source_assets/clsdoa_v1/prepared/speech_libritts_train_clean_100_v1/audio/train/1898_145724_1898_145724_000021_000000.wav,7392fe2de210eb1cb9640ff2fb881d559f2f55ec72d48c7b1601ae28ebf4a83e,24000,1,120000,float32,0.10096190544132594,0.94427490234375,1.0,5.0,0.0,PASS,CORPUS_STRONG_LABEL
libritts:1116:132851:1116_132851_000044_000001,speech,LibriTTS,train-clean-100,1116,132851,1116_132851_000044_000001,libritts:1116:132851:1116_132851_000044_000001,train,/home/leiyuxin/soundspaces/source_assets/libritts/LibriTTS/train-clean-100/1116/132851/1116_132851_000044_000001.wav,7.56,0.0,5.0,/home/leiyuxin/soundspaces/source_assets/clsdoa_v1/prepared/speech_libritts_train_clean_100_v1/audio/train/1116_132851_1116_132851_000044_000001.wav,8203f24f2d18b4d5ca0a196582e09e00902cb357ebc88513208c2c4e359681be,24000,1,120000,float32,0.06557234027548134,0.397705078125,1.0,5.0,0.0,PASS,CORPUS_STRONG_LABEL
libritts:4853:29413:4853_29413_000017_000012,speech,LibriTTS,train-clean-100,4853,29413,4853_29413_000017_000012,libritts:4853:29413:4853_29413_000017_000012,train,/home/leiyuxin/soundspaces/source_assets/libritts/LibriTTS/train-clean-100/4853/29413/4853_29413_000017_000012.wav,9.99,0.0,5.0,/home/leiyuxin/soundspaces/source_assets/clsdoa_v1/prepared/speech_libritts_train_clean_100_v1/audio/train/4853_29413_4853_29413_000017_000012.wav,9d10501f69b73da483ccc0cd52d64c73a8a9c634381dcd66168510be2bd85dfb,24000,1,120000,float32,0.08065427762243522,0.426483154296875,0.96,4.800000000000001,0.1999999999999993,PASS,CORPUS_STRONG_LABEL
libritts:8747:293952:8747_293952_000094_000002,speech,LibriTTS,train-clean-100,8747,293952,8747_293952_000094_000002,libritts:8747:293952:8747_293952_000094_000002,train,/home/leiyuxin/soundspaces/source_assets/libritts/LibriTTS/train-clean-100/8747/293952/8747_293952_000094_000002.wav,10.19,0.0,5.0,/home/leiyuxin/soundspaces/source_assets/clsdoa_v1/prepared/speech_libritts_train_clean_100_v1/audio/train/8747_293952_8747_293952_000094_000002.wav,eab44dc1bd2edba9feb5fe3bbae538ed78bc11da68173570dcc88230bd5b5f09,24000,1,120000,float32,0.03593059760086255,0.2596435546875,0.92,4.6000000000000005,0.39999999999999947,PASS,CORPUS_STRONG_LABEL
libritts:26:496:26_496_000022_000000,speech,LibriTTS,train-clean-100,26,496,26_496_000022_000000,libritts:26:496:26_496_000022_000000,train,/home/leiyuxin/soundspaces/source_assets/libritts/LibriTTS/train-clean-100/26/496/26_496_000022_000000.wav,24.390041666666665,6.5,11.5,/home/leiyuxin/soundspaces/source_assets/clsdoa_v1/prepared/speech_libritts_train_clean_100_v1/audio/train/26_496_26_496_000022_000000.wav,5d642104615b3293954cbf7991a969aa2f4900897295bf9b80a9bd6b1095d83c,24000,1,120000,float32,0.06103556693956169,0.58868408203125,1.0,5.0,0.0,PASS,CORPUS_STRONG_LABEL
libritts:298:126791:298_126791_000077_000000,speech,LibriTTS,train-clean-100,298,126791,298_126791_000077_000000,libritts:298:126791:298_126791_000077_000000,train,/home/leiyuxin/soundspaces/source_assets/libritts/LibriTTS/train-clean-100/298/126791/298_126791_000077_000000.wav,8.929958333333333,3.7,8.7,/home/leiyuxin/soundspaces/source_assets/clsdoa_v1/prepared/speech_libritts_train_clean_100_v1/audio/train/298_126791_298_126791_000077_000000.wav,3acbae96b7d057cfe283e514acd4d5e894e00d8f0d6fb647b4c48b8496f7d6cf,24000,1,120000,float32,0.0634146648022783,0.71484375,1.0,5.0,0.0,PASS,CORPUS_STRONG_LABEL
libritts:6081:41997:6081_41997_000021_000001,speech,LibriTTS,train-clean-100,6081,41997,6081_41997_000021_000001,libritts:6081:41997:6081_41997_000021_000001,train,/home/leiyuxin/soundspaces/source_assets/libritts/LibriTTS/train-clean-100/6081/41997/6081_41997_000021_000001.wav,17.08,2.1,7.1,/home/leiyuxin/soundspaces/source_assets/clsdoa_v1/prepared/speech_libritts_train_clean_100_v1/audio/train/6081_41997_6081_41997_000021_000001.wav,269f9c6cb2fdd294b989d5d7ca8d1513ae95a3fd7d36df1533bcc0ece71da5f0,24000,1,120000,float32,0.09517473004393417,0.56634521484375,1.0,5.0,0.0,PASS,CORPUS_STRONG_LABEL
libritts:32:4137:32_4137_000023_000005,speech,LibriTTS,train-clean-100,32,4137,32_4137_000023_000005,libritts:32:4137:32_4137_000023_000005,train,/home/leiyuxin/soundspaces/source_assets/libritts/LibriTTS/train-clean-100/32/4137/32_4137_000023_000005.wav,7.35,2.2,7.2,/home/leiyuxin/soundspaces/source_assets/clsdoa_v1/prepared/speech_libritts_train_clean_100_v1/audio/train/32_4137_32_4137_000023_000005.wav,9e76490c08110f21f8d461ba74d29d16339bdac646793b11ab0f8a02858b46a2,24000,1,120000,float32,0.062164064281280206,0.501068115234375,0.94,4.4,0.5999999999999996,PASS,CORPUS_STRONG_LABEL
libritts:7078:271888:7078_271888_000018_000000,speech,LibriTTS,train-clean-100,7078,271888,7078_271888_000018_000000,libritts:7078:271888:7078_271888_000018_000000,train,/home/leiyuxin/soundspaces/source_assets/libritts/LibriTTS/train-clean-100/7078/271888/7078_271888_000018_000000.wav,9.24,4.2,9.2,/home/leiyuxin/soundspaces/source_assets/clsdoa_v1/prepared/speech_libritts_train_clean_100_v1/audio/train/7078_271888_7078_271888_000018_000000.wav,dcbe00b5f2d45a60134b788746f96c9a2713c1b08fdd1180d70f37cfa3f28f8d,24000,1,120000,float32,0.0612289785470476,0.568206787109375,0.94,4.2,0.7999999999999998,PASS,CORPUS_STRONG_LABEL
libritts:2952:408:2952_408_000024_000002,speech,LibriTTS,train-clean-100,2952,408,2952_408_000024_000002,libritts:2952:408:2952_408_000024_000002,train,/home/leiyuxin/soundspaces/source_assets/libritts/LibriTTS/train-clean-100/2952/408/2952_408_000024_000002.wav,9.69,4.6,9.6,/home/leiyuxin/soundspaces/source_assets/clsdoa_v1/prepared/speech_libritts_train_clean_100_v1/audio/train/2952_408_2952_408_000024_000002.wav,039c45a7140a69c4a2c823a13384fb85028fe300f4ec565224a860480fbee724,24000,1,120000,float32,0.047703128695556166,0.533203125,0.9,4.5,0.5,PASS,CORPUS_STRONG_LABEL
libritts:4160:11550:4160_11550_000041_000001,speech,LibriTTS,train-clean-100,4160,11550,4160_11550_000041_000001,libritts:4160:11550:4160_11550_000041_000001,train,/home/leiyuxin/soundspaces/source_assets/libritts/LibriTTS/train-clean-100/4160/11550/4160_11550_000041_000001.wav,5.36,0.0,5.0,/home/leiyuxin/soundspaces/source_assets/clsdoa_v1/prepared/speech_libritts_train_clean_100_v1/audio/train/4160_11550_4160_11550_000041_000001.wav,10575967e43e9f8cca98ca22357696128b8c5eceb515c392efaedf289b52c6d1,24000,1,120000,float32,0.06419627541979747,0.48284912109375,1.0,5.0,0.0,PASS,CORPUS_STRONG_LABEL
libritts:2182:181173:2182_181173_000002_000001,speech,LibriTTS,train-clean-100,2182,181173,2182_181173_000002_000001,libritts:2182:181173:2182_181173_000002_000001,train,/home/leiyuxin/soundspaces/source_assets/libritts/LibriTTS/train-clean-100/2182/181173/2182_181173_000002_000001.wav,12.4,0.2,5.2,/home/leiyuxin/soundspaces/source_assets/clsdoa_v1/prepared/speech_libritts_train_clean_100_v1/audio/train/2182_181173_2182_181173_000002_000001.wav,692ec0af0a4fdcc50052bd81367a0fbb5874a7892e2b32c2f18fa83d32f7c070,24000,1,120000,float32,0.05268301903237789,0.49444580078125,1.0,5.0,0.0,PASS,CORPUS_STRONG_LABEL
libritts:6529:62554:6529_62554_000038_000002,speech,LibriTTS,train-clean-100,6529,62554,6529_62554_000038_000002,libritts:6529:62554:6529_62554_000038_000002,train,/home/leiyuxin/soundspaces/source_assets/libritts/LibriTTS/train-clean-100/6529/62554/6529_62554_000038_000002.wav,7.240083333333334,1.9,6.9,/home/leiyuxin/soundspaces/source_assets/clsdoa_v1/prepared/speech_libritts_train_clean_100_v1/audio/train/6529_62554_6529_62554_000038_000002.wav,9d9de8c854b1aafffdc59d5882941560f1d8e4e84e0f9b3e48631f7eb5c9d028,24000,1,120000,float32,0.08028381418645729,0.668365478515625,1.0,5.0,0.0,PASS,CORPUS_STRONG_LABEL
libritts:8324:286681:8324_286681_000010_000000,speech,LibriTTS,train-clean-100,8324,286681,8324_286681_000010_000000,libritts:8324:286681:8324_286681_000010_000000,train,/home/leiyuxin/soundspaces/source_assets/libritts/LibriTTS/train-clean-100/8324/286681/8324_286681_000010_000000.wav,7.35,2.2,7.2,/home/leiyuxin/soundspaces/source_assets/clsdoa_v1/prepared/speech_libritts_train_clean_100_v1/audio/train/8324_286681_8324_286681_000010_000000.wav,db7915cba44a5b611f9c545ad44eed0afe8634550dbc8af9782d94e4491268a2,24000,1,120000,float32,0.04792932852599876,0.348052978515625,0.98,4.7,0.2999999999999998,PASS,CORPUS_STRONG_LABEL
libritts:8580:287363:8580_287363_000028_000000,speech,LibriTTS,train-clean-100,8580,287363,8580_287363_000028_000000,libritts:8580:287363:8580_287363_000028_000000,train,/home/leiyuxin/soundspaces/source_assets/libritts/LibriTTS/train-clean-100/8580/287363/8580_287363_000028_000000.wav,10.93,5.6,10.6,/home/leiyuxin/soundspaces/source_assets/clsdoa_v1/prepared/speech_libritts_train_clean_100_v1/audio/train/8580_287363_8580_287363_000028_000000.wav,c7226569577188b51b5a84150a1eb20688a852d36ffbeca6433cef057c1998ee,24000,1,120000,float32,0.09252548042795923,0.680694580078125,1.0,5.0,0.0,PASS,CORPUS_STRONG_LABEL
libritts:150:126107:150_126107_000026_000000,speech,LibriTTS,train-clean-100,150,126107,150_126107_000026_000000,libritts:150:126107:150_126107_000026_000000,train,/home/leiyuxin/soundspaces/source_assets/libritts/LibriTTS/train-clean-100/150/126107/150_126107_000026_000000.wav,5.88,0.0,5.0,/home/leiyuxin/soundspaces/source_assets/clsdoa_v1/prepared/speech_libritts_train_clean_100_v1/audio/train/150_126107_150_126107_000026_000000.wav,c1ad276447c36f7cc2b95b7dca4e41b7f76b5facb0af6ee83bbe96faac98f3c3,24000,1,120000,float32,0.058526343590849385,0.495574951171875,1.0,5.0,0.0,PASS,CORPUS_STRONG_LABEL
libritts:7859:102519:7859_102519_000005_000003,speech,LibriTTS,train-clean-100,7859,102519,7859_102519_000005_000003,libritts:7859:102519:7859_102519_000005_000003,train,/home/leiyuxin/soundspaces/source_assets/libritts/LibriTTS/train-clean-100/7859/102519/7859_102519_000005_000003.wav,13.67,4.7,9.7,/home/leiyuxin/soundspaces/source_assets/clsdoa_v1/prepared/speech_libritts_train_clean_100_v1/audio/train/7859_102519_7859_102519_000005_000003.wav,7cfe583cb2034c71158a0f0abadd3390f4ebf89c2a9b95d2c35082cf792921fe,24000,1,120000,float32,0.07134846525715205,0.6593017578125,1.0,5.0,0.0,PASS,CORPUS_STRONG_LABEL
libritts:1088:134318:1088_134318_000034_000001,speech,LibriTTS,train-clean-100,1088,134318,1088_134318_000034_000001,libritts:1088:134318:1088_134318_000034_000001,train,/home/leiyuxin/soundspaces/source_assets/libritts/LibriTTS/train-clean-100/1088/134318/1088_134318_000034_000001.wav,10.41,5.1,10.1,/home/leiyuxin/soundspaces/source_assets/clsdoa_v1/prepared/speech_libritts_train_clean_100_v1/audio/train/1088_134318_1088_134318_000034_000001.wav,fb5699bf863c00d04129b3a00b6f404c40c1e5b160e1a44fcd572df1fe9ee83a,24000,1,120000,float32,0.05115006134710761,0.313568115234375,1.0,5.0,0.0,PASS,CORPUS_STRONG_LABEL
libritts:211:122425:211_122425_000005_000002,speech,LibriTTS,train-clean-100,211,122425,211_122425_000005_000002,libritts:211:122425:211_122425_000005_000002,train,/home/leiyuxin/soundspaces/source_assets/libritts/LibriTTS/train-clean-100/211/122425/211_122425_000005_000002.wav,9.47,0.0,5.0,/home/leiyuxin/soundspaces/source_assets/clsdoa_v1/prepared/speech_libritts_train_clean_100_v1/audio/train/211_122425_211_122425_000005_000002.wav,3250de43a9f1aec855b6fb5aaf74242f351360f6bc174d819371f62995d25b33,24000,1,120000,float32,0.05835020294080412,0.438812255859375,1.0,5.0,0.0,PASS,CORPUS_STRONG_LABEL
libritts:8797:294123:8797_294123_000035_000004,speech,LibriTTS,train-clean-100,8797,294123,8797_294123_000035_000004,libritts:8797:294123:8797_294123_000035_000004,train,/home/leiyuxin/soundspaces/source_assets/libritts/LibriTTS/train-clean-100/8797/294123/8797_294123_000035_000004.wav,5.52,0.1,5.1,/home/leiyuxin/soundspaces/source_assets/clsdoa_v1/prepared/speech_libritts_train_clean_100_v1/audio/train/8797_294123_8797_294123_000035_000004.wav,b010ff3a5e5336d2f2c6ab5aebd8d9738e8998bc3b135f85239ec55fe38b3c19,24000,1,120000,float32,0.07624887687334618,0.8941650390625,1.0,5.0,0.0,PASS,CORPUS_STRONG_LABEL
libritts:7312:92432:7312_92432_000008_000006,speech,LibriTTS,train-clean-100,7312,92432,7312_92432_000008_000006,libritts:7312:92432:7312_92432_000008_000006,train,/home/leiyuxin/soundspaces/source_assets/libritts/LibriTTS/train-clean-100/7312/92432/7312_92432_000008_000006.wav,11.81,5.0,10.0,/home/leiyuxin/soundspaces/source_assets/clsdoa_v1/prepared/speech_libritts_train_clean_100_v1/audio/train/7312_92432_7312_92432_000008_000006.wav,9edc623ffbaf4feaf94b5133e0bee01eac763408faf0bb07e0ccf5fa0746dcf7,24000,1,120000,float32,0.08848751200087938,0.480377197265625,0.96,4.7,0.2999999999999998,PASS,CORPUS_STRONG_LABEL
libritts:1355:39947:1355_39947_000010_000000,speech,LibriTTS,train-clean-100,1355,39947,1355_39947_000010_000000,libritts:1355:39947:1355_39947_000010_000000,train,/home/leiyuxin/soundspaces/source_assets/libritts/LibriTTS/train-clean-100/1355/39947/1355_39947_000010_000000.wav,13.51,0.1,5.1,/home/leiyuxin/soundspaces/source_assets/clsdoa_v1/prepared/speech_libritts_train_clean_100_v1/audio/train/1355_39947_1355_39947_000010_000000.wav,4e23bb28558d3a3a3db2fa6dfaa8eff9144c3b9b087d711d712c19b6f163c4dd,24000,1,120000,float32,0.08171407947155591,0.630584716796875,1.0,5.0,0.0,PASS,CORPUS_STRONG_LABEL
libritts:4397:15678:4397_15678_000006_000002,speech,LibriTTS,train-clean-100,4397,15678,4397_15678_000006_000002,libritts:4397:15678:4397_15678_000006_000002,train,/home/leiyuxin/soundspaces/source_assets/libritts/LibriTTS/train-clean-100/4397/15678/4397_15678_000006_000002.wav,9.46,3.8,8.8,/home/leiyuxin/soundspaces/source_assets/clsdoa_v1/prepared/speech_libritts_train_clean_100_v1/audio/train/4397_15678_4397_15678_000006_000002.wav,64d1b198ad5f8b768fb2301eaadc2840969f2f1fe854e438f26c3d2d0e3491b5,24000,1,120000,float32,0.07686181427466098,0.480438232421875,1.0,5.0,0.0,PASS,CORPUS_STRONG_LABEL
libritts:1970:26100:1970_26100_000036_000001,speech,LibriTTS,train-clean-100,1970,26100,1970_26100_000036_000001,libritts:1970:26100:1970_26100_000036_000001,train,/home/leiyuxin/soundspaces/source_assets/libritts/LibriTTS/train-clean-100/1970/26100/1970_26100_000036_000001.wav,13.68,0.0,5.0,/home/leiyuxin/soundspaces/source_assets/clsdoa_v1/prepared/speech_libritts_train_clean_100_v1/audio/train/1970_26100_1970_26100_000036_000001.wav,82d42e60f16afb305cefb15139e07b49a96b2d99fb87db29eb96adc434b02d2f,24000,1,120000,float32,0.07136994043238362,0.427520751953125,1.0,5.0,0.0,PASS,CORPUS_STRONG_LABEL
libritts:2136:5140:2136_5140_000003_000000,speech,LibriTTS,train-clean-100,2136,5140,2136_5140_000003_000000,libritts:2136:5140:2136_5140_000003_000000,train,/home/leiyuxin/soundspaces/source_assets/libritts/LibriTTS/train-clean-100/2136/5140/2136_5140_000003_000000.wav,21.58,0.4,5.4,/home/leiyuxin/soundspaces/source_assets/clsdoa_v1/prepared/speech_libritts_train_clean_100_v1/audio/train/2136_5140_2136_5140_000003_000000.wav,85e5efc0e6279f09fd6d6daffd5f8115240cdfb15277c9bf236ac0ccddf8af11,24000,1,120000,float32,0.09300158614852506,0.803680419921875,1.0,5.0,0.0,PASS,CORPUS_STRONG_LABEL
libritts:8609:283227:8609_283227_000100_000002,speech,LibriTTS,train-clean-100,8609,283227,8609_283227_000100_000002,libritts:8609:283227:8609_283227_000100_000002,train,/home/leiyuxin/soundspaces/source_assets/libritts/LibriTTS/train-clean-100/8609/283227/8609_283227_000100_000002.wav,11.340083333333334,0.0,5.0,/home/leiyuxin/soundspaces/source_assets/clsdoa_v1/prepared/speech_libritts_train_clean_100_v1/audio/train/8609_283227_8609_283227_000100_000002.wav,114bbd9f17e92b84947c9d121edac07ce557f1ea30c35a8173adb13ac0c877e8,24000,1,120000,float32,0.038081843838705984,0.681121826171875,0.9,4.5,0.5,PASS,CORPUS_STRONG_LABEL
libritts:4195:17507:4195_17507_000021_000000,speech,LibriTTS,train-clean-100,4195,17507,4195_17507_000021_000000,libritts:4195:17507:4195_17507_000021_000000,train,/home/leiyuxin/soundspaces/source_assets/libritts/LibriTTS/train-clean-100/4195/17507/4195_17507_000021_000000.wav,7.81,1.3,6.3,/home/leiyuxin/soundspaces/source_assets/clsdoa_v1/prepared/speech_libritts_train_clean_100_v1/audio/train/4195_17507_4195_17507_000021_000000.wav,998fecdadbc7f999cd8eab7126bab413f2ecf15f3ba38cbcb87249ea4806c041,24000,1,120000,float32,0.07812712416284405,0.484893798828125,1.0,5.0,0.0,PASS,CORPUS_STRONG_LABEL
libritts:3242:67153:3242_67153_000020_000004,speech,LibriTTS,train-clean-100,3242,67153,3242_67153_000020_000004,libritts:3242:67153:3242_67153_000020_000004,train,/home/leiyuxin/soundspaces/source_assets/libritts/LibriTTS/train-clean-100/3242/67153/3242_67153_000020_000004.wav,15.759916666666667,8.6,13.6,/home/leiyuxin/soundspaces/source_assets/clsdoa_v1/prepared/speech_libritts_train_clean_100_v1/audio/train/3242_67153_3242_67153_000020_000004.wav,53340c0d1a35c7d78e38902964015dd17135185d61347d160a58f3c71a84e707,24000,1,120000,float32,0.0835670408558667,0.52239990234375,1.0,5.0,0.0,PASS,CORPUS_STRONG_LABEL
libritts:2910:131096:2910_131096_000036_000002,speech,LibriTTS,train-clean-100,2910,131096,2910_131096_000036_000002,libritts:2910:131096:2910_131096_000036_000002,train,/home/leiyuxin/soundspaces/source_assets/libritts/LibriTTS/train-clean-100/2910/131096/2910_131096_000036_000002.wav,5.23,0.1,5.1,/home/leiyuxin/soundspaces/source_assets/clsdoa_v1/prepared/speech_libritts_train_clean_100_v1/audio/train/2910_131096_2910_131096_000036_000002.wav,b7252f1474c1f6fe833eb9e8f5ee698dfdf870127b4ae1c0259fab0172b84082,24000,1,120000,float32,0.06847639169258458,0.60394287109375,0.96,4.7,0.2999999999999998,PASS,CORPUS_STRONG_LABEL
libritts:5867:48852:5867_48852_000005_000004,speech,LibriTTS,train-clean-100,5867,48852,5867_48852_000005_000004,libritts:5867:48852:5867_48852_000005_000004,train,/home/leiyuxin/soundspaces/source_assets/libritts/LibriTTS/train-clean-100/5867/48852/5867_48852_000005_000004.wav,13.44,4.2,9.2,/home/leiyuxin/soundspaces/source_assets/clsdoa_v1/prepared/speech_libritts_train_clean_100_v1/audio/train/5867_48852_5867_48852_000005_000004.wav,5a91788581037416e30f9f0062c0126b89c65918ffc63125fde88ec180e3b814,24000,1,120000,float32,0.06128232104196335,0.4417724609375,1.0,5.0,0.0,PASS,CORPUS_STRONG_LABEL
libritts:405:130894:405_130894_000041_000002,speech,LibriTTS,train-clean-100,405,130894,405_130894_000041_000002,libritts:405:130894:405_130894_000041_000002,train,/home/leiyuxin/soundspaces/source_assets/libritts/LibriTTS/train-clean-100/405/130894/405_130894_000041_000002.wav,23.36,11.7,16.7,/home/leiyuxin/soundspaces/source_assets/clsdoa_v1/prepared/speech_libritts_train_clean_100_v1/audio/train/405_130894_405_130894_000041_000002.wav,3b78771640c8e6344cfd03bc76d2d5e7a33a3b4ad1f06c55bce94acf8013e916,24000,1,120000,float32,0.06824917852074432,0.504852294921875,1.0,5.0,0.0,PASS,CORPUS_STRONG_LABEL
libritts:254:145458:254_145458_000013_000001,speech,LibriTTS,train-clean-100,254,145458,254_145458_000013_000001,libritts:254:145458:254_145458_000013_000001,train,/home/leiyuxin/soundspaces/source_assets/libritts/LibriTTS/train-clean-100/254/145458/254_145458_000013_000001.wav,31.09,17.0,22.0,/home/leiyuxin/soundspaces/source_assets/clsdoa_v1/prepared/speech_libritts_train_clean_100_v1/audio/train/254_145458_254_145458_000013_000001.wav,bc7361097816cd7b524e956674a7f3dfe9131e2bcd8e77f4a3a8782d96f63aea,24000,1,120000,float32,0.07299180311651043,0.4761962890625,0.9,4.5,0.5,PASS,CORPUS_STRONG_LABEL
libritts:4362:15663:4362_15663_000034_000001,speech,LibriTTS,train-clean-100,4362,15663,4362_15663_000034_000001,libritts:4362:15663:4362_15663_000034_000001,train,/home/leiyuxin/soundspaces/source_assets/libritts/LibriTTS/train-clean-100/4362/15663/4362_15663_000034_000001.wav,5.070083333333334,0.0,5.0,/home/leiyuxin/soundspaces/source_assets/clsdoa_v1/prepared/speech_libritts_train_clean_100_v1/audio/train/4362_15663_4362_15663_000034_000001.wav,86e0caf896dc9f60fed5a2b7129340b91586c5df1b45195d454842e6c1ef7f1d,24000,1,120000,float32,0.08000950839767312,0.692230224609375,1.0,5.0,0.0,PASS,CORPUS_STRONG_LABEL
libritts:7447:91187:7447_91187_000006_000002,speech,LibriTTS,train-clean-100,7447,91187,7447_91187_000006_000002,libritts:7447:91187:7447_91187_000006_000002,train,/home/leiyuxin/soundspaces/source_assets/libritts/LibriTTS/train-clean-100/7447/91187/7447_91187_000006_000002.wav,13.22,0.4,5.4,/home/leiyuxin/soundspaces/source_assets/clsdoa_v1/prepared/speech_libritts_train_clean_100_v1/audio/train/7447_91187_7447_91187_000006_000002.wav,3940b018f0498e0e9a6cfff9e3eb970fa29466f74e06bf382cc6b42674fd4a9e,24000,1,120000,float32,0.09143233889020692,0.473785400390625,1.0,5.0,0.0,PASS,CORPUS_STRONG_LABEL
libritts:87:121553:87_121553_000133_000000,speech,LibriTTS,train-clean-100,87,121553,87_121553_000133_000000,libritts:87:121553:87_121553_000133_000000,train,/home/leiyuxin/soundspaces/source_assets/libritts/LibriTTS/train-clean-100/87/121553/87_121553_000133_000000.wav,6.21,0.1,5.1,/home/leiyuxin/soundspaces/source_assets/clsdoa_v1/prepared/speech_libritts_train_clean_100_v1/audio/train/87_121553_87_121553_000133_000000.wav,e2868f3231d2ad05c11bee7b36c7362f3297fcb24316fb8b725a24cc8cc50cf6,24000,1,120000,float32,0.08537099147235921,0.60675048828125,1.0,5.0,0.0,PASS,CORPUS_STRONG_LABEL
libritts:7264:92310:7264_92310_000018_000000,speech,LibriTTS,train-clean-100,7264,92310,7264_92310_000018_000000,libritts:7264:92310:7264_92310_000018_000000,train,/home/leiyuxin/soundspaces/source_assets/libritts/LibriTTS/train-clean-100/7264/92310/7264_92310_000018_000000.wav,16.27,0.0,5.0,/home/leiyuxin/soundspaces/source_assets/clsdoa_v1/prepared/speech_libritts_train_clean_100_v1/audio/train/7264_92310_7264_92310_000018_000000.wav,f1cd7fc9f12b2fb65217d31a2f4400f1d3652c60ab6a359f1dd8a156a77f391b,24000,1,120000,float32,0.09449242466557368,0.480560302734375,1.0,5.0,0.0,PASS,CORPUS_STRONG_LABEL
libritts:4813:248638:4813_248638_000022_000005,speech,LibriTTS,train-clean-100,4813,248638,4813_248638_000022_000005,libritts:4813:248638:4813_248638_000022_000005,train,/home/leiyuxin/soundspaces/source_assets/libritts/LibriTTS/train-clean-100/4813/248638/4813_248638_000022_000005.wav,18.659916666666668,0.0,5.0,/home/leiyuxin/soundspaces/source_assets/clsdoa_v1/prepared/speech_libritts_train_clean_100_v1/audio/train/4813_248638_4813_248638_000022_000005.wav,2e5c42a28e8951c228ab9158815d6cb6f428aed8bb764023c51f034d8087e819,24000,1,120000,float32,0.0720714726996487,0.717315673828125,0.98,4.9,0.09999999999999964,PASS,CORPUS_STRONG_LABEL
libritts:332:128985:332_128985_000026_000002,speech,LibriTTS,train-clean-100,332,128985,332_128985_000026_000002,libritts:332:128985:332_128985_000026_000002,train,/home/leiyuxin/soundspaces/source_assets/libritts/LibriTTS/train-clean-100/332/128985/332_128985_000026_000002.wav,23.76,5.1,10.1,/home/leiyuxin/soundspaces/source_assets/clsdoa_v1/prepared/speech_libritts_train_clean_100_v1/audio/train/332_128985_332_128985_000026_000002.wav,a39c60b2456eea930e537d18b21e23766832e344181354ed72ace995f389d372,24000,1,120000,float32,0.07241898764206448,0.246337890625,1.0,5.0,0.0,PASS,CORPUS_STRONG_LABEL
libritts:8770:295462:8770_295462_000021_000003,speech,LibriTTS,train-clean-100,8770,295462,8770_295462_000021_000003,libritts:8770:295462:8770_295462_000021_000003,train,/home/leiyuxin/soundspaces/source_assets/libritts/LibriTTS/train-clean-100/8770/295462/8770_295462_000021_000003.wav,22.12,17.0,22.0,/home/leiyuxin/soundspaces/source_assets/clsdoa_v1/prepared/speech_libritts_train_clean_100_v1/audio/train/8770_295462_8770_295462_000021_000003.wav,e3664c9a4a364b1be8116586234a67d42d04d45a0a02d364073494a22df2c602,24000,1,120000,float32,0.08474315236033789,0.463287353515625,0.98,4.7,0.2999999999999998,PASS,CORPUS_STRONG_LABEL
libritts:3436:172171:3436_172171_000007_000000,speech,LibriTTS,train-clean-100,3436,172171,3436_172171_000007_000000,libritts:3436:172171:3436_172171_000007_000000,train,/home/leiyuxin/soundspaces/source_assets/libritts/LibriTTS/train-clean-100/3436/172171/3436_172171_000007_000000.wav,6.57,1.3,6.3,/home/leiyuxin/soundspaces/source_assets/clsdoa_v1/prepared/speech_libritts_train_clean_100_v1/audio/train/3436_172171_3436_172171_000007_000000.wav,a1beb1a94276d67d92dae746944fb7387ffd6f327fafae332be36260a1fb7f6e,24000,1,120000,float32,0.06284769991574472,0.385894775390625,1.0,5.0,0.0,PASS,CORPUS_STRONG_LABEL
libritts:2092:145706:2092_145706_000052_000001,speech,LibriTTS,train-clean-100,2092,145706,2092_145706_000052_000001,libritts:2092:145706:2092_145706_000052_000001,train,/home/leiyuxin/soundspaces/source_assets/libritts/LibriTTS/train-clean-100/2092/145706/2092_145706_000052_000001.wav,6.5300416666666665,1.4,6.4,/home/leiyuxin/soundspaces/source_assets/clsdoa_v1/prepared/speech_libritts_train_clean_100_v1/audio/train/2092_145706_2092_145706_000052_000001.wav,d67c6c4b0680a544ffa407a592ef45db3581911a14b4b31723bde3bae4adb1f0,24000,1,120000,float32,0.04756030431126546,0.292938232421875,0.96,4.800000000000001,0.1999999999999993,PASS,CORPUS_STRONG_LABEL
libritts:5561:41615:5561_41615_000036_000003,speech,LibriTTS,train-clean-100,5561,41615,5561_41615_000036_000003,libritts:5561:41615:5561_41615_000036_000003,train,/home/leiyuxin/soundspaces/source_assets/libritts/LibriTTS/train-clean-100/5561/41615/5561_41615_000036_000003.wav,11.67,4.9,9.9,/home/leiyuxin/soundspaces/source_assets/clsdoa_v1/prepared/speech_libritts_train_clean_100_v1/audio/train/5561_41615_5561_41615_000036_000003.wav,5672bbd94bef8025967c0ef38dfde963e9e952c67b794565290475aae286f033,24000,1,120000,float32,0.06662551631741732,0.330535888671875,1.0,5.0,0.0,PASS,CORPUS_STRONG_LABEL
libritts:250:142276:250_142276_000015_000003,speech,LibriTTS,train-clean-100,250,142276,250_142276_000015_000003,libritts:250:142276:250_142276_000015_000003,train,/home/leiyuxin/soundspaces/source_assets/libritts/LibriTTS/train-clean-100/250/142276/250_142276_000015_000003.wav,22.400041666666667,14.0,19.0,/home/leiyuxin/soundspaces/source_assets/clsdoa_v1/prepared/speech_libritts_train_clean_100_v1/audio/train/250_142276_250_142276_000015_000003.wav,9e6df01ffbf59185613f62c0236925bc33663d2389be2f6ddfbe61229f6fdc3f,24000,1,120000,float32,0.047634335685941775,0.43377685546875,1.0,5.0,0.0,PASS,CORPUS_STRONG_LABEL
libritts:198:126831:198_126831_000050_000000,speech,LibriTTS,train-clean-100,198,126831,198_126831_000050_000000,libritts:198:126831:198_126831_000050_000000,val,/home/leiyuxin/soundspaces/source_assets/libritts/LibriTTS/train-clean-100/198/126831/198_126831_000050_000000.wav,5.1,0.0,5.0,/home/leiyuxin/soundspaces/source_assets/clsdoa_v1/prepared/speech_libritts_train_clean_100_v1/audio/val/198_126831_198_126831_000050_000000.wav,e2d1df514be5b88f25a0fcc6e06855f71829ec3b8e4508f4df349cf4808b25cc,24000,1,120000,float32,0.03221951755948383,0.285064697265625,1.0,5.0,0.0,PASS,CORPUS_STRONG_LABEL
libritts:4297:13009:4297_13009_000021_000000,speech,LibriTTS,train-clean-100,4297,13009,4297_13009_000021_000000,libritts:4297:13009:4297_13009_000021_000000,val,/home/leiyuxin/soundspaces/source_assets/libritts/LibriTTS/train-clean-100/4297/13009/4297_13009_000021_000000.wav,17.15,0.0,5.0,/home/leiyuxin/soundspaces/source_assets/clsdoa_v1/prepared/speech_libritts_train_clean_100_v1/audio/val/4297_13009_4297_13009_000021_000000.wav,d6a9dd7fc421364e23230910afdbb885adbe9870cc9497753eaa2ceb44429873,24000,1,120000,float32,0.06021087717126559,0.602386474609375,1.0,5.0,0.0,PASS,CORPUS_STRONG_LABEL
libritts:2911:7601:2911_7601_000013_000007,speech,LibriTTS,train-clean-100,2911,7601,2911_7601_000013_000007,libritts:2911:7601:2911_7601_000013_000007,val,/home/leiyuxin/soundspaces/source_assets/libritts/LibriTTS/train-clean-100/2911/7601/2911_7601_000013_000007.wav,17.52,12.4,17.4,/home/leiyuxin/soundspaces/source_assets/clsdoa_v1/prepared/speech_libritts_train_clean_100_v1/audio/val/2911_7601_2911_7601_000013_000007.wav,5f075bcbf1b1d3d97b10bae842e6668bce4ad686c7f906eda7d310bfbd9a168f,24000,1,120000,float32,0.06601709918057568,0.4603271484375,0.88,4.0,1.0,PASS,CORPUS_STRONG_LABEL
libritts:5789:57158:5789_57158_000041_000001,speech,LibriTTS,train-clean-100,5789,57158,5789_57158_000041_000001,libritts:5789:57158:5789_57158_000041_000001,val,/home/leiyuxin/soundspaces/source_assets/libritts/LibriTTS/train-clean-100/5789/57158/5789_57158_000041_000001.wav,10.57,2.7,7.7,/home/leiyuxin/soundspaces/source_assets/clsdoa_v1/prepared/speech_libritts_train_clean_100_v1/audio/val/5789_57158_5789_57158_000041_000001.wav,92bcdda688078186a3740adc6e98f2ded763203b1b7b4b4f15cae83646bdc5a1,24000,1,120000,float32,0.07070249387823183,0.442291259765625,0.92,4.4,0.5999999999999996,PASS,CORPUS_STRONG_LABEL
libritts:2691:156755:2691_156755_000018_000001,speech,LibriTTS,train-clean-100,2691,156755,2691_156755_000018_000001,libritts:2691:156755:2691_156755_000018_000001,val,/home/leiyuxin/soundspaces/source_assets/libritts/LibriTTS/train-clean-100/2691/156755/2691_156755_000018_000001.wav,6.01,0.8,5.8,/home/leiyuxin/soundspaces/source_assets/clsdoa_v1/prepared/speech_libritts_train_clean_100_v1/audio/val/2691_156755_2691_156755_000018_000001.wav,f955b1e6e605bf999f9da3ad54c9c50e9ebc30638951813f8a60f1f32e8c3621,24000,1,120000,float32,0.07469761595423802,0.3819580078125,1.0,5.0,0.0,PASS,CORPUS_STRONG_LABEL
libritts:200:124139:200_124139_000003_000001,speech,LibriTTS,train-clean-100,200,124139,200_124139_000003_000001,libritts:200:124139:200_124139_000003_000001,val,/home/leiyuxin/soundspaces/source_assets/libritts/LibriTTS/train-clean-100/200/124139/200_124139_000003_000001.wav,11.07,5.6,10.6,/home/leiyuxin/soundspaces/source_assets/clsdoa_v1/prepared/speech_libritts_train_clean_100_v1/audio/val/200_124139_200_124139_000003_000001.wav,a80d09fc477ea23eabc160bef2d0007d5d5319d2eaa24de2e7c443017fe0dba1,24000,1,120000,float32,0.02531215901299061,0.461700439453125,1.0,5.0,0.0,PASS,CORPUS_STRONG_LABEL
libritts:5703:47212:5703_47212_000013_000000,speech,LibriTTS,train-clean-100,5703,47212,5703_47212_000013_000000,libritts:5703:47212:5703_47212_000013_000000,val,/home/leiyuxin/soundspaces/source_assets/libritts/LibriTTS/train-clean-100/5703/47212/5703_47212_000013_000000.wav,19.58,13.5,18.5,/home/leiyuxin/soundspaces/source_assets/clsdoa_v1/prepared/speech_libritts_train_clean_100_v1/audio/val/5703_47212_5703_47212_000013_000000.wav,fa8e6c9f078f2f2a83220f4d68aee386200384d572bc96434da0825c41f98d4f,24000,1,120000,float32,0.14339968979978188,0.741546630859375,1.0,5.0,0.0,PASS,CORPUS_STRONG_LABEL
libritts:6147:34607:6147_34607_000007_000003,speech,LibriTTS,train-clean-100,6147,34607,6147_34607_000007_000003,libritts:6147:34607:6147_34607_000007_000003,val,/home/leiyuxin/soundspaces/source_assets/libritts/LibriTTS/train-clean-100/6147/34607/6147_34607_000007_000003.wav,9.49,0.0,5.0,/home/leiyuxin/soundspaces/source_assets/clsdoa_v1/prepared/speech_libritts_train_clean_100_v1/audio/val/6147_34607_6147_34607_000007_000003.wav,2b0a83b5e1f82bcf1d4b34bb688c694b47bf1f832d811a54dc0f620ed77d639d,24000,1,120000,float32,0.06311207546127652,0.632171630859375,1.0,5.0,0.0,PASS,CORPUS_STRONG_LABEL
libritts:233:155990:233_155990_000018_000004,speech,LibriTTS,train-clean-100,233,155990,233_155990_000018_000004,libritts:233:155990:233_155990_000018_000004,val,/home/leiyuxin/soundspaces/source_assets/libritts/LibriTTS/train-clean-100/233/155990/233_155990_000018_000004.wav,22.300041666666665,6.5,11.5,/home/leiyuxin/soundspaces/source_assets/clsdoa_v1/prepared/speech_libritts_train_clean_100_v1/audio/val/233_155990_233_155990_000018_000004.wav,abe93accfd0dbd2207987aaa9aaaaabeb29a380775924b5333fb2f5e25295db6,24000,1,120000,float32,0.05904131868168329,0.405517578125,1.0,5.0,0.0,PASS,CORPUS_STRONG_LABEL
libritts:6880:216547:6880_216547_000052_000005,speech,LibriTTS,train-clean-100,6880,216547,6880_216547_000052_000005,libritts:6880:216547:6880_216547_000052_000005,val,/home/leiyuxin/soundspaces/source_assets/libritts/LibriTTS/train-clean-100/6880/216547/6880_216547_000052_000005.wav,23.560041666666667,8.5,13.5,/home/leiyuxin/soundspaces/source_assets/clsdoa_v1/prepared/speech_libritts_train_clean_100_v1/audio/val/6880_216547_6880_216547_000052_000005.wav,0d6158cb472ea1ea90f916d4db28315e387ac9b78635d5c9ae9e9e30ab3029f5,24000,1,120000,float32,0.07188532823002286,0.52520751953125,1.0,5.0,0.0,PASS,CORPUS_STRONG_LABEL
libritts:446:123502:446_123502_000013_000001,speech,LibriTTS,train-clean-100,446,123502,446_123502_000013_000001,libritts:446:123502:446_123502_000013_000001,val,/home/leiyuxin/soundspaces/source_assets/libritts/LibriTTS/train-clean-100/446/123502/446_123502_000013_000001.wav,7.8,2.6,7.6,/home/leiyuxin/soundspaces/source_assets/clsdoa_v1/prepared/speech_libritts_train_clean_100_v1/audio/val/446_123502_446_123502_000013_000001.wav,c065aec67a9d66e9d20435e169dbb61c3da22ea5dc09c58e9e94dae0b3f42a57,24000,1,120000,float32,0.045907630118555386,0.510772705078125,1.0,5.0,0.0,PASS,CORPUS_STRONG_LABEL
libritts:2289:152253:2289_152253_000009_000001,speech,LibriTTS,train-clean-100,2289,152253,2289_152253_000009_000001,libritts:2289:152253:2289_152253_000009_000001,val,/home/leiyuxin/soundspaces/source_assets/libritts/LibriTTS/train-clean-100/2289/152253/2289_152253_000009_000001.wav,15.82,0.0,5.0,/home/leiyuxin/soundspaces/source_assets/clsdoa_v1/prepared/speech_libritts_train_clean_100_v1/audio/val/2289_152253_2289_152253_000009_000001.wav,0c4090e513c5b5455ad75c8c6dd2aed0de433991c7ed6ab0792dc24aa4e9dee7,24000,1,120000,float32,0.05382727106261165,0.891876220703125,1.0,5.0,0.0,PASS,CORPUS_STRONG_LABEL
libritts:2002:139469:2002_139469_000008_000003,speech,LibriTTS,train-clean-100,2002,139469,2002_139469_000008_000003,libritts:2002:139469:2002_139469_000008_000003,val,/home/leiyuxin/soundspaces/source_assets/libritts/LibriTTS/train-clean-100/2002/139469/2002_139469_000008_000003.wav,17.32,3.8,8.8,/home/leiyuxin/soundspaces/source_assets/clsdoa_v1/prepared/speech_libritts_train_clean_100_v1/audio/val/2002_139469_2002_139469_000008_000003.wav,d9f12f26ef035dc2a50edada066df6ed99914e67586843a1bfc80aacc2129b27,24000,1,120000,float32,0.07096263178180448,0.575653076171875,0.98,4.800000000000001,0.1999999999999993,PASS,CORPUS_STRONG_LABEL
libritts:2518:154826:2518_154826_000038_000002,speech,LibriTTS,train-clean-100,2518,154826,2518_154826_000038_000002,libritts:2518:154826:2518_154826_000038_000002,val,/home/leiyuxin/soundspaces/source_assets/libritts/LibriTTS/train-clean-100/2518/154826/2518_154826_000038_000002.wav,13.560041666666667,0.0,5.0,/home/leiyuxin/soundspaces/source_assets/clsdoa_v1/prepared/speech_libritts_train_clean_100_v1/audio/val/2518_154826_2518_154826_000038_000002.wav,55c4cc224f7e4ab67ce6c0d9e7dd07f0e7eb222a154ad684b53d492089b1b002,24000,1,120000,float32,0.04406951035958098,0.309478759765625,0.92,4.6000000000000005,0.39999999999999947,PASS,CORPUS_STRONG_LABEL
libritts:1594:135914:1594_135914_000015_000001,speech,LibriTTS,train-clean-100,1594,135914,1594_135914_000015_000001,libritts:1594:135914:1594_135914_000015_000001,val,/home/leiyuxin/soundspaces/source_assets/libritts/LibriTTS/train-clean-100/1594/135914/1594_135914_000015_000001.wav,6.710041666666666,0.0,5.0,/home/leiyuxin/soundspaces/source_assets/clsdoa_v1/prepared/speech_libritts_train_clean_100_v1/audio/val/1594_135914_1594_135914_000015_000001.wav,957d851a16a35e4e5d5f08965daf3d45f91a921826bfab19f4dec385f8a81e4f,24000,1,120000,float32,0.032950435136923764,0.51898193359375,0.92,4.3,0.7000000000000002,PASS,CORPUS_STRONG_LABEL
libritts:4680:16041:4680_16041_000004_000003,speech,LibriTTS,train-clean-100,4680,16041,4680_16041_000004_000003,libritts:4680:16041:4680_16041_000004_000003,val,/home/leiyuxin/soundspaces/source_assets/libritts/LibriTTS/train-clean-100/4680/16041/4680_16041_000004_000003.wav,8.01,0.0,5.0,/home/leiyuxin/soundspaces/source_assets/clsdoa_v1/prepared/speech_libritts_train_clean_100_v1/audio/val/4680_16041_4680_16041_000004_000003.wav,5b4b5ce77ad3b03a28d129791264ebcaaed08b7b5cff92e8cfb2970dbbca6f7a,24000,1,120000,float32,0.09350899502764651,0.37835693359375,0.92,4.2,0.7999999999999998,PASS,CORPUS_STRONG_LABEL
libritts:1737:142397:1737_142397_000036_000002,speech,LibriTTS,train-clean-100,1737,142397,1737_142397_000036_000002,libritts:1737:142397:1737_142397_000036_000002,val,/home/leiyuxin/soundspaces/source_assets/libritts/LibriTTS/train-clean-100/1737/142397/1737_142397_000036_000002.wav,18.849958333333333,13.6,18.6,/home/leiyuxin/soundspaces/source_assets/clsdoa_v1/prepared/speech_libritts_train_clean_100_v1/audio/val/1737_142397_1737_142397_000036_000002.wav,3cdea41bd2da44e5d4bf1299c20b110c3aee50f8acb7a48ba65b2cdcc1379f80,24000,1,120000,float32,0.05451406387374015,0.5748291015625,1.0,5.0,0.0,PASS,CORPUS_STRONG_LABEL
libritts:8098:278252:8098_278252_000005_000001,speech,LibriTTS,train-clean-100,8098,278252,8098_278252_000005_000001,libritts:8098:278252:8098_278252_000005_000001,val,/home/leiyuxin/soundspaces/source_assets/libritts/LibriTTS/train-clean-100/8098/278252/8098_278252_000005_000001.wav,8.05,0.6,5.6,/home/leiyuxin/soundspaces/source_assets/clsdoa_v1/prepared/speech_libritts_train_clean_100_v1/audio/val/8098_278252_8098_278252_000005_000001.wav,b3b7695cacaf10204404eb1e8b2d0785d02faf958f84c515571d632051c70e32,24000,1,120000,float32,0.06762712215466728,0.3900146484375,0.98,4.9,0.09999999999999964,PASS,CORPUS_STRONG_LABEL
libritts:3857:180923:3857_180923_000025_000000,speech,LibriTTS,train-clean-100,3857,180923,3857_180923_000025_000000,libritts:3857:180923:3857_180923_000025_000000,val,/home/leiyuxin/soundspaces/source_assets/libritts/LibriTTS/train-clean-100/3857/180923/3857_180923_000025_000000.wav,16.43,0.1,5.1,/home/leiyuxin/soundspaces/source_assets/clsdoa_v1/prepared/speech_libritts_train_clean_100_v1/audio/val/3857_180923_3857_180923_000025_000000.wav,5da972e4281cb0618647e4eab7fb5cd103bffc2c8fc28939ccbfa176c8f94833,24000,1,120000,float32,0.06551068101421298,0.377227783203125,1.0,5.0,0.0,PASS,CORPUS_STRONG_LABEL
libritts:4137:11702:4137_11702_000067_000003,speech,LibriTTS,train-clean-100,4137,11702,4137_11702_000067_000003,libritts:4137:11702:4137_11702_000067_000003,val,/home/leiyuxin/soundspaces/source_assets/libritts/LibriTTS/train-clean-100/4137/11702/4137_11702_000067_000003.wav,10.219958333333333,3.2,8.2,/home/leiyuxin/soundspaces/source_assets/clsdoa_v1/prepared/speech_libritts_train_clean_100_v1/audio/val/4137_11702_4137_11702_000067_000003.wav,795da1d5af69297cc6abe1734f07af4827ede00d516ea41e00053515e7008b95,24000,1,120000,float32,0.06675593117186684,0.511749267578125,0.98,4.7,0.2999999999999998,PASS,CORPUS_STRONG_LABEL
libritts:2007:132570:2007_132570_000038_000002,speech,LibriTTS,train-clean-100,2007,132570,2007_132570_000038_000002,libritts:2007:132570:2007_132570_000038_000002,val,/home/leiyuxin/soundspaces/source_assets/libritts/LibriTTS/train-clean-100/2007/132570/2007_132570_000038_000002.wav,11.960041666666667,3.0,8.0,/home/leiyuxin/soundspaces/source_assets/clsdoa_v1/prepared/speech_libritts_train_clean_100_v1/audio/val/2007_132570_2007_132570_000038_000002.wav,78980d0a6dbb72a986aa70924f2feaded720ab65687a8d875399824696d195b3,24000,1,120000,float32,0.05638895811452489,0.55377197265625,1.0,5.0,0.0,PASS,CORPUS_STRONG_LABEL
libritts:426:122821:426_122821_000011_000004,speech,LibriTTS,train-clean-100,426,122821,426_122821_000011_000004,libritts:426:122821:426_122821_000011_000004,val,/home/leiyuxin/soundspaces/source_assets/libritts/LibriTTS/train-clean-100/426/122821/426_122821_000011_000004.wav,17.14,10.5,15.5,/home/leiyuxin/soundspaces/source_assets/clsdoa_v1/prepared/speech_libritts_train_clean_100_v1/audio/val/426_122821_426_122821_000011_000004.wav,78de63d8712774183195e00c44f079f951946e9b9b222aa663c9eaa913d6b05e,24000,1,120000,float32,0.10450144147931854,0.73291015625,1.0,5.0,0.0,PASS,CORPUS_STRONG_LABEL
libritts:4051:11217:4051_11217_000005_000001,speech,LibriTTS,train-clean-100,4051,11217,4051_11217_000005_000001,libritts:4051:11217:4051_11217_000005_000001,val,/home/leiyuxin/soundspaces/source_assets/libritts/LibriTTS/train-clean-100/4051/11217/4051_11217_000005_000001.wav,6.01,0.2,5.2,/home/leiyuxin/soundspaces/source_assets/clsdoa_v1/prepared/speech_libritts_train_clean_100_v1/audio/val/4051_11217_4051_11217_000005_000001.wav,db241ae00797c435c932748b9de91e45257ce13c72b40397c69925461acaacfc,24000,1,120000,float32,0.05906493901073107,0.431884765625,1.0,5.0,0.0,PASS,CORPUS_STRONG_LABEL
libritts:4640:19189:4640_19189_000037_000000,speech,LibriTTS,train-clean-100,4640,19189,4640_19189_000037_000000,libritts:4640:19189:4640_19189_000037_000000,val,/home/leiyuxin/soundspaces/source_assets/libritts/LibriTTS/train-clean-100/4640/19189/4640_19189_000037_000000.wav,21.779958333333333,5.1,10.1,/home/leiyuxin/soundspaces/source_assets/clsdoa_v1/prepared/speech_libritts_train_clean_100_v1/audio/val/4640_19189_4640_19189_000037_000000.wav,48e379e257b3ead593ed2cb43792e651bb4ec133ea7b29d2347cba71d9ab03a6,24000,1,120000,float32,0.06294816181749836,0.627655029296875,1.0,5.0,0.0,PASS,CORPUS_STRONG_LABEL
libritts:3526:176653:3526_176653_000080_000004,speech,LibriTTS,train-clean-100,3526,176653,3526_176653_000080_000004,libritts:3526:176653:3526_176653_000080_000004,val,/home/leiyuxin/soundspaces/source_assets/libritts/LibriTTS/train-clean-100/3526/176653/3526_176653_000080_000004.wav,15.930083333333334,0.0,5.0,/home/leiyuxin/soundspaces/source_assets/clsdoa_v1/prepared/speech_libritts_train_clean_100_v1/audio/val/3526_176653_3526_176653_000080_000004.wav,e55f9d8ef2cdad4a42a6ce0b19c47d4eabd51b0656e0478bec809f95ce94e3d8,24000,1,120000,float32,0.02641075790084754,0.286102294921875,0.98,4.9,0.09999999999999964,PASS,CORPUS_STRONG_LABEL
libritts:1553:140048:1553_140048_000016_000001,speech,LibriTTS,train-clean-100,1553,140048,1553_140048_000016_000001,libritts:1553:140048:1553_140048_000016_000001,val,/home/leiyuxin/soundspaces/source_assets/libritts/LibriTTS/train-clean-100/1553/140048/1553_140048_000016_000001.wav,7.19,0.1,5.1,/home/leiyuxin/soundspaces/source_assets/clsdoa_v1/prepared/speech_libritts_train_clean_100_v1/audio/val/1553_140048_1553_140048_000016_000001.wav,cf053ce745813a19383233eb109548be75714aa4b99ee5e954b81df07641b954,24000,1,120000,float32,0.05743665175342655,0.43865966796875,1.0,5.0,0.0,PASS,CORPUS_STRONG_LABEL
libritts:2514:149482:2514_149482_000013_000004,speech,LibriTTS,train-clean-100,2514,149482,2514_149482_000013_000004,libritts:2514:149482:2514_149482_000013_000004,val,/home/leiyuxin/soundspaces/source_assets/libritts/LibriTTS/train-clean-100/2514/149482/2514_149482_000013_000004.wav,6.5,0.0,5.0,/home/leiyuxin/soundspaces/source_assets/clsdoa_v1/prepared/speech_libritts_train_clean_100_v1/audio/val/2514_149482_2514_149482_000013_000004.wav,24d9b81cb0acc1477732ee44c8554a0e273d428d9eddd0aba377be5a5cdf38c4,24000,1,120000,float32,0.08140052670983149,0.42547607421875,0.96,4.800000000000001,0.1999999999999993,PASS,CORPUS_STRONG_LABEL
libritts:4898:20016:4898_20016_000013_000003,speech,LibriTTS,train-clean-100,4898,20016,4898_20016_000013_000003,libritts:4898:20016:4898_20016_000013_000003,val,/home/leiyuxin/soundspaces/source_assets/libritts/LibriTTS/train-clean-100/4898/20016/4898_20016_000013_000003.wav,6.920083333333333,1.6,6.6,/home/leiyuxin/soundspaces/source_assets/clsdoa_v1/prepared/speech_libritts_train_clean_100_v1/audio/val/4898_20016_4898_20016_000013_000003.wav,63295e15d414e4441860ddd7898bde7dd52e80e7d710d8afa13516e856bfbdbe,24000,1,120000,float32,0.08513772431225014,0.432098388671875,1.0,5.0,0.0,PASS,CORPUS_STRONG_LABEL
libritts:3259:158083:3259_158083_000035_000000,speech,LibriTTS,train-clean-100,3259,158083,3259_158083_000035_000000,libritts:3259:158083:3259_158083_000035_000000,val,/home/leiyuxin/soundspaces/source_assets/libritts/LibriTTS/train-clean-100/3259/158083/3259_158083_000035_000000.wav,5.39,0.0,5.0,/home/leiyuxin/soundspaces/source_assets/clsdoa_v1/prepared/speech_libritts_train_clean_100_v1/audio/val/3259_158083_3259_158083_000035_000000.wav,7604feaf10d898961e2cfce9ace4f24e334cb9442b6f5e3a9f4fabcaa0a940aa,24000,1,120000,float32,0.0450703992858118,0.3675537109375,1.0,5.0,0.0,PASS,CORPUS_STRONG_LABEL
libritts:8051:119902:8051_119902_000011_000000,speech,LibriTTS,train-clean-100,8051,119902,8051_119902_000011_000000,libritts:8051:119902:8051_119902_000011_000000,test,/home/leiyuxin/soundspaces/source_assets/libritts/LibriTTS/train-clean-100/8051/119902/8051_119902_000011_000000.wav,10.65,5.2,10.2,/home/leiyuxin/soundspaces/source_assets/clsdoa_v1/prepared/speech_libritts_train_clean_100_v1/audio/test/8051_119902_8051_119902_000011_000000.wav,477e782a8085d5bc2b781cb37a2ed8e6e389c6da71a0213e60d7ce4f492c39da,24000,1,120000,float32,0.08249541546532567,0.41265869140625,0.98,4.3,0.7000000000000002,PASS,CORPUS_STRONG_LABEL
libritts:7178:34645:7178_34645_000035_000019,speech,LibriTTS,train-clean-100,7178,34645,7178_34645_000035_000019,libritts:7178:34645:7178_34645_000035_000019,test,/home/leiyuxin/soundspaces/source_assets/libritts/LibriTTS/train-clean-100/7178/34645/7178_34645_000035_000019.wav,5.800041666666667,0.6,5.6,/home/leiyuxin/soundspaces/source_assets/clsdoa_v1/prepared/speech_libritts_train_clean_100_v1/audio/test/7178_34645_7178_34645_000035_000019.wav,ae187417af6da717d69711145ff555a9de91dca785e7a54d7af126afe54dbcdd,24000,1,120000,float32,0.054597846742285724,0.427032470703125,0.98,4.800000000000001,0.1999999999999993,PASS,CORPUS_STRONG_LABEL
libritts:103:1241:103_1241_000014_000003,speech,LibriTTS,train-clean-100,103,1241,103_1241_000014_000003,libritts:103:1241:103_1241_000014_000003,test,/home/leiyuxin/soundspaces/source_assets/libritts/LibriTTS/train-clean-100/103/1241/103_1241_000014_000003.wav,9.62,4.0,9.0,/home/leiyuxin/soundspaces/source_assets/clsdoa_v1/prepared/speech_libritts_train_clean_100_v1/audio/test/103_1241_103_1241_000014_000003.wav,4349a5294b4b96d1e76aa7fde4e58f951f98e6376b3b3fbd6fb83a2cbf505296,24000,1,120000,float32,0.02518934187728104,0.265533447265625,0.94,4.2,0.7999999999999998,PASS,CORPUS_STRONG_LABEL
libritts:2391:145015:2391_145015_000031_000004,speech,LibriTTS,train-clean-100,2391,145015,2391_145015_000031_000004,libritts:2391:145015:2391_145015_000031_000004,test,/home/leiyuxin/soundspaces/source_assets/libritts/LibriTTS/train-clean-100/2391/145015/2391_145015_000031_000004.wav,12.950083333333334,3.9,8.9,/home/leiyuxin/soundspaces/source_assets/clsdoa_v1/prepared/speech_libritts_train_clean_100_v1/audio/test/2391_145015_2391_145015_000031_000004.wav,688e8f7960b2dd28c0f7e2b9efc1e86db20dcf4093df4057d17860cd99a156c8,24000,1,120000,float32,0.11034955129126922,0.668914794921875,1.0,5.0,0.0,PASS,CORPUS_STRONG_LABEL
libritts:2836:5355:2836_5355_000024_000000,speech,LibriTTS,train-clean-100,2836,5355,2836_5355_000024_000000,libritts:2836:5355:2836_5355_000024_000000,test,/home/leiyuxin/soundspaces/source_assets/libritts/LibriTTS/train-clean-100/2836/5355/2836_5355_000024_000000.wav,6.77,0.0,5.0,/home/leiyuxin/soundspaces/source_assets/clsdoa_v1/prepared/speech_libritts_train_clean_100_v1/audio/test/2836_5355_2836_5355_000024_000000.wav,0c3d973ad76413a992cf5484d1f25f177b1588024aed323187cc378a2b5e4b93,24000,1,120000,float32,0.0971034196781717,0.42169189453125,0.98,4.9,0.09999999999999964,PASS,CORPUS_STRONG_LABEL
libritts:7505:258958:7505_258958_000013_000002,speech,LibriTTS,train-clean-100,7505,258958,7505_258958_000013_000002,libritts:7505:258958:7505_258958_000013_000002,test,/home/leiyuxin/soundspaces/source_assets/libritts/LibriTTS/train-clean-100/7505/258958/7505_258958_000013_000002.wav,9.25,0.0,5.0,/home/leiyuxin/soundspaces/source_assets/clsdoa_v1/prepared/speech_libritts_train_clean_100_v1/audio/test/7505_258958_7505_258958_000013_000002.wav,267f66b5cf8aee69ff59ebf325e6590ffadd0e642cc31beb3e658ffd9bec68af,24000,1,120000,float32,0.08641727986163415,0.530059814453125,1.0,5.0,0.0,PASS,CORPUS_STRONG_LABEL
libritts:7190:90542:7190_90542_000071_000000,speech,LibriTTS,train-clean-100,7190,90542,7190_90542_000071_000000,libritts:7190:90542:7190_90542_000071_000000,test,/home/leiyuxin/soundspaces/source_assets/libritts/LibriTTS/train-clean-100/7190/90542/7190_90542_000071_000000.wav,7.24,1.5,6.5,/home/leiyuxin/soundspaces/source_assets/clsdoa_v1/prepared/speech_libritts_train_clean_100_v1/audio/test/7190_90542_7190_90542_000071_000000.wav,ef53aa6445cdc7b41d186efeae6ba48c5b53e65394dfe4072b409b6b2812b39a,24000,1,120000,float32,0.03869596011426122,0.4652099609375,0.98,4.9,0.09999999999999964,PASS,CORPUS_STRONG_LABEL
libritts:4267:287369:4267_287369_000016_000000,speech,LibriTTS,train-clean-100,4267,287369,4267_287369_000016_000000,libritts:4267:287369:4267_287369_000016_000000,test,/home/leiyuxin/soundspaces/source_assets/libritts/LibriTTS/train-clean-100/4267/287369/4267_287369_000016_000000.wav,9.53,0.0,5.0,/home/leiyuxin/soundspaces/source_assets/clsdoa_v1/prepared/speech_libritts_train_clean_100_v1/audio/test/4267_287369_4267_287369_000016_000000.wav,b9ef000bbfeed4b243f418273c872d4a1b598a1592c7e83064c2b288b38d21bd,24000,1,120000,float32,0.0635679140804122,0.407379150390625,1.0,5.0,0.0,PASS,CORPUS_STRONG_LABEL
libritts:1502:122615:1502_122615_000014_000000,speech,LibriTTS,train-clean-100,1502,122615,1502_122615_000014_000000,libritts:1502:122615:1502_122615_000014_000000,test,/home/leiyuxin/soundspaces/source_assets/libritts/LibriTTS/train-clean-100/1502/122615/1502_122615_000014_000000.wav,5.07,0.0,5.0,/home/leiyuxin/soundspaces/source_assets/clsdoa_v1/prepared/speech_libritts_train_clean_100_v1/audio/test/1502_122615_1502_122615_000014_000000.wav,5643c414927ebbea175e5dfcb3fa2c8e8ef202e66073f3edf4cad00c4d4a1e25,24000,1,120000,float32,0.07504496490347777,0.411529541015625,1.0,5.0,0.0,PASS,CORPUS_STRONG_LABEL
libritts:7402:59171:7402_59171_000011_000008,speech,LibriTTS,train-clean-100,7402,59171,7402_59171_000011_000008,libritts:7402:59171:7402_59171_000011_000008,test,/home/leiyuxin/soundspaces/source_assets/libritts/LibriTTS/train-clean-100/7402/59171/7402_59171_000011_000008.wav,7.35,0.0,5.0,/home/leiyuxin/soundspaces/source_assets/clsdoa_v1/prepared/speech_libritts_train_clean_100_v1/audio/test/7402_59171_7402_59171_000011_000008.wav,7856acd5897bc6ebe7302d0e6a983cd9a299620cc0fe8fdd5e3eed6f7c0df98b,24000,1,120000,float32,0.07426297920286994,0.567626953125,1.0,5.0,0.0,PASS,CORPUS_STRONG_LABEL
libritts:6563:285357:6563_285357_000005_000002,speech,LibriTTS,train-clean-100,6563,285357,6563_285357_000005_000002,libritts:6563:285357:6563_285357_000005_000002,test,/home/leiyuxin/soundspaces/source_assets/libritts/LibriTTS/train-clean-100/6563/285357/6563_285357_000005_000002.wav,20.48,7.4,12.4,/home/leiyuxin/soundspaces/source_assets/clsdoa_v1/prepared/speech_libritts_train_clean_100_v1/audio/test/6563_285357_6563_285357_000005_000002.wav,ebafdc5f578126421de9db4a686defa978751ec6ac80f487c610825f142b9889,24000,1,120000,float32,0.07201619386681504,0.693084716796875,0.94,4.1000000000000005,0.8999999999999995,PASS,CORPUS_STRONG_LABEL
libritts:5339:14133:5339_14133_000026_000005,speech,LibriTTS,train-clean-100,5339,14133,5339_14133_000026_000005,libritts:5339:14133:5339_14133_000026_000005,test,/home/leiyuxin/soundspaces/source_assets/libritts/LibriTTS/train-clean-100/5339/14133/5339_14133_000026_000005.wav,16.85,0.1,5.1,/home/leiyuxin/soundspaces/source_assets/clsdoa_v1/prepared/speech_libritts_train_clean_100_v1/audio/test/5339_14133_5339_14133_000026_000005.wav,c32d0b124195f8810359e7a3626777056f1bfde99356d26591519cbf0dc3049e,24000,1,120000,float32,0.07546389364612123,0.461944580078125,1.0,5.0,0.0,PASS,CORPUS_STRONG_LABEL
libritts:2196:170151:2196_170151_000014_000000,speech,LibriTTS,train-clean-100,2196,170151,2196_170151_000014_000000,libritts:2196:170151:2196_170151_000014_000000,test,/home/leiyuxin/soundspaces/source_assets/libritts/LibriTTS/train-clean-100/2196/170151/2196_170151_000014_000000.wav,12.92,0.0,5.0,/home/leiyuxin/soundspaces/source_assets/clsdoa_v1/prepared/speech_libritts_train_clean_100_v1/audio/test/2196_170151_2196_170151_000014_000000.wav,9a8ef9c46c862f21f83483d5586376db05ec6c0ef9d267a10cebc794e8864fb0,24000,1,120000,float32,0.04820944948625267,0.3934326171875,0.92,4.6000000000000005,0.39999999999999947,PASS,CORPUS_STRONG_LABEL
libritts:27:123349:27_123349_000009_000002,speech,LibriTTS,train-clean-100,27,123349,27_123349_000009_000002,libritts:27:123349:27_123349_000009_000002,test,/home/leiyuxin/soundspaces/source_assets/libritts/LibriTTS/train-clean-100/27/123349/27_123349_000009_000002.wav,13.31,2.5,7.5,/home/leiyuxin/soundspaces/source_assets/clsdoa_v1/prepared/speech_libritts_train_clean_100_v1/audio/test/27_123349_27_123349_000009_000002.wav,a7c35528f8a7bda0b485726fa78d67659b62a917c0dc32d33374bae083fe219f,24000,1,120000,float32,0.03240907765908736,0.2789306640625,1.0,5.0,0.0,PASS,CORPUS_STRONG_LABEL
libritts:201:127786:201_127786_000023_000002,speech,LibriTTS,train-clean-100,201,127786,201_127786_000023_000002,libritts:201:127786:201_127786_000023_000002,test,/home/leiyuxin/soundspaces/source_assets/libritts/LibriTTS/train-clean-100/201/127786/201_127786_000023_000002.wav,5.930041666666667,0.9,5.9,/home/leiyuxin/soundspaces/source_assets/clsdoa_v1/prepared/speech_libritts_train_clean_100_v1/audio/test/201_127786_201_127786_000023_000002.wav,2dba0f15d857d296a9693085295fb6c9220e0ed137d13ef5182020e4f03d89aa,24000,1,120000,float32,0.07679845918492342,0.77178955078125,0.94,4.6000000000000005,0.39999999999999947,PASS,CORPUS_STRONG_LABEL
libritts:3830:12530:3830_12530_000032_000001,speech,LibriTTS,train-clean-100,3830,12530,3830_12530_000032_000001,libritts:3830:12530:3830_12530_000032_000001,test,/home/leiyuxin/soundspaces/source_assets/libritts/LibriTTS/train-clean-100/3830/12530/3830_12530_000032_000001.wav,10.17,4.6,9.6,/home/leiyuxin/soundspaces/source_assets/clsdoa_v1/prepared/speech_libritts_train_clean_100_v1/audio/test/3830_12530_3830_12530_000032_000001.wav,d811eb0514a9a661ca6d3ae73e499fd46f34d2e36447122840d00acb377eee5b,24000,1,120000,float32,0.08200569502442957,0.55767822265625,0.98,4.9,0.09999999999999964,PASS,CORPUS_STRONG_LABEL
libritts:1841:179183:1841_179183_000013_000004,speech,LibriTTS,train-clean-100,1841,179183,1841_179183_000013_000004,libritts:1841:179183:1841_179183_000013_000004,test,/home/leiyuxin/soundspaces/source_assets/libritts/LibriTTS/train-clean-100/1841/179183/1841_179183_000013_000004.wav,8.5,0.1,5.1,/home/leiyuxin/soundspaces/source_assets/clsdoa_v1/prepared/speech_libritts_train_clean_100_v1/audio/test/1841_179183_1841_179183_000013_000004.wav,d4243b35dfed4b4c766dd40d73d82c92a8a8605fc46ba63712b47aa55e32df91,24000,1,120000,float32,0.08346481158578727,0.454559326171875,1.0,5.0,0.0,PASS,CORPUS_STRONG_LABEL
libritts:8108:274318:8108_274318_000012_000003,speech,LibriTTS,train-clean-100,8108,274318,8108_274318_000012_000003,libritts:8108:274318:8108_274318_000012_000003,test,/home/leiyuxin/soundspaces/source_assets/libritts/LibriTTS/train-clean-100/8108/274318/8108_274318_000012_000003.wav,15.85,10.6,15.6,/home/leiyuxin/soundspaces/source_assets/clsdoa_v1/prepared/speech_libritts_train_clean_100_v1/audio/test/8108_274318_8108_274318_000012_000003.wav,ab126d1075cf4322b59fd252136f3db6b39264254034113fa4e9e34ee522435b,24000,1,120000,float32,0.0803619020081179,0.92803955078125,1.0,5.0,0.0,PASS,CORPUS_STRONG_LABEL
libritts:3112:9555:3112_9555_000017_000001,speech,LibriTTS,train-clean-100,3112,9555,3112_9555_000017_000001,libritts:3112:9555:3112_9555_000017_000001,test,/home/leiyuxin/soundspaces/source_assets/libritts/LibriTTS/train-clean-100/3112/9555/3112_9555_000017_000001.wav,12.37,6.4,11.4,/home/leiyuxin/soundspaces/source_assets/clsdoa_v1/prepared/speech_libritts_train_clean_100_v1/audio/test/3112_9555_3112_9555_000017_000001.wav,dd71d85506217dd850a18d03b90c8043c58048a2a3128a8cb3b99599621110d8,24000,1,120000,float32,0.09297121383286598,0.558746337890625,1.0,5.0,0.0,PASS,CORPUS_STRONG_LABEL
libritts:6836:76549:6836_76549_000002_000000,speech,LibriTTS,train-clean-100,6836,76549,6836_76549_000002_000000,libritts:6836:76549:6836_76549_000002_000000,test,/home/leiyuxin/soundspaces/source_assets/libritts/LibriTTS/train-clean-100/6836/76549/6836_76549_000002_000000.wav,5.5,0.3,5.3,/home/leiyuxin/soundspaces/source_assets/clsdoa_v1/prepared/speech_libritts_train_clean_100_v1/audio/test/6836_76549_6836_76549_000002_000000.wav,b50cfe0d728090a06aa111343a3cce518231fec08e8b4cd8161cb7ee49369d4e,24000,1,120000,float32,0.10492910797527273,0.419525146484375,1.0,5.0,0.0,PASS,CORPUS_STRONG_LABEL
libritts:1447:17506:1447_17506_000004_000001,speech,LibriTTS,train-clean-100,1447,17506,1447_17506_000004_000001,libritts:1447:17506:1447_17506_000004_000001,test,/home/leiyuxin/soundspaces/source_assets/libritts/LibriTTS/train-clean-100/1447/17506/1447_17506_000004_000001.wav,15.1,0.3,5.3,/home/leiyuxin/soundspaces/source_assets/clsdoa_v1/prepared/speech_libritts_train_clean_100_v1/audio/test/1447_17506_1447_17506_000004_000001.wav,a1ce0b2943ac2994548303b19b239ecc248aa6a95cb9933b9c2ec52809121dee,24000,1,120000,float32,0.06906401747769082,0.503448486328125,1.0,5.0,0.0,PASS,CORPUS_STRONG_LABEL
libritts:7278:91083:7278_91083_000011_000004,speech,LibriTTS,train-clean-100,7278,91083,7278_91083_000011_000004,libritts:7278:91083:7278_91083_000011_000004,test,/home/leiyuxin/soundspaces/source_assets/libritts/LibriTTS/train-clean-100/7278/91083/7278_91083_000011_000004.wav,10.67,1.8,6.8,/home/leiyuxin/soundspaces/source_assets/clsdoa_v1/prepared/speech_libritts_train_clean_100_v1/audio/test/7278_91083_7278_91083_000011_000004.wav,d58ddf0981f999e3d5dd27533374b2bd024d77580dd3634ead69beab7f156bd2,24000,1,120000,float32,0.042537191192728474,0.27203369140625,0.94,4.7,0.2999999999999998,PASS,CORPUS_STRONG_LABEL
libritts:6437:66173:6437_66173_000004_000000,speech,LibriTTS,train-clean-100,6437,66173,6437_66173_000004_000000,libritts:6437:66173:6437_66173_000004_000000,test,/home/leiyuxin/soundspaces/source_assets/libritts/LibriTTS/train-clean-100/6437/66173/6437_66173_000004_000000.wav,19.34,0.0,5.0,/home/leiyuxin/soundspaces/source_assets/clsdoa_v1/prepared/speech_libritts_train_clean_100_v1/audio/test/6437_66173_6437_66173_000004_000000.wav,69081acb0d33a07aec5746fa2e7cfcc9edb94f59219a75c5bf7f9164bd6d3af5,24000,1,120000,float32,0.08335549611915383,0.669189453125,1.0,5.0,0.0,PASS,CORPUS_STRONG_LABEL
libritts:196:122152:196_122152_000002_000000,speech,LibriTTS,train-clean-100,196,122152,196_122152_000002_000000,libritts:196:122152:196_122152_000002_000000,test,/home/leiyuxin/soundspaces/source_assets/libritts/LibriTTS/train-clean-100/196/122152/196_122152_000002_000000.wav,11.25,0.0,5.0,/home/leiyuxin/soundspaces/source_assets/clsdoa_v1/prepared/speech_libritts_train_clean_100_v1/audio/test/196_122152_196_122152_000002_000000.wav,f0238d3c5ab8ab3eb455f5e3153517f5b75d56ea87d24a290d890becb19383f4,24000,1,120000,float32,0.0757637154696586,0.592926025390625,1.0,5.0,0.0,PASS,CORPUS_STRONG_LABEL
libritts:60:121082:60_121082_000005_000007,speech,LibriTTS,train-clean-100,60,121082,60_121082_000005_000007,libritts:60:121082:60_121082_000005_000007,test,/home/leiyuxin/soundspaces/source_assets/libritts/LibriTTS/train-clean-100/60/121082/60_121082_000005_000007.wav,11.51,0.5,5.5,/home/leiyuxin/soundspaces/source_assets/clsdoa_v1/prepared/speech_libritts_train_clean_100_v1/audio/test/60_121082_60_121082_000005_000007.wav,74086312f4ef7c5f8fb83380e3b6745fd77399fe6bf3064c60ce3a960030aff6,24000,1,120000,float32,0.061064318014380066,0.436798095703125,1.0,5.0,0.0,PASS,CORPUS_STRONG_LABEL
libritts:3235:11599:3235_11599_000009_000001,speech,LibriTTS,train-clean-100,3235,11599,3235_11599_000009_000001,libritts:3235:11599:3235_11599_000009_000001,test,/home/leiyuxin/soundspaces/source_assets/libritts/LibriTTS/train-clean-100/3235/11599/3235_11599_000009_000001.wav,11.27,6.2,11.2,/home/leiyuxin/soundspaces/source_assets/clsdoa_v1/prepared/speech_libritts_train_clean_100_v1/audio/test/3235_11599_3235_11599_000009_000001.wav,bd9d7983533e0f3eb1e1c5cc0557e8c4b2e859636957db8d61c346ca93d48325,24000,1,120000,float32,0.0927175916506942,0.29083251953125,0.96,4.800000000000001,0.1999999999999993,PASS,CORPUS_STRONG_LABEL
libritts:2989:138028:2989_138028_000028_000000,speech,LibriTTS,train-clean-100,2989,138028,2989_138028_000028_000000,libritts:2989:138028:2989_138028_000028_000000,test,/home/leiyuxin/soundspaces/source_assets/libritts/LibriTTS/train-clean-100/2989/138028/2989_138028_000028_000000.wav,8.730041666666667,0.0,5.0,/home/leiyuxin/soundspaces/source_assets/clsdoa_v1/prepared/speech_libritts_train_clean_100_v1/audio/test/2989_138028_2989_138028_000028_000000.wav,5a8f584b818dea7cc473dad27a4a665ac9df4b3b1bf6bab99f2e8b5675d65aec,24000,1,120000,float32,0.07868294907290925,0.89208984375,1.0,5.0,0.0,PASS,CORPUS_STRONG_LABEL
libritts:4481:17498:4481_17498_000008_000000,speech,LibriTTS,train-clean-100,4481,17498,4481_17498_000008_000000,libritts:4481:17498:4481_17498_000008_000000,test,/home/leiyuxin/soundspaces/source_assets/libritts/LibriTTS/train-clean-100/4481/17498/4481_17498_000008_000000.wav,7.27,0.0,5.0,/home/leiyuxin/soundspaces/source_assets/clsdoa_v1/prepared/speech_libritts_train_clean_100_v1/audio/test/4481_17498_4481_17498_000008_000000.wav,40b98f39fc7186276b6e24db18b38cdaecdfbe86bddefb1a0ed2ec7465b1c962,24000,1,120000,float32,0.05349383060037728,0.3519287109375,0.94,4.0,1.0,PASS,CORPUS_STRONG_LABEL
libritts:6818:68772:6818_68772_000031_000000,speech,LibriTTS,train-clean-100,6818,68772,6818_68772_000031_000000,libritts:6818:68772:6818_68772_000031_000000,test,/home/leiyuxin/soundspaces/source_assets/libritts/LibriTTS/train-clean-100/6818/68772/6818_68772_000031_000000.wav,19.990083333333335,10.8,15.8,/home/leiyuxin/soundspaces/source_assets/clsdoa_v1/prepared/speech_libritts_train_clean_100_v1/audio/test/6818_68772_6818_68772_000031_000000.wav,ae8b39753bd095dfde49ab9b6580c85a61d9e0d15904e5a4e7963682c313189b,24000,1,120000,float32,0.06739748256242842,0.462646484375,0.96,4.4,0.5999999999999996,PASS,CORPUS_STRONG_LABEL
libritts:6385:220959:6385_220959_000016_000000,speech,LibriTTS,train-clean-100,6385,220959,6385_220959_000016_000000,libritts:6385:220959:6385_220959_000016_000000,test,/home/leiyuxin/soundspaces/source_assets/libritts/LibriTTS/train-clean-100/6385/220959/6385_220959_000016_000000.wav,25.59,9.1,14.1,/home/leiyuxin/soundspaces/source_assets/clsdoa_v1/prepared/speech_libritts_train_clean_100_v1/audio/test/6385_220959_6385_220959_000016_000000.wav,252718007a6ca2fe52df4869dd0a4ed758fef37082194a80a03eb22f7db7dcad,24000,1,120000,float32,0.09639860145724741,0.60235595703125,1.0,5.0,0.0,PASS,CORPUS_STRONG_LABEL
libritts:6531:61334:6531_61334_000021_000000,speech,LibriTTS,train-clean-100,6531,61334,6531_61334_000021_000000,libritts:6531:61334:6531_61334_000021_000000,test,/home/leiyuxin/soundspaces/source_assets/libritts/LibriTTS/train-clean-100/6531/61334/6531_61334_000021_000000.wav,19.359958333333335,12.5,17.5,/home/leiyuxin/soundspaces/source_assets/clsdoa_v1/prepared/speech_libritts_train_clean_100_v1/audio/test/6531_61334_6531_61334_000021_000000.wav,418451b9a29bbd2d7f62254ef46b8279d66b89650123511f787574b2b0d465c2,24000,1,120000,float32,0.031124028752678116,0.37469482421875,1.0,5.0,0.0,PASS,CORPUS_STRONG_LABEL
libritts:909:131044:909_131044_000012_000001,speech,LibriTTS,train-clean-100,909,131044,909_131044_000012_000001,libritts:909:131044:909_131044_000012_000001,test,/home/leiyuxin/soundspaces/source_assets/libritts/LibriTTS/train-clean-100/909/131044/909_131044_000012_000001.wav,13.59,8.4,13.4,/home/leiyuxin/soundspaces/source_assets/clsdoa_v1/prepared/speech_libritts_train_clean_100_v1/audio/test/909_131044_909_131044_000012_000001.wav,fb402391e7a8951e814174f8a7fd0c9625f9470a7e5a2b865714abde56d20a2e,24000,1,120000,float32,0.07841963826134687,0.510894775390625,0.98,4.9,0.09999999999999964,PASS,CORPUS_STRONG_LABEL
